{
"type": "FeatureCollection",
"name": "hurricane_dorian",
"crs": { "type": "name", "properties": { "name": "urn:ogc:def:crs:OGC:1.3:CRS84" } },
"features": [
{ "type": "Feature", "properties": { "SID": "2019236N10314", "SEASON": 2019, "NUMBER": 53, "BASIN": "NA", "SUBBASIN": "NA", "NAME": "DORIAN", "ISO_TIME": "2019-08-24 06:00:00", "NATURE": "TS", "LAT": 10.3, "LON": -46.4, "WMO_WIND": 25.0, "WMO_PRES": 1011.0, "WMO_AGENCY": "hurdat_atl", "TRACK_TYPE": "main", "DIST2LAND": 862, "LANDFALL": 829, "IFLAG": "O______________", "USA_AGENCY": "hurdat_atl", "USA_ATCFID": "AL052019", "USA_LAT": 10.3, "USA_LON": -46.4, "USA_RECORD": null, "USA_STATUS": "TD", "USA_WIND": 25.0, "USA_PRES": 1011.0, "USA_SSHS": -1, "USA_R34_NE": null, "USA_R34_SE": null, "USA_R34_SW": null, "USA_R34_NW": null, "USA_R50_NE": null, "USA_R50_SE": null, "USA_R50_SW": null, "USA_R50_NW": null, "USA_R64_NE": null, "USA_R64_SE": null, "USA_R64_SW": null, "USA_R64_NW": null, "USA_POCI": 1015.0, "USA_ROCI": 130.0, "USA_RMW": 30.0, "USA_EYE": null, "TOK_LAT": null, "TOK_LON": null, "TOK_GRADE": null, "TOK_WIND": null, "TOK_PRES": null, "TOK_R50_DR": null, "TOK_R50_L": null, "TOK_R50_S": null, "TOK_R30_DR": null, "TOK_R30_L": null, "TOK_R30_S": null, "TOK_LAND": null, "CMA_LAT": null, "CMA_LON": null, "CMA_CAT": null, "CMA_WIND": null, "CMA_PRES": null, "HKO_LAT": null, "HKO_LON": null, "HKO_CAT": null, "HKO_WIND": null, "HKO_PRES": null, "KMA_LAT": null, "KMA_LON": null, "KMA_CAT": null, "KMA_WIND": null, "KMA_PRES": null, "KMA_R50_DR": null, "KMA_R50_L": null, "KMA_R50_S": null, "KMA_R30_DR": null, "KMA_R30_L": null, "KMA_R30_S": null, "NEW_LAT": null, "NEW_LON": null, "NEW_GRADE": null, "NEW_WIND": null, "NEW_PRES": null, "NEW_CI": -999.9, "NEW_DP": null, "NEW_POCI": null, "REU_LAT": null, "REU_LON": null, "REU_TYPE": null, "REU_WIND": null, "REU_PRES": null, "REU_TNUM": -999.9, "REU_CI": -999.9, "REU_RMW": null, "REU_R34_NE": null, "REU_R34_SE": null, "REU_R34_SW": null, "REU_R34_NW": null, "REU_R50_NE": null, "REU_R50_SE": null, "REU_R50_SW": null, "REU_R50_NW": null, "REU_R64_NE": null, "REU_R64_SE": null, "REU_R64_SW": null, "REU_R64_NW": null, "BOM_LAT": null, "BOM_LON": null, "BOM_TYPE": null, "BOM_WIND": null, "BOM_PRES": null, "BOM_TNUM": -999.9, "BOM_CI": -999.9, "BOM_RMW": null, "BOM_R34_NE": null, "BOM_R34_SE": null, "BOM_R34_SW": null, "BOM_R34_NW": null, "BOM_R50_NE": null, "BOM_R50_SE": null, "BOM_R50_SW": null, "BOM_R50_NW": null, "BOM_R64_NE": null, "BOM_R64_SE": null, "BOM_R64_SW": null, "BOM_R64_NW": null, "BOM_ROCI": null, "BOM_POCI": null, "BOM_EYE": null, "BOM_POS_FL": null, "BOM_PRS_FL": null, "NAD_LAT": null, "NAD_LON": null, "NAD_CAT": null, "NAD_WIND": null, "NAD_PRES": null, "WEL_LAT": null, "WEL_LON": null, "WEL_WIND": null, "WEL_PRES": null, "DS8_LAT": null, "DS8_LON": null, "DS8_STAGE": null, "DS8_WIND": null, "DS8_PRES": null, "TD6_LAT": null, "TD6_LON": null, "TD6_STAGE": null, "TD6_WIND": null, "TD6_PRES": null, "TD5_LAT": null, "TD5_LON": null, "TD5_WIND": null, "TD5_PRES": null, "TD5_ROCI": null, "NEU_LAT": null, "NEU_LON": null, "NEU_CLASS": null, "NEU_WIND": null, "NEU_PRES": null, "MLC_LAT": null, "MLC_LON": null, "MLC_CLASS": null, "MLC_WIND": null, "MLC_PRES": null, "USA_GUST": 35.0, "BOM_GUST": null, "BOM_GUSTP": null, "REU_GUST": null, "REU_GUSTP": null, "USA_SEAHGT": null, "USA_SEA_NE": null, "USA_SEA_SE": null, "USA_SEA_SW": null, "USA_SEA_NW": null, "STORM_SPD": 11, "STORM_DR": 275, "year": 2019, "month": 8, "day": 24, "hour": 6, "min": 0 }, "geometry": { "type": "LineString", "coordinates": [ [ -46.4000244140625, 10.300000190734863 ], [ -46.9000244140625, 10.300000190734863 ] ] } },
{ "type": "Feature", "properties": { "SID": "2019236N10314", "SEASON": 2019, "NUMBER": 53, "BASIN": "NA", "SUBBASIN": "NA", "NAME": "DORIAN", "ISO_TIME": "2019-08-24 09:00:00", "NATURE": "TS", "LAT": 10.3, "LON": -46.9, "WMO_WIND": 0.0, "WMO_PRES": null, "WMO_AGENCY": null, "TRACK_TYPE": "main", "DIST2LAND": 829, "LANDFALL": 801, "IFLAG": "P______________", "USA_AGENCY": null, "USA_ATCFID": "AL052019", "USA_LAT": 10.3, "USA_LON": -46.9, "USA_RECORD": null, "USA_STATUS": "TD", "USA_WIND": 28.0, "USA_PRES": 1011.0, "USA_SSHS": -1, "USA_R34_NE": null, "USA_R34_SE": null, "USA_R34_SW": null, "USA_R34_NW": null, "USA_R50_NE": null, "USA_R50_SE": null, "USA_R50_SW": null, "USA_R50_NW": null, "USA_R64_NE": null, "USA_R64_SE": null, "USA_R64_SW": null, "USA_R64_NW": null, "USA_POCI": 1015.0, "USA_ROCI": 125.0, "USA_RMW": 30.0, "USA_EYE": null, "TOK_LAT": null, "TOK_LON": null, "TOK_GRADE": null, "TOK_WIND": null, "TOK_PRES": null, "TOK_R50_DR": null, "TOK_R50_L": null, "TOK_R50_S": null, "TOK_R30_DR": null, "TOK_R30_L": null, "TOK_R30_S": null, "TOK_LAND": null, "CMA_LAT": null, "CMA_LON": null, "CMA_CAT": null, "CMA_WIND": null, "CMA_PRES": null, "HKO_LAT": null, "HKO_LON": null, "HKO_CAT": null, "HKO_WIND": null, "HKO_PRES": null, "KMA_LAT": null, "KMA_LON": null, "KMA_CAT": null, "KMA_WIND": null, "KMA_PRES": null, "KMA_R50_DR": null, "KMA_R50_L": null, "KMA_R50_S": null, "KMA_R30_DR": null, "KMA_R30_L": null, "KMA_R30_S": null, "NEW_LAT": null, "NEW_LON": null, "NEW_GRADE": null, "NEW_WIND": null, "NEW_PRES": null, "NEW_CI": -999.9, "NEW_DP": null, "NEW_POCI": null, "REU_LAT": null, "REU_LON": null, "REU_TYPE": null, "REU_WIND": null, "REU_PRES": null, "REU_TNUM": -999.9, "REU_CI": -999.9, "REU_RMW": null, "REU_R34_NE": null, "REU_R34_SE": null, "REU_R34_SW": null, "REU_R34_NW": null, "REU_R50_NE": null, "REU_R50_SE": null, "REU_R50_SW": null, "REU_R50_NW": null, "REU_R64_NE": null, "REU_R64_SE": null, "REU_R64_SW": null, "REU_R64_NW": null, "BOM_LAT": null, "BOM_LON": null, "BOM_TYPE": null, "BOM_WIND": null, "BOM_PRES": null, "BOM_TNUM": -999.9, "BOM_CI": -999.9, "BOM_RMW": null, "BOM_R34_NE": null, "BOM_R34_SE": null, "BOM_R34_SW": null, "BOM_R34_NW": null, "BOM_R50_NE": null, "BOM_R50_SE": null, "BOM_R50_SW": null, "BOM_R50_NW": null, "BOM_R64_NE": null, "BOM_R64_SE": null, "BOM_R64_SW": null, "BOM_R64_NW": null, "BOM_ROCI": null, "BOM_POCI": null, "BOM_EYE": null, "BOM_POS_FL": null, "BOM_PRS_FL": null, "NAD_LAT": null, "NAD_LON": null, "NAD_CAT": null, "NAD_WIND": null, "NAD_PRES": null, "WEL_LAT": null, "WEL_LON": null, "WEL_WIND": null, "WEL_PRES": null, "DS8_LAT": null, "DS8_LON": null, "DS8_STAGE": null, "DS8_WIND": null, "DS8_PRES": null, "TD6_LAT": null, "TD6_LON": null, "TD6_STAGE": null, "TD6_WIND": null, "TD6_PRES": null, "TD5_LAT": null, "TD5_LON": null, "TD5_WIND": null, "TD5_PRES": null, "TD5_ROCI": null, "NEU_LAT": null, "NEU_LON": null, "NEU_CLASS": null, "NEU_WIND": null, "NEU_PRES": null, "MLC_LAT": null, "MLC_LON": null, "MLC_CLASS": null, "MLC_WIND": null, "MLC_PRES": null, "USA_GUST": null, "BOM_GUST": null, "BOM_GUSTP": null, "REU_GUST": null, "REU_GUSTP": null, "USA_SEAHGT": null, "USA_SEA_NE": null, "USA_SEA_SE": null, "USA_SEA_SW": null, "USA_SEA_NW": null, "STORM_SPD": 11, "STORM_DR": 275, "year": 2019, "month": 8, "day": 24, "hour": 9, "min": 0 }, "geometry": { "type": "LineString", "coordinates": [ [ -46.9000244140625, 10.300000190734863 ], [ -47.5, 10.399999618530273 ] ] } },
{ "type": "Feature", "properties": { "SID": "2019236N10314", "SEASON": 2019, "NUMBER": 53, "BASIN": "NA", "SUBBASIN": "NA", "NAME": "DORIAN", "ISO_TIME": "2019-08-24 12:00:00", "NATURE": "TS", "LAT": 10.4, "LON": -47.5, "WMO_WIND": 30.0, "WMO_PRES": 1010.0, "WMO_AGENCY": "hurdat_atl", "TRACK_TYPE": "main", "DIST2LAND": 801, "LANDFALL": 773, "IFLAG": "O______________", "USA_AGENCY": "hurdat_atl", "USA_ATCFID": "AL052019", "USA_LAT": 10.4, "USA_LON": -47.5, "USA_RECORD": null, "USA_STATUS": "TD", "USA_WIND": 30.0, "USA_PRES": 1010.0, "USA_SSHS": -1, "USA_R34_NE": null, "USA_R34_SE": null, "USA_R34_SW": null, "USA_R34_NW": null, "USA_R50_NE": null, "USA_R50_SE": null, "USA_R50_SW": null, "USA_R50_NW": null, "USA_R64_NE": null, "USA_R64_SE": null, "USA_R64_SW": null, "USA_R64_NW": null, "USA_POCI": 1014.0, "USA_ROCI": 120.0, "USA_RMW": 30.0, "USA_EYE": null, "TOK_LAT": null, "TOK_LON": null, "TOK_GRADE": null, "TOK_WIND": null, "TOK_PRES": null, "TOK_R50_DR": null, "TOK_R50_L": null, "TOK_R50_S": null, "TOK_R30_DR": null, "TOK_R30_L": null, "TOK_R30_S": null, "TOK_LAND": null, "CMA_LAT": null, "CMA_LON": null, "CMA_CAT": null, "CMA_WIND": null, "CMA_PRES": null, "HKO_LAT": null, "HKO_LON": null, "HKO_CAT": null, "HKO_WIND": null, "HKO_PRES": null, "KMA_LAT": null, "KMA_LON": null, "KMA_CAT": null, "KMA_WIND": null, "KMA_PRES": null, "KMA_R50_DR": null, "KMA_R50_L": null, "KMA_R50_S": null, "KMA_R30_DR": null, "KMA_R30_L": null, "KMA_R30_S": null, "NEW_LAT": null, "NEW_LON": null, "NEW_GRADE": null, "NEW_WIND": null, "NEW_PRES": null, "NEW_CI": -999.9, "NEW_DP": null, "NEW_POCI": null, "REU_LAT": null, "REU_LON": null, "REU_TYPE": null, "REU_WIND": null, "REU_PRES": null, "REU_TNUM": -999.9, "REU_CI": -999.9, "REU_RMW": null, "REU_R34_NE": null, "REU_R34_SE": null, "REU_R34_SW": null, "REU_R34_NW": null, "REU_R50_NE": null, "REU_R50_SE": null, "REU_R50_SW": null, "REU_R50_NW": null, "REU_R64_NE": null, "REU_R64_SE": null, "REU_R64_SW": null, "REU_R64_NW": null, "BOM_LAT": null, "BOM_LON": null, "BOM_TYPE": null, "BOM_WIND": null, "BOM_PRES": null, "BOM_TNUM": -999.9, "BOM_CI": -999.9, "BOM_RMW": null, "BOM_R34_NE": null, "BOM_R34_SE": null, "BOM_R34_SW": null, "BOM_R34_NW": null, "BOM_R50_NE": null, "BOM_R50_SE": null, "BOM_R50_SW": null, "BOM_R50_NW": null, "BOM_R64_NE": null, "BOM_R64_SE": null, "BOM_R64_SW": null, "BOM_R64_NW": null, "BOM_ROCI": null, "BOM_POCI": null, "BOM_EYE": null, "BOM_POS_FL": null, "BOM_PRS_FL": null, "NAD_LAT": null, "NAD_LON": null, "NAD_CAT": null, "NAD_WIND": null, "NAD_PRES": null, "WEL_LAT": null, "WEL_LON": null, "WEL_WIND": null, "WEL_PRES": null, "DS8_LAT": null, "DS8_LON": null, "DS8_STAGE": null, "DS8_WIND": null, "DS8_PRES": null, "TD6_LAT": null, "TD6_LON": null, "TD6_STAGE": null, "TD6_WIND": null, "TD6_PRES": null, "TD5_LAT": null, "TD5_LON": null, "TD5_WIND": null, "TD5_PRES": null, "TD5_ROCI": null, "NEU_LAT": null, "NEU_LON": null, "NEU_CLASS": null, "NEU_WIND": null, "NEU_PRES": null, "MLC_LAT": null, "MLC_LON": null, "MLC_CLASS": null, "MLC_WIND": null, "MLC_PRES": null, "USA_GUST": null, "BOM_GUST": null, "BOM_GUSTP": null, "REU_GUST": null, "REU_GUSTP": null, "USA_SEAHGT": null, "USA_SEA_NE": null, "USA_SEA_SE": null, "USA_SEA_SW": null, "USA_SEA_NW": null, "STORM_SPD": 11, "STORM_DR": 280, "year": 2019, "month": 8, "day": 24, "hour": 12, "min": 0 }, "geometry": { "type": "LineString", "coordinates": [ [ -47.5, 10.399999618530273 ], [ -48.0999755859375, 10.5 ] ] } },
{ "type": "Feature", "properties": { "SID": "2019236N10314", "SEASON": 2019, "NUMBER": 53, "BASIN": "NA", "SUBBASIN": "NA", "NAME": "DORIAN", "ISO_TIME": "2019-08-24 15:00:00", "NATURE": "TS", "LAT": 10.5, "LON": -48.1, "WMO_WIND": 0.0, "WMO_PRES": null, "WMO_AGENCY": null, "TRACK_TYPE": "main", "DIST2LAND": 773, "LANDFALL": 742, "IFLAG": "P______________", "USA_AGENCY": null, "USA_ATCFID": "AL052019", "USA_LAT": 10.5, "USA_LON": -48.1, "USA_RECORD": null, "USA_STATUS": "TD", "USA_WIND": 33.0, "USA_PRES": 1009.0, "USA_SSHS": -1, "USA_R34_NE": null, "USA_R34_SE": null, "USA_R34_SW": null, "USA_R34_NW": null, "USA_R50_NE": null, "USA_R50_SE": null, "USA_R50_SW": null, "USA_R50_NW": null, "USA_R64_NE": null, "USA_R64_SE": null, "USA_R64_SW": null, "USA_R64_NW": null, "USA_POCI": 1014.0, "USA_ROCI": 120.0, "USA_RMW": 30.0, "USA_EYE": null, "TOK_LAT": null, "TOK_LON": null, "TOK_GRADE": null, "TOK_WIND": null, "TOK_PRES": null, "TOK_R50_DR": null, "TOK_R50_L": null, "TOK_R50_S": null, "TOK_R30_DR": null, "TOK_R30_L": null, "TOK_R30_S": null, "TOK_LAND": null, "CMA_LAT": null, "CMA_LON": null, "CMA_CAT": null, "CMA_WIND": null, "CMA_PRES": null, "HKO_LAT": null, "HKO_LON": null, "HKO_CAT": null, "HKO_WIND": null, "HKO_PRES": null, "KMA_LAT": null, "KMA_LON": null, "KMA_CAT": null, "KMA_WIND": null, "KMA_PRES": null, "KMA_R50_DR": null, "KMA_R50_L": null, "KMA_R50_S": null, "KMA_R30_DR": null, "KMA_R30_L": null, "KMA_R30_S": null, "NEW_LAT": null, "NEW_LON": null, "NEW_GRADE": null, "NEW_WIND": null, "NEW_PRES": null, "NEW_CI": -999.9, "NEW_DP": null, "NEW_POCI": null, "REU_LAT": null, "REU_LON": null, "REU_TYPE": null, "REU_WIND": null, "REU_PRES": null, "REU_TNUM": -999.9, "REU_CI": -999.9, "REU_RMW": null, "REU_R34_NE": null, "REU_R34_SE": null, "REU_R34_SW": null, "REU_R34_NW": null, "REU_R50_NE": null, "REU_R50_SE": null, "REU_R50_SW": null, "REU_R50_NW": null, "REU_R64_NE": null, "REU_R64_SE": null, "REU_R64_SW": null, "REU_R64_NW": null, "BOM_LAT": null, "BOM_LON": null, "BOM_TYPE": null, "BOM_WIND": null, "BOM_PRES": null, "BOM_TNUM": -999.9, "BOM_CI": -999.9, "BOM_RMW": null, "BOM_R34_NE": null, "BOM_R34_SE": null, "BOM_R34_SW": null, "BOM_R34_NW": null, "BOM_R50_NE": null, "BOM_R50_SE": null, "BOM_R50_SW": null, "BOM_R50_NW": null, "BOM_R64_NE": null, "BOM_R64_SE": null, "BOM_R64_SW": null, "BOM_R64_NW": null, "BOM_ROCI": null, "BOM_POCI": null, "BOM_EYE": null, "BOM_POS_FL": null, "BOM_PRS_FL": null, "NAD_LAT": null, "NAD_LON": null, "NAD_CAT": null, "NAD_WIND": null, "NAD_PRES": null, "WEL_LAT": null, "WEL_LON": null, "WEL_WIND": null, "WEL_PRES": null, "DS8_LAT": null, "DS8_LON": null, "DS8_STAGE": null, "DS8_WIND": null, "DS8_PRES": null, "TD6_LAT": null, "TD6_LON": null, "TD6_STAGE": null, "TD6_WIND": null, "TD6_PRES": null, "TD5_LAT": null, "TD5_LON": null, "TD5_WIND": null, "TD5_PRES": null, "TD5_ROCI": null, "NEU_LAT": null, "NEU_LON": null, "NEU_CLASS": null, "NEU_WIND": null, "NEU_PRES": null, "MLC_LAT": null, "MLC_LON": null, "MLC_CLASS": null, "MLC_WIND": null, "MLC_PRES": null, "USA_GUST": null, "BOM_GUST": null, "BOM_GUSTP": null, "REU_GUST": null, "REU_GUSTP": null, "USA_SEAHGT": null, "USA_SEA_NE": null, "USA_SEA_SE": null, "USA_SEA_SW": null, "USA_SEA_NW": null, "STORM_SPD": 12, "STORM_DR": 280, "year": 2019, "month": 8, "day": 24, "hour": 15, "min": 0 }, "geometry": { "type": "LineString", "coordinates": [ [ -48.0999755859375, 10.5 ], [ -48.699951171875, 10.600000381469727 ] ] } },
{ "type": "Feature", "properties": { "SID": "2019236N10314", "SEASON": 2019, "NUMBER": 53, "BASIN": "NA", "SUBBASIN": "NA", "NAME": "DORIAN", "ISO_TIME": "2019-08-24 18:00:00", "NATURE": "TS", "LAT": 10.6, "LON": -48.7, "WMO_WIND": 35.0, "WMO_PRES": 1008.0, "WMO_AGENCY": "hurdat_atl", "TRACK_TYPE": "main", "DIST2LAND": 742, "LANDFALL": 715, "IFLAG": "O______________", "USA_AGENCY": "hurdat_atl", "USA_ATCFID": "AL052019", "USA_LAT": 10.6, "USA_LON": -48.7, "USA_RECORD": null, "USA_STATUS": "TS", "USA_WIND": 35.0, "USA_PRES": 1008.0, "USA_SSHS": 0, "USA_R34_NE": 30.0, "USA_R34_SE": 0.0, "USA_R34_SW": 0.0, "USA_R34_NW": 30.0, "USA_R50_NE": null, "USA_R50_SE": null, "USA_R50_SW": null, "USA_R50_NW": null, "USA_R64_NE": null, "USA_R64_SE": null, "USA_R64_SW": null, "USA_R64_NW": null, "USA_POCI": 1014.0, "USA_ROCI": 120.0, "USA_RMW": 30.0, "USA_EYE": null, "TOK_LAT": null, "TOK_LON": null, "TOK_GRADE": null, "TOK_WIND": null, "TOK_PRES": null, "TOK_R50_DR": null, "TOK_R50_L": null, "TOK_R50_S": null, "TOK_R30_DR": null, "TOK_R30_L": null, "TOK_R30_S": null, "TOK_LAND": null, "CMA_LAT": null, "CMA_LON": null, "CMA_CAT": null, "CMA_WIND": null, "CMA_PRES": null, "HKO_LAT": null, "HKO_LON": null, "HKO_CAT": null, "HKO_WIND": null, "HKO_PRES": null, "KMA_LAT": null, "KMA_LON": null, "KMA_CAT": null, "KMA_WIND": null, "KMA_PRES": null, "KMA_R50_DR": null, "KMA_R50_L": null, "KMA_R50_S": null, "KMA_R30_DR": null, "KMA_R30_L": null, "KMA_R30_S": null, "NEW_LAT": null, "NEW_LON": null, "NEW_GRADE": null, "NEW_WIND": null, "NEW_PRES": null, "NEW_CI": -999.9, "NEW_DP": null, "NEW_POCI": null, "REU_LAT": null, "REU_LON": null, "REU_TYPE": null, "REU_WIND": null, "REU_PRES": null, "REU_TNUM": -999.9, "REU_CI": -999.9, "REU_RMW": null, "REU_R34_NE": null, "REU_R34_SE": null, "REU_R34_SW": null, "REU_R34_NW": null, "REU_R50_NE": null, "REU_R50_SE": null, "REU_R50_SW": null, "REU_R50_NW": null, "REU_R64_NE": null, "REU_R64_SE": null, "REU_R64_SW": null, "REU_R64_NW": null, "BOM_LAT": null, "BOM_LON": null, "BOM_TYPE": null, "BOM_WIND": null, "BOM_PRES": null, "BOM_TNUM": -999.9, "BOM_CI": -999.9, "BOM_RMW": null, "BOM_R34_NE": null, "BOM_R34_SE": null, "BOM_R34_SW": null, "BOM_R34_NW": null, "BOM_R50_NE": null, "BOM_R50_SE": null, "BOM_R50_SW": null, "BOM_R50_NW": null, "BOM_R64_NE": null, "BOM_R64_SE": null, "BOM_R64_SW": null, "BOM_R64_NW": null, "BOM_ROCI": null, "BOM_POCI": null, "BOM_EYE": null, "BOM_POS_FL": null, "BOM_PRS_FL": null, "NAD_LAT": null, "NAD_LON": null, "NAD_CAT": null, "NAD_WIND": null, "NAD_PRES": null, "WEL_LAT": null, "WEL_LON": null, "WEL_WIND": null, "WEL_PRES": null, "DS8_LAT": null, "DS8_LON": null, "DS8_STAGE": null, "DS8_WIND": null, "DS8_PRES": null, "TD6_LAT": null, "TD6_LON": null, "TD6_STAGE": null, "TD6_WIND": null, "TD6_PRES": null, "TD5_LAT": null, "TD5_LON": null, "TD5_WIND": null, "TD5_PRES": null, "TD5_ROCI": null, "NEU_LAT": null, "NEU_LON": null, "NEU_CLASS": null, "NEU_WIND": null, "NEU_PRES": null, "MLC_LAT": null, "MLC_LON": null, "MLC_CLASS": null, "MLC_WIND": null, "MLC_PRES": null, "USA_GUST": 40.0, "BOM_GUST": null, "BOM_GUSTP": null, "REU_GUST": null, "REU_GUSTP": null, "USA_SEAHGT": null, "USA_SEA_NE": null, "USA_SEA_SE": null, "USA_SEA_SW": null, "USA_SEA_NW": null, "STORM_SPD": 12, "STORM_DR": 280, "year": 2019, "month": 8, "day": 24, "hour": 18, "min": 0 }, "geometry": { "type": "LineString", "coordinates": [ [ -48.699951171875, 10.600000381469727 ], [ -49.300048828125, 10.699999809265137 ] ] } },
{ "type": "Feature", "properties": { "SID": "2019236N10314", "SEASON": 2019, "NUMBER": 53, "BASIN": "NA", "SUBBASIN": "NA", "NAME": "DORIAN", "ISO_TIME": "2019-08-24 21:00:00", "NATURE": "TS", "LAT": 10.7, "LON": -49.3, "WMO_WIND": 0.0, "WMO_PRES": null, "WMO_AGENCY": null, "TRACK_TYPE": "main", "DIST2LAND": 715, "LANDFALL": 694, "IFLAG": "P______________", "USA_AGENCY": null, "USA_ATCFID": "AL052019", "USA_LAT": 10.7, "USA_LON": -49.3, "USA_RECORD": null, "USA_STATUS": "TS", "USA_WIND": 35.0, "USA_PRES": 1008.0, "USA_SSHS": 0, "USA_R34_NE": 30.0, "USA_R34_SE": 0.0, "USA_R34_SW": 0.0, "USA_R34_NW": 30.0, "USA_R50_NE": null, "USA_R50_SE": null, "USA_R50_SW": null, "USA_R50_NW": null, "USA_R64_NE": null, "USA_R64_SE": null, "USA_R64_SW": null, "USA_R64_NW": null, "USA_POCI": 1014.0, "USA_ROCI": 120.0, "USA_RMW": 30.0, "USA_EYE": null, "TOK_LAT": null, "TOK_LON": null, "TOK_GRADE": null, "TOK_WIND": null, "TOK_PRES": null, "TOK_R50_DR": null, "TOK_R50_L": null, "TOK_R50_S": null, "TOK_R30_DR": null, "TOK_R30_L": null, "TOK_R30_S": null, "TOK_LAND": null, "CMA_LAT": null, "CMA_LON": null, "CMA_CAT": null, "CMA_WIND": null, "CMA_PRES": null, "HKO_LAT": null, "HKO_LON": null, "HKO_CAT": null, "HKO_WIND": null, "HKO_PRES": null, "KMA_LAT": null, "KMA_LON": null, "KMA_CAT": null, "KMA_WIND": null, "KMA_PRES": null, "KMA_R50_DR": null, "KMA_R50_L": null, "KMA_R50_S": null, "KMA_R30_DR": null, "KMA_R30_L": null, "KMA_R30_S": null, "NEW_LAT": null, "NEW_LON": null, "NEW_GRADE": null, "NEW_WIND": null, "NEW_PRES": null, "NEW_CI": -999.9, "NEW_DP": null, "NEW_POCI": null, "REU_LAT": null, "REU_LON": null, "REU_TYPE": null, "REU_WIND": null, "REU_PRES": null, "REU_TNUM": -999.9, "REU_CI": -999.9, "REU_RMW": null, "REU_R34_NE": null, "REU_R34_SE": null, "REU_R34_SW": null, "REU_R34_NW": null, "REU_R50_NE": null, "REU_R50_SE": null, "REU_R50_SW": null, "REU_R50_NW": null, "REU_R64_NE": null, "REU_R64_SE": null, "REU_R64_SW": null, "REU_R64_NW": null, "BOM_LAT": null, "BOM_LON": null, "BOM_TYPE": null, "BOM_WIND": null, "BOM_PRES": null, "BOM_TNUM": -999.9, "BOM_CI": -999.9, "BOM_RMW": null, "BOM_R34_NE": null, "BOM_R34_SE": null, "BOM_R34_SW": null, "BOM_R34_NW": null, "BOM_R50_NE": null, "BOM_R50_SE": null, "BOM_R50_SW": null, "BOM_R50_NW": null, "BOM_R64_NE": null, "BOM_R64_SE": null, "BOM_R64_SW": null, "BOM_R64_NW": null, "BOM_ROCI": null, "BOM_POCI": null, "BOM_EYE": null, "BOM_POS_FL": null, "BOM_PRS_FL": null, "NAD_LAT": null, "NAD_LON": null, "NAD_CAT": null, "NAD_WIND": null, "NAD_PRES": null, "WEL_LAT": null, "WEL_LON": null, "WEL_WIND": null, "WEL_PRES": null, "DS8_LAT": null, "DS8_LON": null, "DS8_STAGE": null, "DS8_WIND": null, "DS8_PRES": null, "TD6_LAT": null, "TD6_LON": null, "TD6_STAGE": null, "TD6_WIND": null, "TD6_PRES": null, "TD5_LAT": null, "TD5_LON": null, "TD5_WIND": null, "TD5_PRES": null, "TD5_ROCI": null, "NEU_LAT": null, "NEU_LON": null, "NEU_CLASS": null, "NEU_WIND": null, "NEU_PRES": null, "MLC_LAT": null, "MLC_LON": null, "MLC_CLASS": null, "MLC_WIND": null, "MLC_PRES": null, "USA_GUST": null, "BOM_GUST": null, "BOM_GUSTP": null, "REU_GUST": null, "REU_GUSTP": null, "USA_SEAHGT": null, "USA_SEA_NE": null, "USA_SEA_SE": null, "USA_SEA_SW": null, "USA_SEA_NW": null, "STORM_SPD": 12, "STORM_DR": 280, "year": 2019, "month": 8, "day": 24, "hour": 21, "min": 0 }, "geometry": { "type": "LineString", "coordinates": [ [ -49.300048828125, 10.699999809265137 ], [ -49.9000244140625, 10.800000190734863 ] ] } },
{ "type": "Feature", "properties": { "SID": "2019236N10314", "SEASON": 2019, "NUMBER": 53, "BASIN": "NA", "SUBBASIN": "NA", "NAME": "DORIAN", "ISO_TIME": "2019-08-25 00:00:00", "NATURE": "TS", "LAT": 10.8, "LON": -49.9, "WMO_WIND": 35.0, "WMO_PRES": 1008.0, "WMO_AGENCY": "hurdat_atl", "TRACK_TYPE": "main", "DIST2LAND": 694, "LANDFALL": 679, "IFLAG": "O______________", "USA_AGENCY": "hurdat_atl", "USA_ATCFID": "AL052019", "USA_LAT": 10.8, "USA_LON": -49.9, "USA_RECORD": null, "USA_STATUS": "TS", "USA_WIND": 35.0, "USA_PRES": 1008.0, "USA_SSHS": 0, "USA_R34_NE": 30.0, "USA_R34_SE": 0.0, "USA_R34_SW": 0.0, "USA_R34_NW": 30.0, "USA_R50_NE": null, "USA_R50_SE": null, "USA_R50_SW": null, "USA_R50_NW": null, "USA_R64_NE": null, "USA_R64_SE": null, "USA_R64_SW": null, "USA_R64_NW": null, "USA_POCI": 1014.0, "USA_ROCI": 120.0, "USA_RMW": 30.0, "USA_EYE": null, "TOK_LAT": null, "TOK_LON": null, "TOK_GRADE": null, "TOK_WIND": null, "TOK_PRES": null, "TOK_R50_DR": null, "TOK_R50_L": null, "TOK_R50_S": null, "TOK_R30_DR": null, "TOK_R30_L": null, "TOK_R30_S": null, "TOK_LAND": null, "CMA_LAT": null, "CMA_LON": null, "CMA_CAT": null, "CMA_WIND": null, "CMA_PRES": null, "HKO_LAT": null, "HKO_LON": null, "HKO_CAT": null, "HKO_WIND": null, "HKO_PRES": null, "KMA_LAT": null, "KMA_LON": null, "KMA_CAT": null, "KMA_WIND": null, "KMA_PRES": null, "KMA_R50_DR": null, "KMA_R50_L": null, "KMA_R50_S": null, "KMA_R30_DR": null, "KMA_R30_L": null, "KMA_R30_S": null, "NEW_LAT": null, "NEW_LON": null, "NEW_GRADE": null, "NEW_WIND": null, "NEW_PRES": null, "NEW_CI": -999.9, "NEW_DP": null, "NEW_POCI": null, "REU_LAT": null, "REU_LON": null, "REU_TYPE": null, "REU_WIND": null, "REU_PRES": null, "REU_TNUM": -999.9, "REU_CI": -999.9, "REU_RMW": null, "REU_R34_NE": null, "REU_R34_SE": null, "REU_R34_SW": null, "REU_R34_NW": null, "REU_R50_NE": null, "REU_R50_SE": null, "REU_R50_SW": null, "REU_R50_NW": null, "REU_R64_NE": null, "REU_R64_SE": null, "REU_R64_SW": null, "REU_R64_NW": null, "BOM_LAT": null, "BOM_LON": null, "BOM_TYPE": null, "BOM_WIND": null, "BOM_PRES": null, "BOM_TNUM": -999.9, "BOM_CI": -999.9, "BOM_RMW": null, "BOM_R34_NE": null, "BOM_R34_SE": null, "BOM_R34_SW": null, "BOM_R34_NW": null, "BOM_R50_NE": null, "BOM_R50_SE": null, "BOM_R50_SW": null, "BOM_R50_NW": null, "BOM_R64_NE": null, "BOM_R64_SE": null, "BOM_R64_SW": null, "BOM_R64_NW": null, "BOM_ROCI": null, "BOM_POCI": null, "BOM_EYE": null, "BOM_POS_FL": null, "BOM_PRS_FL": null, "NAD_LAT": null, "NAD_LON": null, "NAD_CAT": null, "NAD_WIND": null, "NAD_PRES": null, "WEL_LAT": null, "WEL_LON": null, "WEL_WIND": null, "WEL_PRES": null, "DS8_LAT": null, "DS8_LON": null, "DS8_STAGE": null, "DS8_WIND": null, "DS8_PRES": null, "TD6_LAT": null, "TD6_LON": null, "TD6_STAGE": null, "TD6_WIND": null, "TD6_PRES": null, "TD5_LAT": null, "TD5_LON": null, "TD5_WIND": null, "TD5_PRES": null, "TD5_ROCI": null, "NEU_LAT": null, "NEU_LON": null, "NEU_CLASS": null, "NEU_WIND": null, "NEU_PRES": null, "MLC_LAT": null, "MLC_LON": null, "MLC_CLASS": null, "MLC_WIND": null, "MLC_PRES": null, "USA_GUST": 45.0, "BOM_GUST": null, "BOM_GUSTP": null, "REU_GUST": null, "REU_GUSTP": null, "USA_SEAHGT": null, "USA_SEA_NE": null, "USA_SEA_SE": null, "USA_SEA_SW": null, "USA_SEA_NW": null, "STORM_SPD": 11, "STORM_DR": 280, "year": 2019, "month": 8, "day": 25, "hour": 0, "min": 0 }, "geometry": { "type": "LineString", "coordinates": [ [ -49.9000244140625, 10.800000190734863 ], [ -50.4000244140625, 10.899999618530273 ] ] } },
{ "type": "Feature", "properties": { "SID": "2019236N10314", "SEASON": 2019, "NUMBER": 53, "BASIN": "NA", "SUBBASIN": "NA", "NAME": "DORIAN", "ISO_TIME": "2019-08-25 03:00:00", "NATURE": "TS", "LAT": 10.9, "LON": -50.4, "WMO_WIND": 0.0, "WMO_PRES": null, "WMO_AGENCY": null, "TRACK_TYPE": "main", "DIST2LAND": 680, "LANDFALL": 668, "IFLAG": "P______________", "USA_AGENCY": null, "USA_ATCFID": "AL052019", "USA_LAT": 10.9, "USA_LON": -50.4, "USA_RECORD": null, "USA_STATUS": "TS", "USA_WIND": 35.0, "USA_PRES": 1008.0, "USA_SSHS": 0, "USA_R34_NE": 30.0, "USA_R34_SE": 0.0, "USA_R34_SW": 0.0, "USA_R34_NW": 30.0, "USA_R50_NE": null, "USA_R50_SE": null, "USA_R50_SW": null, "USA_R50_NW": null, "USA_R64_NE": null, "USA_R64_SE": null, "USA_R64_SW": null, "USA_R64_NW": null, "USA_POCI": 1014.0, "USA_ROCI": 120.0, "USA_RMW": 30.0, "USA_EYE": null, "TOK_LAT": null, "TOK_LON": null, "TOK_GRADE": null, "TOK_WIND": null, "TOK_PRES": null, "TOK_R50_DR": null, "TOK_R50_L": null, "TOK_R50_S": null, "TOK_R30_DR": null, "TOK_R30_L": null, "TOK_R30_S": null, "TOK_LAND": null, "CMA_LAT": null, "CMA_LON": null, "CMA_CAT": null, "CMA_WIND": null, "CMA_PRES": null, "HKO_LAT": null, "HKO_LON": null, "HKO_CAT": null, "HKO_WIND": null, "HKO_PRES": null, "KMA_LAT": null, "KMA_LON": null, "KMA_CAT": null, "KMA_WIND": null, "KMA_PRES": null, "KMA_R50_DR": null, "KMA_R50_L": null, "KMA_R50_S": null, "KMA_R30_DR": null, "KMA_R30_L": null, "KMA_R30_S": null, "NEW_LAT": null, "NEW_LON": null, "NEW_GRADE": null, "NEW_WIND": null, "NEW_PRES": null, "NEW_CI": -999.9, "NEW_DP": null, "NEW_POCI": null, "REU_LAT": null, "REU_LON": null, "REU_TYPE": null, "REU_WIND": null, "REU_PRES": null, "REU_TNUM": -999.9, "REU_CI": -999.9, "REU_RMW": null, "REU_R34_NE": null, "REU_R34_SE": null, "REU_R34_SW": null, "REU_R34_NW": null, "REU_R50_NE": null, "REU_R50_SE": null, "REU_R50_SW": null, "REU_R50_NW": null, "REU_R64_NE": null, "REU_R64_SE": null, "REU_R64_SW": null, "REU_R64_NW": null, "BOM_LAT": null, "BOM_LON": null, "BOM_TYPE": null, "BOM_WIND": null, "BOM_PRES": null, "BOM_TNUM": -999.9, "BOM_CI": -999.9, "BOM_RMW": null, "BOM_R34_NE": null, "BOM_R34_SE": null, "BOM_R34_SW": null, "BOM_R34_NW": null, "BOM_R50_NE": null, "BOM_R50_SE": null, "BOM_R50_SW": null, "BOM_R50_NW": null, "BOM_R64_NE": null, "BOM_R64_SE": null, "BOM_R64_SW": null, "BOM_R64_NW": null, "BOM_ROCI": null, "BOM_POCI": null, "BOM_EYE": null, "BOM_POS_FL": null, "BOM_PRS_FL": null, "NAD_LAT": null, "NAD_LON": null, "NAD_CAT": null, "NAD_WIND": null, "NAD_PRES": null, "WEL_LAT": null, "WEL_LON": null, "WEL_WIND": null, "WEL_PRES": null, "DS8_LAT": null, "DS8_LON": null, "DS8_STAGE": null, "DS8_WIND": null, "DS8_PRES": null, "TD6_LAT": null, "TD6_LON": null, "TD6_STAGE": null, "TD6_WIND": null, "TD6_PRES": null, "TD5_LAT": null, "TD5_LON": null, "TD5_WIND": null, "TD5_PRES": null, "TD5_ROCI": null, "NEU_LAT": null, "NEU_LON": null, "NEU_CLASS": null, "NEU_WIND": null, "NEU_PRES": null, "MLC_LAT": null, "MLC_LON": null, "MLC_CLASS": null, "MLC_WIND": null, "MLC_PRES": null, "USA_GUST": null, "BOM_GUST": null, "BOM_GUSTP": null, "REU_GUST": null, "REU_GUSTP": null, "USA_SEAHGT": null, "USA_SEA_NE": null, "USA_SEA_SE": null, "USA_SEA_SW": null, "USA_SEA_NW": null, "STORM_SPD": 11, "STORM_DR": 280, "year": 2019, "month": 8, "day": 25, "hour": 3, "min": 0 }, "geometry": { "type": "LineString", "coordinates": [ [ -50.4000244140625, 10.899999618530273 ], [ -51.0, 11.0 ] ] } },
{ "type": "Feature", "properties": { "SID": "2019236N10314", "SEASON": 2019, "NUMBER": 53, "BASIN": "NA", "SUBBASIN": "NA", "NAME": "DORIAN", "ISO_TIME": "2019-08-25 06:00:00", "NATURE": "TS", "LAT": 11.0, "LON": -51.0, "WMO_WIND": 35.0, "WMO_PRES": 1008.0, "WMO_AGENCY": "hurdat_atl", "TRACK_TYPE": "main", "DIST2LAND": 668, "LANDFALL": 648, "IFLAG": "O______________", "USA_AGENCY": "hurdat_atl", "USA_ATCFID": "AL052019", "USA_LAT": 11.0, "USA_LON": -51.0, "USA_RECORD": null, "USA_STATUS": "TS", "USA_WIND": 35.0, "USA_PRES": 1008.0, "USA_SSHS": 0, "USA_R34_NE": 30.0, "USA_R34_SE": 0.0, "USA_R34_SW": 0.0, "USA_R34_NW": 30.0, "USA_R50_NE": null, "USA_R50_SE": null, "USA_R50_SW": null, "USA_R50_NW": null, "USA_R64_NE": null, "USA_R64_SE": null, "USA_R64_SW": null, "USA_R64_NW": null, "USA_POCI": 1014.0, "USA_ROCI": 120.0, "USA_RMW": 30.0, "USA_EYE": null, "TOK_LAT": null, "TOK_LON": null, "TOK_GRADE": null, "TOK_WIND": null, "TOK_PRES": null, "TOK_R50_DR": null, "TOK_R50_L": null, "TOK_R50_S": null, "TOK_R30_DR": null, "TOK_R30_L": null, "TOK_R30_S": null, "TOK_LAND": null, "CMA_LAT": null, "CMA_LON": null, "CMA_CAT": null, "CMA_WIND": null, "CMA_PRES": null, "HKO_LAT": null, "HKO_LON": null, "HKO_CAT": null, "HKO_WIND": null, "HKO_PRES": null, "KMA_LAT": null, "KMA_LON": null, "KMA_CAT": null, "KMA_WIND": null, "KMA_PRES": null, "KMA_R50_DR": null, "KMA_R50_L": null, "KMA_R50_S": null, "KMA_R30_DR": null, "KMA_R30_L": null, "KMA_R30_S": null, "NEW_LAT": null, "NEW_LON": null, "NEW_GRADE": null, "NEW_WIND": null, "NEW_PRES": null, "NEW_CI": -999.9, "NEW_DP": null, "NEW_POCI": null, "REU_LAT": null, "REU_LON": null, "REU_TYPE": null, "REU_WIND": null, "REU_PRES": null, "REU_TNUM": -999.9, "REU_CI": -999.9, "REU_RMW": null, "REU_R34_NE": null, "REU_R34_SE": null, "REU_R34_SW": null, "REU_R34_NW": null, "REU_R50_NE": null, "REU_R50_SE": null, "REU_R50_SW": null, "REU_R50_NW": null, "REU_R64_NE": null, "REU_R64_SE": null, "REU_R64_SW": null, "REU_R64_NW": null, "BOM_LAT": null, "BOM_LON": null, "BOM_TYPE": null, "BOM_WIND": null, "BOM_PRES": null, "BOM_TNUM": -999.9, "BOM_CI": -999.9, "BOM_RMW": null, "BOM_R34_NE": null, "BOM_R34_SE": null, "BOM_R34_SW": null, "BOM_R34_NW": null, "BOM_R50_NE": null, "BOM_R50_SE": null, "BOM_R50_SW": null, "BOM_R50_NW": null, "BOM_R64_NE": null, "BOM_R64_SE": null, "BOM_R64_SW": null, "BOM_R64_NW": null, "BOM_ROCI": null, "BOM_POCI": null, "BOM_EYE": null, "BOM_POS_FL": null, "BOM_PRS_FL": null, "NAD_LAT": null, "NAD_LON": null, "NAD_CAT": null, "NAD_WIND": null, "NAD_PRES": null, "WEL_LAT": null, "WEL_LON": null, "WEL_WIND": null, "WEL_PRES": null, "DS8_LAT": null, "DS8_LON": null, "DS8_STAGE": null, "DS8_WIND": null, "DS8_PRES": null, "TD6_LAT": null, "TD6_LON": null, "TD6_STAGE": null, "TD6_WIND": null, "TD6_PRES": null, "TD5_LAT": null, "TD5_LON": null, "TD5_WIND": null, "TD5_PRES": null, "TD5_ROCI": null, "NEU_LAT": null, "NEU_LON": null, "NEU_CLASS": null, "NEU_WIND": null, "NEU_PRES": null, "MLC_LAT": null, "MLC_LON": null, "MLC_CLASS": null, "MLC_WIND": null, "MLC_PRES": null, "USA_GUST": 45.0, "BOM_GUST": null, "BOM_GUSTP": null, "REU_GUST": null, "REU_GUSTP": null, "USA_SEAHGT": 12.0, "USA_SEA_NE": 30.0, "USA_SEA_SE": null, "USA_SEA_SW": null, "USA_SEA_NW": 30.0, "STORM_SPD": 12, "STORM_DR": 280, "year": 2019, "month": 8, "day": 25, "hour": 6, "min": 0 }, "geometry": { "type": "LineString", "coordinates": [ [ -51.0, 11.0 ], [ -51.5999755859375, 11.100000381469727 ] ] } },
{ "type": "Feature", "properties": { "SID": "2019236N10314", "SEASON": 2019, "NUMBER": 53, "BASIN": "NA", "SUBBASIN": "NA", "NAME": "DORIAN", "ISO_TIME": "2019-08-25 09:00:00", "NATURE": "TS", "LAT": 11.1, "LON": -51.6, "WMO_WIND": 0.0, "WMO_PRES": null, "WMO_AGENCY": null, "TRACK_TYPE": "main", "DIST2LAND": 648, "LANDFALL": 629, "IFLAG": "P______________", "USA_AGENCY": null, "USA_ATCFID": "AL052019", "USA_LAT": 11.1, "USA_LON": -51.6, "USA_RECORD": null, "USA_STATUS": "TS", "USA_WIND": 38.0, "USA_PRES": 1008.0, "USA_SSHS": 0, "USA_R34_NE": 30.0, "USA_R34_SE": 0.0, "USA_R34_SW": 0.0, "USA_R34_NW": 30.0, "USA_R50_NE": null, "USA_R50_SE": null, "USA_R50_SW": null, "USA_R50_NW": null, "USA_R64_NE": null, "USA_R64_SE": null, "USA_R64_SW": null, "USA_R64_NW": null, "USA_POCI": 1014.0, "USA_ROCI": 120.0, "USA_RMW": 30.0, "USA_EYE": null, "TOK_LAT": null, "TOK_LON": null, "TOK_GRADE": null, "TOK_WIND": null, "TOK_PRES": null, "TOK_R50_DR": null, "TOK_R50_L": null, "TOK_R50_S": null, "TOK_R30_DR": null, "TOK_R30_L": null, "TOK_R30_S": null, "TOK_LAND": null, "CMA_LAT": null, "CMA_LON": null, "CMA_CAT": null, "CMA_WIND": null, "CMA_PRES": null, "HKO_LAT": null, "HKO_LON": null, "HKO_CAT": null, "HKO_WIND": null, "HKO_PRES": null, "KMA_LAT": null, "KMA_LON": null, "KMA_CAT": null, "KMA_WIND": null, "KMA_PRES": null, "KMA_R50_DR": null, "KMA_R50_L": null, "KMA_R50_S": null, "KMA_R30_DR": null, "KMA_R30_L": null, "KMA_R30_S": null, "NEW_LAT": null, "NEW_LON": null, "NEW_GRADE": null, "NEW_WIND": null, "NEW_PRES": null, "NEW_CI": -999.9, "NEW_DP": null, "NEW_POCI": null, "REU_LAT": null, "REU_LON": null, "REU_TYPE": null, "REU_WIND": null, "REU_PRES": null, "REU_TNUM": -999.9, "REU_CI": -999.9, "REU_RMW": null, "REU_R34_NE": null, "REU_R34_SE": null, "REU_R34_SW": null, "REU_R34_NW": null, "REU_R50_NE": null, "REU_R50_SE": null, "REU_R50_SW": null, "REU_R50_NW": null, "REU_R64_NE": null, "REU_R64_SE": null, "REU_R64_SW": null, "REU_R64_NW": null, "BOM_LAT": null, "BOM_LON": null, "BOM_TYPE": null, "BOM_WIND": null, "BOM_PRES": null, "BOM_TNUM": -999.9, "BOM_CI": -999.9, "BOM_RMW": null, "BOM_R34_NE": null, "BOM_R34_SE": null, "BOM_R34_SW": null, "BOM_R34_NW": null, "BOM_R50_NE": null, "BOM_R50_SE": null, "BOM_R50_SW": null, "BOM_R50_NW": null, "BOM_R64_NE": null, "BOM_R64_SE": null, "BOM_R64_SW": null, "BOM_R64_NW": null, "BOM_ROCI": null, "BOM_POCI": null, "BOM_EYE": null, "BOM_POS_FL": null, "BOM_PRS_FL": null, "NAD_LAT": null, "NAD_LON": null, "NAD_CAT": null, "NAD_WIND": null, "NAD_PRES": null, "WEL_LAT": null, "WEL_LON": null, "WEL_WIND": null, "WEL_PRES": null, "DS8_LAT": null, "DS8_LON": null, "DS8_STAGE": null, "DS8_WIND": null, "DS8_PRES": null, "TD6_LAT": null, "TD6_LON": null, "TD6_STAGE": null, "TD6_WIND": null, "TD6_PRES": null, "TD5_LAT": null, "TD5_LON": null, "TD5_WIND": null, "TD5_PRES": null, "TD5_ROCI": null, "NEU_LAT": null, "NEU_LON": null, "NEU_CLASS": null, "NEU_WIND": null, "NEU_PRES": null, "MLC_LAT": null, "MLC_LON": null, "MLC_CLASS": null, "MLC_WIND": null, "MLC_PRES": null, "USA_GUST": null, "BOM_GUST": null, "BOM_GUSTP": null, "REU_GUST": null, "REU_GUSTP": null, "USA_SEAHGT": 12.0, "USA_SEA_NE": 30.0, "USA_SEA_SE": null, "USA_SEA_SW": null, "USA_SEA_NW": 30.0, "STORM_SPD": 13, "STORM_DR": 280, "year": 2019, "month": 8, "day": 25, "hour": 9, "min": 0 }, "geometry": { "type": "LineString", "coordinates": [ [ -51.5999755859375, 11.100000381469727 ], [ -52.300048828125, 11.199999809265137 ] ] } },
{ "type": "Feature", "properties": { "SID": "2019236N10314", "SEASON": 2019, "NUMBER": 53, "BASIN": "NA", "SUBBASIN": "NA", "NAME": "DORIAN", "ISO_TIME": "2019-08-25 12:00:00", "NATURE": "TS", "LAT": 11.2, "LON": -52.3, "WMO_WIND": 40.0, "WMO_PRES": 1007.0, "WMO_AGENCY": "hurdat_atl", "TRACK_TYPE": "main", "DIST2LAND": 629, "LANDFALL": 619, "IFLAG": "O______________", "USA_AGENCY": "hurdat_atl", "USA_ATCFID": "AL052019", "USA_LAT": 11.2, "USA_LON": -52.3, "USA_RECORD": null, "USA_STATUS": "TS", "USA_WIND": 40.0, "USA_PRES": 1007.0, "USA_SSHS": 0, "USA_R34_NE": 30.0, "USA_R34_SE": 0.0, "USA_R34_SW": 0.0, "USA_R34_NW": 30.0, "USA_R50_NE": null, "USA_R50_SE": null, "USA_R50_SW": null, "USA_R50_NW": null, "USA_R64_NE": null, "USA_R64_SE": null, "USA_R64_SW": null, "USA_R64_NW": null, "USA_POCI": 1013.0, "USA_ROCI": 120.0, "USA_RMW": 30.0, "USA_EYE": null, "TOK_LAT": null, "TOK_LON": null, "TOK_GRADE": null, "TOK_WIND": null, "TOK_PRES": null, "TOK_R50_DR": null, "TOK_R50_L": null, "TOK_R50_S": null, "TOK_R30_DR": null, "TOK_R30_L": null, "TOK_R30_S": null, "TOK_LAND": null, "CMA_LAT": null, "CMA_LON": null, "CMA_CAT": null, "CMA_WIND": null, "CMA_PRES": null, "HKO_LAT": null, "HKO_LON": null, "HKO_CAT": null, "HKO_WIND": null, "HKO_PRES": null, "KMA_LAT": null, "KMA_LON": null, "KMA_CAT": null, "KMA_WIND": null, "KMA_PRES": null, "KMA_R50_DR": null, "KMA_R50_L": null, "KMA_R50_S": null, "KMA_R30_DR": null, "KMA_R30_L": null, "KMA_R30_S": null, "NEW_LAT": null, "NEW_LON": null, "NEW_GRADE": null, "NEW_WIND": null, "NEW_PRES": null, "NEW_CI": -999.9, "NEW_DP": null, "NEW_POCI": null, "REU_LAT": null, "REU_LON": null, "REU_TYPE": null, "REU_WIND": null, "REU_PRES": null, "REU_TNUM": -999.9, "REU_CI": -999.9, "REU_RMW": null, "REU_R34_NE": null, "REU_R34_SE": null, "REU_R34_SW": null, "REU_R34_NW": null, "REU_R50_NE": null, "REU_R50_SE": null, "REU_R50_SW": null, "REU_R50_NW": null, "REU_R64_NE": null, "REU_R64_SE": null, "REU_R64_SW": null, "REU_R64_NW": null, "BOM_LAT": null, "BOM_LON": null, "BOM_TYPE": null, "BOM_WIND": null, "BOM_PRES": null, "BOM_TNUM": -999.9, "BOM_CI": -999.9, "BOM_RMW": null, "BOM_R34_NE": null, "BOM_R34_SE": null, "BOM_R34_SW": null, "BOM_R34_NW": null, "BOM_R50_NE": null, "BOM_R50_SE": null, "BOM_R50_SW": null, "BOM_R50_NW": null, "BOM_R64_NE": null, "BOM_R64_SE": null, "BOM_R64_SW": null, "BOM_R64_NW": null, "BOM_ROCI": null, "BOM_POCI": null, "BOM_EYE": null, "BOM_POS_FL": null, "BOM_PRS_FL": null, "NAD_LAT": null, "NAD_LON": null, "NAD_CAT": null, "NAD_WIND": null, "NAD_PRES": null, "WEL_LAT": null, "WEL_LON": null, "WEL_WIND": null, "WEL_PRES": null, "DS8_LAT": null, "DS8_LON": null, "DS8_STAGE": null, "DS8_WIND": null, "DS8_PRES": null, "TD6_LAT": null, "TD6_LON": null, "TD6_STAGE": null, "TD6_WIND": null, "TD6_PRES": null, "TD5_LAT": null, "TD5_LON": null, "TD5_WIND": null, "TD5_PRES": null, "TD5_ROCI": null, "NEU_LAT": null, "NEU_LON": null, "NEU_CLASS": null, "NEU_WIND": null, "NEU_PRES": null, "MLC_LAT": null, "MLC_LON": null, "MLC_CLASS": null, "MLC_WIND": null, "MLC_PRES": null, "USA_GUST": 45.0, "BOM_GUST": null, "BOM_GUSTP": null, "REU_GUST": null, "REU_GUSTP": null, "USA_SEAHGT": 12.0, "USA_SEA_NE": 30.0, "USA_SEA_SE": null, "USA_SEA_SW": null, "USA_SEA_NW": 30.0, "STORM_SPD": 13, "STORM_DR": 280, "year": 2019, "month": 8, "day": 25, "hour": 12, "min": 0 }, "geometry": { "type": "LineString", "coordinates": [ [ -52.300048828125, 11.199999809265137 ], [ -52.9000244140625, 11.300000190734863 ] ] } },
{ "type": "Feature", "properties": { "SID": "2019236N10314", "SEASON": 2019, "NUMBER": 53, "BASIN": "NA", "SUBBASIN": "NA", "NAME": "DORIAN", "ISO_TIME": "2019-08-25 15:00:00", "NATURE": "TS", "LAT": 11.3, "LON": -52.9, "WMO_WIND": 0.0, "WMO_PRES": null, "WMO_AGENCY": null, "TRACK_TYPE": "main", "DIST2LAND": 621, "LANDFALL": 614, "IFLAG": "P______________", "USA_AGENCY": null, "USA_ATCFID": "AL052019", "USA_LAT": 11.3, "USA_LON": -52.9, "USA_RECORD": null, "USA_STATUS": "TS", "USA_WIND": 43.0, "USA_PRES": 1007.0, "USA_SSHS": 0, "USA_R34_NE": 30.0, "USA_R34_SE": 0.0, "USA_R34_SW": 0.0, "USA_R34_NW": 30.0, "USA_R50_NE": null, "USA_R50_SE": null, "USA_R50_SW": null, "USA_R50_NW": null, "USA_R64_NE": null, "USA_R64_SE": null, "USA_R64_SW": null, "USA_R64_NW": null, "USA_POCI": 1014.0, "USA_ROCI": 120.0, "USA_RMW": 30.0, "USA_EYE": null, "TOK_LAT": null, "TOK_LON": null, "TOK_GRADE": null, "TOK_WIND": null, "TOK_PRES": null, "TOK_R50_DR": null, "TOK_R50_L": null, "TOK_R50_S": null, "TOK_R30_DR": null, "TOK_R30_L": null, "TOK_R30_S": null, "TOK_LAND": null, "CMA_LAT": null, "CMA_LON": null, "CMA_CAT": null, "CMA_WIND": null, "CMA_PRES": null, "HKO_LAT": null, "HKO_LON": null, "HKO_CAT": null, "HKO_WIND": null, "HKO_PRES": null, "KMA_LAT": null, "KMA_LON": null, "KMA_CAT": null, "KMA_WIND": null, "KMA_PRES": null, "KMA_R50_DR": null, "KMA_R50_L": null, "KMA_R50_S": null, "KMA_R30_DR": null, "KMA_R30_L": null, "KMA_R30_S": null, "NEW_LAT": null, "NEW_LON": null, "NEW_GRADE": null, "NEW_WIND": null, "NEW_PRES": null, "NEW_CI": -999.9, "NEW_DP": null, "NEW_POCI": null, "REU_LAT": null, "REU_LON": null, "REU_TYPE": null, "REU_WIND": null, "REU_PRES": null, "REU_TNUM": -999.9, "REU_CI": -999.9, "REU_RMW": null, "REU_R34_NE": null, "REU_R34_SE": null, "REU_R34_SW": null, "REU_R34_NW": null, "REU_R50_NE": null, "REU_R50_SE": null, "REU_R50_SW": null, "REU_R50_NW": null, "REU_R64_NE": null, "REU_R64_SE": null, "REU_R64_SW": null, "REU_R64_NW": null, "BOM_LAT": null, "BOM_LON": null, "BOM_TYPE": null, "BOM_WIND": null, "BOM_PRES": null, "BOM_TNUM": -999.9, "BOM_CI": -999.9, "BOM_RMW": null, "BOM_R34_NE": null, "BOM_R34_SE": null, "BOM_R34_SW": null, "BOM_R34_NW": null, "BOM_R50_NE": null, "BOM_R50_SE": null, "BOM_R50_SW": null, "BOM_R50_NW": null, "BOM_R64_NE": null, "BOM_R64_SE": null, "BOM_R64_SW": null, "BOM_R64_NW": null, "BOM_ROCI": null, "BOM_POCI": null, "BOM_EYE": null, "BOM_POS_FL": null, "BOM_PRS_FL": null, "NAD_LAT": null, "NAD_LON": null, "NAD_CAT": null, "NAD_WIND": null, "NAD_PRES": null, "WEL_LAT": null, "WEL_LON": null, "WEL_WIND": null, "WEL_PRES": null, "DS8_LAT": null, "DS8_LON": null, "DS8_STAGE": null, "DS8_WIND": null, "DS8_PRES": null, "TD6_LAT": null, "TD6_LON": null, "TD6_STAGE": null, "TD6_WIND": null, "TD6_PRES": null, "TD5_LAT": null, "TD5_LON": null, "TD5_WIND": null, "TD5_PRES": null, "TD5_ROCI": null, "NEU_LAT": null, "NEU_LON": null, "NEU_CLASS": null, "NEU_WIND": null, "NEU_PRES": null, "MLC_LAT": null, "MLC_LON": null, "MLC_CLASS": null, "MLC_WIND": null, "MLC_PRES": null, "USA_GUST": null, "BOM_GUST": null, "BOM_GUSTP": null, "REU_GUST": null, "REU_GUSTP": null, "USA_SEAHGT": 12.0, "USA_SEA_NE": 30.0, "USA_SEA_SE": null, "USA_SEA_SW": null, "USA_SEA_NW": 30.0, "STORM_SPD": 12, "STORM_DR": 280, "year": 2019, "month": 8, "day": 25, "hour": 15, "min": 0 }, "geometry": { "type": "LineString", "coordinates": [ [ -52.9000244140625, 11.300000190734863 ], [ -53.5, 11.399999618530273 ] ] } },
{ "type": "Feature", "properties": { "SID": "2019236N10314", "SEASON": 2019, "NUMBER": 53, "BASIN": "NA", "SUBBASIN": "NA", "NAME": "DORIAN", "ISO_TIME": "2019-08-25 18:00:00", "NATURE": "TS", "LAT": 11.4, "LON": -53.5, "WMO_WIND": 45.0, "WMO_PRES": 1007.0, "WMO_AGENCY": "hurdat_atl", "TRACK_TYPE": "main", "DIST2LAND": 620, "LANDFALL": 617, "IFLAG": "O______________", "USA_AGENCY": "hurdat_atl", "USA_ATCFID": "AL052019", "USA_LAT": 11.4, "USA_LON": -53.5, "USA_RECORD": null, "USA_STATUS": "TS", "USA_WIND": 45.0, "USA_PRES": 1007.0, "USA_SSHS": 0, "USA_R34_NE": 30.0, "USA_R34_SE": 0.0, "USA_R34_SW": 0.0, "USA_R34_NW": 30.0, "USA_R50_NE": null, "USA_R50_SE": null, "USA_R50_SW": null, "USA_R50_NW": null, "USA_R64_NE": null, "USA_R64_SE": null, "USA_R64_SW": null, "USA_R64_NW": null, "USA_POCI": 1014.0, "USA_ROCI": 120.0, "USA_RMW": 30.0, "USA_EYE": null, "TOK_LAT": null, "TOK_LON": null, "TOK_GRADE": null, "TOK_WIND": null, "TOK_PRES": null, "TOK_R50_DR": null, "TOK_R50_L": null, "TOK_R50_S": null, "TOK_R30_DR": null, "TOK_R30_L": null, "TOK_R30_S": null, "TOK_LAND": null, "CMA_LAT": null, "CMA_LON": null, "CMA_CAT": null, "CMA_WIND": null, "CMA_PRES": null, "HKO_LAT": null, "HKO_LON": null, "HKO_CAT": null, "HKO_WIND": null, "HKO_PRES": null, "KMA_LAT": null, "KMA_LON": null, "KMA_CAT": null, "KMA_WIND": null, "KMA_PRES": null, "KMA_R50_DR": null, "KMA_R50_L": null, "KMA_R50_S": null, "KMA_R30_DR": null, "KMA_R30_L": null, "KMA_R30_S": null, "NEW_LAT": null, "NEW_LON": null, "NEW_GRADE": null, "NEW_WIND": null, "NEW_PRES": null, "NEW_CI": -999.9, "NEW_DP": null, "NEW_POCI": null, "REU_LAT": null, "REU_LON": null, "REU_TYPE": null, "REU_WIND": null, "REU_PRES": null, "REU_TNUM": -999.9, "REU_CI": -999.9, "REU_RMW": null, "REU_R34_NE": null, "REU_R34_SE": null, "REU_R34_SW": null, "REU_R34_NW": null, "REU_R50_NE": null, "REU_R50_SE": null, "REU_R50_SW": null, "REU_R50_NW": null, "REU_R64_NE": null, "REU_R64_SE": null, "REU_R64_SW": null, "REU_R64_NW": null, "BOM_LAT": null, "BOM_LON": null, "BOM_TYPE": null, "BOM_WIND": null, "BOM_PRES": null, "BOM_TNUM": -999.9, "BOM_CI": -999.9, "BOM_RMW": null, "BOM_R34_NE": null, "BOM_R34_SE": null, "BOM_R34_SW": null, "BOM_R34_NW": null, "BOM_R50_NE": null, "BOM_R50_SE": null, "BOM_R50_SW": null, "BOM_R50_NW": null, "BOM_R64_NE": null, "BOM_R64_SE": null, "BOM_R64_SW": null, "BOM_R64_NW": null, "BOM_ROCI": null, "BOM_POCI": null, "BOM_EYE": null, "BOM_POS_FL": null, "BOM_PRS_FL": null, "NAD_LAT": null, "NAD_LON": null, "NAD_CAT": null, "NAD_WIND": null, "NAD_PRES": null, "WEL_LAT": null, "WEL_LON": null, "WEL_WIND": null, "WEL_PRES": null, "DS8_LAT": null, "DS8_LON": null, "DS8_STAGE": null, "DS8_WIND": null, "DS8_PRES": null, "TD6_LAT": null, "TD6_LON": null, "TD6_STAGE": null, "TD6_WIND": null, "TD6_PRES": null, "TD5_LAT": null, "TD5_LON": null, "TD5_WIND": null, "TD5_PRES": null, "TD5_ROCI": null, "NEU_LAT": null, "NEU_LON": null, "NEU_CLASS": null, "NEU_WIND": null, "NEU_PRES": null, "MLC_LAT": null, "MLC_LON": null, "MLC_CLASS": null, "MLC_WIND": null, "MLC_PRES": null, "USA_GUST": 50.0, "BOM_GUST": null, "BOM_GUSTP": null, "REU_GUST": null, "REU_GUSTP": null, "USA_SEAHGT": 12.0, "USA_SEA_NE": 30.0, "USA_SEA_SE": 15.0, "USA_SEA_SW": null, "USA_SEA_NW": 30.0, "STORM_SPD": 12, "STORM_DR": 280, "year": 2019, "month": 8, "day": 25, "hour": 18, "min": 0 }, "geometry": { "type": "LineString", "coordinates": [ [ -53.5, 11.399999618530273 ], [ -54.0999755859375, 11.5 ] ] } },
{ "type": "Feature", "properties": { "SID": "2019236N10314", "SEASON": 2019, "NUMBER": 53, "BASIN": "NA", "SUBBASIN": "NA", "NAME": "DORIAN", "ISO_TIME": "2019-08-25 21:00:00", "NATURE": "TS", "LAT": 11.5, "LON": -54.1, "WMO_WIND": 0.0, "WMO_PRES": null, "WMO_AGENCY": null, "TRACK_TYPE": "main", "DIST2LAND": 627, "LANDFALL": 620, "IFLAG": "P______________", "USA_AGENCY": null, "USA_ATCFID": "AL052019", "USA_LAT": 11.5, "USA_LON": -54.1, "USA_RECORD": null, "USA_STATUS": "TS", "USA_WIND": 45.0, "USA_PRES": 1007.0, "USA_SSHS": 0, "USA_R34_NE": 35.0, "USA_R34_SE": 15.0, "USA_R34_SW": 15.0, "USA_R34_NW": 35.0, "USA_R50_NE": null, "USA_R50_SE": null, "USA_R50_SW": null, "USA_R50_NW": null, "USA_R64_NE": null, "USA_R64_SE": null, "USA_R64_SW": null, "USA_R64_NW": null, "USA_POCI": 1013.0, "USA_ROCI": 120.0, "USA_RMW": 30.0, "USA_EYE": null, "TOK_LAT": null, "TOK_LON": null, "TOK_GRADE": null, "TOK_WIND": null, "TOK_PRES": null, "TOK_R50_DR": null, "TOK_R50_L": null, "TOK_R50_S": null, "TOK_R30_DR": null, "TOK_R30_L": null, "TOK_R30_S": null, "TOK_LAND": null, "CMA_LAT": null, "CMA_LON": null, "CMA_CAT": null, "CMA_WIND": null, "CMA_PRES": null, "HKO_LAT": null, "HKO_LON": null, "HKO_CAT": null, "HKO_WIND": null, "HKO_PRES": null, "KMA_LAT": null, "KMA_LON": null, "KMA_CAT": null, "KMA_WIND": null, "KMA_PRES": null, "KMA_R50_DR": null, "KMA_R50_L": null, "KMA_R50_S": null, "KMA_R30_DR": null, "KMA_R30_L": null, "KMA_R30_S": null, "NEW_LAT": null, "NEW_LON": null, "NEW_GRADE": null, "NEW_WIND": null, "NEW_PRES": null, "NEW_CI": -999.9, "NEW_DP": null, "NEW_POCI": null, "REU_LAT": null, "REU_LON": null, "REU_TYPE": null, "REU_WIND": null, "REU_PRES": null, "REU_TNUM": -999.9, "REU_CI": -999.9, "REU_RMW": null, "REU_R34_NE": null, "REU_R34_SE": null, "REU_R34_SW": null, "REU_R34_NW": null, "REU_R50_NE": null, "REU_R50_SE": null, "REU_R50_SW": null, "REU_R50_NW": null, "REU_R64_NE": null, "REU_R64_SE": null, "REU_R64_SW": null, "REU_R64_NW": null, "BOM_LAT": null, "BOM_LON": null, "BOM_TYPE": null, "BOM_WIND": null, "BOM_PRES": null, "BOM_TNUM": -999.9, "BOM_CI": -999.9, "BOM_RMW": null, "BOM_R34_NE": null, "BOM_R34_SE": null, "BOM_R34_SW": null, "BOM_R34_NW": null, "BOM_R50_NE": null, "BOM_R50_SE": null, "BOM_R50_SW": null, "BOM_R50_NW": null, "BOM_R64_NE": null, "BOM_R64_SE": null, "BOM_R64_SW": null, "BOM_R64_NW": null, "BOM_ROCI": null, "BOM_POCI": null, "BOM_EYE": null, "BOM_POS_FL": null, "BOM_PRS_FL": null, "NAD_LAT": null, "NAD_LON": null, "NAD_CAT": null, "NAD_WIND": null, "NAD_PRES": null, "WEL_LAT": null, "WEL_LON": null, "WEL_WIND": null, "WEL_PRES": null, "DS8_LAT": null, "DS8_LON": null, "DS8_STAGE": null, "DS8_WIND": null, "DS8_PRES": null, "TD6_LAT": null, "TD6_LON": null, "TD6_STAGE": null, "TD6_WIND": null, "TD6_PRES": null, "TD5_LAT": null, "TD5_LON": null, "TD5_WIND": null, "TD5_PRES": null, "TD5_ROCI": null, "NEU_LAT": null, "NEU_LON": null, "NEU_CLASS": null, "NEU_WIND": null, "NEU_PRES": null, "MLC_LAT": null, "MLC_LON": null, "MLC_CLASS": null, "MLC_WIND": null, "MLC_PRES": null, "USA_GUST": null, "BOM_GUST": null, "BOM_GUSTP": null, "REU_GUST": null, "REU_GUSTP": null, "USA_SEAHGT": 12.0, "USA_SEA_NE": 30.0, "USA_SEA_SE": 15.0, "USA_SEA_SW": null, "USA_SEA_NW": 30.0, "STORM_SPD": 12, "STORM_DR": 280, "year": 2019, "month": 8, "day": 25, "hour": 21, "min": 0 }, "geometry": { "type": "LineString", "coordinates": [ [ -54.0999755859375, 11.5 ], [ -54.699951171875, 11.600000381469727 ] ] } },
{ "type": "Feature", "properties": { "SID": "2019236N10314", "SEASON": 2019, "NUMBER": 53, "BASIN": "NA", "SUBBASIN": "NA", "NAME": "DORIAN", "ISO_TIME": "2019-08-26 00:00:00", "NATURE": "TS", "LAT": 11.6, "LON": -54.7, "WMO_WIND": 45.0, "WMO_PRES": 1007.0, "WMO_AGENCY": "hurdat_atl", "TRACK_TYPE": "main", "DIST2LAND": 620, "LANDFALL": 579, "IFLAG": "O______________", "USA_AGENCY": "hurdat_atl", "USA_ATCFID": "AL052019", "USA_LAT": 11.6, "USA_LON": -54.7, "USA_RECORD": null, "USA_STATUS": "TS", "USA_WIND": 45.0, "USA_PRES": 1007.0, "USA_SSHS": 0, "USA_R34_NE": 40.0, "USA_R34_SE": 30.0, "USA_R34_SW": 30.0, "USA_R34_NW": 40.0, "USA_R50_NE": null, "USA_R50_SE": null, "USA_R50_SW": null, "USA_R50_NW": null, "USA_R64_NE": null, "USA_R64_SE": null, "USA_R64_SW": null, "USA_R64_NW": null, "USA_POCI": 1012.0, "USA_ROCI": 120.0, "USA_RMW": 30.0, "USA_EYE": null, "TOK_LAT": null, "TOK_LON": null, "TOK_GRADE": null, "TOK_WIND": null, "TOK_PRES": null, "TOK_R50_DR": null, "TOK_R50_L": null, "TOK_R50_S": null, "TOK_R30_DR": null, "TOK_R30_L": null, "TOK_R30_S": null, "TOK_LAND": null, "CMA_LAT": null, "CMA_LON": null, "CMA_CAT": null, "CMA_WIND": null, "CMA_PRES": null, "HKO_LAT": null, "HKO_LON": null, "HKO_CAT": null, "HKO_WIND": null, "HKO_PRES": null, "KMA_LAT": null, "KMA_LON": null, "KMA_CAT": null, "KMA_WIND": null, "KMA_PRES": null, "KMA_R50_DR": null, "KMA_R50_L": null, "KMA_R50_S": null, "KMA_R30_DR": null, "KMA_R30_L": null, "KMA_R30_S": null, "NEW_LAT": null, "NEW_LON": null, "NEW_GRADE": null, "NEW_WIND": null, "NEW_PRES": null, "NEW_CI": -999.9, "NEW_DP": null, "NEW_POCI": null, "REU_LAT": null, "REU_LON": null, "REU_TYPE": null, "REU_WIND": null, "REU_PRES": null, "REU_TNUM": -999.9, "REU_CI": -999.9, "REU_RMW": null, "REU_R34_NE": null, "REU_R34_SE": null, "REU_R34_SW": null, "REU_R34_NW": null, "REU_R50_NE": null, "REU_R50_SE": null, "REU_R50_SW": null, "REU_R50_NW": null, "REU_R64_NE": null, "REU_R64_SE": null, "REU_R64_SW": null, "REU_R64_NW": null, "BOM_LAT": null, "BOM_LON": null, "BOM_TYPE": null, "BOM_WIND": null, "BOM_PRES": null, "BOM_TNUM": -999.9, "BOM_CI": -999.9, "BOM_RMW": null, "BOM_R34_NE": null, "BOM_R34_SE": null, "BOM_R34_SW": null, "BOM_R34_NW": null, "BOM_R50_NE": null, "BOM_R50_SE": null, "BOM_R50_SW": null, "BOM_R50_NW": null, "BOM_R64_NE": null, "BOM_R64_SE": null, "BOM_R64_SW": null, "BOM_R64_NW": null, "BOM_ROCI": null, "BOM_POCI": null, "BOM_EYE": null, "BOM_POS_FL": null, "BOM_PRS_FL": null, "NAD_LAT": null, "NAD_LON": null, "NAD_CAT": null, "NAD_WIND": null, "NAD_PRES": null, "WEL_LAT": null, "WEL_LON": null, "WEL_WIND": null, "WEL_PRES": null, "DS8_LAT": null, "DS8_LON": null, "DS8_STAGE": null, "DS8_WIND": null, "DS8_PRES": null, "TD6_LAT": null, "TD6_LON": null, "TD6_STAGE": null, "TD6_WIND": null, "TD6_PRES": null, "TD5_LAT": null, "TD5_LON": null, "TD5_WIND": null, "TD5_PRES": null, "TD5_ROCI": null, "NEU_LAT": null, "NEU_LON": null, "NEU_CLASS": null, "NEU_WIND": null, "NEU_PRES": null, "MLC_LAT": null, "MLC_LON": null, "MLC_CLASS": null, "MLC_WIND": null, "MLC_PRES": null, "USA_GUST": 55.0, "BOM_GUST": null, "BOM_GUSTP": null, "REU_GUST": null, "REU_GUSTP": null, "USA_SEAHGT": 12.0, "USA_SEA_NE": 30.0, "USA_SEA_SE": 15.0, "USA_SEA_SW": null, "USA_SEA_NW": 30.0, "STORM_SPD": 13, "STORM_DR": 280, "year": 2019, "month": 8, "day": 26, "hour": 0, "min": 0 }, "geometry": { "type": "LineString", "coordinates": [ [ -54.699951171875, 11.600000381469727 ], [ -55.4000244140625, 11.699999809265137 ] ] } },
{ "type": "Feature", "properties": { "SID": "2019236N10314", "SEASON": 2019, "NUMBER": 53, "BASIN": "NA", "SUBBASIN": "NA", "NAME": "DORIAN", "ISO_TIME": "2019-08-26 03:00:00", "NATURE": "TS", "LAT": 11.7, "LON": -55.4, "WMO_WIND": 0.0, "WMO_PRES": null, "WMO_AGENCY": null, "TRACK_TYPE": "main", "DIST2LAND": 579, "LANDFALL": 546, "IFLAG": "P______________", "USA_AGENCY": null, "USA_ATCFID": "AL052019", "USA_LAT": 11.7, "USA_LON": -55.4, "USA_RECORD": null, "USA_STATUS": "TS", "USA_WIND": 45.0, "USA_PRES": 1007.0, "USA_SSHS": 0, "USA_R34_NE": 40.0, "USA_R34_SE": 30.0, "USA_R34_SW": 30.0, "USA_R34_NW": 40.0, "USA_R50_NE": null, "USA_R50_SE": null, "USA_R50_SW": null, "USA_R50_NW": null, "USA_R64_NE": null, "USA_R64_SE": null, "USA_R64_SW": null, "USA_R64_NW": null, "USA_POCI": 1012.0, "USA_ROCI": 120.0, "USA_RMW": 30.0, "USA_EYE": null, "TOK_LAT": null, "TOK_LON": null, "TOK_GRADE": null, "TOK_WIND": null, "TOK_PRES": null, "TOK_R50_DR": null, "TOK_R50_L": null, "TOK_R50_S": null, "TOK_R30_DR": null, "TOK_R30_L": null, "TOK_R30_S": null, "TOK_LAND": null, "CMA_LAT": null, "CMA_LON": null, "CMA_CAT": null, "CMA_WIND": null, "CMA_PRES": null, "HKO_LAT": null, "HKO_LON": null, "HKO_CAT": null, "HKO_WIND": null, "HKO_PRES": null, "KMA_LAT": null, "KMA_LON": null, "KMA_CAT": null, "KMA_WIND": null, "KMA_PRES": null, "KMA_R50_DR": null, "KMA_R50_L": null, "KMA_R50_S": null, "KMA_R30_DR": null, "KMA_R30_L": null, "KMA_R30_S": null, "NEW_LAT": null, "NEW_LON": null, "NEW_GRADE": null, "NEW_WIND": null, "NEW_PRES": null, "NEW_CI": -999.9, "NEW_DP": null, "NEW_POCI": null, "REU_LAT": null, "REU_LON": null, "REU_TYPE": null, "REU_WIND": null, "REU_PRES": null, "REU_TNUM": -999.9, "REU_CI": -999.9, "REU_RMW": null, "REU_R34_NE": null, "REU_R34_SE": null, "REU_R34_SW": null, "REU_R34_NW": null, "REU_R50_NE": null, "REU_R50_SE": null, "REU_R50_SW": null, "REU_R50_NW": null, "REU_R64_NE": null, "REU_R64_SE": null, "REU_R64_SW": null, "REU_R64_NW": null, "BOM_LAT": null, "BOM_LON": null, "BOM_TYPE": null, "BOM_WIND": null, "BOM_PRES": null, "BOM_TNUM": -999.9, "BOM_CI": -999.9, "BOM_RMW": null, "BOM_R34_NE": null, "BOM_R34_SE": null, "BOM_R34_SW": null, "BOM_R34_NW": null, "BOM_R50_NE": null, "BOM_R50_SE": null, "BOM_R50_SW": null, "BOM_R50_NW": null, "BOM_R64_NE": null, "BOM_R64_SE": null, "BOM_R64_SW": null, "BOM_R64_NW": null, "BOM_ROCI": null, "BOM_POCI": null, "BOM_EYE": null, "BOM_POS_FL": null, "BOM_PRS_FL": null, "NAD_LAT": null, "NAD_LON": null, "NAD_CAT": null, "NAD_WIND": null, "NAD_PRES": null, "WEL_LAT": null, "WEL_LON": null, "WEL_WIND": null, "WEL_PRES": null, "DS8_LAT": null, "DS8_LON": null, "DS8_STAGE": null, "DS8_WIND": null, "DS8_PRES": null, "TD6_LAT": null, "TD6_LON": null, "TD6_STAGE": null, "TD6_WIND": null, "TD6_PRES": null, "TD5_LAT": null, "TD5_LON": null, "TD5_WIND": null, "TD5_PRES": null, "TD5_ROCI": null, "NEU_LAT": null, "NEU_LON": null, "NEU_CLASS": null, "NEU_WIND": null, "NEU_PRES": null, "MLC_LAT": null, "MLC_LON": null, "MLC_CLASS": null, "MLC_WIND": null, "MLC_PRES": null, "USA_GUST": null, "BOM_GUST": null, "BOM_GUSTP": null, "REU_GUST": null, "REU_GUSTP": null, "USA_SEAHGT": 12.0, "USA_SEA_NE": 45.0, "USA_SEA_SE": 15.0, "USA_SEA_SW": null, "USA_SEA_NW": 30.0, "STORM_SPD": 13, "STORM_DR": 285, "year": 2019, "month": 8, "day": 26, "hour": 3, "min": 0 }, "geometry": { "type": "LineString", "coordinates": [ [ -55.4000244140625, 11.699999809265137 ], [ -56.0, 11.899999618530273 ] ] } },
{ "type": "Feature", "properties": { "SID": "2019236N10314", "SEASON": 2019, "NUMBER": 53, "BASIN": "NA", "SUBBASIN": "NA", "NAME": "DORIAN", "ISO_TIME": "2019-08-26 06:00:00", "NATURE": "TS", "LAT": 11.9, "LON": -56.0, "WMO_WIND": 45.0, "WMO_PRES": 1006.0, "WMO_AGENCY": "hurdat_atl", "TRACK_TYPE": "main", "DIST2LAND": 546, "LANDFALL": 501, "IFLAG": "O______________", "USA_AGENCY": "hurdat_atl", "USA_ATCFID": "AL052019", "USA_LAT": 11.9, "USA_LON": -56.0, "USA_RECORD": null, "USA_STATUS": "TS", "USA_WIND": 45.0, "USA_PRES": 1006.0, "USA_SSHS": 0, "USA_R34_NE": 40.0, "USA_R34_SE": 30.0, "USA_R34_SW": 30.0, "USA_R34_NW": 40.0, "USA_R50_NE": null, "USA_R50_SE": null, "USA_R50_SW": null, "USA_R50_NW": null, "USA_R64_NE": null, "USA_R64_SE": null, "USA_R64_SW": null, "USA_R64_NW": null, "USA_POCI": 1012.0, "USA_ROCI": 120.0, "USA_RMW": 30.0, "USA_EYE": null, "TOK_LAT": null, "TOK_LON": null, "TOK_GRADE": null, "TOK_WIND": null, "TOK_PRES": null, "TOK_R50_DR": null, "TOK_R50_L": null, "TOK_R50_S": null, "TOK_R30_DR": null, "TOK_R30_L": null, "TOK_R30_S": null, "TOK_LAND": null, "CMA_LAT": null, "CMA_LON": null, "CMA_CAT": null, "CMA_WIND": null, "CMA_PRES": null, "HKO_LAT": null, "HKO_LON": null, "HKO_CAT": null, "HKO_WIND": null, "HKO_PRES": null, "KMA_LAT": null, "KMA_LON": null, "KMA_CAT": null, "KMA_WIND": null, "KMA_PRES": null, "KMA_R50_DR": null, "KMA_R50_L": null, "KMA_R50_S": null, "KMA_R30_DR": null, "KMA_R30_L": null, "KMA_R30_S": null, "NEW_LAT": null, "NEW_LON": null, "NEW_GRADE": null, "NEW_WIND": null, "NEW_PRES": null, "NEW_CI": -999.9, "NEW_DP": null, "NEW_POCI": null, "REU_LAT": null, "REU_LON": null, "REU_TYPE": null, "REU_WIND": null, "REU_PRES": null, "REU_TNUM": -999.9, "REU_CI": -999.9, "REU_RMW": null, "REU_R34_NE": null, "REU_R34_SE": null, "REU_R34_SW": null, "REU_R34_NW": null, "REU_R50_NE": null, "REU_R50_SE": null, "REU_R50_SW": null, "REU_R50_NW": null, "REU_R64_NE": null, "REU_R64_SE": null, "REU_R64_SW": null, "REU_R64_NW": null, "BOM_LAT": null, "BOM_LON": null, "BOM_TYPE": null, "BOM_WIND": null, "BOM_PRES": null, "BOM_TNUM": -999.9, "BOM_CI": -999.9, "BOM_RMW": null, "BOM_R34_NE": null, "BOM_R34_SE": null, "BOM_R34_SW": null, "BOM_R34_NW": null, "BOM_R50_NE": null, "BOM_R50_SE": null, "BOM_R50_SW": null, "BOM_R50_NW": null, "BOM_R64_NE": null, "BOM_R64_SE": null, "BOM_R64_SW": null, "BOM_R64_NW": null, "BOM_ROCI": null, "BOM_POCI": null, "BOM_EYE": null, "BOM_POS_FL": null, "BOM_PRS_FL": null, "NAD_LAT": null, "NAD_LON": null, "NAD_CAT": null, "NAD_WIND": null, "NAD_PRES": null, "WEL_LAT": null, "WEL_LON": null, "WEL_WIND": null, "WEL_PRES": null, "DS8_LAT": null, "DS8_LON": null, "DS8_STAGE": null, "DS8_WIND": null, "DS8_PRES": null, "TD6_LAT": null, "TD6_LON": null, "TD6_STAGE": null, "TD6_WIND": null, "TD6_PRES": null, "TD5_LAT": null, "TD5_LON": null, "TD5_WIND": null, "TD5_PRES": null, "TD5_ROCI": null, "NEU_LAT": null, "NEU_LON": null, "NEU_CLASS": null, "NEU_WIND": null, "NEU_PRES": null, "MLC_LAT": null, "MLC_LON": null, "MLC_CLASS": null, "MLC_WIND": null, "MLC_PRES": null, "USA_GUST": 60.0, "BOM_GUST": null, "BOM_GUSTP": null, "REU_GUST": null, "REU_GUSTP": null, "USA_SEAHGT": 12.0, "USA_SEA_NE": 60.0, "USA_SEA_SE": 15.0, "USA_SEA_SW": null, "USA_SEA_NW": 30.0, "STORM_SPD": 13, "STORM_DR": 285, "year": 2019, "month": 8, "day": 26, "hour": 6, "min": 0 }, "geometry": { "type": "LineString", "coordinates": [ [ -56.0, 11.899999618530273 ], [ -56.5999755859375, 12.0 ] ] } },
{ "type": "Feature", "properties": { "SID": "2019236N10314", "SEASON": 2019, "NUMBER": 53, "BASIN": "NA", "SUBBASIN": "NA", "NAME": "DORIAN", "ISO_TIME": "2019-08-26 09:00:00", "NATURE": "TS", "LAT": 12.0, "LON": -56.6, "WMO_WIND": 0.0, "WMO_PRES": null, "WMO_AGENCY": null, "TRACK_TYPE": "main", "DIST2LAND": 501, "LANDFALL": 447, "IFLAG": "P______________", "USA_AGENCY": null, "USA_ATCFID": "AL052019", "USA_LAT": 12.0, "USA_LON": -56.6, "USA_RECORD": null, "USA_STATUS": "TS", "USA_WIND": 45.0, "USA_PRES": 1006.0, "USA_SSHS": 0, "USA_R34_NE": 40.0, "USA_R34_SE": 30.0, "USA_R34_SW": 30.0, "USA_R34_NW": 40.0, "USA_R50_NE": null, "USA_R50_SE": null, "USA_R50_SW": null, "USA_R50_NW": null, "USA_R64_NE": null, "USA_R64_SE": null, "USA_R64_SW": null, "USA_R64_NW": null, "USA_POCI": 1012.0, "USA_ROCI": 120.0, "USA_RMW": 30.0, "USA_EYE": null, "TOK_LAT": null, "TOK_LON": null, "TOK_GRADE": null, "TOK_WIND": null, "TOK_PRES": null, "TOK_R50_DR": null, "TOK_R50_L": null, "TOK_R50_S": null, "TOK_R30_DR": null, "TOK_R30_L": null, "TOK_R30_S": null, "TOK_LAND": null, "CMA_LAT": null, "CMA_LON": null, "CMA_CAT": null, "CMA_WIND": null, "CMA_PRES": null, "HKO_LAT": null, "HKO_LON": null, "HKO_CAT": null, "HKO_WIND": null, "HKO_PRES": null, "KMA_LAT": null, "KMA_LON": null, "KMA_CAT": null, "KMA_WIND": null, "KMA_PRES": null, "KMA_R50_DR": null, "KMA_R50_L": null, "KMA_R50_S": null, "KMA_R30_DR": null, "KMA_R30_L": null, "KMA_R30_S": null, "NEW_LAT": null, "NEW_LON": null, "NEW_GRADE": null, "NEW_WIND": null, "NEW_PRES": null, "NEW_CI": -999.9, "NEW_DP": null, "NEW_POCI": null, "REU_LAT": null, "REU_LON": null, "REU_TYPE": null, "REU_WIND": null, "REU_PRES": null, "REU_TNUM": -999.9, "REU_CI": -999.9, "REU_RMW": null, "REU_R34_NE": null, "REU_R34_SE": null, "REU_R34_SW": null, "REU_R34_NW": null, "REU_R50_NE": null, "REU_R50_SE": null, "REU_R50_SW": null, "REU_R50_NW": null, "REU_R64_NE": null, "REU_R64_SE": null, "REU_R64_SW": null, "REU_R64_NW": null, "BOM_LAT": null, "BOM_LON": null, "BOM_TYPE": null, "BOM_WIND": null, "BOM_PRES": null, "BOM_TNUM": -999.9, "BOM_CI": -999.9, "BOM_RMW": null, "BOM_R34_NE": null, "BOM_R34_SE": null, "BOM_R34_SW": null, "BOM_R34_NW": null, "BOM_R50_NE": null, "BOM_R50_SE": null, "BOM_R50_SW": null, "BOM_R50_NW": null, "BOM_R64_NE": null, "BOM_R64_SE": null, "BOM_R64_SW": null, "BOM_R64_NW": null, "BOM_ROCI": null, "BOM_POCI": null, "BOM_EYE": null, "BOM_POS_FL": null, "BOM_PRS_FL": null, "NAD_LAT": null, "NAD_LON": null, "NAD_CAT": null, "NAD_WIND": null, "NAD_PRES": null, "WEL_LAT": null, "WEL_LON": null, "WEL_WIND": null, "WEL_PRES": null, "DS8_LAT": null, "DS8_LON": null, "DS8_STAGE": null, "DS8_WIND": null, "DS8_PRES": null, "TD6_LAT": null, "TD6_LON": null, "TD6_STAGE": null, "TD6_WIND": null, "TD6_PRES": null, "TD5_LAT": null, "TD5_LON": null, "TD5_WIND": null, "TD5_PRES": null, "TD5_ROCI": null, "NEU_LAT": null, "NEU_LON": null, "NEU_CLASS": null, "NEU_WIND": null, "NEU_PRES": null, "MLC_LAT": null, "MLC_LON": null, "MLC_CLASS": null, "MLC_WIND": null, "MLC_PRES": null, "USA_GUST": null, "BOM_GUST": null, "BOM_GUSTP": null, "REU_GUST": null, "REU_GUSTP": null, "USA_SEAHGT": 12.0, "USA_SEA_NE": 60.0, "USA_SEA_SE": 23.0, "USA_SEA_SW": null, "USA_SEA_NW": 45.0, "STORM_SPD": 12, "STORM_DR": 285, "year": 2019, "month": 8, "day": 26, "hour": 9, "min": 0 }, "geometry": { "type": "LineString", "coordinates": [ [ -56.5999755859375, 12.0 ], [ -57.199951171875, 12.199999809265137 ] ] } },
{ "type": "Feature", "properties": { "SID": "2019236N10314", "SEASON": 2019, "NUMBER": 53, "BASIN": "NA", "SUBBASIN": "NA", "NAME": "DORIAN", "ISO_TIME": "2019-08-26 12:00:00", "NATURE": "TS", "LAT": 12.2, "LON": -57.2, "WMO_WIND": 45.0, "WMO_PRES": 1006.0, "WMO_AGENCY": "hurdat_atl", "TRACK_TYPE": "main", "DIST2LAND": 447, "LANDFALL": 407, "IFLAG": "O______________", "USA_AGENCY": "hurdat_atl", "USA_ATCFID": "AL052019", "USA_LAT": 12.2, "USA_LON": -57.2, "USA_RECORD": null, "USA_STATUS": "TS", "USA_WIND": 45.0, "USA_PRES": 1006.0, "USA_SSHS": 0, "USA_R34_NE": 40.0, "USA_R34_SE": 30.0, "USA_R34_SW": 30.0, "USA_R34_NW": 40.0, "USA_R50_NE": null, "USA_R50_SE": null, "USA_R50_SW": null, "USA_R50_NW": null, "USA_R64_NE": null, "USA_R64_SE": null, "USA_R64_SW": null, "USA_R64_NW": null, "USA_POCI": 1012.0, "USA_ROCI": 120.0, "USA_RMW": 30.0, "USA_EYE": null, "TOK_LAT": null, "TOK_LON": null, "TOK_GRADE": null, "TOK_WIND": null, "TOK_PRES": null, "TOK_R50_DR": null, "TOK_R50_L": null, "TOK_R50_S": null, "TOK_R30_DR": null, "TOK_R30_L": null, "TOK_R30_S": null, "TOK_LAND": null, "CMA_LAT": null, "CMA_LON": null, "CMA_CAT": null, "CMA_WIND": null, "CMA_PRES": null, "HKO_LAT": null, "HKO_LON": null, "HKO_CAT": null, "HKO_WIND": null, "HKO_PRES": null, "KMA_LAT": null, "KMA_LON": null, "KMA_CAT": null, "KMA_WIND": null, "KMA_PRES": null, "KMA_R50_DR": null, "KMA_R50_L": null, "KMA_R50_S": null, "KMA_R30_DR": null, "KMA_R30_L": null, "KMA_R30_S": null, "NEW_LAT": null, "NEW_LON": null, "NEW_GRADE": null, "NEW_WIND": null, "NEW_PRES": null, "NEW_CI": -999.9, "NEW_DP": null, "NEW_POCI": null, "REU_LAT": null, "REU_LON": null, "REU_TYPE": null, "REU_WIND": null, "REU_PRES": null, "REU_TNUM": -999.9, "REU_CI": -999.9, "REU_RMW": null, "REU_R34_NE": null, "REU_R34_SE": null, "REU_R34_SW": null, "REU_R34_NW": null, "REU_R50_NE": null, "REU_R50_SE": null, "REU_R50_SW": null, "REU_R50_NW": null, "REU_R64_NE": null, "REU_R64_SE": null, "REU_R64_SW": null, "REU_R64_NW": null, "BOM_LAT": null, "BOM_LON": null, "BOM_TYPE": null, "BOM_WIND": null, "BOM_PRES": null, "BOM_TNUM": -999.9, "BOM_CI": -999.9, "BOM_RMW": null, "BOM_R34_NE": null, "BOM_R34_SE": null, "BOM_R34_SW": null, "BOM_R34_NW": null, "BOM_R50_NE": null, "BOM_R50_SE": null, "BOM_R50_SW": null, "BOM_R50_NW": null, "BOM_R64_NE": null, "BOM_R64_SE": null, "BOM_R64_SW": null, "BOM_R64_NW": null, "BOM_ROCI": null, "BOM_POCI": null, "BOM_EYE": null, "BOM_POS_FL": null, "BOM_PRS_FL": null, "NAD_LAT": null, "NAD_LON": null, "NAD_CAT": null, "NAD_WIND": null, "NAD_PRES": null, "WEL_LAT": null, "WEL_LON": null, "WEL_WIND": null, "WEL_PRES": null, "DS8_LAT": null, "DS8_LON": null, "DS8_STAGE": null, "DS8_WIND": null, "DS8_PRES": null, "TD6_LAT": null, "TD6_LON": null, "TD6_STAGE": null, "TD6_WIND": null, "TD6_PRES": null, "TD5_LAT": null, "TD5_LON": null, "TD5_WIND": null, "TD5_PRES": null, "TD5_ROCI": null, "NEU_LAT": null, "NEU_LON": null, "NEU_CLASS": null, "NEU_WIND": null, "NEU_PRES": null, "MLC_LAT": null, "MLC_LON": null, "MLC_CLASS": null, "MLC_WIND": null, "MLC_PRES": null, "USA_GUST": 60.0, "BOM_GUST": null, "BOM_GUSTP": null, "REU_GUST": null, "REU_GUSTP": null, "USA_SEAHGT": 12.0, "USA_SEA_NE": 60.0, "USA_SEA_SE": 30.0, "USA_SEA_SW": 30.0, "USA_SEA_NW": 60.0, "STORM_SPD": 12, "STORM_DR": 285, "year": 2019, "month": 8, "day": 26, "hour": 12, "min": 0 }, "geometry": { "type": "LineString", "coordinates": [ [ -57.199951171875, 12.199999809265137 ], [ -57.800048828125, 12.399999618530273 ] ] } },
{ "type": "Feature", "properties": { "SID": "2019236N10314", "SEASON": 2019, "NUMBER": 53, "BASIN": "NA", "SUBBASIN": "NA", "NAME": "DORIAN", "ISO_TIME": "2019-08-26 15:00:00", "NATURE": "TS", "LAT": 12.4, "LON": -57.8, "WMO_WIND": 0.0, "WMO_PRES": null, "WMO_AGENCY": null, "TRACK_TYPE": "main", "DIST2LAND": 397, "LANDFALL": 363, "IFLAG": "P______________", "USA_AGENCY": null, "USA_ATCFID": "AL052019", "USA_LAT": 12.4, "USA_LON": -57.8, "USA_RECORD": null, "USA_STATUS": "TS", "USA_WIND": 45.0, "USA_PRES": 1006.0, "USA_SSHS": 0, "USA_R34_NE": 40.0, "USA_R34_SE": 30.0, "USA_R34_SW": 30.0, "USA_R34_NW": 40.0, "USA_R50_NE": null, "USA_R50_SE": null, "USA_R50_SW": null, "USA_R50_NW": null, "USA_R64_NE": null, "USA_R64_SE": null, "USA_R64_SW": null, "USA_R64_NW": null, "USA_POCI": 1012.0, "USA_ROCI": 120.0, "USA_RMW": 28.0, "USA_EYE": null, "TOK_LAT": null, "TOK_LON": null, "TOK_GRADE": null, "TOK_WIND": null, "TOK_PRES": null, "TOK_R50_DR": null, "TOK_R50_L": null, "TOK_R50_S": null, "TOK_R30_DR": null, "TOK_R30_L": null, "TOK_R30_S": null, "TOK_LAND": null, "CMA_LAT": null, "CMA_LON": null, "CMA_CAT": null, "CMA_WIND": null, "CMA_PRES": null, "HKO_LAT": null, "HKO_LON": null, "HKO_CAT": null, "HKO_WIND": null, "HKO_PRES": null, "KMA_LAT": null, "KMA_LON": null, "KMA_CAT": null, "KMA_WIND": null, "KMA_PRES": null, "KMA_R50_DR": null, "KMA_R50_L": null, "KMA_R50_S": null, "KMA_R30_DR": null, "KMA_R30_L": null, "KMA_R30_S": null, "NEW_LAT": null, "NEW_LON": null, "NEW_GRADE": null, "NEW_WIND": null, "NEW_PRES": null, "NEW_CI": -999.9, "NEW_DP": null, "NEW_POCI": null, "REU_LAT": null, "REU_LON": null, "REU_TYPE": null, "REU_WIND": null, "REU_PRES": null, "REU_TNUM": -999.9, "REU_CI": -999.9, "REU_RMW": null, "REU_R34_NE": null, "REU_R34_SE": null, "REU_R34_SW": null, "REU_R34_NW": null, "REU_R50_NE": null, "REU_R50_SE": null, "REU_R50_SW": null, "REU_R50_NW": null, "REU_R64_NE": null, "REU_R64_SE": null, "REU_R64_SW": null, "REU_R64_NW": null, "BOM_LAT": null, "BOM_LON": null, "BOM_TYPE": null, "BOM_WIND": null, "BOM_PRES": null, "BOM_TNUM": -999.9, "BOM_CI": -999.9, "BOM_RMW": null, "BOM_R34_NE": null, "BOM_R34_SE": null, "BOM_R34_SW": null, "BOM_R34_NW": null, "BOM_R50_NE": null, "BOM_R50_SE": null, "BOM_R50_SW": null, "BOM_R50_NW": null, "BOM_R64_NE": null, "BOM_R64_SE": null, "BOM_R64_SW": null, "BOM_R64_NW": null, "BOM_ROCI": null, "BOM_POCI": null, "BOM_EYE": null, "BOM_POS_FL": null, "BOM_PRS_FL": null, "NAD_LAT": null, "NAD_LON": null, "NAD_CAT": null, "NAD_WIND": null, "NAD_PRES": null, "WEL_LAT": null, "WEL_LON": null, "WEL_WIND": null, "WEL_PRES": null, "DS8_LAT": null, "DS8_LON": null, "DS8_STAGE": null, "DS8_WIND": null, "DS8_PRES": null, "TD6_LAT": null, "TD6_LON": null, "TD6_STAGE": null, "TD6_WIND": null, "TD6_PRES": null, "TD5_LAT": null, "TD5_LON": null, "TD5_WIND": null, "TD5_PRES": null, "TD5_ROCI": null, "NEU_LAT": null, "NEU_LON": null, "NEU_CLASS": null, "NEU_WIND": null, "NEU_PRES": null, "MLC_LAT": null, "MLC_LON": null, "MLC_CLASS": null, "MLC_WIND": null, "MLC_PRES": null, "USA_GUST": null, "BOM_GUST": null, "BOM_GUSTP": null, "REU_GUST": null, "REU_GUSTP": null, "USA_SEAHGT": 12.0, "USA_SEA_NE": 60.0, "USA_SEA_SE": 35.0, "USA_SEA_SW": 30.0, "USA_SEA_NW": 60.0, "STORM_SPD": 11, "STORM_DR": 290, "year": 2019, "month": 8, "day": 26, "hour": 15, "min": 0 }, "geometry": { "type": "LineString", "coordinates": [ [ -57.800048828125, 12.399999618530273 ], [ -58.300048828125, 12.600000381469727 ] ] } },
{ "type": "Feature", "properties": { "SID": "2019236N10314", "SEASON": 2019, "NUMBER": 53, "BASIN": "NA", "SUBBASIN": "NA", "NAME": "DORIAN", "ISO_TIME": "2019-08-26 18:00:00", "NATURE": "TS", "LAT": 12.6, "LON": -58.3, "WMO_WIND": 45.0, "WMO_PRES": 1006.0, "WMO_AGENCY": "hurdat_atl", "TRACK_TYPE": "main", "DIST2LAND": 363, "LANDFALL": 335, "IFLAG": "O______________", "USA_AGENCY": "hurdat_atl", "USA_ATCFID": "AL052019", "USA_LAT": 12.6, "USA_LON": -58.3, "USA_RECORD": null, "USA_STATUS": "TS", "USA_WIND": 45.0, "USA_PRES": 1006.0, "USA_SSHS": 0, "USA_R34_NE": 40.0, "USA_R34_SE": 30.0, "USA_R34_SW": 30.0, "USA_R34_NW": 40.0, "USA_R50_NE": null, "USA_R50_SE": null, "USA_R50_SW": null, "USA_R50_NW": null, "USA_R64_NE": null, "USA_R64_SE": null, "USA_R64_SW": null, "USA_R64_NW": null, "USA_POCI": 1012.0, "USA_ROCI": 120.0, "USA_RMW": 25.0, "USA_EYE": null, "TOK_LAT": null, "TOK_LON": null, "TOK_GRADE": null, "TOK_WIND": null, "TOK_PRES": null, "TOK_R50_DR": null, "TOK_R50_L": null, "TOK_R50_S": null, "TOK_R30_DR": null, "TOK_R30_L": null, "TOK_R30_S": null, "TOK_LAND": null, "CMA_LAT": null, "CMA_LON": null, "CMA_CAT": null, "CMA_WIND": null, "CMA_PRES": null, "HKO_LAT": null, "HKO_LON": null, "HKO_CAT": null, "HKO_WIND": null, "HKO_PRES": null, "KMA_LAT": null, "KMA_LON": null, "KMA_CAT": null, "KMA_WIND": null, "KMA_PRES": null, "KMA_R50_DR": null, "KMA_R50_L": null, "KMA_R50_S": null, "KMA_R30_DR": null, "KMA_R30_L": null, "KMA_R30_S": null, "NEW_LAT": null, "NEW_LON": null, "NEW_GRADE": null, "NEW_WIND": null, "NEW_PRES": null, "NEW_CI": -999.9, "NEW_DP": null, "NEW_POCI": null, "REU_LAT": null, "REU_LON": null, "REU_TYPE": null, "REU_WIND": null, "REU_PRES": null, "REU_TNUM": -999.9, "REU_CI": -999.9, "REU_RMW": null, "REU_R34_NE": null, "REU_R34_SE": null, "REU_R34_SW": null, "REU_R34_NW": null, "REU_R50_NE": null, "REU_R50_SE": null, "REU_R50_SW": null, "REU_R50_NW": null, "REU_R64_NE": null, "REU_R64_SE": null, "REU_R64_SW": null, "REU_R64_NW": null, "BOM_LAT": null, "BOM_LON": null, "BOM_TYPE": null, "BOM_WIND": null, "BOM_PRES": null, "BOM_TNUM": -999.9, "BOM_CI": -999.9, "BOM_RMW": null, "BOM_R34_NE": null, "BOM_R34_SE": null, "BOM_R34_SW": null, "BOM_R34_NW": null, "BOM_R50_NE": null, "BOM_R50_SE": null, "BOM_R50_SW": null, "BOM_R50_NW": null, "BOM_R64_NE": null, "BOM_R64_SE": null, "BOM_R64_SW": null, "BOM_R64_NW": null, "BOM_ROCI": null, "BOM_POCI": null, "BOM_EYE": null, "BOM_POS_FL": null, "BOM_PRS_FL": null, "NAD_LAT": null, "NAD_LON": null, "NAD_CAT": null, "NAD_WIND": null, "NAD_PRES": null, "WEL_LAT": null, "WEL_LON": null, "WEL_WIND": null, "WEL_PRES": null, "DS8_LAT": null, "DS8_LON": null, "DS8_STAGE": null, "DS8_WIND": null, "DS8_PRES": null, "TD6_LAT": null, "TD6_LON": null, "TD6_STAGE": null, "TD6_WIND": null, "TD6_PRES": null, "TD5_LAT": null, "TD5_LON": null, "TD5_WIND": null, "TD5_PRES": null, "TD5_ROCI": null, "NEU_LAT": null, "NEU_LON": null, "NEU_CLASS": null, "NEU_WIND": null, "NEU_PRES": null, "MLC_LAT": null, "MLC_LON": null, "MLC_CLASS": null, "MLC_WIND": null, "MLC_PRES": null, "USA_GUST": 60.0, "BOM_GUST": null, "BOM_GUSTP": null, "REU_GUST": null, "REU_GUSTP": null, "USA_SEAHGT": 12.0, "USA_SEA_NE": 60.0, "USA_SEA_SE": 40.0, "USA_SEA_SW": 30.0, "USA_SEA_NW": 60.0, "STORM_SPD": 11, "STORM_DR": 295, "year": 2019, "month": 8, "day": 26, "hour": 18, "min": 0 }, "geometry": { "type": "LineString", "coordinates": [ [ -58.300048828125, 12.600000381469727 ], [ -58.800048828125, 12.800000190734863 ] ] } },
{ "type": "Feature", "properties": { "SID": "2019236N10314", "SEASON": 2019, "NUMBER": 53, "BASIN": "NA", "SUBBASIN": "NA", "NAME": "DORIAN", "ISO_TIME": "2019-08-26 21:00:00", "NATURE": "TS", "LAT": 12.8, "LON": -58.8, "WMO_WIND": 0.0, "WMO_PRES": null, "WMO_AGENCY": null, "TRACK_TYPE": "main", "DIST2LAND": 335, "LANDFALL": 321, "IFLAG": "P______________", "USA_AGENCY": null, "USA_ATCFID": "AL052019", "USA_LAT": 12.8, "USA_LON": -58.8, "USA_RECORD": null, "USA_STATUS": "TS", "USA_WIND": 45.0, "USA_PRES": 1006.0, "USA_SSHS": 0, "USA_R34_NE": 40.0, "USA_R34_SE": 30.0, "USA_R34_SW": 30.0, "USA_R34_NW": 40.0, "USA_R50_NE": null, "USA_R50_SE": null, "USA_R50_SW": null, "USA_R50_NW": null, "USA_R64_NE": null, "USA_R64_SE": null, "USA_R64_SW": null, "USA_R64_NW": null, "USA_POCI": 1012.0, "USA_ROCI": 120.0, "USA_RMW": 25.0, "USA_EYE": null, "TOK_LAT": null, "TOK_LON": null, "TOK_GRADE": null, "TOK_WIND": null, "TOK_PRES": null, "TOK_R50_DR": null, "TOK_R50_L": null, "TOK_R50_S": null, "TOK_R30_DR": null, "TOK_R30_L": null, "TOK_R30_S": null, "TOK_LAND": null, "CMA_LAT": null, "CMA_LON": null, "CMA_CAT": null, "CMA_WIND": null, "CMA_PRES": null, "HKO_LAT": null, "HKO_LON": null, "HKO_CAT": null, "HKO_WIND": null, "HKO_PRES": null, "KMA_LAT": null, "KMA_LON": null, "KMA_CAT": null, "KMA_WIND": null, "KMA_PRES": null, "KMA_R50_DR": null, "KMA_R50_L": null, "KMA_R50_S": null, "KMA_R30_DR": null, "KMA_R30_L": null, "KMA_R30_S": null, "NEW_LAT": null, "NEW_LON": null, "NEW_GRADE": null, "NEW_WIND": null, "NEW_PRES": null, "NEW_CI": -999.9, "NEW_DP": null, "NEW_POCI": null, "REU_LAT": null, "REU_LON": null, "REU_TYPE": null, "REU_WIND": null, "REU_PRES": null, "REU_TNUM": -999.9, "REU_CI": -999.9, "REU_RMW": null, "REU_R34_NE": null, "REU_R34_SE": null, "REU_R34_SW": null, "REU_R34_NW": null, "REU_R50_NE": null, "REU_R50_SE": null, "REU_R50_SW": null, "REU_R50_NW": null, "REU_R64_NE": null, "REU_R64_SE": null, "REU_R64_SW": null, "REU_R64_NW": null, "BOM_LAT": null, "BOM_LON": null, "BOM_TYPE": null, "BOM_WIND": null, "BOM_PRES": null, "BOM_TNUM": -999.9, "BOM_CI": -999.9, "BOM_RMW": null, "BOM_R34_NE": null, "BOM_R34_SE": null, "BOM_R34_SW": null, "BOM_R34_NW": null, "BOM_R50_NE": null, "BOM_R50_SE": null, "BOM_R50_SW": null, "BOM_R50_NW": null, "BOM_R64_NE": null, "BOM_R64_SE": null, "BOM_R64_SW": null, "BOM_R64_NW": null, "BOM_ROCI": null, "BOM_POCI": null, "BOM_EYE": null, "BOM_POS_FL": null, "BOM_PRS_FL": null, "NAD_LAT": null, "NAD_LON": null, "NAD_CAT": null, "NAD_WIND": null, "NAD_PRES": null, "WEL_LAT": null, "WEL_LON": null, "WEL_WIND": null, "WEL_PRES": null, "DS8_LAT": null, "DS8_LON": null, "DS8_STAGE": null, "DS8_WIND": null, "DS8_PRES": null, "TD6_LAT": null, "TD6_LON": null, "TD6_STAGE": null, "TD6_WIND": null, "TD6_PRES": null, "TD5_LAT": null, "TD5_LON": null, "TD5_WIND": null, "TD5_PRES": null, "TD5_ROCI": null, "NEU_LAT": null, "NEU_LON": null, "NEU_CLASS": null, "NEU_WIND": null, "NEU_PRES": null, "MLC_LAT": null, "MLC_LON": null, "MLC_CLASS": null, "MLC_WIND": null, "MLC_PRES": null, "USA_GUST": null, "BOM_GUST": null, "BOM_GUSTP": null, "REU_GUST": null, "REU_GUSTP": null, "USA_SEAHGT": 12.0, "USA_SEA_NE": 60.0, "USA_SEA_SE": 40.0, "USA_SEA_SW": 30.0, "USA_SEA_NW": 60.0, "STORM_SPD": 10, "STORM_DR": 295, "year": 2019, "month": 8, "day": 26, "hour": 21, "min": 0 }, "geometry": { "type": "LineString", "coordinates": [ [ -58.800048828125, 12.800000190734863 ], [ -59.199951171875, 13.0 ] ] } },
{ "type": "Feature", "properties": { "SID": "2019236N10314", "SEASON": 2019, "NUMBER": 53, "BASIN": "NA", "SUBBASIN": "NA", "NAME": "DORIAN", "ISO_TIME": "2019-08-27 00:00:00", "NATURE": "TS", "LAT": 13.0, "LON": -59.2, "WMO_WIND": 45.0, "WMO_PRES": 1005.0, "WMO_AGENCY": "hurdat_atl", "TRACK_TYPE": "main", "DIST2LAND": 323, "LANDFALL": 317, "IFLAG": "O______________", "USA_AGENCY": "hurdat_atl", "USA_ATCFID": "AL052019", "USA_LAT": 13.0, "USA_LON": -59.2, "USA_RECORD": null, "USA_STATUS": "TS", "USA_WIND": 45.0, "USA_PRES": 1005.0, "USA_SSHS": 0, "USA_R34_NE": 40.0, "USA_R34_SE": 30.0, "USA_R34_SW": 30.0, "USA_R34_NW": 40.0, "USA_R50_NE": null, "USA_R50_SE": null, "USA_R50_SW": null, "USA_R50_NW": null, "USA_R64_NE": null, "USA_R64_SE": null, "USA_R64_SW": null, "USA_R64_NW": null, "USA_POCI": 1012.0, "USA_ROCI": 120.0, "USA_RMW": 25.0, "USA_EYE": null, "TOK_LAT": null, "TOK_LON": null, "TOK_GRADE": null, "TOK_WIND": null, "TOK_PRES": null, "TOK_R50_DR": null, "TOK_R50_L": null, "TOK_R50_S": null, "TOK_R30_DR": null, "TOK_R30_L": null, "TOK_R30_S": null, "TOK_LAND": null, "CMA_LAT": null, "CMA_LON": null, "CMA_CAT": null, "CMA_WIND": null, "CMA_PRES": null, "HKO_LAT": null, "HKO_LON": null, "HKO_CAT": null, "HKO_WIND": null, "HKO_PRES": null, "KMA_LAT": null, "KMA_LON": null, "KMA_CAT": null, "KMA_WIND": null, "KMA_PRES": null, "KMA_R50_DR": null, "KMA_R50_L": null, "KMA_R50_S": null, "KMA_R30_DR": null, "KMA_R30_L": null, "KMA_R30_S": null, "NEW_LAT": null, "NEW_LON": null, "NEW_GRADE": null, "NEW_WIND": null, "NEW_PRES": null, "NEW_CI": -999.9, "NEW_DP": null, "NEW_POCI": null, "REU_LAT": null, "REU_LON": null, "REU_TYPE": null, "REU_WIND": null, "REU_PRES": null, "REU_TNUM": -999.9, "REU_CI": -999.9, "REU_RMW": null, "REU_R34_NE": null, "REU_R34_SE": null, "REU_R34_SW": null, "REU_R34_NW": null, "REU_R50_NE": null, "REU_R50_SE": null, "REU_R50_SW": null, "REU_R50_NW": null, "REU_R64_NE": null, "REU_R64_SE": null, "REU_R64_SW": null, "REU_R64_NW": null, "BOM_LAT": null, "BOM_LON": null, "BOM_TYPE": null, "BOM_WIND": null, "BOM_PRES": null, "BOM_TNUM": -999.9, "BOM_CI": -999.9, "BOM_RMW": null, "BOM_R34_NE": null, "BOM_R34_SE": null, "BOM_R34_SW": null, "BOM_R34_NW": null, "BOM_R50_NE": null, "BOM_R50_SE": null, "BOM_R50_SW": null, "BOM_R50_NW": null, "BOM_R64_NE": null, "BOM_R64_SE": null, "BOM_R64_SW": null, "BOM_R64_NW": null, "BOM_ROCI": null, "BOM_POCI": null, "BOM_EYE": null, "BOM_POS_FL": null, "BOM_PRS_FL": null, "NAD_LAT": null, "NAD_LON": null, "NAD_CAT": null, "NAD_WIND": null, "NAD_PRES": null, "WEL_LAT": null, "WEL_LON": null, "WEL_WIND": null, "WEL_PRES": null, "DS8_LAT": null, "DS8_LON": null, "DS8_STAGE": null, "DS8_WIND": null, "DS8_PRES": null, "TD6_LAT": null, "TD6_LON": null, "TD6_STAGE": null, "TD6_WIND": null, "TD6_PRES": null, "TD5_LAT": null, "TD5_LON": null, "TD5_WIND": null, "TD5_PRES": null, "TD5_ROCI": null, "NEU_LAT": null, "NEU_LON": null, "NEU_CLASS": null, "NEU_WIND": null, "NEU_PRES": null, "MLC_LAT": null, "MLC_LON": null, "MLC_CLASS": null, "MLC_WIND": null, "MLC_PRES": null, "USA_GUST": 55.0, "BOM_GUST": null, "BOM_GUSTP": null, "REU_GUST": null, "REU_GUSTP": null, "USA_SEAHGT": 12.0, "USA_SEA_NE": 60.0, "USA_SEA_SE": 40.0, "USA_SEA_SW": 30.0, "USA_SEA_NW": 60.0, "STORM_SPD": 9, "STORM_DR": 295, "year": 2019, "month": 8, "day": 27, "hour": 0, "min": 0 }, "geometry": { "type": "LineString", "coordinates": [ [ -59.199951171875, 13.0 ], [ -59.4000244140625, 13.100000381469727 ] ] } },
{ "type": "Feature", "properties": { "SID": "2019236N10314", "SEASON": 2019, "NUMBER": 53, "BASIN": "NA", "SUBBASIN": "CS", "NAME": "DORIAN", "ISO_TIME": "2019-08-27 01:30:00", "NATURE": "TS", "LAT": 13.1, "LON": -59.4, "WMO_WIND": 45.0, "WMO_PRES": 1005.0, "WMO_AGENCY": "hurdat_atl", "TRACK_TYPE": "main", "DIST2LAND": 320, "LANDFALL": 314, "IFLAG": "V______________", "USA_AGENCY": "hurdat_atl", "USA_ATCFID": "AL052019", "USA_LAT": 13.1, "USA_LON": -59.4, "USA_RECORD": "L", "USA_STATUS": "TS", "USA_WIND": 45.0, "USA_PRES": 1005.0, "USA_SSHS": 0, "USA_R34_NE": 40.0, "USA_R34_SE": 30.0, "USA_R34_SW": 20.0, "USA_R34_NW": 40.0, "USA_R50_NE": null, "USA_R50_SE": null, "USA_R50_SW": null, "USA_R50_NW": null, "USA_R64_NE": null, "USA_R64_SE": null, "USA_R64_SW": null, "USA_R64_NW": null, "USA_POCI": 1012.0, "USA_ROCI": 120.0, "USA_RMW": 25.0, "USA_EYE": null, "TOK_LAT": null, "TOK_LON": null, "TOK_GRADE": null, "TOK_WIND": null, "TOK_PRES": null, "TOK_R50_DR": null, "TOK_R50_L": null, "TOK_R50_S": null, "TOK_R30_DR": null, "TOK_R30_L": null, "TOK_R30_S": null, "TOK_LAND": null, "CMA_LAT": null, "CMA_LON": null, "CMA_CAT": null, "CMA_WIND": null, "CMA_PRES": null, "HKO_LAT": null, "HKO_LON": null, "HKO_CAT": null, "HKO_WIND": null, "HKO_PRES": null, "KMA_LAT": null, "KMA_LON": null, "KMA_CAT": null, "KMA_WIND": null, "KMA_PRES": null, "KMA_R50_DR": null, "KMA_R50_L": null, "KMA_R50_S": null, "KMA_R30_DR": null, "KMA_R30_L": null, "KMA_R30_S": null, "NEW_LAT": null, "NEW_LON": null, "NEW_GRADE": null, "NEW_WIND": null, "NEW_PRES": null, "NEW_CI": -999.9, "NEW_DP": null, "NEW_POCI": null, "REU_LAT": null, "REU_LON": null, "REU_TYPE": null, "REU_WIND": null, "REU_PRES": null, "REU_TNUM": -999.9, "REU_CI": -999.9, "REU_RMW": null, "REU_R34_NE": null, "REU_R34_SE": null, "REU_R34_SW": null, "REU_R34_NW": null, "REU_R50_NE": null, "REU_R50_SE": null, "REU_R50_SW": null, "REU_R50_NW": null, "REU_R64_NE": null, "REU_R64_SE": null, "REU_R64_SW": null, "REU_R64_NW": null, "BOM_LAT": null, "BOM_LON": null, "BOM_TYPE": null, "BOM_WIND": null, "BOM_PRES": null, "BOM_TNUM": -999.9, "BOM_CI": -999.9, "BOM_RMW": null, "BOM_R34_NE": null, "BOM_R34_SE": null, "BOM_R34_SW": null, "BOM_R34_NW": null, "BOM_R50_NE": null, "BOM_R50_SE": null, "BOM_R50_SW": null, "BOM_R50_NW": null, "BOM_R64_NE": null, "BOM_R64_SE": null, "BOM_R64_SW": null, "BOM_R64_NW": null, "BOM_ROCI": null, "BOM_POCI": null, "BOM_EYE": null, "BOM_POS_FL": null, "BOM_PRS_FL": null, "NAD_LAT": null, "NAD_LON": null, "NAD_CAT": null, "NAD_WIND": null, "NAD_PRES": null, "WEL_LAT": null, "WEL_LON": null, "WEL_WIND": null, "WEL_PRES": null, "DS8_LAT": null, "DS8_LON": null, "DS8_STAGE": null, "DS8_WIND": null, "DS8_PRES": null, "TD6_LAT": null, "TD6_LON": null, "TD6_STAGE": null, "TD6_WIND": null, "TD6_PRES": null, "TD5_LAT": null, "TD5_LON": null, "TD5_WIND": null, "TD5_PRES": null, "TD5_ROCI": null, "NEU_LAT": null, "NEU_LON": null, "NEU_CLASS": null, "NEU_WIND": null, "NEU_PRES": null, "MLC_LAT": null, "MLC_LON": null, "MLC_CLASS": null, "MLC_WIND": null, "MLC_PRES": null, "USA_GUST": null, "BOM_GUST": null, "BOM_GUSTP": null, "REU_GUST": null, "REU_GUSTP": null, "USA_SEAHGT": 12.0, "USA_SEA_NE": 60.0, "USA_SEA_SE": 41.0, "USA_SEA_SW": 30.0, "USA_SEA_NW": 56.0, "STORM_SPD": 10, "STORM_DR": 295, "year": 2019, "month": 8, "day": 27, "hour": 1, "min": 30 }, "geometry": { "type": "LineString", "coordinates": [ [ -59.4000244140625, 13.100000381469727 ], [ -59.5999755859375, 13.199999809265137 ] ] } },
{ "type": "Feature", "properties": { "SID": "2019236N10314", "SEASON": 2019, "NUMBER": 53, "BASIN": "NA", "SUBBASIN": "CS", "NAME": "DORIAN", "ISO_TIME": "2019-08-27 03:00:00", "NATURE": "TS", "LAT": 13.2, "LON": -59.6, "WMO_WIND": 0.0, "WMO_PRES": null, "WMO_AGENCY": null, "TRACK_TYPE": "main", "DIST2LAND": 318, "LANDFALL": 313, "IFLAG": "P______________", "USA_AGENCY": null, "USA_ATCFID": "AL052019", "USA_LAT": 13.2, "USA_LON": -59.6, "USA_RECORD": null, "USA_STATUS": "TS", "USA_WIND": 45.0, "USA_PRES": 1005.0, "USA_SSHS": 0, "USA_R34_NE": 40.0, "USA_R34_SE": 30.0, "USA_R34_SW": 20.0, "USA_R34_NW": 40.0, "USA_R50_NE": null, "USA_R50_SE": null, "USA_R50_SW": null, "USA_R50_NW": null, "USA_R64_NE": null, "USA_R64_SE": null, "USA_R64_SW": null, "USA_R64_NW": null, "USA_POCI": 1012.0, "USA_ROCI": 120.0, "USA_RMW": 25.0, "USA_EYE": null, "TOK_LAT": null, "TOK_LON": null, "TOK_GRADE": null, "TOK_WIND": null, "TOK_PRES": null, "TOK_R50_DR": null, "TOK_R50_L": null, "TOK_R50_S": null, "TOK_R30_DR": null, "TOK_R30_L": null, "TOK_R30_S": null, "TOK_LAND": null, "CMA_LAT": null, "CMA_LON": null, "CMA_CAT": null, "CMA_WIND": null, "CMA_PRES": null, "HKO_LAT": null, "HKO_LON": null, "HKO_CAT": null, "HKO_WIND": null, "HKO_PRES": null, "KMA_LAT": null, "KMA_LON": null, "KMA_CAT": null, "KMA_WIND": null, "KMA_PRES": null, "KMA_R50_DR": null, "KMA_R50_L": null, "KMA_R50_S": null, "KMA_R30_DR": null, "KMA_R30_L": null, "KMA_R30_S": null, "NEW_LAT": null, "NEW_LON": null, "NEW_GRADE": null, "NEW_WIND": null, "NEW_PRES": null, "NEW_CI": -999.9, "NEW_DP": null, "NEW_POCI": null, "REU_LAT": null, "REU_LON": null, "REU_TYPE": null, "REU_WIND": null, "REU_PRES": null, "REU_TNUM": -999.9, "REU_CI": -999.9, "REU_RMW": null, "REU_R34_NE": null, "REU_R34_SE": null, "REU_R34_SW": null, "REU_R34_NW": null, "REU_R50_NE": null, "REU_R50_SE": null, "REU_R50_SW": null, "REU_R50_NW": null, "REU_R64_NE": null, "REU_R64_SE": null, "REU_R64_SW": null, "REU_R64_NW": null, "BOM_LAT": null, "BOM_LON": null, "BOM_TYPE": null, "BOM_WIND": null, "BOM_PRES": null, "BOM_TNUM": -999.9, "BOM_CI": -999.9, "BOM_RMW": null, "BOM_R34_NE": null, "BOM_R34_SE": null, "BOM_R34_SW": null, "BOM_R34_NW": null, "BOM_R50_NE": null, "BOM_R50_SE": null, "BOM_R50_SW": null, "BOM_R50_NW": null, "BOM_R64_NE": null, "BOM_R64_SE": null, "BOM_R64_SW": null, "BOM_R64_NW": null, "BOM_ROCI": null, "BOM_POCI": null, "BOM_EYE": null, "BOM_POS_FL": null, "BOM_PRS_FL": null, "NAD_LAT": null, "NAD_LON": null, "NAD_CAT": null, "NAD_WIND": null, "NAD_PRES": null, "WEL_LAT": null, "WEL_LON": null, "WEL_WIND": null, "WEL_PRES": null, "DS8_LAT": null, "DS8_LON": null, "DS8_STAGE": null, "DS8_WIND": null, "DS8_PRES": null, "TD6_LAT": null, "TD6_LON": null, "TD6_STAGE": null, "TD6_WIND": null, "TD6_PRES": null, "TD5_LAT": null, "TD5_LON": null, "TD5_WIND": null, "TD5_PRES": null, "TD5_ROCI": null, "NEU_LAT": null, "NEU_LON": null, "NEU_CLASS": null, "NEU_WIND": null, "NEU_PRES": null, "MLC_LAT": null, "MLC_LON": null, "MLC_CLASS": null, "MLC_WIND": null, "MLC_PRES": null, "USA_GUST": null, "BOM_GUST": null, "BOM_GUSTP": null, "REU_GUST": null, "REU_GUSTP": null, "USA_SEAHGT": 12.0, "USA_SEA_NE": 60.0, "USA_SEA_SE": 43.0, "USA_SEA_SW": 30.0, "USA_SEA_NW": 53.0, "STORM_SPD": 12, "STORM_DR": 295, "year": 2019, "month": 8, "day": 27, "hour": 3, "min": 0 }, "geometry": { "type": "LineString", "coordinates": [ [ -59.5999755859375, 13.199999809265137 ], [ -60.199951171875, 13.5 ] ] } },
{ "type": "Feature", "properties": { "SID": "2019236N10314", "SEASON": 2019, "NUMBER": 53, "BASIN": "NA", "SUBBASIN": "CS", "NAME": "DORIAN", "ISO_TIME": "2019-08-27 06:00:00", "NATURE": "TS", "LAT": 13.5, "LON": -60.2, "WMO_WIND": 45.0, "WMO_PRES": 1005.0, "WMO_AGENCY": "hurdat_atl", "TRACK_TYPE": "main", "DIST2LAND": 325, "LANDFALL": 322, "IFLAG": "O______________", "USA_AGENCY": "hurdat_atl", "USA_ATCFID": "AL052019", "USA_LAT": 13.5, "USA_LON": -60.2, "USA_RECORD": null, "USA_STATUS": "TS", "USA_WIND": 45.0, "USA_PRES": 1005.0, "USA_SSHS": 0, "USA_R34_NE": 40.0, "USA_R34_SE": 30.0, "USA_R34_SW": 20.0, "USA_R34_NW": 40.0, "USA_R50_NE": null, "USA_R50_SE": null, "USA_R50_SW": null, "USA_R50_NW": null, "USA_R64_NE": null, "USA_R64_SE": null, "USA_R64_SW": null, "USA_R64_NW": null, "USA_POCI": 1012.0, "USA_ROCI": 120.0, "USA_RMW": 25.0, "USA_EYE": null, "TOK_LAT": null, "TOK_LON": null, "TOK_GRADE": null, "TOK_WIND": null, "TOK_PRES": null, "TOK_R50_DR": null, "TOK_R50_L": null, "TOK_R50_S": null, "TOK_R30_DR": null, "TOK_R30_L": null, "TOK_R30_S": null, "TOK_LAND": null, "CMA_LAT": null, "CMA_LON": null, "CMA_CAT": null, "CMA_WIND": null, "CMA_PRES": null, "HKO_LAT": null, "HKO_LON": null, "HKO_CAT": null, "HKO_WIND": null, "HKO_PRES": null, "KMA_LAT": null, "KMA_LON": null, "KMA_CAT": null, "KMA_WIND": null, "KMA_PRES": null, "KMA_R50_DR": null, "KMA_R50_L": null, "KMA_R50_S": null, "KMA_R30_DR": null, "KMA_R30_L": null, "KMA_R30_S": null, "NEW_LAT": null, "NEW_LON": null, "NEW_GRADE": null, "NEW_WIND": null, "NEW_PRES": null, "NEW_CI": -999.9, "NEW_DP": null, "NEW_POCI": null, "REU_LAT": null, "REU_LON": null, "REU_TYPE": null, "REU_WIND": null, "REU_PRES": null, "REU_TNUM": -999.9, "REU_CI": -999.9, "REU_RMW": null, "REU_R34_NE": null, "REU_R34_SE": null, "REU_R34_SW": null, "REU_R34_NW": null, "REU_R50_NE": null, "REU_R50_SE": null, "REU_R50_SW": null, "REU_R50_NW": null, "REU_R64_NE": null, "REU_R64_SE": null, "REU_R64_SW": null, "REU_R64_NW": null, "BOM_LAT": null, "BOM_LON": null, "BOM_TYPE": null, "BOM_WIND": null, "BOM_PRES": null, "BOM_TNUM": -999.9, "BOM_CI": -999.9, "BOM_RMW": null, "BOM_R34_NE": null, "BOM_R34_SE": null, "BOM_R34_SW": null, "BOM_R34_NW": null, "BOM_R50_NE": null, "BOM_R50_SE": null, "BOM_R50_SW": null, "BOM_R50_NW": null, "BOM_R64_NE": null, "BOM_R64_SE": null, "BOM_R64_SW": null, "BOM_R64_NW": null, "BOM_ROCI": null, "BOM_POCI": null, "BOM_EYE": null, "BOM_POS_FL": null, "BOM_PRS_FL": null, "NAD_LAT": null, "NAD_LON": null, "NAD_CAT": null, "NAD_WIND": null, "NAD_PRES": null, "WEL_LAT": null, "WEL_LON": null, "WEL_WIND": null, "WEL_PRES": null, "DS8_LAT": null, "DS8_LON": null, "DS8_STAGE": null, "DS8_WIND": null, "DS8_PRES": null, "TD6_LAT": null, "TD6_LON": null, "TD6_STAGE": null, "TD6_WIND": null, "TD6_PRES": null, "TD5_LAT": null, "TD5_LON": null, "TD5_WIND": null, "TD5_PRES": null, "TD5_ROCI": null, "NEU_LAT": null, "NEU_LON": null, "NEU_CLASS": null, "NEU_WIND": null, "NEU_PRES": null, "MLC_LAT": null, "MLC_LON": null, "MLC_CLASS": null, "MLC_WIND": null, "MLC_PRES": null, "USA_GUST": 55.0, "BOM_GUST": null, "BOM_GUSTP": null, "REU_GUST": null, "REU_GUSTP": null, "USA_SEAHGT": 12.0, "USA_SEA_NE": 60.0, "USA_SEA_SE": 45.0, "USA_SEA_SW": 30.0, "USA_SEA_NW": 45.0, "STORM_SPD": 10, "STORM_DR": 300, "year": 2019, "month": 8, "day": 27, "hour": 6, "min": 0 }, "geometry": { "type": "LineString", "coordinates": [ [ -60.199951171875, 13.5 ], [ -60.5, 13.699999809265137 ] ] } },
{ "type": "Feature", "properties": { "SID": "2019236N10314", "SEASON": 2019, "NUMBER": 53, "BASIN": "NA", "SUBBASIN": "CS", "NAME": "DORIAN", "ISO_TIME": "2019-08-27 09:00:00", "NATURE": "TS", "LAT": 13.7, "LON": -60.5, "WMO_WIND": 0.0, "WMO_PRES": null, "WMO_AGENCY": null, "TRACK_TYPE": "main", "DIST2LAND": 340, "LANDFALL": 340, "IFLAG": "P______________", "USA_AGENCY": null, "USA_ATCFID": "AL052019", "USA_LAT": 13.7, "USA_LON": -60.5, "USA_RECORD": null, "USA_STATUS": "TS", "USA_WIND": 45.0, "USA_PRES": 1005.0, "USA_SSHS": 0, "USA_R34_NE": 40.0, "USA_R34_SE": 30.0, "USA_R34_SW": 20.0, "USA_R34_NW": 40.0, "USA_R50_NE": null, "USA_R50_SE": null, "USA_R50_SW": null, "USA_R50_NW": null, "USA_R64_NE": null, "USA_R64_SE": null, "USA_R64_SW": null, "USA_R64_NW": null, "USA_POCI": 1012.0, "USA_ROCI": 120.0, "USA_RMW": 25.0, "USA_EYE": null, "TOK_LAT": null, "TOK_LON": null, "TOK_GRADE": null, "TOK_WIND": null, "TOK_PRES": null, "TOK_R50_DR": null, "TOK_R50_L": null, "TOK_R50_S": null, "TOK_R30_DR": null, "TOK_R30_L": null, "TOK_R30_S": null, "TOK_LAND": null, "CMA_LAT": null, "CMA_LON": null, "CMA_CAT": null, "CMA_WIND": null, "CMA_PRES": null, "HKO_LAT": null, "HKO_LON": null, "HKO_CAT": null, "HKO_WIND": null, "HKO_PRES": null, "KMA_LAT": null, "KMA_LON": null, "KMA_CAT": null, "KMA_WIND": null, "KMA_PRES": null, "KMA_R50_DR": null, "KMA_R50_L": null, "KMA_R50_S": null, "KMA_R30_DR": null, "KMA_R30_L": null, "KMA_R30_S": null, "NEW_LAT": null, "NEW_LON": null, "NEW_GRADE": null, "NEW_WIND": null, "NEW_PRES": null, "NEW_CI": -999.9, "NEW_DP": null, "NEW_POCI": null, "REU_LAT": null, "REU_LON": null, "REU_TYPE": null, "REU_WIND": null, "REU_PRES": null, "REU_TNUM": -999.9, "REU_CI": -999.9, "REU_RMW": null, "REU_R34_NE": null, "REU_R34_SE": null, "REU_R34_SW": null, "REU_R34_NW": null, "REU_R50_NE": null, "REU_R50_SE": null, "REU_R50_SW": null, "REU_R50_NW": null, "REU_R64_NE": null, "REU_R64_SE": null, "REU_R64_SW": null, "REU_R64_NW": null, "BOM_LAT": null, "BOM_LON": null, "BOM_TYPE": null, "BOM_WIND": null, "BOM_PRES": null, "BOM_TNUM": -999.9, "BOM_CI": -999.9, "BOM_RMW": null, "BOM_R34_NE": null, "BOM_R34_SE": null, "BOM_R34_SW": null, "BOM_R34_NW": null, "BOM_R50_NE": null, "BOM_R50_SE": null, "BOM_R50_SW": null, "BOM_R50_NW": null, "BOM_R64_NE": null, "BOM_R64_SE": null, "BOM_R64_SW": null, "BOM_R64_NW": null, "BOM_ROCI": null, "BOM_POCI": null, "BOM_EYE": null, "BOM_POS_FL": null, "BOM_PRS_FL": null, "NAD_LAT": null, "NAD_LON": null, "NAD_CAT": null, "NAD_WIND": null, "NAD_PRES": null, "WEL_LAT": null, "WEL_LON": null, "WEL_WIND": null, "WEL_PRES": null, "DS8_LAT": null, "DS8_LON": null, "DS8_STAGE": null, "DS8_WIND": null, "DS8_PRES": null, "TD6_LAT": null, "TD6_LON": null, "TD6_STAGE": null, "TD6_WIND": null, "TD6_PRES": null, "TD5_LAT": null, "TD5_LON": null, "TD5_WIND": null, "TD5_PRES": null, "TD5_ROCI": null, "NEU_LAT": null, "NEU_LON": null, "NEU_CLASS": null, "NEU_WIND": null, "NEU_PRES": null, "MLC_LAT": null, "MLC_LON": null, "MLC_CLASS": null, "MLC_WIND": null, "MLC_PRES": null, "USA_GUST": null, "BOM_GUST": null, "BOM_GUSTP": null, "REU_GUST": null, "REU_GUSTP": null, "USA_SEAHGT": 12.0, "USA_SEA_NE": 53.0, "USA_SEA_SE": 38.0, "USA_SEA_SW": 23.0, "USA_SEA_NW": 38.0, "STORM_SPD": 10, "STORM_DR": 305, "year": 2019, "month": 8, "day": 27, "hour": 9, "min": 0 }, "geometry": { "type": "LineString", "coordinates": [ [ -60.5, 13.699999809265137 ], [ -60.9000244140625, 14.0 ] ] } },
{ "type": "Feature", "properties": { "SID": "2019236N10314", "SEASON": 2019, "NUMBER": 53, "BASIN": "NA", "SUBBASIN": "CS", "NAME": "DORIAN", "ISO_TIME": "2019-08-27 11:00:00", "NATURE": "TS", "LAT": 14.0, "LON": -60.9, "WMO_WIND": 45.0, "WMO_PRES": 1005.0, "WMO_AGENCY": "hurdat_atl", "TRACK_TYPE": "main", "DIST2LAND": 369, "LANDFALL": 369, "IFLAG": "V______________", "USA_AGENCY": "hurdat_atl", "USA_ATCFID": "AL052019", "USA_LAT": 14.0, "USA_LON": -60.9, "USA_RECORD": "L", "USA_STATUS": "TS", "USA_WIND": 45.0, "USA_PRES": 1005.0, "USA_SSHS": 0, "USA_R34_NE": 40.0, "USA_R34_SE": 30.0, "USA_R34_SW": 20.0, "USA_R34_NW": 40.0, "USA_R50_NE": null, "USA_R50_SE": null, "USA_R50_SW": null, "USA_R50_NW": null, "USA_R64_NE": null, "USA_R64_SE": null, "USA_R64_SW": null, "USA_R64_NW": null, "USA_POCI": 1012.0, "USA_ROCI": 120.0, "USA_RMW": 25.0, "USA_EYE": null, "TOK_LAT": null, "TOK_LON": null, "TOK_GRADE": null, "TOK_WIND": null, "TOK_PRES": null, "TOK_R50_DR": null, "TOK_R50_L": null, "TOK_R50_S": null, "TOK_R30_DR": null, "TOK_R30_L": null, "TOK_R30_S": null, "TOK_LAND": null, "CMA_LAT": null, "CMA_LON": null, "CMA_CAT": null, "CMA_WIND": null, "CMA_PRES": null, "HKO_LAT": null, "HKO_LON": null, "HKO_CAT": null, "HKO_WIND": null, "HKO_PRES": null, "KMA_LAT": null, "KMA_LON": null, "KMA_CAT": null, "KMA_WIND": null, "KMA_PRES": null, "KMA_R50_DR": null, "KMA_R50_L": null, "KMA_R50_S": null, "KMA_R30_DR": null, "KMA_R30_L": null, "KMA_R30_S": null, "NEW_LAT": null, "NEW_LON": null, "NEW_GRADE": null, "NEW_WIND": null, "NEW_PRES": null, "NEW_CI": -999.9, "NEW_DP": null, "NEW_POCI": null, "REU_LAT": null, "REU_LON": null, "REU_TYPE": null, "REU_WIND": null, "REU_PRES": null, "REU_TNUM": -999.9, "REU_CI": -999.9, "REU_RMW": null, "REU_R34_NE": null, "REU_R34_SE": null, "REU_R34_SW": null, "REU_R34_NW": null, "REU_R50_NE": null, "REU_R50_SE": null, "REU_R50_SW": null, "REU_R50_NW": null, "REU_R64_NE": null, "REU_R64_SE": null, "REU_R64_SW": null, "REU_R64_NW": null, "BOM_LAT": null, "BOM_LON": null, "BOM_TYPE": null, "BOM_WIND": null, "BOM_PRES": null, "BOM_TNUM": -999.9, "BOM_CI": -999.9, "BOM_RMW": null, "BOM_R34_NE": null, "BOM_R34_SE": null, "BOM_R34_SW": null, "BOM_R34_NW": null, "BOM_R50_NE": null, "BOM_R50_SE": null, "BOM_R50_SW": null, "BOM_R50_NW": null, "BOM_R64_NE": null, "BOM_R64_SE": null, "BOM_R64_SW": null, "BOM_R64_NW": null, "BOM_ROCI": null, "BOM_POCI": null, "BOM_EYE": null, "BOM_POS_FL": null, "BOM_PRS_FL": null, "NAD_LAT": null, "NAD_LON": null, "NAD_CAT": null, "NAD_WIND": null, "NAD_PRES": null, "WEL_LAT": null, "WEL_LON": null, "WEL_WIND": null, "WEL_PRES": null, "DS8_LAT": null, "DS8_LON": null, "DS8_STAGE": null, "DS8_WIND": null, "DS8_PRES": null, "TD6_LAT": null, "TD6_LON": null, "TD6_STAGE": null, "TD6_WIND": null, "TD6_PRES": null, "TD5_LAT": null, "TD5_LON": null, "TD5_WIND": null, "TD5_PRES": null, "TD5_ROCI": null, "NEU_LAT": null, "NEU_LON": null, "NEU_CLASS": null, "NEU_WIND": null, "NEU_PRES": null, "MLC_LAT": null, "MLC_LON": null, "MLC_CLASS": null, "MLC_WIND": null, "MLC_PRES": null, "USA_GUST": null, "BOM_GUST": null, "BOM_GUSTP": null, "REU_GUST": null, "REU_GUSTP": null, "USA_SEAHGT": 12.0, "USA_SEA_NE": 47.0, "USA_SEA_SE": 32.0, "USA_SEA_SW": 17.0, "USA_SEA_NW": 32.0, "STORM_SPD": 16, "STORM_DR": 305, "year": 2019, "month": 8, "day": 27, "hour": 11, "min": 0 }, "geometry": { "type": "LineString", "coordinates": [ [ -60.9000244140625, 14.0 ], [ -61.199951171875, 14.199999809265137 ] ] } },
{ "type": "Feature", "properties": { "SID": "2019236N10314", "SEASON": 2019, "NUMBER": 53, "BASIN": "NA", "SUBBASIN": "CS", "NAME": "DORIAN", "ISO_TIME": "2019-08-27 12:00:00", "NATURE": "TS", "LAT": 14.2, "LON": -61.2, "WMO_WIND": 45.0, "WMO_PRES": 1005.0, "WMO_AGENCY": "hurdat_atl", "TRACK_TYPE": "main", "DIST2LAND": 391, "LANDFALL": 391, "IFLAG": "O______________", "USA_AGENCY": "hurdat_atl", "USA_ATCFID": "AL052019", "USA_LAT": 14.2, "USA_LON": -61.2, "USA_RECORD": null, "USA_STATUS": "TS", "USA_WIND": 45.0, "USA_PRES": 1005.0, "USA_SSHS": 0, "USA_R34_NE": 40.0, "USA_R34_SE": 30.0, "USA_R34_SW": 20.0, "USA_R34_NW": 40.0, "USA_R50_NE": null, "USA_R50_SE": null, "USA_R50_SW": null, "USA_R50_NW": null, "USA_R64_NE": null, "USA_R64_SE": null, "USA_R64_SW": null, "USA_R64_NW": null, "USA_POCI": 1012.0, "USA_ROCI": 120.0, "USA_RMW": 25.0, "USA_EYE": null, "TOK_LAT": null, "TOK_LON": null, "TOK_GRADE": null, "TOK_WIND": null, "TOK_PRES": null, "TOK_R50_DR": null, "TOK_R50_L": null, "TOK_R50_S": null, "TOK_R30_DR": null, "TOK_R30_L": null, "TOK_R30_S": null, "TOK_LAND": null, "CMA_LAT": null, "CMA_LON": null, "CMA_CAT": null, "CMA_WIND": null, "CMA_PRES": null, "HKO_LAT": null, "HKO_LON": null, "HKO_CAT": null, "HKO_WIND": null, "HKO_PRES": null, "KMA_LAT": null, "KMA_LON": null, "KMA_CAT": null, "KMA_WIND": null, "KMA_PRES": null, "KMA_R50_DR": null, "KMA_R50_L": null, "KMA_R50_S": null, "KMA_R30_DR": null, "KMA_R30_L": null, "KMA_R30_S": null, "NEW_LAT": null, "NEW_LON": null, "NEW_GRADE": null, "NEW_WIND": null, "NEW_PRES": null, "NEW_CI": -999.9, "NEW_DP": null, "NEW_POCI": null, "REU_LAT": null, "REU_LON": null, "REU_TYPE": null, "REU_WIND": null, "REU_PRES": null, "REU_TNUM": -999.9, "REU_CI": -999.9, "REU_RMW": null, "REU_R34_NE": null, "REU_R34_SE": null, "REU_R34_SW": null, "REU_R34_NW": null, "REU_R50_NE": null, "REU_R50_SE": null, "REU_R50_SW": null, "REU_R50_NW": null, "REU_R64_NE": null, "REU_R64_SE": null, "REU_R64_SW": null, "REU_R64_NW": null, "BOM_LAT": null, "BOM_LON": null, "BOM_TYPE": null, "BOM_WIND": null, "BOM_PRES": null, "BOM_TNUM": -999.9, "BOM_CI": -999.9, "BOM_RMW": null, "BOM_R34_NE": null, "BOM_R34_SE": null, "BOM_R34_SW": null, "BOM_R34_NW": null, "BOM_R50_NE": null, "BOM_R50_SE": null, "BOM_R50_SW": null, "BOM_R50_NW": null, "BOM_R64_NE": null, "BOM_R64_SE": null, "BOM_R64_SW": null, "BOM_R64_NW": null, "BOM_ROCI": null, "BOM_POCI": null, "BOM_EYE": null, "BOM_POS_FL": null, "BOM_PRS_FL": null, "NAD_LAT": null, "NAD_LON": null, "NAD_CAT": null, "NAD_WIND": null, "NAD_PRES": null, "WEL_LAT": null, "WEL_LON": null, "WEL_WIND": null, "WEL_PRES": null, "DS8_LAT": null, "DS8_LON": null, "DS8_STAGE": null, "DS8_WIND": null, "DS8_PRES": null, "TD6_LAT": null, "TD6_LON": null, "TD6_STAGE": null, "TD6_WIND": null, "TD6_PRES": null, "TD5_LAT": null, "TD5_LON": null, "TD5_WIND": null, "TD5_PRES": null, "TD5_ROCI": null, "NEU_LAT": null, "NEU_LON": null, "NEU_CLASS": null, "NEU_WIND": null, "NEU_PRES": null, "MLC_LAT": null, "MLC_LON": null, "MLC_CLASS": null, "MLC_WIND": null, "MLC_PRES": null, "USA_GUST": 55.0, "BOM_GUST": null, "BOM_GUSTP": null, "REU_GUST": null, "REU_GUSTP": null, "USA_SEAHGT": 12.0, "USA_SEA_NE": 45.0, "USA_SEA_SE": 30.0, "USA_SEA_SW": 15.0, "USA_SEA_NW": 30.0, "STORM_SPD": 16, "STORM_DR": 310, "year": 2019, "month": 8, "day": 27, "hour": 12, "min": 0 }, "geometry": { "type": "LineString", "coordinates": [ [ -61.199951171875, 14.199999809265137 ], [ -61.699951171875, 14.699999809265137 ] ] } },
{ "type": "Feature", "properties": { "SID": "2019236N10314", "SEASON": 2019, "NUMBER": 53, "BASIN": "NA", "SUBBASIN": "CS", "NAME": "DORIAN", "ISO_TIME": "2019-08-27 15:00:00", "NATURE": "TS", "LAT": 14.7, "LON": -61.7, "WMO_WIND": 0.0, "WMO_PRES": null, "WMO_AGENCY": null, "TRACK_TYPE": "main", "DIST2LAND": 447, "LANDFALL": 447, "IFLAG": "P______________", "USA_AGENCY": null, "USA_ATCFID": "AL052019", "USA_LAT": 14.7, "USA_LON": -61.7, "USA_RECORD": null, "USA_STATUS": "TS", "USA_WIND": 45.0, "USA_PRES": 1005.0, "USA_SSHS": 0, "USA_R34_NE": 45.0, "USA_R34_SE": 35.0, "USA_R34_SW": 20.0, "USA_R34_NW": 40.0, "USA_R50_NE": null, "USA_R50_SE": null, "USA_R50_SW": null, "USA_R50_NW": null, "USA_R64_NE": null, "USA_R64_SE": null, "USA_R64_SW": null, "USA_R64_NW": null, "USA_POCI": 1012.0, "USA_ROCI": 120.0, "USA_RMW": 25.0, "USA_EYE": null, "TOK_LAT": null, "TOK_LON": null, "TOK_GRADE": null, "TOK_WIND": null, "TOK_PRES": null, "TOK_R50_DR": null, "TOK_R50_L": null, "TOK_R50_S": null, "TOK_R30_DR": null, "TOK_R30_L": null, "TOK_R30_S": null, "TOK_LAND": null, "CMA_LAT": null, "CMA_LON": null, "CMA_CAT": null, "CMA_WIND": null, "CMA_PRES": null, "HKO_LAT": null, "HKO_LON": null, "HKO_CAT": null, "HKO_WIND": null, "HKO_PRES": null, "KMA_LAT": null, "KMA_LON": null, "KMA_CAT": null, "KMA_WIND": null, "KMA_PRES": null, "KMA_R50_DR": null, "KMA_R50_L": null, "KMA_R50_S": null, "KMA_R30_DR": null, "KMA_R30_L": null, "KMA_R30_S": null, "NEW_LAT": null, "NEW_LON": null, "NEW_GRADE": null, "NEW_WIND": null, "NEW_PRES": null, "NEW_CI": -999.9, "NEW_DP": null, "NEW_POCI": null, "REU_LAT": null, "REU_LON": null, "REU_TYPE": null, "REU_WIND": null, "REU_PRES": null, "REU_TNUM": -999.9, "REU_CI": -999.9, "REU_RMW": null, "REU_R34_NE": null, "REU_R34_SE": null, "REU_R34_SW": null, "REU_R34_NW": null, "REU_R50_NE": null, "REU_R50_SE": null, "REU_R50_SW": null, "REU_R50_NW": null, "REU_R64_NE": null, "REU_R64_SE": null, "REU_R64_SW": null, "REU_R64_NW": null, "BOM_LAT": null, "BOM_LON": null, "BOM_TYPE": null, "BOM_WIND": null, "BOM_PRES": null, "BOM_TNUM": -999.9, "BOM_CI": -999.9, "BOM_RMW": null, "BOM_R34_NE": null, "BOM_R34_SE": null, "BOM_R34_SW": null, "BOM_R34_NW": null, "BOM_R50_NE": null, "BOM_R50_SE": null, "BOM_R50_SW": null, "BOM_R50_NW": null, "BOM_R64_NE": null, "BOM_R64_SE": null, "BOM_R64_SW": null, "BOM_R64_NW": null, "BOM_ROCI": null, "BOM_POCI": null, "BOM_EYE": null, "BOM_POS_FL": null, "BOM_PRS_FL": null, "NAD_LAT": null, "NAD_LON": null, "NAD_CAT": null, "NAD_WIND": null, "NAD_PRES": null, "WEL_LAT": null, "WEL_LON": null, "WEL_WIND": null, "WEL_PRES": null, "DS8_LAT": null, "DS8_LON": null, "DS8_STAGE": null, "DS8_WIND": null, "DS8_PRES": null, "TD6_LAT": null, "TD6_LON": null, "TD6_STAGE": null, "TD6_WIND": null, "TD6_PRES": null, "TD5_LAT": null, "TD5_LON": null, "TD5_WIND": null, "TD5_PRES": null, "TD5_ROCI": null, "NEU_LAT": null, "NEU_LON": null, "NEU_CLASS": null, "NEU_WIND": null, "NEU_PRES": null, "MLC_LAT": null, "MLC_LON": null, "MLC_CLASS": null, "MLC_WIND": null, "MLC_PRES": null, "USA_GUST": null, "BOM_GUST": null, "BOM_GUSTP": null, "REU_GUST": null, "REU_GUSTP": null, "USA_SEAHGT": 12.0, "USA_SEA_NE": 45.0, "USA_SEA_SE": 30.0, "USA_SEA_SW": 15.0, "USA_SEA_NW": 30.0, "STORM_SPD": 11, "STORM_DR": 315, "year": 2019, "month": 8, "day": 27, "hour": 15, "min": 0 }, "geometry": { "type": "LineString", "coordinates": [ [ -61.699951171875, 14.699999809265137 ], [ -62.0, 15.0 ] ] } },
{ "type": "Feature", "properties": { "SID": "2019236N10314", "SEASON": 2019, "NUMBER": 53, "BASIN": "NA", "SUBBASIN": "CS", "NAME": "DORIAN", "ISO_TIME": "2019-08-27 18:00:00", "NATURE": "TS", "LAT": 15.0, "LON": -62.0, "WMO_WIND": 45.0, "WMO_PRES": 1004.0, "WMO_AGENCY": "hurdat_atl", "TRACK_TYPE": "main", "DIST2LAND": 481, "LANDFALL": 470, "IFLAG": "O______________", "USA_AGENCY": "hurdat_atl", "USA_ATCFID": "AL052019", "USA_LAT": 15.0, "USA_LON": -62.0, "USA_RECORD": null, "USA_STATUS": "TS", "USA_WIND": 45.0, "USA_PRES": 1004.0, "USA_SSHS": 0, "USA_R34_NE": 50.0, "USA_R34_SE": 40.0, "USA_R34_SW": 20.0, "USA_R34_NW": 40.0, "USA_R50_NE": null, "USA_R50_SE": null, "USA_R50_SW": null, "USA_R50_NW": null, "USA_R64_NE": null, "USA_R64_SE": null, "USA_R64_SW": null, "USA_R64_NW": null, "USA_POCI": 1012.0, "USA_ROCI": 120.0, "USA_RMW": 25.0, "USA_EYE": null, "TOK_LAT": null, "TOK_LON": null, "TOK_GRADE": null, "TOK_WIND": null, "TOK_PRES": null, "TOK_R50_DR": null, "TOK_R50_L": null, "TOK_R50_S": null, "TOK_R30_DR": null, "TOK_R30_L": null, "TOK_R30_S": null, "TOK_LAND": null, "CMA_LAT": null, "CMA_LON": null, "CMA_CAT": null, "CMA_WIND": null, "CMA_PRES": null, "HKO_LAT": null, "HKO_LON": null, "HKO_CAT": null, "HKO_WIND": null, "HKO_PRES": null, "KMA_LAT": null, "KMA_LON": null, "KMA_CAT": null, "KMA_WIND": null, "KMA_PRES": null, "KMA_R50_DR": null, "KMA_R50_L": null, "KMA_R50_S": null, "KMA_R30_DR": null, "KMA_R30_L": null, "KMA_R30_S": null, "NEW_LAT": null, "NEW_LON": null, "NEW_GRADE": null, "NEW_WIND": null, "NEW_PRES": null, "NEW_CI": -999.9, "NEW_DP": null, "NEW_POCI": null, "REU_LAT": null, "REU_LON": null, "REU_TYPE": null, "REU_WIND": null, "REU_PRES": null, "REU_TNUM": -999.9, "REU_CI": -999.9, "REU_RMW": null, "REU_R34_NE": null, "REU_R34_SE": null, "REU_R34_SW": null, "REU_R34_NW": null, "REU_R50_NE": null, "REU_R50_SE": null, "REU_R50_SW": null, "REU_R50_NW": null, "REU_R64_NE": null, "REU_R64_SE": null, "REU_R64_SW": null, "REU_R64_NW": null, "BOM_LAT": null, "BOM_LON": null, "BOM_TYPE": null, "BOM_WIND": null, "BOM_PRES": null, "BOM_TNUM": -999.9, "BOM_CI": -999.9, "BOM_RMW": null, "BOM_R34_NE": null, "BOM_R34_SE": null, "BOM_R34_SW": null, "BOM_R34_NW": null, "BOM_R50_NE": null, "BOM_R50_SE": null, "BOM_R50_SW": null, "BOM_R50_NW": null, "BOM_R64_NE": null, "BOM_R64_SE": null, "BOM_R64_SW": null, "BOM_R64_NW": null, "BOM_ROCI": null, "BOM_POCI": null, "BOM_EYE": null, "BOM_POS_FL": null, "BOM_PRS_FL": null, "NAD_LAT": null, "NAD_LON": null, "NAD_CAT": null, "NAD_WIND": null, "NAD_PRES": null, "WEL_LAT": null, "WEL_LON": null, "WEL_WIND": null, "WEL_PRES": null, "DS8_LAT": null, "DS8_LON": null, "DS8_STAGE": null, "DS8_WIND": null, "DS8_PRES": null, "TD6_LAT": null, "TD6_LON": null, "TD6_STAGE": null, "TD6_WIND": null, "TD6_PRES": null, "TD5_LAT": null, "TD5_LON": null, "TD5_WIND": null, "TD5_PRES": null, "TD5_ROCI": null, "NEU_LAT": null, "NEU_LON": null, "NEU_CLASS": null, "NEU_WIND": null, "NEU_PRES": null, "MLC_LAT": null, "MLC_LON": null, "MLC_CLASS": null, "MLC_WIND": null, "MLC_PRES": null, "USA_GUST": 55.0, "BOM_GUST": null, "BOM_GUSTP": null, "REU_GUST": null, "REU_GUSTP": null, "USA_SEAHGT": 12.0, "USA_SEA_NE": 45.0, "USA_SEA_SE": 30.0, "USA_SEA_SW": 15.0, "USA_SEA_NW": 30.0, "STORM_SPD": 10, "STORM_DR": 315, "year": 2019, "month": 8, "day": 27, "hour": 18, "min": 0 }, "geometry": { "type": "LineString", "coordinates": [ [ -62.0, 15.0 ], [ -62.4000244140625, 15.399999618530273 ] ] } },
{ "type": "Feature", "properties": { "SID": "2019236N10314", "SEASON": 2019, "NUMBER": 53, "BASIN": "NA", "SUBBASIN": "CS", "NAME": "DORIAN", "ISO_TIME": "2019-08-27 21:00:00", "NATURE": "TS", "LAT": 15.4, "LON": -62.4, "WMO_WIND": 0.0, "WMO_PRES": null, "WMO_AGENCY": null, "TRACK_TYPE": "main", "DIST2LAND": 462, "LANDFALL": 408, "IFLAG": "P______________", "USA_AGENCY": null, "USA_ATCFID": "AL052019", "USA_LAT": 15.4, "USA_LON": -62.4, "USA_RECORD": null, "USA_STATUS": "TS", "USA_WIND": 48.0, "USA_PRES": 1004.0, "USA_SSHS": 0, "USA_R34_NE": 50.0, "USA_R34_SE": 40.0, "USA_R34_SW": 20.0, "USA_R34_NW": 40.0, "USA_R50_NE": null, "USA_R50_SE": null, "USA_R50_SW": null, "USA_R50_NW": null, "USA_R64_NE": null, "USA_R64_SE": null, "USA_R64_SW": null, "USA_R64_NW": null, "USA_POCI": 1012.0, "USA_ROCI": 120.0, "USA_RMW": 23.0, "USA_EYE": null, "TOK_LAT": null, "TOK_LON": null, "TOK_GRADE": null, "TOK_WIND": null, "TOK_PRES": null, "TOK_R50_DR": null, "TOK_R50_L": null, "TOK_R50_S": null, "TOK_R30_DR": null, "TOK_R30_L": null, "TOK_R30_S": null, "TOK_LAND": null, "CMA_LAT": null, "CMA_LON": null, "CMA_CAT": null, "CMA_WIND": null, "CMA_PRES": null, "HKO_LAT": null, "HKO_LON": null, "HKO_CAT": null, "HKO_WIND": null, "HKO_PRES": null, "KMA_LAT": null, "KMA_LON": null, "KMA_CAT": null, "KMA_WIND": null, "KMA_PRES": null, "KMA_R50_DR": null, "KMA_R50_L": null, "KMA_R50_S": null, "KMA_R30_DR": null, "KMA_R30_L": null, "KMA_R30_S": null, "NEW_LAT": null, "NEW_LON": null, "NEW_GRADE": null, "NEW_WIND": null, "NEW_PRES": null, "NEW_CI": -999.9, "NEW_DP": null, "NEW_POCI": null, "REU_LAT": null, "REU_LON": null, "REU_TYPE": null, "REU_WIND": null, "REU_PRES": null, "REU_TNUM": -999.9, "REU_CI": -999.9, "REU_RMW": null, "REU_R34_NE": null, "REU_R34_SE": null, "REU_R34_SW": null, "REU_R34_NW": null, "REU_R50_NE": null, "REU_R50_SE": null, "REU_R50_SW": null, "REU_R50_NW": null, "REU_R64_NE": null, "REU_R64_SE": null, "REU_R64_SW": null, "REU_R64_NW": null, "BOM_LAT": null, "BOM_LON": null, "BOM_TYPE": null, "BOM_WIND": null, "BOM_PRES": null, "BOM_TNUM": -999.9, "BOM_CI": -999.9, "BOM_RMW": null, "BOM_R34_NE": null, "BOM_R34_SE": null, "BOM_R34_SW": null, "BOM_R34_NW": null, "BOM_R50_NE": null, "BOM_R50_SE": null, "BOM_R50_SW": null, "BOM_R50_NW": null, "BOM_R64_NE": null, "BOM_R64_SE": null, "BOM_R64_SW": null, "BOM_R64_NW": null, "BOM_ROCI": null, "BOM_POCI": null, "BOM_EYE": null, "BOM_POS_FL": null, "BOM_PRS_FL": null, "NAD_LAT": null, "NAD_LON": null, "NAD_CAT": null, "NAD_WIND": null, "NAD_PRES": null, "WEL_LAT": null, "WEL_LON": null, "WEL_WIND": null, "WEL_PRES": null, "DS8_LAT": null, "DS8_LON": null, "DS8_STAGE": null, "DS8_WIND": null, "DS8_PRES": null, "TD6_LAT": null, "TD6_LON": null, "TD6_STAGE": null, "TD6_WIND": null, "TD6_PRES": null, "TD5_LAT": null, "TD5_LON": null, "TD5_WIND": null, "TD5_PRES": null, "TD5_ROCI": null, "NEU_LAT": null, "NEU_LON": null, "NEU_CLASS": null, "NEU_WIND": null, "NEU_PRES": null, "MLC_LAT": null, "MLC_LON": null, "MLC_CLASS": null, "MLC_WIND": null, "MLC_PRES": null, "USA_GUST": null, "BOM_GUST": null, "BOM_GUSTP": null, "REU_GUST": null, "REU_GUSTP": null, "USA_SEAHGT": 12.0, "USA_SEA_NE": 45.0, "USA_SEA_SE": 30.0, "USA_SEA_SW": 15.0, "USA_SEA_NW": 30.0, "STORM_SPD": 10, "STORM_DR": 310, "year": 2019, "month": 8, "day": 27, "hour": 21, "min": 0 }, "geometry": { "type": "LineString", "coordinates": [ [ -62.4000244140625, 15.399999618530273 ], [ -62.800048828125, 15.699999809265137 ] ] } },
{ "type": "Feature", "properties": { "SID": "2019236N10314", "SEASON": 2019, "NUMBER": 53, "BASIN": "NA", "SUBBASIN": "CS", "NAME": "DORIAN", "ISO_TIME": "2019-08-28 00:00:00", "NATURE": "TS", "LAT": 15.7, "LON": -62.8, "WMO_WIND": 50.0, "WMO_PRES": 1003.0, "WMO_AGENCY": "hurdat_atl", "TRACK_TYPE": "main", "DIST2LAND": 408, "LANDFALL": 362, "IFLAG": "O______________", "USA_AGENCY": "hurdat_atl", "USA_ATCFID": "AL052019", "USA_LAT": 15.7, "USA_LON": -62.8, "USA_RECORD": null, "USA_STATUS": "TS", "USA_WIND": 50.0, "USA_PRES": 1003.0, "USA_SSHS": 0, "USA_R34_NE": 50.0, "USA_R34_SE": 40.0, "USA_R34_SW": 20.0, "USA_R34_NW": 40.0, "USA_R50_NE": 20.0, "USA_R50_SE": 0.0, "USA_R50_SW": 0.0, "USA_R50_NW": 0.0, "USA_R64_NE": null, "USA_R64_SE": null, "USA_R64_SW": null, "USA_R64_NW": null, "USA_POCI": 1012.0, "USA_ROCI": 120.0, "USA_RMW": 20.0, "USA_EYE": null, "TOK_LAT": null, "TOK_LON": null, "TOK_GRADE": null, "TOK_WIND": null, "TOK_PRES": null, "TOK_R50_DR": null, "TOK_R50_L": null, "TOK_R50_S": null, "TOK_R30_DR": null, "TOK_R30_L": null, "TOK_R30_S": null, "TOK_LAND": null, "CMA_LAT": null, "CMA_LON": null, "CMA_CAT": null, "CMA_WIND": null, "CMA_PRES": null, "HKO_LAT": null, "HKO_LON": null, "HKO_CAT": null, "HKO_WIND": null, "HKO_PRES": null, "KMA_LAT": null, "KMA_LON": null, "KMA_CAT": null, "KMA_WIND": null, "KMA_PRES": null, "KMA_R50_DR": null, "KMA_R50_L": null, "KMA_R50_S": null, "KMA_R30_DR": null, "KMA_R30_L": null, "KMA_R30_S": null, "NEW_LAT": null, "NEW_LON": null, "NEW_GRADE": null, "NEW_WIND": null, "NEW_PRES": null, "NEW_CI": -999.9, "NEW_DP": null, "NEW_POCI": null, "REU_LAT": null, "REU_LON": null, "REU_TYPE": null, "REU_WIND": null, "REU_PRES": null, "REU_TNUM": -999.9, "REU_CI": -999.9, "REU_RMW": null, "REU_R34_NE": null, "REU_R34_SE": null, "REU_R34_SW": null, "REU_R34_NW": null, "REU_R50_NE": null, "REU_R50_SE": null, "REU_R50_SW": null, "REU_R50_NW": null, "REU_R64_NE": null, "REU_R64_SE": null, "REU_R64_SW": null, "REU_R64_NW": null, "BOM_LAT": null, "BOM_LON": null, "BOM_TYPE": null, "BOM_WIND": null, "BOM_PRES": null, "BOM_TNUM": -999.9, "BOM_CI": -999.9, "BOM_RMW": null, "BOM_R34_NE": null, "BOM_R34_SE": null, "BOM_R34_SW": null, "BOM_R34_NW": null, "BOM_R50_NE": null, "BOM_R50_SE": null, "BOM_R50_SW": null, "BOM_R50_NW": null, "BOM_R64_NE": null, "BOM_R64_SE": null, "BOM_R64_SW": null, "BOM_R64_NW": null, "BOM_ROCI": null, "BOM_POCI": null, "BOM_EYE": null, "BOM_POS_FL": null, "BOM_PRS_FL": null, "NAD_LAT": null, "NAD_LON": null, "NAD_CAT": null, "NAD_WIND": null, "NAD_PRES": null, "WEL_LAT": null, "WEL_LON": null, "WEL_WIND": null, "WEL_PRES": null, "DS8_LAT": null, "DS8_LON": null, "DS8_STAGE": null, "DS8_WIND": null, "DS8_PRES": null, "TD6_LAT": null, "TD6_LON": null, "TD6_STAGE": null, "TD6_WIND": null, "TD6_PRES": null, "TD5_LAT": null, "TD5_LON": null, "TD5_WIND": null, "TD5_PRES": null, "TD5_ROCI": null, "NEU_LAT": null, "NEU_LON": null, "NEU_CLASS": null, "NEU_WIND": null, "NEU_PRES": null, "MLC_LAT": null, "MLC_LON": null, "MLC_CLASS": null, "MLC_WIND": null, "MLC_PRES": null, "USA_GUST": 55.0, "BOM_GUST": null, "BOM_GUSTP": null, "REU_GUST": null, "REU_GUSTP": null, "USA_SEAHGT": 12.0, "USA_SEA_NE": 45.0, "USA_SEA_SE": 30.0, "USA_SEA_SW": 15.0, "USA_SEA_NW": 30.0, "STORM_SPD": 10, "STORM_DR": 315, "year": 2019, "month": 8, "day": 28, "hour": 0, "min": 0 }, "geometry": { "type": "LineString", "coordinates": [ [ -62.800048828125, 15.699999809265137 ], [ -63.199951171875, 16.0 ] ] } },
{ "type": "Feature", "properties": { "SID": "2019236N10314", "SEASON": 2019, "NUMBER": 53, "BASIN": "NA", "SUBBASIN": "CS", "NAME": "DORIAN", "ISO_TIME": "2019-08-28 03:00:00", "NATURE": "TS", "LAT": 16.0, "LON": -63.2, "WMO_WIND": 0.0, "WMO_PRES": null, "WMO_AGENCY": null, "TRACK_TYPE": "main", "DIST2LAND": 354, "LANDFALL": 300, "IFLAG": "P______________", "USA_AGENCY": null, "USA_ATCFID": "AL052019", "USA_LAT": 16.0, "USA_LON": -63.2, "USA_RECORD": null, "USA_STATUS": "TS", "USA_WIND": 53.0, "USA_PRES": 1002.0, "USA_SSHS": 0, "USA_R34_NE": 55.0, "USA_R34_SE": 40.0, "USA_R34_SW": 20.0, "USA_R34_NW": 40.0, "USA_R50_NE": 20.0, "USA_R50_SE": 0.0, "USA_R50_SW": 0.0, "USA_R50_NW": 0.0, "USA_R64_NE": null, "USA_R64_SE": null, "USA_R64_SW": null, "USA_R64_NW": null, "USA_POCI": 1012.0, "USA_ROCI": 120.0, "USA_RMW": 20.0, "USA_EYE": null, "TOK_LAT": null, "TOK_LON": null, "TOK_GRADE": null, "TOK_WIND": null, "TOK_PRES": null, "TOK_R50_DR": null, "TOK_R50_L": null, "TOK_R50_S": null, "TOK_R30_DR": null, "TOK_R30_L": null, "TOK_R30_S": null, "TOK_LAND": null, "CMA_LAT": null, "CMA_LON": null, "CMA_CAT": null, "CMA_WIND": null, "CMA_PRES": null, "HKO_LAT": null, "HKO_LON": null, "HKO_CAT": null, "HKO_WIND": null, "HKO_PRES": null, "KMA_LAT": null, "KMA_LON": null, "KMA_CAT": null, "KMA_WIND": null, "KMA_PRES": null, "KMA_R50_DR": null, "KMA_R50_L": null, "KMA_R50_S": null, "KMA_R30_DR": null, "KMA_R30_L": null, "KMA_R30_S": null, "NEW_LAT": null, "NEW_LON": null, "NEW_GRADE": null, "NEW_WIND": null, "NEW_PRES": null, "NEW_CI": -999.9, "NEW_DP": null, "NEW_POCI": null, "REU_LAT": null, "REU_LON": null, "REU_TYPE": null, "REU_WIND": null, "REU_PRES": null, "REU_TNUM": -999.9, "REU_CI": -999.9, "REU_RMW": null, "REU_R34_NE": null, "REU_R34_SE": null, "REU_R34_SW": null, "REU_R34_NW": null, "REU_R50_NE": null, "REU_R50_SE": null, "REU_R50_SW": null, "REU_R50_NW": null, "REU_R64_NE": null, "REU_R64_SE": null, "REU_R64_SW": null, "REU_R64_NW": null, "BOM_LAT": null, "BOM_LON": null, "BOM_TYPE": null, "BOM_WIND": null, "BOM_PRES": null, "BOM_TNUM": -999.9, "BOM_CI": -999.9, "BOM_RMW": null, "BOM_R34_NE": null, "BOM_R34_SE": null, "BOM_R34_SW": null, "BOM_R34_NW": null, "BOM_R50_NE": null, "BOM_R50_SE": null, "BOM_R50_SW": null, "BOM_R50_NW": null, "BOM_R64_NE": null, "BOM_R64_SE": null, "BOM_R64_SW": null, "BOM_R64_NW": null, "BOM_ROCI": null, "BOM_POCI": null, "BOM_EYE": null, "BOM_POS_FL": null, "BOM_PRS_FL": null, "NAD_LAT": null, "NAD_LON": null, "NAD_CAT": null, "NAD_WIND": null, "NAD_PRES": null, "WEL_LAT": null, "WEL_LON": null, "WEL_WIND": null, "WEL_PRES": null, "DS8_LAT": null, "DS8_LON": null, "DS8_STAGE": null, "DS8_WIND": null, "DS8_PRES": null, "TD6_LAT": null, "TD6_LON": null, "TD6_STAGE": null, "TD6_WIND": null, "TD6_PRES": null, "TD5_LAT": null, "TD5_LON": null, "TD5_WIND": null, "TD5_PRES": null, "TD5_ROCI": null, "NEU_LAT": null, "NEU_LON": null, "NEU_CLASS": null, "NEU_WIND": null, "NEU_PRES": null, "MLC_LAT": null, "MLC_LON": null, "MLC_CLASS": null, "MLC_WIND": null, "MLC_PRES": null, "USA_GUST": null, "BOM_GUST": null, "BOM_GUSTP": null, "REU_GUST": null, "REU_GUSTP": null, "USA_SEAHGT": 12.0, "USA_SEA_NE": 45.0, "USA_SEA_SE": 30.0, "USA_SEA_SW": 15.0, "USA_SEA_NW": 38.0, "STORM_SPD": 10, "STORM_DR": 315, "year": 2019, "month": 8, "day": 28, "hour": 3, "min": 0 }, "geometry": { "type": "LineString", "coordinates": [ [ -63.199951171875, 16.0 ], [ -63.5, 16.399999618530273 ] ] } },
{ "type": "Feature", "properties": { "SID": "2019236N10314", "SEASON": 2019, "NUMBER": 53, "BASIN": "NA", "SUBBASIN": "CS", "NAME": "DORIAN", "ISO_TIME": "2019-08-28 06:00:00", "NATURE": "TS", "LAT": 16.4, "LON": -63.5, "WMO_WIND": 55.0, "WMO_PRES": 1001.0, "WMO_AGENCY": "hurdat_atl", "TRACK_TYPE": "main", "DIST2LAND": 300, "LANDFALL": 246, "IFLAG": "O______________", "USA_AGENCY": "hurdat_atl", "USA_ATCFID": "AL052019", "USA_LAT": 16.4, "USA_LON": -63.5, "USA_RECORD": null, "USA_STATUS": "TS", "USA_WIND": 55.0, "USA_PRES": 1001.0, "USA_SSHS": 0, "USA_R34_NE": 60.0, "USA_R34_SE": 40.0, "USA_R34_SW": 20.0, "USA_R34_NW": 40.0, "USA_R50_NE": 20.0, "USA_R50_SE": 0.0, "USA_R50_SW": 0.0, "USA_R50_NW": 0.0, "USA_R64_NE": null, "USA_R64_SE": null, "USA_R64_SW": null, "USA_R64_NW": null, "USA_POCI": 1012.0, "USA_ROCI": 120.0, "USA_RMW": 20.0, "USA_EYE": null, "TOK_LAT": null, "TOK_LON": null, "TOK_GRADE": null, "TOK_WIND": null, "TOK_PRES": null, "TOK_R50_DR": null, "TOK_R50_L": null, "TOK_R50_S": null, "TOK_R30_DR": null, "TOK_R30_L": null, "TOK_R30_S": null, "TOK_LAND": null, "CMA_LAT": null, "CMA_LON": null, "CMA_CAT": null, "CMA_WIND": null, "CMA_PRES": null, "HKO_LAT": null, "HKO_LON": null, "HKO_CAT": null, "HKO_WIND": null, "HKO_PRES": null, "KMA_LAT": null, "KMA_LON": null, "KMA_CAT": null, "KMA_WIND": null, "KMA_PRES": null, "KMA_R50_DR": null, "KMA_R50_L": null, "KMA_R50_S": null, "KMA_R30_DR": null, "KMA_R30_L": null, "KMA_R30_S": null, "NEW_LAT": null, "NEW_LON": null, "NEW_GRADE": null, "NEW_WIND": null, "NEW_PRES": null, "NEW_CI": -999.9, "NEW_DP": null, "NEW_POCI": null, "REU_LAT": null, "REU_LON": null, "REU_TYPE": null, "REU_WIND": null, "REU_PRES": null, "REU_TNUM": -999.9, "REU_CI": -999.9, "REU_RMW": null, "REU_R34_NE": null, "REU_R34_SE": null, "REU_R34_SW": null, "REU_R34_NW": null, "REU_R50_NE": null, "REU_R50_SE": null, "REU_R50_SW": null, "REU_R50_NW": null, "REU_R64_NE": null, "REU_R64_SE": null, "REU_R64_SW": null, "REU_R64_NW": null, "BOM_LAT": null, "BOM_LON": null, "BOM_TYPE": null, "BOM_WIND": null, "BOM_PRES": null, "BOM_TNUM": -999.9, "BOM_CI": -999.9, "BOM_RMW": null, "BOM_R34_NE": null, "BOM_R34_SE": null, "BOM_R34_SW": null, "BOM_R34_NW": null, "BOM_R50_NE": null, "BOM_R50_SE": null, "BOM_R50_SW": null, "BOM_R50_NW": null, "BOM_R64_NE": null, "BOM_R64_SE": null, "BOM_R64_SW": null, "BOM_R64_NW": null, "BOM_ROCI": null, "BOM_POCI": null, "BOM_EYE": null, "BOM_POS_FL": null, "BOM_PRS_FL": null, "NAD_LAT": null, "NAD_LON": null, "NAD_CAT": null, "NAD_WIND": null, "NAD_PRES": null, "WEL_LAT": null, "WEL_LON": null, "WEL_WIND": null, "WEL_PRES": null, "DS8_LAT": null, "DS8_LON": null, "DS8_STAGE": null, "DS8_WIND": null, "DS8_PRES": null, "TD6_LAT": null, "TD6_LON": null, "TD6_STAGE": null, "TD6_WIND": null, "TD6_PRES": null, "TD5_LAT": null, "TD5_LON": null, "TD5_WIND": null, "TD5_PRES": null, "TD5_ROCI": null, "NEU_LAT": null, "NEU_LON": null, "NEU_CLASS": null, "NEU_WIND": null, "NEU_PRES": null, "MLC_LAT": null, "MLC_LON": null, "MLC_CLASS": null, "MLC_WIND": null, "MLC_PRES": null, "USA_GUST": 60.0, "BOM_GUST": null, "BOM_GUSTP": null, "REU_GUST": null, "REU_GUSTP": null, "USA_SEAHGT": 12.0, "USA_SEA_NE": 45.0, "USA_SEA_SE": 30.0, "USA_SEA_SW": 15.0, "USA_SEA_NW": 45.0, "STORM_SPD": 10, "STORM_DR": 320, "year": 2019, "month": 8, "day": 28, "hour": 6, "min": 0 }, "geometry": { "type": "LineString", "coordinates": [ [ -63.5, 16.399999618530273 ], [ -63.9000244140625, 16.799999237060547 ] ] } },
{ "type": "Feature", "properties": { "SID": "2019236N10314", "SEASON": 2019, "NUMBER": 53, "BASIN": "NA", "SUBBASIN": "CS", "NAME": "DORIAN", "ISO_TIME": "2019-08-28 09:00:00", "NATURE": "TS", "LAT": 16.8, "LON": -63.9, "WMO_WIND": 0.0, "WMO_PRES": null, "WMO_AGENCY": null, "TRACK_TYPE": "main", "DIST2LAND": 238, "LANDFALL": 179, "IFLAG": "P______________", "USA_AGENCY": null, "USA_ATCFID": "AL052019", "USA_LAT": 16.8, "USA_LON": -63.9, "USA_RECORD": null, "USA_STATUS": "TS", "USA_WIND": 58.0, "USA_PRES": 1000.0, "USA_SSHS": 0, "USA_R34_NE": 60.0, "USA_R34_SE": 40.0, "USA_R34_SW": 20.0, "USA_R34_NW": 40.0, "USA_R50_NE": 20.0, "USA_R50_SE": 0.0, "USA_R50_SW": 0.0, "USA_R50_NW": 10.0, "USA_R64_NE": null, "USA_R64_SE": null, "USA_R64_SW": null, "USA_R64_NW": null, "USA_POCI": 1012.0, "USA_ROCI": 120.0, "USA_RMW": 20.0, "USA_EYE": null, "TOK_LAT": null, "TOK_LON": null, "TOK_GRADE": null, "TOK_WIND": null, "TOK_PRES": null, "TOK_R50_DR": null, "TOK_R50_L": null, "TOK_R50_S": null, "TOK_R30_DR": null, "TOK_R30_L": null, "TOK_R30_S": null, "TOK_LAND": null, "CMA_LAT": null, "CMA_LON": null, "CMA_CAT": null, "CMA_WIND": null, "CMA_PRES": null, "HKO_LAT": null, "HKO_LON": null, "HKO_CAT": null, "HKO_WIND": null, "HKO_PRES": null, "KMA_LAT": null, "KMA_LON": null, "KMA_CAT": null, "KMA_WIND": null, "KMA_PRES": null, "KMA_R50_DR": null, "KMA_R50_L": null, "KMA_R50_S": null, "KMA_R30_DR": null, "KMA_R30_L": null, "KMA_R30_S": null, "NEW_LAT": null, "NEW_LON": null, "NEW_GRADE": null, "NEW_WIND": null, "NEW_PRES": null, "NEW_CI": -999.9, "NEW_DP": null, "NEW_POCI": null, "REU_LAT": null, "REU_LON": null, "REU_TYPE": null, "REU_WIND": null, "REU_PRES": null, "REU_TNUM": -999.9, "REU_CI": -999.9, "REU_RMW": null, "REU_R34_NE": null, "REU_R34_SE": null, "REU_R34_SW": null, "REU_R34_NW": null, "REU_R50_NE": null, "REU_R50_SE": null, "REU_R50_SW": null, "REU_R50_NW": null, "REU_R64_NE": null, "REU_R64_SE": null, "REU_R64_SW": null, "REU_R64_NW": null, "BOM_LAT": null, "BOM_LON": null, "BOM_TYPE": null, "BOM_WIND": null, "BOM_PRES": null, "BOM_TNUM": -999.9, "BOM_CI": -999.9, "BOM_RMW": null, "BOM_R34_NE": null, "BOM_R34_SE": null, "BOM_R34_SW": null, "BOM_R34_NW": null, "BOM_R50_NE": null, "BOM_R50_SE": null, "BOM_R50_SW": null, "BOM_R50_NW": null, "BOM_R64_NE": null, "BOM_R64_SE": null, "BOM_R64_SW": null, "BOM_R64_NW": null, "BOM_ROCI": null, "BOM_POCI": null, "BOM_EYE": null, "BOM_POS_FL": null, "BOM_PRS_FL": null, "NAD_LAT": null, "NAD_LON": null, "NAD_CAT": null, "NAD_WIND": null, "NAD_PRES": null, "WEL_LAT": null, "WEL_LON": null, "WEL_WIND": null, "WEL_PRES": null, "DS8_LAT": null, "DS8_LON": null, "DS8_STAGE": null, "DS8_WIND": null, "DS8_PRES": null, "TD6_LAT": null, "TD6_LON": null, "TD6_STAGE": null, "TD6_WIND": null, "TD6_PRES": null, "TD5_LAT": null, "TD5_LON": null, "TD5_WIND": null, "TD5_PRES": null, "TD5_ROCI": null, "NEU_LAT": null, "NEU_LON": null, "NEU_CLASS": null, "NEU_WIND": null, "NEU_PRES": null, "MLC_LAT": null, "MLC_LON": null, "MLC_CLASS": null, "MLC_WIND": null, "MLC_PRES": null, "USA_GUST": null, "BOM_GUST": null, "BOM_GUSTP": null, "REU_GUST": null, "REU_GUSTP": null, "USA_SEAHGT": 12.0, "USA_SEA_NE": 45.0, "USA_SEA_SE": 30.0, "USA_SEA_SW": 15.0, "USA_SEA_NW": 45.0, "STORM_SPD": 11, "STORM_DR": 325, "year": 2019, "month": 8, "day": 28, "hour": 9, "min": 0 }, "geometry": { "type": "LineString", "coordinates": [ [ -63.9000244140625, 16.799999237060547 ], [ -64.199951171875, 17.299999237060547 ] ] } },
{ "type": "Feature", "properties": { "SID": "2019236N10314", "SEASON": 2019, "NUMBER": 53, "BASIN": "NA", "SUBBASIN": "CS", "NAME": "DORIAN", "ISO_TIME": "2019-08-28 12:00:00", "NATURE": "TS", "LAT": 17.3, "LON": -64.2, "WMO_WIND": 60.0, "WMO_PRES": 999.0, "WMO_AGENCY": "hurdat_atl", "TRACK_TYPE": "main", "DIST2LAND": 179, "LANDFALL": 129, "IFLAG": "O______________", "USA_AGENCY": "hurdat_atl", "USA_ATCFID": "AL052019", "USA_LAT": 17.3, "USA_LON": -64.2, "USA_RECORD": null, "USA_STATUS": "TS", "USA_WIND": 60.0, "USA_PRES": 999.0, "USA_SSHS": 0, "USA_R34_NE": 60.0, "USA_R34_SE": 40.0, "USA_R34_SW": 20.0, "USA_R34_NW": 40.0, "USA_R50_NE": 20.0, "USA_R50_SE": 0.0, "USA_R50_SW": 0.0, "USA_R50_NW": 20.0, "USA_R64_NE": null, "USA_R64_SE": null, "USA_R64_SW": null, "USA_R64_NW": null, "USA_POCI": 1012.0, "USA_ROCI": 120.0, "USA_RMW": 20.0, "USA_EYE": null, "TOK_LAT": null, "TOK_LON": null, "TOK_GRADE": null, "TOK_WIND": null, "TOK_PRES": null, "TOK_R50_DR": null, "TOK_R50_L": null, "TOK_R50_S": null, "TOK_R30_DR": null, "TOK_R30_L": null, "TOK_R30_S": null, "TOK_LAND": null, "CMA_LAT": null, "CMA_LON": null, "CMA_CAT": null, "CMA_WIND": null, "CMA_PRES": null, "HKO_LAT": null, "HKO_LON": null, "HKO_CAT": null, "HKO_WIND": null, "HKO_PRES": null, "KMA_LAT": null, "KMA_LON": null, "KMA_CAT": null, "KMA_WIND": null, "KMA_PRES": null, "KMA_R50_DR": null, "KMA_R50_L": null, "KMA_R50_S": null, "KMA_R30_DR": null, "KMA_R30_L": null, "KMA_R30_S": null, "NEW_LAT": null, "NEW_LON": null, "NEW_GRADE": null, "NEW_WIND": null, "NEW_PRES": null, "NEW_CI": -999.9, "NEW_DP": null, "NEW_POCI": null, "REU_LAT": null, "REU_LON": null, "REU_TYPE": null, "REU_WIND": null, "REU_PRES": null, "REU_TNUM": -999.9, "REU_CI": -999.9, "REU_RMW": null, "REU_R34_NE": null, "REU_R34_SE": null, "REU_R34_SW": null, "REU_R34_NW": null, "REU_R50_NE": null, "REU_R50_SE": null, "REU_R50_SW": null, "REU_R50_NW": null, "REU_R64_NE": null, "REU_R64_SE": null, "REU_R64_SW": null, "REU_R64_NW": null, "BOM_LAT": null, "BOM_LON": null, "BOM_TYPE": null, "BOM_WIND": null, "BOM_PRES": null, "BOM_TNUM": -999.9, "BOM_CI": -999.9, "BOM_RMW": null, "BOM_R34_NE": null, "BOM_R34_SE": null, "BOM_R34_SW": null, "BOM_R34_NW": null, "BOM_R50_NE": null, "BOM_R50_SE": null, "BOM_R50_SW": null, "BOM_R50_NW": null, "BOM_R64_NE": null, "BOM_R64_SE": null, "BOM_R64_SW": null, "BOM_R64_NW": null, "BOM_ROCI": null, "BOM_POCI": null, "BOM_EYE": null, "BOM_POS_FL": null, "BOM_PRS_FL": null, "NAD_LAT": null, "NAD_LON": null, "NAD_CAT": null, "NAD_WIND": null, "NAD_PRES": null, "WEL_LAT": null, "WEL_LON": null, "WEL_WIND": null, "WEL_PRES": null, "DS8_LAT": null, "DS8_LON": null, "DS8_STAGE": null, "DS8_WIND": null, "DS8_PRES": null, "TD6_LAT": null, "TD6_LON": null, "TD6_STAGE": null, "TD6_WIND": null, "TD6_PRES": null, "TD5_LAT": null, "TD5_LON": null, "TD5_WIND": null, "TD5_PRES": null, "TD5_ROCI": null, "NEU_LAT": null, "NEU_LON": null, "NEU_CLASS": null, "NEU_WIND": null, "NEU_PRES": null, "MLC_LAT": null, "MLC_LON": null, "MLC_CLASS": null, "MLC_WIND": null, "MLC_PRES": null, "USA_GUST": 65.0, "BOM_GUST": null, "BOM_GUSTP": null, "REU_GUST": null, "REU_GUSTP": null, "USA_SEAHGT": 12.0, "USA_SEA_NE": 45.0, "USA_SEA_SE": 30.0, "USA_SEA_SW": 15.0, "USA_SEA_NW": 45.0, "STORM_SPD": 11, "STORM_DR": 325, "year": 2019, "month": 8, "day": 28, "hour": 12, "min": 0 }, "geometry": { "type": "LineString", "coordinates": [ [ -64.199951171875, 17.299999237060547 ], [ -64.5, 17.700000762939453 ] ] } },
{ "type": "Feature", "properties": { "SID": "2019236N10314", "SEASON": 2019, "NUMBER": 53, "BASIN": "NA", "SUBBASIN": "CS", "NAME": "DORIAN", "ISO_TIME": "2019-08-28 15:00:00", "NATURE": "TS", "LAT": 17.7, "LON": -64.5, "WMO_WIND": 0.0, "WMO_PRES": null, "WMO_AGENCY": null, "TRACK_TYPE": "main", "DIST2LAND": 129, "LANDFALL": 114, "IFLAG": "P______________", "USA_AGENCY": null, "USA_ATCFID": "AL052019", "USA_LAT": 17.7, "USA_LON": -64.5, "USA_RECORD": null, "USA_STATUS": "TS", "USA_WIND": 64.0, "USA_PRES": 996.0, "USA_SSHS": 1, "USA_R34_NE": 69.0, "USA_R34_SE": 40.0, "USA_R34_SW": 20.0, "USA_R34_NW": 49.0, "USA_R50_NE": 20.0, "USA_R50_SE": 0.0, "USA_R50_SW": 0.0, "USA_R50_NW": 20.0, "USA_R64_NE": null, "USA_R64_SE": null, "USA_R64_SW": null, "USA_R64_NW": null, "USA_POCI": 1012.0, "USA_ROCI": 120.0, "USA_RMW": 11.0, "USA_EYE": null, "TOK_LAT": null, "TOK_LON": null, "TOK_GRADE": null, "TOK_WIND": null, "TOK_PRES": null, "TOK_R50_DR": null, "TOK_R50_L": null, "TOK_R50_S": null, "TOK_R30_DR": null, "TOK_R30_L": null, "TOK_R30_S": null, "TOK_LAND": null, "CMA_LAT": null, "CMA_LON": null, "CMA_CAT": null, "CMA_WIND": null, "CMA_PRES": null, "HKO_LAT": null, "HKO_LON": null, "HKO_CAT": null, "HKO_WIND": null, "HKO_PRES": null, "KMA_LAT": null, "KMA_LON": null, "KMA_CAT": null, "KMA_WIND": null, "KMA_PRES": null, "KMA_R50_DR": null, "KMA_R50_L": null, "KMA_R50_S": null, "KMA_R30_DR": null, "KMA_R30_L": null, "KMA_R30_S": null, "NEW_LAT": null, "NEW_LON": null, "NEW_GRADE": null, "NEW_WIND": null, "NEW_PRES": null, "NEW_CI": -999.9, "NEW_DP": null, "NEW_POCI": null, "REU_LAT": null, "REU_LON": null, "REU_TYPE": null, "REU_WIND": null, "REU_PRES": null, "REU_TNUM": -999.9, "REU_CI": -999.9, "REU_RMW": null, "REU_R34_NE": null, "REU_R34_SE": null, "REU_R34_SW": null, "REU_R34_NW": null, "REU_R50_NE": null, "REU_R50_SE": null, "REU_R50_SW": null, "REU_R50_NW": null, "REU_R64_NE": null, "REU_R64_SE": null, "REU_R64_SW": null, "REU_R64_NW": null, "BOM_LAT": null, "BOM_LON": null, "BOM_TYPE": null, "BOM_WIND": null, "BOM_PRES": null, "BOM_TNUM": -999.9, "BOM_CI": -999.9, "BOM_RMW": null, "BOM_R34_NE": null, "BOM_R34_SE": null, "BOM_R34_SW": null, "BOM_R34_NW": null, "BOM_R50_NE": null, "BOM_R50_SE": null, "BOM_R50_SW": null, "BOM_R50_NW": null, "BOM_R64_NE": null, "BOM_R64_SE": null, "BOM_R64_SW": null, "BOM_R64_NW": null, "BOM_ROCI": null, "BOM_POCI": null, "BOM_EYE": null, "BOM_POS_FL": null, "BOM_PRS_FL": null, "NAD_LAT": null, "NAD_LON": null, "NAD_CAT": null, "NAD_WIND": null, "NAD_PRES": null, "WEL_LAT": null, "WEL_LON": null, "WEL_WIND": null, "WEL_PRES": null, "DS8_LAT": null, "DS8_LON": null, "DS8_STAGE": null, "DS8_WIND": null, "DS8_PRES": null, "TD6_LAT": null, "TD6_LON": null, "TD6_STAGE": null, "TD6_WIND": null, "TD6_PRES": null, "TD5_LAT": null, "TD5_LON": null, "TD5_WIND": null, "TD5_PRES": null, "TD5_ROCI": null, "NEU_LAT": null, "NEU_LON": null, "NEU_CLASS": null, "NEU_WIND": null, "NEU_PRES": null, "MLC_LAT": null, "MLC_LON": null, "MLC_CLASS": null, "MLC_WIND": null, "MLC_PRES": null, "USA_GUST": null, "BOM_GUST": null, "BOM_GUSTP": null, "REU_GUST": null, "REU_GUSTP": null, "USA_SEAHGT": 12.0, "USA_SEA_NE": 45.0, "USA_SEA_SE": 38.0, "USA_SEA_SW": 23.0, "USA_SEA_NW": 45.0, "STORM_SPD": 11, "STORM_DR": 325, "year": 2019, "month": 8, "day": 28, "hour": 15, "min": 0 }, "geometry": { "type": "LineString", "coordinates": [ [ -64.5, 17.700000762939453 ], [ -64.5999755859375, 17.799999237060547 ] ] } },
{ "type": "Feature", "properties": { "SID": "2019236N10314", "SEASON": 2019, "NUMBER": 53, "BASIN": "NA", "SUBBASIN": "CS", "NAME": "DORIAN", "ISO_TIME": "2019-08-28 15:30:00", "NATURE": "TS", "LAT": 17.8, "LON": -64.6, "WMO_WIND": 65.0, "WMO_PRES": 995.0, "WMO_AGENCY": "hurdat_atl", "TRACK_TYPE": "main", "DIST2LAND": 114, "LANDFALL": 52, "IFLAG": "V______________", "USA_AGENCY": "hurdat_atl", "USA_ATCFID": "AL052019", "USA_LAT": 17.8, "USA_LON": -64.6, "USA_RECORD": "L", "USA_STATUS": "HU", "USA_WIND": 65.0, "USA_PRES": 995.0, "USA_SSHS": 1, "USA_R34_NE": 70.0, "USA_R34_SE": 40.0, "USA_R34_SW": 20.0, "USA_R34_NW": 50.0, "USA_R50_NE": 20.0, "USA_R50_SE": 0.0, "USA_R50_SW": 0.0, "USA_R50_NW": 20.0, "USA_R64_NE": 10.0, "USA_R64_SE": 0.0, "USA_R64_SW": 0.0, "USA_R64_NW": 0.0, "USA_POCI": 1012.0, "USA_ROCI": 120.0, "USA_RMW": 10.0, "USA_EYE": null, "TOK_LAT": null, "TOK_LON": null, "TOK_GRADE": null, "TOK_WIND": null, "TOK_PRES": null, "TOK_R50_DR": null, "TOK_R50_L": null, "TOK_R50_S": null, "TOK_R30_DR": null, "TOK_R30_L": null, "TOK_R30_S": null, "TOK_LAND": null, "CMA_LAT": null, "CMA_LON": null, "CMA_CAT": null, "CMA_WIND": null, "CMA_PRES": null, "HKO_LAT": null, "HKO_LON": null, "HKO_CAT": null, "HKO_WIND": null, "HKO_PRES": null, "KMA_LAT": null, "KMA_LON": null, "KMA_CAT": null, "KMA_WIND": null, "KMA_PRES": null, "KMA_R50_DR": null, "KMA_R50_L": null, "KMA_R50_S": null, "KMA_R30_DR": null, "KMA_R30_L": null, "KMA_R30_S": null, "NEW_LAT": null, "NEW_LON": null, "NEW_GRADE": null, "NEW_WIND": null, "NEW_PRES": null, "NEW_CI": -999.9, "NEW_DP": null, "NEW_POCI": null, "REU_LAT": null, "REU_LON": null, "REU_TYPE": null, "REU_WIND": null, "REU_PRES": null, "REU_TNUM": -999.9, "REU_CI": -999.9, "REU_RMW": null, "REU_R34_NE": null, "REU_R34_SE": null, "REU_R34_SW": null, "REU_R34_NW": null, "REU_R50_NE": null, "REU_R50_SE": null, "REU_R50_SW": null, "REU_R50_NW": null, "REU_R64_NE": null, "REU_R64_SE": null, "REU_R64_SW": null, "REU_R64_NW": null, "BOM_LAT": null, "BOM_LON": null, "BOM_TYPE": null, "BOM_WIND": null, "BOM_PRES": null, "BOM_TNUM": -999.9, "BOM_CI": -999.9, "BOM_RMW": null, "BOM_R34_NE": null, "BOM_R34_SE": null, "BOM_R34_SW": null, "BOM_R34_NW": null, "BOM_R50_NE": null, "BOM_R50_SE": null, "BOM_R50_SW": null, "BOM_R50_NW": null, "BOM_R64_NE": null, "BOM_R64_SE": null, "BOM_R64_SW": null, "BOM_R64_NW": null, "BOM_ROCI": null, "BOM_POCI": null, "BOM_EYE": null, "BOM_POS_FL": null, "BOM_PRS_FL": null, "NAD_LAT": null, "NAD_LON": null, "NAD_CAT": null, "NAD_WIND": null, "NAD_PRES": null, "WEL_LAT": null, "WEL_LON": null, "WEL_WIND": null, "WEL_PRES": null, "DS8_LAT": null, "DS8_LON": null, "DS8_STAGE": null, "DS8_WIND": null, "DS8_PRES": null, "TD6_LAT": null, "TD6_LON": null, "TD6_STAGE": null, "TD6_WIND": null, "TD6_PRES": null, "TD5_LAT": null, "TD5_LON": null, "TD5_WIND": null, "TD5_PRES": null, "TD5_ROCI": null, "NEU_LAT": null, "NEU_LON": null, "NEU_CLASS": null, "NEU_WIND": null, "NEU_PRES": null, "MLC_LAT": null, "MLC_LON": null, "MLC_CLASS": null, "MLC_WIND": null, "MLC_PRES": null, "USA_GUST": null, "BOM_GUST": null, "BOM_GUSTP": null, "REU_GUST": null, "REU_GUSTP": null, "USA_SEAHGT": 12.0, "USA_SEA_NE": 45.0, "USA_SEA_SE": 39.0, "USA_SEA_SW": 24.0, "USA_SEA_NW": 45.0, "STORM_SPD": 18, "STORM_DR": 320, "year": 2019, "month": 8, "day": 28, "hour": 15, "min": 30 }, "geometry": { "type": "LineString", "coordinates": [ [ -64.5999755859375, 17.799999237060547 ], [ -65.0999755859375, 18.399999618530273 ] ] } },
{ "type": "Feature", "properties": { "SID": "2019236N10314", "SEASON": 2019, "NUMBER": 53, "BASIN": "NA", "SUBBASIN": "CS", "NAME": "DORIAN", "ISO_TIME": "2019-08-28 18:00:00", "NATURE": "TS", "LAT": 18.4, "LON": -65.1, "WMO_WIND": 70.0, "WMO_PRES": 993.0, "WMO_AGENCY": "hurdat_atl", "TRACK_TYPE": "main", "DIST2LAND": 52, "LANDFALL": 38, "IFLAG": "O______________", "USA_AGENCY": "hurdat_atl", "USA_ATCFID": "AL052019", "USA_LAT": 18.4, "USA_LON": -65.1, "USA_RECORD": "L", "USA_STATUS": "HU", "USA_WIND": 70.0, "USA_PRES": 993.0, "USA_SSHS": 1, "USA_R34_NE": 70.0, "USA_R34_SE": 40.0, "USA_R34_SW": 20.0, "USA_R34_NW": 50.0, "USA_R50_NE": 30.0, "USA_R50_SE": 20.0, "USA_R50_SW": 0.0, "USA_R50_NW": 20.0, "USA_R64_NE": 15.0, "USA_R64_SE": 0.0, "USA_R64_SW": 0.0, "USA_R64_NW": 0.0, "USA_POCI": 1012.0, "USA_ROCI": 120.0, "USA_RMW": 15.0, "USA_EYE": null, "TOK_LAT": null, "TOK_LON": null, "TOK_GRADE": null, "TOK_WIND": null, "TOK_PRES": null, "TOK_R50_DR": null, "TOK_R50_L": null, "TOK_R50_S": null, "TOK_R30_DR": null, "TOK_R30_L": null, "TOK_R30_S": null, "TOK_LAND": null, "CMA_LAT": null, "CMA_LON": null, "CMA_CAT": null, "CMA_WIND": null, "CMA_PRES": null, "HKO_LAT": null, "HKO_LON": null, "HKO_CAT": null, "HKO_WIND": null, "HKO_PRES": null, "KMA_LAT": null, "KMA_LON": null, "KMA_CAT": null, "KMA_WIND": null, "KMA_PRES": null, "KMA_R50_DR": null, "KMA_R50_L": null, "KMA_R50_S": null, "KMA_R30_DR": null, "KMA_R30_L": null, "KMA_R30_S": null, "NEW_LAT": null, "NEW_LON": null, "NEW_GRADE": null, "NEW_WIND": null, "NEW_PRES": null, "NEW_CI": -999.9, "NEW_DP": null, "NEW_POCI": null, "REU_LAT": null, "REU_LON": null, "REU_TYPE": null, "REU_WIND": null, "REU_PRES": null, "REU_TNUM": -999.9, "REU_CI": -999.9, "REU_RMW": null, "REU_R34_NE": null, "REU_R34_SE": null, "REU_R34_SW": null, "REU_R34_NW": null, "REU_R50_NE": null, "REU_R50_SE": null, "REU_R50_SW": null, "REU_R50_NW": null, "REU_R64_NE": null, "REU_R64_SE": null, "REU_R64_SW": null, "REU_R64_NW": null, "BOM_LAT": null, "BOM_LON": null, "BOM_TYPE": null, "BOM_WIND": null, "BOM_PRES": null, "BOM_TNUM": -999.9, "BOM_CI": -999.9, "BOM_RMW": null, "BOM_R34_NE": null, "BOM_R34_SE": null, "BOM_R34_SW": null, "BOM_R34_NW": null, "BOM_R50_NE": null, "BOM_R50_SE": null, "BOM_R50_SW": null, "BOM_R50_NW": null, "BOM_R64_NE": null, "BOM_R64_SE": null, "BOM_R64_SW": null, "BOM_R64_NW": null, "BOM_ROCI": null, "BOM_POCI": null, "BOM_EYE": null, "BOM_POS_FL": null, "BOM_PRS_FL": null, "NAD_LAT": null, "NAD_LON": null, "NAD_CAT": null, "NAD_WIND": null, "NAD_PRES": null, "WEL_LAT": null, "WEL_LON": null, "WEL_WIND": null, "WEL_PRES": null, "DS8_LAT": null, "DS8_LON": null, "DS8_STAGE": null, "DS8_WIND": null, "DS8_PRES": null, "TD6_LAT": null, "TD6_LON": null, "TD6_STAGE": null, "TD6_WIND": null, "TD6_PRES": null, "TD5_LAT": null, "TD5_LON": null, "TD5_WIND": null, "TD5_PRES": null, "TD5_ROCI": null, "NEU_LAT": null, "NEU_LON": null, "NEU_CLASS": null, "NEU_WIND": null, "NEU_PRES": null, "MLC_LAT": null, "MLC_LON": null, "MLC_CLASS": null, "MLC_WIND": null, "MLC_PRES": null, "USA_GUST": 80.0, "BOM_GUST": null, "BOM_GUSTP": null, "REU_GUST": null, "REU_GUSTP": null, "USA_SEAHGT": 12.0, "USA_SEA_NE": 45.0, "USA_SEA_SE": 45.0, "USA_SEA_SW": 30.0, "USA_SEA_NW": 45.0, "STORM_SPD": 15, "STORM_DR": 320, "year": 2019, "month": 8, "day": 28, "hour": 18, "min": 0 }, "geometry": { "type": "LineString", "coordinates": [ [ -65.0999755859375, 18.399999618530273 ], [ -65.5, 18.899999618530273 ] ] } },
{ "type": "Feature", "properties": { "SID": "2019236N10314", "SEASON": 2019, "NUMBER": 53, "BASIN": "NA", "SUBBASIN": "CS", "NAME": "DORIAN", "ISO_TIME": "2019-08-28 21:00:00", "NATURE": "TS", "LAT": 18.9, "LON": -65.5, "WMO_WIND": 0.0, "WMO_PRES": null, "WMO_AGENCY": null, "TRACK_TYPE": "main", "DIST2LAND": 56, "LANDFALL": 56, "IFLAG": "P______________", "USA_AGENCY": null, "USA_ATCFID": "AL052019", "USA_LAT": 18.9, "USA_LON": -65.5, "USA_RECORD": null, "USA_STATUS": "HU", "USA_WIND": 73.0, "USA_PRES": 991.0, "USA_SSHS": 1, "USA_R34_NE": 70.0, "USA_R34_SE": 40.0, "USA_R34_SW": 20.0, "USA_R34_NW": 50.0, "USA_R50_NE": 30.0, "USA_R50_SE": 20.0, "USA_R50_SW": 0.0, "USA_R50_NW": 20.0, "USA_R64_NE": 15.0, "USA_R64_SE": 0.0, "USA_R64_SW": 0.0, "USA_R64_NW": 0.0, "USA_POCI": 1012.0, "USA_ROCI": 120.0, "USA_RMW": 15.0, "USA_EYE": null, "TOK_LAT": null, "TOK_LON": null, "TOK_GRADE": null, "TOK_WIND": null, "TOK_PRES": null, "TOK_R50_DR": null, "TOK_R50_L": null, "TOK_R50_S": null, "TOK_R30_DR": null, "TOK_R30_L": null, "TOK_R30_S": null, "TOK_LAND": null, "CMA_LAT": null, "CMA_LON": null, "CMA_CAT": null, "CMA_WIND": null, "CMA_PRES": null, "HKO_LAT": null, "HKO_LON": null, "HKO_CAT": null, "HKO_WIND": null, "HKO_PRES": null, "KMA_LAT": null, "KMA_LON": null, "KMA_CAT": null, "KMA_WIND": null, "KMA_PRES": null, "KMA_R50_DR": null, "KMA_R50_L": null, "KMA_R50_S": null, "KMA_R30_DR": null, "KMA_R30_L": null, "KMA_R30_S": null, "NEW_LAT": null, "NEW_LON": null, "NEW_GRADE": null, "NEW_WIND": null, "NEW_PRES": null, "NEW_CI": -999.9, "NEW_DP": null, "NEW_POCI": null, "REU_LAT": null, "REU_LON": null, "REU_TYPE": null, "REU_WIND": null, "REU_PRES": null, "REU_TNUM": -999.9, "REU_CI": -999.9, "REU_RMW": null, "REU_R34_NE": null, "REU_R34_SE": null, "REU_R34_SW": null, "REU_R34_NW": null, "REU_R50_NE": null, "REU_R50_SE": null, "REU_R50_SW": null, "REU_R50_NW": null, "REU_R64_NE": null, "REU_R64_SE": null, "REU_R64_SW": null, "REU_R64_NW": null, "BOM_LAT": null, "BOM_LON": null, "BOM_TYPE": null, "BOM_WIND": null, "BOM_PRES": null, "BOM_TNUM": -999.9, "BOM_CI": -999.9, "BOM_RMW": null, "BOM_R34_NE": null, "BOM_R34_SE": null, "BOM_R34_SW": null, "BOM_R34_NW": null, "BOM_R50_NE": null, "BOM_R50_SE": null, "BOM_R50_SW": null, "BOM_R50_NW": null, "BOM_R64_NE": null, "BOM_R64_SE": null, "BOM_R64_SW": null, "BOM_R64_NW": null, "BOM_ROCI": null, "BOM_POCI": null, "BOM_EYE": null, "BOM_POS_FL": null, "BOM_PRS_FL": null, "NAD_LAT": null, "NAD_LON": null, "NAD_CAT": null, "NAD_WIND": null, "NAD_PRES": null, "WEL_LAT": null, "WEL_LON": null, "WEL_WIND": null, "WEL_PRES": null, "DS8_LAT": null, "DS8_LON": null, "DS8_STAGE": null, "DS8_WIND": null, "DS8_PRES": null, "TD6_LAT": null, "TD6_LON": null, "TD6_STAGE": null, "TD6_WIND": null, "TD6_PRES": null, "TD5_LAT": null, "TD5_LON": null, "TD5_WIND": null, "TD5_PRES": null, "TD5_ROCI": null, "NEU_LAT": null, "NEU_LON": null, "NEU_CLASS": null, "NEU_WIND": null, "NEU_PRES": null, "MLC_LAT": null, "MLC_LON": null, "MLC_CLASS": null, "MLC_WIND": null, "MLC_PRES": null, "USA_GUST": null, "BOM_GUST": null, "BOM_GUSTP": null, "REU_GUST": null, "REU_GUSTP": null, "USA_SEAHGT": 12.0, "USA_SEA_NE": 60.0, "USA_SEA_SE": 45.0, "USA_SEA_SW": 30.0, "USA_SEA_NW": 45.0, "STORM_SPD": 10, "STORM_DR": 325, "year": 2019, "month": 8, "day": 28, "hour": 21, "min": 0 }, "geometry": { "type": "LineString", "coordinates": [ [ -65.5, 18.899999618530273 ], [ -65.699951171875, 19.200000762939453 ] ] } },
{ "type": "Feature", "properties": { "SID": "2019236N10314", "SEASON": 2019, "NUMBER": 53, "BASIN": "NA", "SUBBASIN": "NA", "NAME": "DORIAN", "ISO_TIME": "2019-08-29 00:00:00", "NATURE": "TS", "LAT": 19.2, "LON": -65.7, "WMO_WIND": 75.0, "WMO_PRES": 989.0, "WMO_AGENCY": "hurdat_atl", "TRACK_TYPE": "main", "DIST2LAND": 89, "LANDFALL": 89, "IFLAG": "O______________", "USA_AGENCY": "hurdat_atl", "USA_ATCFID": "AL052019", "USA_LAT": 19.2, "USA_LON": -65.7, "USA_RECORD": null, "USA_STATUS": "HU", "USA_WIND": 75.0, "USA_PRES": 989.0, "USA_SSHS": 1, "USA_R34_NE": 70.0, "USA_R34_SE": 40.0, "USA_R34_SW": 20.0, "USA_R34_NW": 50.0, "USA_R50_NE": 30.0, "USA_R50_SE": 20.0, "USA_R50_SW": 0.0, "USA_R50_NW": 20.0, "USA_R64_NE": 15.0, "USA_R64_SE": 0.0, "USA_R64_SW": 0.0, "USA_R64_NW": 0.0, "USA_POCI": 1012.0, "USA_ROCI": 120.0, "USA_RMW": 15.0, "USA_EYE": null, "TOK_LAT": null, "TOK_LON": null, "TOK_GRADE": null, "TOK_WIND": null, "TOK_PRES": null, "TOK_R50_DR": null, "TOK_R50_L": null, "TOK_R50_S": null, "TOK_R30_DR": null, "TOK_R30_L": null, "TOK_R30_S": null, "TOK_LAND": null, "CMA_LAT": null, "CMA_LON": null, "CMA_CAT": null, "CMA_WIND": null, "CMA_PRES": null, "HKO_LAT": null, "HKO_LON": null, "HKO_CAT": null, "HKO_WIND": null, "HKO_PRES": null, "KMA_LAT": null, "KMA_LON": null, "KMA_CAT": null, "KMA_WIND": null, "KMA_PRES": null, "KMA_R50_DR": null, "KMA_R50_L": null, "KMA_R50_S": null, "KMA_R30_DR": null, "KMA_R30_L": null, "KMA_R30_S": null, "NEW_LAT": null, "NEW_LON": null, "NEW_GRADE": null, "NEW_WIND": null, "NEW_PRES": null, "NEW_CI": -999.9, "NEW_DP": null, "NEW_POCI": null, "REU_LAT": null, "REU_LON": null, "REU_TYPE": null, "REU_WIND": null, "REU_PRES": null, "REU_TNUM": -999.9, "REU_CI": -999.9, "REU_RMW": null, "REU_R34_NE": null, "REU_R34_SE": null, "REU_R34_SW": null, "REU_R34_NW": null, "REU_R50_NE": null, "REU_R50_SE": null, "REU_R50_SW": null, "REU_R50_NW": null, "REU_R64_NE": null, "REU_R64_SE": null, "REU_R64_SW": null, "REU_R64_NW": null, "BOM_LAT": null, "BOM_LON": null, "BOM_TYPE": null, "BOM_WIND": null, "BOM_PRES": null, "BOM_TNUM": -999.9, "BOM_CI": -999.9, "BOM_RMW": null, "BOM_R34_NE": null, "BOM_R34_SE": null, "BOM_R34_SW": null, "BOM_R34_NW": null, "BOM_R50_NE": null, "BOM_R50_SE": null, "BOM_R50_SW": null, "BOM_R50_NW": null, "BOM_R64_NE": null, "BOM_R64_SE": null, "BOM_R64_SW": null, "BOM_R64_NW": null, "BOM_ROCI": null, "BOM_POCI": null, "BOM_EYE": null, "BOM_POS_FL": null, "BOM_PRS_FL": null, "NAD_LAT": null, "NAD_LON": null, "NAD_CAT": null, "NAD_WIND": null, "NAD_PRES": null, "WEL_LAT": null, "WEL_LON": null, "WEL_WIND": null, "WEL_PRES": null, "DS8_LAT": null, "DS8_LON": null, "DS8_STAGE": null, "DS8_WIND": null, "DS8_PRES": null, "TD6_LAT": null, "TD6_LON": null, "TD6_STAGE": null, "TD6_WIND": null, "TD6_PRES": null, "TD5_LAT": null, "TD5_LON": null, "TD5_WIND": null, "TD5_PRES": null, "TD5_ROCI": null, "NEU_LAT": null, "NEU_LON": null, "NEU_CLASS": null, "NEU_WIND": null, "NEU_PRES": null, "MLC_LAT": null, "MLC_LON": null, "MLC_CLASS": null, "MLC_WIND": null, "MLC_PRES": null, "USA_GUST": 85.0, "BOM_GUST": null, "BOM_GUSTP": null, "REU_GUST": null, "REU_GUSTP": null, "USA_SEAHGT": 12.0, "USA_SEA_NE": 75.0, "USA_SEA_SE": 45.0, "USA_SEA_SW": 30.0, "USA_SEA_NW": 45.0, "STORM_SPD": 9, "STORM_DR": 325, "year": 2019, "month": 8, "day": 29, "hour": 0, "min": 0 }, "geometry": { "type": "LineString", "coordinates": [ [ -65.699951171875, 19.200000762939453 ], [ -66.0, 19.600000381469727 ] ] } },
{ "type": "Feature", "properties": { "SID": "2019236N10314", "SEASON": 2019, "NUMBER": 53, "BASIN": "NA", "SUBBASIN": "NA", "NAME": "DORIAN", "ISO_TIME": "2019-08-29 03:00:00", "NATURE": "TS", "LAT": 19.6, "LON": -66.0, "WMO_WIND": 0.0, "WMO_PRES": null, "WMO_AGENCY": null, "TRACK_TYPE": "main", "DIST2LAND": 134, "LANDFALL": 134, "IFLAG": "P______________", "USA_AGENCY": null, "USA_ATCFID": "AL052019", "USA_LAT": 19.6, "USA_LON": -66.0, "USA_RECORD": null, "USA_STATUS": "HU", "USA_WIND": 75.0, "USA_PRES": 989.0, "USA_SSHS": 1, "USA_R34_NE": 75.0, "USA_R34_SE": 45.0, "USA_R34_SW": 25.0, "USA_R34_NW": 55.0, "USA_R50_NE": 30.0, "USA_R50_SE": 20.0, "USA_R50_SW": 5.0, "USA_R50_NW": 20.0, "USA_R64_NE": 15.0, "USA_R64_SE": 0.0, "USA_R64_SW": 0.0, "USA_R64_NW": 5.0, "USA_POCI": 1012.0, "USA_ROCI": 120.0, "USA_RMW": 15.0, "USA_EYE": null, "TOK_LAT": null, "TOK_LON": null, "TOK_GRADE": null, "TOK_WIND": null, "TOK_PRES": null, "TOK_R50_DR": null, "TOK_R50_L": null, "TOK_R50_S": null, "TOK_R30_DR": null, "TOK_R30_L": null, "TOK_R30_S": null, "TOK_LAND": null, "CMA_LAT": null, "CMA_LON": null, "CMA_CAT": null, "CMA_WIND": null, "CMA_PRES": null, "HKO_LAT": null, "HKO_LON": null, "HKO_CAT": null, "HKO_WIND": null, "HKO_PRES": null, "KMA_LAT": null, "KMA_LON": null, "KMA_CAT": null, "KMA_WIND": null, "KMA_PRES": null, "KMA_R50_DR": null, "KMA_R50_L": null, "KMA_R50_S": null, "KMA_R30_DR": null, "KMA_R30_L": null, "KMA_R30_S": null, "NEW_LAT": null, "NEW_LON": null, "NEW_GRADE": null, "NEW_WIND": null, "NEW_PRES": null, "NEW_CI": -999.9, "NEW_DP": null, "NEW_POCI": null, "REU_LAT": null, "REU_LON": null, "REU_TYPE": null, "REU_WIND": null, "REU_PRES": null, "REU_TNUM": -999.9, "REU_CI": -999.9, "REU_RMW": null, "REU_R34_NE": null, "REU_R34_SE": null, "REU_R34_SW": null, "REU_R34_NW": null, "REU_R50_NE": null, "REU_R50_SE": null, "REU_R50_SW": null, "REU_R50_NW": null, "REU_R64_NE": null, "REU_R64_SE": null, "REU_R64_SW": null, "REU_R64_NW": null, "BOM_LAT": null, "BOM_LON": null, "BOM_TYPE": null, "BOM_WIND": null, "BOM_PRES": null, "BOM_TNUM": -999.9, "BOM_CI": -999.9, "BOM_RMW": null, "BOM_R34_NE": null, "BOM_R34_SE": null, "BOM_R34_SW": null, "BOM_R34_NW": null, "BOM_R50_NE": null, "BOM_R50_SE": null, "BOM_R50_SW": null, "BOM_R50_NW": null, "BOM_R64_NE": null, "BOM_R64_SE": null, "BOM_R64_SW": null, "BOM_R64_NW": null, "BOM_ROCI": null, "BOM_POCI": null, "BOM_EYE": null, "BOM_POS_FL": null, "BOM_PRS_FL": null, "NAD_LAT": null, "NAD_LON": null, "NAD_CAT": null, "NAD_WIND": null, "NAD_PRES": null, "WEL_LAT": null, "WEL_LON": null, "WEL_WIND": null, "WEL_PRES": null, "DS8_LAT": null, "DS8_LON": null, "DS8_STAGE": null, "DS8_WIND": null, "DS8_PRES": null, "TD6_LAT": null, "TD6_LON": null, "TD6_STAGE": null, "TD6_WIND": null, "TD6_PRES": null, "TD5_LAT": null, "TD5_LON": null, "TD5_WIND": null, "TD5_PRES": null, "TD5_ROCI": null, "NEU_LAT": null, "NEU_LON": null, "NEU_CLASS": null, "NEU_WIND": null, "NEU_PRES": null, "MLC_LAT": null, "MLC_LON": null, "MLC_CLASS": null, "MLC_WIND": null, "MLC_PRES": null, "USA_GUST": null, "BOM_GUST": null, "BOM_GUSTP": null, "REU_GUST": null, "REU_GUSTP": null, "USA_SEAHGT": null, "USA_SEA_NE": null, "USA_SEA_SE": null, "USA_SEA_SW": null, "USA_SEA_NW": null, "STORM_SPD": 10, "STORM_DR": 325, "year": 2019, "month": 8, "day": 29, "hour": 3, "min": 0 }, "geometry": { "type": "LineString", "coordinates": [ [ -66.0, 19.600000381469727 ], [ -66.300048828125, 20.0 ] ] } },
{ "type": "Feature", "properties": { "SID": "2019236N10314", "SEASON": 2019, "NUMBER": 53, "BASIN": "NA", "SUBBASIN": "NA", "NAME": "DORIAN", "ISO_TIME": "2019-08-29 06:00:00", "NATURE": "TS", "LAT": 20.0, "LON": -66.3, "WMO_WIND": 75.0, "WMO_PRES": 988.0, "WMO_AGENCY": "hurdat_atl", "TRACK_TYPE": "main", "DIST2LAND": 178, "LANDFALL": 178, "IFLAG": "O______________", "USA_AGENCY": "hurdat_atl", "USA_ATCFID": "AL052019", "USA_LAT": 20.0, "USA_LON": -66.3, "USA_RECORD": null, "USA_STATUS": "HU", "USA_WIND": 75.0, "USA_PRES": 988.0, "USA_SSHS": 1, "USA_R34_NE": 80.0, "USA_R34_SE": 50.0, "USA_R34_SW": 30.0, "USA_R34_NW": 60.0, "USA_R50_NE": 30.0, "USA_R50_SE": 20.0, "USA_R50_SW": 10.0, "USA_R50_NW": 20.0, "USA_R64_NE": 15.0, "USA_R64_SE": 0.0, "USA_R64_SW": 0.0, "USA_R64_NW": 10.0, "USA_POCI": 1012.0, "USA_ROCI": 120.0, "USA_RMW": 15.0, "USA_EYE": null, "TOK_LAT": null, "TOK_LON": null, "TOK_GRADE": null, "TOK_WIND": null, "TOK_PRES": null, "TOK_R50_DR": null, "TOK_R50_L": null, "TOK_R50_S": null, "TOK_R30_DR": null, "TOK_R30_L": null, "TOK_R30_S": null, "TOK_LAND": null, "CMA_LAT": null, "CMA_LON": null, "CMA_CAT": null, "CMA_WIND": null, "CMA_PRES": null, "HKO_LAT": null, "HKO_LON": null, "HKO_CAT": null, "HKO_WIND": null, "HKO_PRES": null, "KMA_LAT": null, "KMA_LON": null, "KMA_CAT": null, "KMA_WIND": null, "KMA_PRES": null, "KMA_R50_DR": null, "KMA_R50_L": null, "KMA_R50_S": null, "KMA_R30_DR": null, "KMA_R30_L": null, "KMA_R30_S": null, "NEW_LAT": null, "NEW_LON": null, "NEW_GRADE": null, "NEW_WIND": null, "NEW_PRES": null, "NEW_CI": -999.9, "NEW_DP": null, "NEW_POCI": null, "REU_LAT": null, "REU_LON": null, "REU_TYPE": null, "REU_WIND": null, "REU_PRES": null, "REU_TNUM": -999.9, "REU_CI": -999.9, "REU_RMW": null, "REU_R34_NE": null, "REU_R34_SE": null, "REU_R34_SW": null, "REU_R34_NW": null, "REU_R50_NE": null, "REU_R50_SE": null, "REU_R50_SW": null, "REU_R50_NW": null, "REU_R64_NE": null, "REU_R64_SE": null, "REU_R64_SW": null, "REU_R64_NW": null, "BOM_LAT": null, "BOM_LON": null, "BOM_TYPE": null, "BOM_WIND": null, "BOM_PRES": null, "BOM_TNUM": -999.9, "BOM_CI": -999.9, "BOM_RMW": null, "BOM_R34_NE": null, "BOM_R34_SE": null, "BOM_R34_SW": null, "BOM_R34_NW": null, "BOM_R50_NE": null, "BOM_R50_SE": null, "BOM_R50_SW": null, "BOM_R50_NW": null, "BOM_R64_NE": null, "BOM_R64_SE": null, "BOM_R64_SW": null, "BOM_R64_NW": null, "BOM_ROCI": null, "BOM_POCI": null, "BOM_EYE": null, "BOM_POS_FL": null, "BOM_PRS_FL": null, "NAD_LAT": null, "NAD_LON": null, "NAD_CAT": null, "NAD_WIND": null, "NAD_PRES": null, "WEL_LAT": null, "WEL_LON": null, "WEL_WIND": null, "WEL_PRES": null, "DS8_LAT": null, "DS8_LON": null, "DS8_STAGE": null, "DS8_WIND": null, "DS8_PRES": null, "TD6_LAT": null, "TD6_LON": null, "TD6_STAGE": null, "TD6_WIND": null, "TD6_PRES": null, "TD5_LAT": null, "TD5_LON": null, "TD5_WIND": null, "TD5_PRES": null, "TD5_ROCI": null, "NEU_LAT": null, "NEU_LON": null, "NEU_CLASS": null, "NEU_WIND": null, "NEU_PRES": null, "MLC_LAT": null, "MLC_LON": null, "MLC_CLASS": null, "MLC_WIND": null, "MLC_PRES": null, "USA_GUST": 90.0, "BOM_GUST": null, "BOM_GUSTP": null, "REU_GUST": null, "REU_GUSTP": null, "USA_SEAHGT": null, "USA_SEA_NE": null, "USA_SEA_SE": null, "USA_SEA_SW": null, "USA_SEA_NW": null, "STORM_SPD": 11, "STORM_DR": 330, "year": 2019, "month": 8, "day": 29, "hour": 6, "min": 0 }, "geometry": { "type": "LineString", "coordinates": [ [ -66.300048828125, 20.0 ], [ -66.5999755859375, 20.5 ] ] } },
{ "type": "Feature", "properties": { "SID": "2019236N10314", "SEASON": 2019, "NUMBER": 53, "BASIN": "NA", "SUBBASIN": "NA", "NAME": "DORIAN", "ISO_TIME": "2019-08-29 09:00:00", "NATURE": "TS", "LAT": 20.5, "LON": -66.6, "WMO_WIND": 0.0, "WMO_PRES": null, "WMO_AGENCY": null, "TRACK_TYPE": "main", "DIST2LAND": 234, "LANDFALL": 234, "IFLAG": "P______________", "USA_AGENCY": null, "USA_ATCFID": "AL052019", "USA_LAT": 20.5, "USA_LON": -66.6, "USA_RECORD": null, "USA_STATUS": "HU", "USA_WIND": 75.0, "USA_PRES": 987.0, "USA_SSHS": 1, "USA_R34_NE": 80.0, "USA_R34_SE": 50.0, "USA_R34_SW": 30.0, "USA_R34_NW": 60.0, "USA_R50_NE": 30.0, "USA_R50_SE": 25.0, "USA_R50_SW": 10.0, "USA_R50_NW": 20.0, "USA_R64_NE": 15.0, "USA_R64_SE": 0.0, "USA_R64_SW": 0.0, "USA_R64_NW": 10.0, "USA_POCI": 1012.0, "USA_ROCI": 120.0, "USA_RMW": 15.0, "USA_EYE": null, "TOK_LAT": null, "TOK_LON": null, "TOK_GRADE": null, "TOK_WIND": null, "TOK_PRES": null, "TOK_R50_DR": null, "TOK_R50_L": null, "TOK_R50_S": null, "TOK_R30_DR": null, "TOK_R30_L": null, "TOK_R30_S": null, "TOK_LAND": null, "CMA_LAT": null, "CMA_LON": null, "CMA_CAT": null, "CMA_WIND": null, "CMA_PRES": null, "HKO_LAT": null, "HKO_LON": null, "HKO_CAT": null, "HKO_WIND": null, "HKO_PRES": null, "KMA_LAT": null, "KMA_LON": null, "KMA_CAT": null, "KMA_WIND": null, "KMA_PRES": null, "KMA_R50_DR": null, "KMA_R50_L": null, "KMA_R50_S": null, "KMA_R30_DR": null, "KMA_R30_L": null, "KMA_R30_S": null, "NEW_LAT": null, "NEW_LON": null, "NEW_GRADE": null, "NEW_WIND": null, "NEW_PRES": null, "NEW_CI": -999.9, "NEW_DP": null, "NEW_POCI": null, "REU_LAT": null, "REU_LON": null, "REU_TYPE": null, "REU_WIND": null, "REU_PRES": null, "REU_TNUM": -999.9, "REU_CI": -999.9, "REU_RMW": null, "REU_R34_NE": null, "REU_R34_SE": null, "REU_R34_SW": null, "REU_R34_NW": null, "REU_R50_NE": null, "REU_R50_SE": null, "REU_R50_SW": null, "REU_R50_NW": null, "REU_R64_NE": null, "REU_R64_SE": null, "REU_R64_SW": null, "REU_R64_NW": null, "BOM_LAT": null, "BOM_LON": null, "BOM_TYPE": null, "BOM_WIND": null, "BOM_PRES": null, "BOM_TNUM": -999.9, "BOM_CI": -999.9, "BOM_RMW": null, "BOM_R34_NE": null, "BOM_R34_SE": null, "BOM_R34_SW": null, "BOM_R34_NW": null, "BOM_R50_NE": null, "BOM_R50_SE": null, "BOM_R50_SW": null, "BOM_R50_NW": null, "BOM_R64_NE": null, "BOM_R64_SE": null, "BOM_R64_SW": null, "BOM_R64_NW": null, "BOM_ROCI": null, "BOM_POCI": null, "BOM_EYE": null, "BOM_POS_FL": null, "BOM_PRS_FL": null, "NAD_LAT": null, "NAD_LON": null, "NAD_CAT": null, "NAD_WIND": null, "NAD_PRES": null, "WEL_LAT": null, "WEL_LON": null, "WEL_WIND": null, "WEL_PRES": null, "DS8_LAT": null, "DS8_LON": null, "DS8_STAGE": null, "DS8_WIND": null, "DS8_PRES": null, "TD6_LAT": null, "TD6_LON": null, "TD6_STAGE": null, "TD6_WIND": null, "TD6_PRES": null, "TD5_LAT": null, "TD5_LON": null, "TD5_WIND": null, "TD5_PRES": null, "TD5_ROCI": null, "NEU_LAT": null, "NEU_LON": null, "NEU_CLASS": null, "NEU_WIND": null, "NEU_PRES": null, "MLC_LAT": null, "MLC_LON": null, "MLC_CLASS": null, "MLC_WIND": null, "MLC_PRES": null, "USA_GUST": null, "BOM_GUST": null, "BOM_GUSTP": null, "REU_GUST": null, "REU_GUSTP": null, "USA_SEAHGT": null, "USA_SEA_NE": null, "USA_SEA_SE": null, "USA_SEA_SW": null, "USA_SEA_NW": null, "STORM_SPD": 12, "STORM_DR": 330, "year": 2019, "month": 8, "day": 29, "hour": 9, "min": 0 }, "geometry": { "type": "LineString", "coordinates": [ [ -66.5999755859375, 20.5 ], [ -66.9000244140625, 21.0 ] ] } },
{ "type": "Feature", "properties": { "SID": "2019236N10314", "SEASON": 2019, "NUMBER": 53, "BASIN": "NA", "SUBBASIN": "NA", "NAME": "DORIAN", "ISO_TIME": "2019-08-29 12:00:00", "NATURE": "TS", "LAT": 21.0, "LON": -66.9, "WMO_WIND": 75.0, "WMO_PRES": 986.0, "WMO_AGENCY": "hurdat_atl", "TRACK_TYPE": "main", "DIST2LAND": 290, "LANDFALL": 290, "IFLAG": "O______________", "USA_AGENCY": "hurdat_atl", "USA_ATCFID": "AL052019", "USA_LAT": 21.0, "USA_LON": -66.9, "USA_RECORD": null, "USA_STATUS": "HU", "USA_WIND": 75.0, "USA_PRES": 986.0, "USA_SSHS": 1, "USA_R34_NE": 80.0, "USA_R34_SE": 50.0, "USA_R34_SW": 30.0, "USA_R34_NW": 60.0, "USA_R50_NE": 30.0, "USA_R50_SE": 30.0, "USA_R50_SW": 10.0, "USA_R50_NW": 20.0, "USA_R64_NE": 15.0, "USA_R64_SE": 0.0, "USA_R64_SW": 0.0, "USA_R64_NW": 10.0, "USA_POCI": 1012.0, "USA_ROCI": 120.0, "USA_RMW": 15.0, "USA_EYE": null, "TOK_LAT": null, "TOK_LON": null, "TOK_GRADE": null, "TOK_WIND": null, "TOK_PRES": null, "TOK_R50_DR": null, "TOK_R50_L": null, "TOK_R50_S": null, "TOK_R30_DR": null, "TOK_R30_L": null, "TOK_R30_S": null, "TOK_LAND": null, "CMA_LAT": null, "CMA_LON": null, "CMA_CAT": null, "CMA_WIND": null, "CMA_PRES": null, "HKO_LAT": null, "HKO_LON": null, "HKO_CAT": null, "HKO_WIND": null, "HKO_PRES": null, "KMA_LAT": null, "KMA_LON": null, "KMA_CAT": null, "KMA_WIND": null, "KMA_PRES": null, "KMA_R50_DR": null, "KMA_R50_L": null, "KMA_R50_S": null, "KMA_R30_DR": null, "KMA_R30_L": null, "KMA_R30_S": null, "NEW_LAT": null, "NEW_LON": null, "NEW_GRADE": null, "NEW_WIND": null, "NEW_PRES": null, "NEW_CI": -999.9, "NEW_DP": null, "NEW_POCI": null, "REU_LAT": null, "REU_LON": null, "REU_TYPE": null, "REU_WIND": null, "REU_PRES": null, "REU_TNUM": -999.9, "REU_CI": -999.9, "REU_RMW": null, "REU_R34_NE": null, "REU_R34_SE": null, "REU_R34_SW": null, "REU_R34_NW": null, "REU_R50_NE": null, "REU_R50_SE": null, "REU_R50_SW": null, "REU_R50_NW": null, "REU_R64_NE": null, "REU_R64_SE": null, "REU_R64_SW": null, "REU_R64_NW": null, "BOM_LAT": null, "BOM_LON": null, "BOM_TYPE": null, "BOM_WIND": null, "BOM_PRES": null, "BOM_TNUM": -999.9, "BOM_CI": -999.9, "BOM_RMW": null, "BOM_R34_NE": null, "BOM_R34_SE": null, "BOM_R34_SW": null, "BOM_R34_NW": null, "BOM_R50_NE": null, "BOM_R50_SE": null, "BOM_R50_SW": null, "BOM_R50_NW": null, "BOM_R64_NE": null, "BOM_R64_SE": null, "BOM_R64_SW": null, "BOM_R64_NW": null, "BOM_ROCI": null, "BOM_POCI": null, "BOM_EYE": null, "BOM_POS_FL": null, "BOM_PRS_FL": null, "NAD_LAT": null, "NAD_LON": null, "NAD_CAT": null, "NAD_WIND": null, "NAD_PRES": null, "WEL_LAT": null, "WEL_LON": null, "WEL_WIND": null, "WEL_PRES": null, "DS8_LAT": null, "DS8_LON": null, "DS8_STAGE": null, "DS8_WIND": null, "DS8_PRES": null, "TD6_LAT": null, "TD6_LON": null, "TD6_STAGE": null, "TD6_WIND": null, "TD6_PRES": null, "TD5_LAT": null, "TD5_LON": null, "TD5_WIND": null, "TD5_PRES": null, "TD5_ROCI": null, "NEU_LAT": null, "NEU_LON": null, "NEU_CLASS": null, "NEU_WIND": null, "NEU_PRES": null, "MLC_LAT": null, "MLC_LON": null, "MLC_CLASS": null, "MLC_WIND": null, "MLC_PRES": null, "USA_GUST": 90.0, "BOM_GUST": null, "BOM_GUSTP": null, "REU_GUST": null, "REU_GUSTP": null, "USA_SEAHGT": null, "USA_SEA_NE": null, "USA_SEA_SE": null, "USA_SEA_SW": null, "USA_SEA_NW": null, "STORM_SPD": 12, "STORM_DR": 335, "year": 2019, "month": 8, "day": 29, "hour": 12, "min": 0 }, "geometry": { "type": "LineString", "coordinates": [ [ -66.9000244140625, 21.0 ], [ -67.199951171875, 21.5 ] ] } },
{ "type": "Feature", "properties": { "SID": "2019236N10314", "SEASON": 2019, "NUMBER": 53, "BASIN": "NA", "SUBBASIN": "NA", "NAME": "DORIAN", "ISO_TIME": "2019-08-29 15:00:00", "NATURE": "TS", "LAT": 21.5, "LON": -67.2, "WMO_WIND": 0.0, "WMO_PRES": null, "WMO_AGENCY": null, "TRACK_TYPE": "main", "DIST2LAND": 329, "LANDFALL": 329, "IFLAG": "P______________", "USA_AGENCY": null, "USA_ATCFID": "AL052019", "USA_LAT": 21.5, "USA_LON": -67.2, "USA_RECORD": null, "USA_STATUS": "HU", "USA_WIND": 75.0, "USA_PRES": 985.0, "USA_SSHS": 1, "USA_R34_NE": 80.0, "USA_R34_SE": 55.0, "USA_R34_SW": 35.0, "USA_R34_NW": 60.0, "USA_R50_NE": 30.0, "USA_R50_SE": 30.0, "USA_R50_SW": 15.0, "USA_R50_NW": 25.0, "USA_R64_NE": 15.0, "USA_R64_SE": 8.0, "USA_R64_SW": 0.0, "USA_R64_NW": 10.0, "USA_POCI": 1012.0, "USA_ROCI": 120.0, "USA_RMW": 15.0, "USA_EYE": null, "TOK_LAT": null, "TOK_LON": null, "TOK_GRADE": null, "TOK_WIND": null, "TOK_PRES": null, "TOK_R50_DR": null, "TOK_R50_L": null, "TOK_R50_S": null, "TOK_R30_DR": null, "TOK_R30_L": null, "TOK_R30_S": null, "TOK_LAND": null, "CMA_LAT": null, "CMA_LON": null, "CMA_CAT": null, "CMA_WIND": null, "CMA_PRES": null, "HKO_LAT": null, "HKO_LON": null, "HKO_CAT": null, "HKO_WIND": null, "HKO_PRES": null, "KMA_LAT": null, "KMA_LON": null, "KMA_CAT": null, "KMA_WIND": null, "KMA_PRES": null, "KMA_R50_DR": null, "KMA_R50_L": null, "KMA_R50_S": null, "KMA_R30_DR": null, "KMA_R30_L": null, "KMA_R30_S": null, "NEW_LAT": null, "NEW_LON": null, "NEW_GRADE": null, "NEW_WIND": null, "NEW_PRES": null, "NEW_CI": -999.9, "NEW_DP": null, "NEW_POCI": null, "REU_LAT": null, "REU_LON": null, "REU_TYPE": null, "REU_WIND": null, "REU_PRES": null, "REU_TNUM": -999.9, "REU_CI": -999.9, "REU_RMW": null, "REU_R34_NE": null, "REU_R34_SE": null, "REU_R34_SW": null, "REU_R34_NW": null, "REU_R50_NE": null, "REU_R50_SE": null, "REU_R50_SW": null, "REU_R50_NW": null, "REU_R64_NE": null, "REU_R64_SE": null, "REU_R64_SW": null, "REU_R64_NW": null, "BOM_LAT": null, "BOM_LON": null, "BOM_TYPE": null, "BOM_WIND": null, "BOM_PRES": null, "BOM_TNUM": -999.9, "BOM_CI": -999.9, "BOM_RMW": null, "BOM_R34_NE": null, "BOM_R34_SE": null, "BOM_R34_SW": null, "BOM_R34_NW": null, "BOM_R50_NE": null, "BOM_R50_SE": null, "BOM_R50_SW": null, "BOM_R50_NW": null, "BOM_R64_NE": null, "BOM_R64_SE": null, "BOM_R64_SW": null, "BOM_R64_NW": null, "BOM_ROCI": null, "BOM_POCI": null, "BOM_EYE": null, "BOM_POS_FL": null, "BOM_PRS_FL": null, "NAD_LAT": null, "NAD_LON": null, "NAD_CAT": null, "NAD_WIND": null, "NAD_PRES": null, "WEL_LAT": null, "WEL_LON": null, "WEL_WIND": null, "WEL_PRES": null, "DS8_LAT": null, "DS8_LON": null, "DS8_STAGE": null, "DS8_WIND": null, "DS8_PRES": null, "TD6_LAT": null, "TD6_LON": null, "TD6_STAGE": null, "TD6_WIND": null, "TD6_PRES": null, "TD5_LAT": null, "TD5_LON": null, "TD5_WIND": null, "TD5_PRES": null, "TD5_ROCI": null, "NEU_LAT": null, "NEU_LON": null, "NEU_CLASS": null, "NEU_WIND": null, "NEU_PRES": null, "MLC_LAT": null, "MLC_LON": null, "MLC_CLASS": null, "MLC_WIND": null, "MLC_PRES": null, "USA_GUST": null, "BOM_GUST": null, "BOM_GUSTP": null, "REU_GUST": null, "REU_GUSTP": null, "USA_SEAHGT": null, "USA_SEA_NE": null, "USA_SEA_SE": null, "USA_SEA_SW": null, "USA_SEA_NW": null, "STORM_SPD": 11, "STORM_DR": 335, "year": 2019, "month": 8, "day": 29, "hour": 15, "min": 0 }, "geometry": { "type": "LineString", "coordinates": [ [ -67.199951171875, 21.5 ], [ -67.4000244140625, 22.0 ] ] } },
{ "type": "Feature", "properties": { "SID": "2019236N10314", "SEASON": 2019, "NUMBER": 53, "BASIN": "NA", "SUBBASIN": "NA", "NAME": "DORIAN", "ISO_TIME": "2019-08-29 18:00:00", "NATURE": "TS", "LAT": 22.0, "LON": -67.4, "WMO_WIND": 75.0, "WMO_PRES": 983.0, "WMO_AGENCY": "hurdat_atl", "TRACK_TYPE": "main", "DIST2LAND": 360, "LANDFALL": 360, "IFLAG": "O______________", "USA_AGENCY": "hurdat_atl", "USA_ATCFID": "AL052019", "USA_LAT": 22.0, "USA_LON": -67.4, "USA_RECORD": null, "USA_STATUS": "HU", "USA_WIND": 75.0, "USA_PRES": 983.0, "USA_SSHS": 1, "USA_R34_NE": 80.0, "USA_R34_SE": 60.0, "USA_R34_SW": 40.0, "USA_R34_NW": 60.0, "USA_R50_NE": 30.0, "USA_R50_SE": 30.0, "USA_R50_SW": 20.0, "USA_R50_NW": 30.0, "USA_R64_NE": 15.0, "USA_R64_SE": 15.0, "USA_R64_SW": 0.0, "USA_R64_NW": 10.0, "USA_POCI": 1012.0, "USA_ROCI": 120.0, "USA_RMW": 15.0, "USA_EYE": null, "TOK_LAT": null, "TOK_LON": null, "TOK_GRADE": null, "TOK_WIND": null, "TOK_PRES": null, "TOK_R50_DR": null, "TOK_R50_L": null, "TOK_R50_S": null, "TOK_R30_DR": null, "TOK_R30_L": null, "TOK_R30_S": null, "TOK_LAND": null, "CMA_LAT": null, "CMA_LON": null, "CMA_CAT": null, "CMA_WIND": null, "CMA_PRES": null, "HKO_LAT": null, "HKO_LON": null, "HKO_CAT": null, "HKO_WIND": null, "HKO_PRES": null, "KMA_LAT": null, "KMA_LON": null, "KMA_CAT": null, "KMA_WIND": null, "KMA_PRES": null, "KMA_R50_DR": null, "KMA_R50_L": null, "KMA_R50_S": null, "KMA_R30_DR": null, "KMA_R30_L": null, "KMA_R30_S": null, "NEW_LAT": null, "NEW_LON": null, "NEW_GRADE": null, "NEW_WIND": null, "NEW_PRES": null, "NEW_CI": -999.9, "NEW_DP": null, "NEW_POCI": null, "REU_LAT": null, "REU_LON": null, "REU_TYPE": null, "REU_WIND": null, "REU_PRES": null, "REU_TNUM": -999.9, "REU_CI": -999.9, "REU_RMW": null, "REU_R34_NE": null, "REU_R34_SE": null, "REU_R34_SW": null, "REU_R34_NW": null, "REU_R50_NE": null, "REU_R50_SE": null, "REU_R50_SW": null, "REU_R50_NW": null, "REU_R64_NE": null, "REU_R64_SE": null, "REU_R64_SW": null, "REU_R64_NW": null, "BOM_LAT": null, "BOM_LON": null, "BOM_TYPE": null, "BOM_WIND": null, "BOM_PRES": null, "BOM_TNUM": -999.9, "BOM_CI": -999.9, "BOM_RMW": null, "BOM_R34_NE": null, "BOM_R34_SE": null, "BOM_R34_SW": null, "BOM_R34_NW": null, "BOM_R50_NE": null, "BOM_R50_SE": null, "BOM_R50_SW": null, "BOM_R50_NW": null, "BOM_R64_NE": null, "BOM_R64_SE": null, "BOM_R64_SW": null, "BOM_R64_NW": null, "BOM_ROCI": null, "BOM_POCI": null, "BOM_EYE": null, "BOM_POS_FL": null, "BOM_PRS_FL": null, "NAD_LAT": null, "NAD_LON": null, "NAD_CAT": null, "NAD_WIND": null, "NAD_PRES": null, "WEL_LAT": null, "WEL_LON": null, "WEL_WIND": null, "WEL_PRES": null, "DS8_LAT": null, "DS8_LON": null, "DS8_STAGE": null, "DS8_WIND": null, "DS8_PRES": null, "TD6_LAT": null, "TD6_LON": null, "TD6_STAGE": null, "TD6_WIND": null, "TD6_PRES": null, "TD5_LAT": null, "TD5_LON": null, "TD5_WIND": null, "TD5_PRES": null, "TD5_ROCI": null, "NEU_LAT": null, "NEU_LON": null, "NEU_CLASS": null, "NEU_WIND": null, "NEU_PRES": null, "MLC_LAT": null, "MLC_LON": null, "MLC_CLASS": null, "MLC_WIND": null, "MLC_PRES": null, "USA_GUST": 90.0, "BOM_GUST": null, "BOM_GUSTP": null, "REU_GUST": null, "REU_GUSTP": null, "USA_SEAHGT": 12.0, "USA_SEA_NE": 60.0, "USA_SEA_SE": 45.0, "USA_SEA_SW": 15.0, "USA_SEA_NW": 45.0, "STORM_SPD": 10, "STORM_DR": 330, "year": 2019, "month": 8, "day": 29, "hour": 18, "min": 0 }, "geometry": { "type": "LineString", "coordinates": [ [ -67.4000244140625, 22.0 ], [ -67.699951171875, 22.399999618530273 ] ] } },
{ "type": "Feature", "properties": { "SID": "2019236N10314", "SEASON": 2019, "NUMBER": 53, "BASIN": "NA", "SUBBASIN": "NA", "NAME": "DORIAN", "ISO_TIME": "2019-08-29 21:00:00", "NATURE": "TS", "LAT": 22.4, "LON": -67.7, "WMO_WIND": 0.0, "WMO_PRES": null, "WMO_AGENCY": null, "TRACK_TYPE": "main", "DIST2LAND": 384, "LANDFALL": 384, "IFLAG": "P______________", "USA_AGENCY": null, "USA_ATCFID": "AL052019", "USA_LAT": 22.4, "USA_LON": -67.7, "USA_RECORD": null, "USA_STATUS": "HU", "USA_WIND": 78.0, "USA_PRES": 981.0, "USA_SSHS": 1, "USA_R34_NE": 80.0, "USA_R34_SE": 60.0, "USA_R34_SW": 40.0, "USA_R34_NW": 60.0, "USA_R50_NE": 35.0, "USA_R50_SE": 35.0, "USA_R50_SW": 20.0, "USA_R50_NW": 30.0, "USA_R64_NE": 18.0, "USA_R64_SE": 15.0, "USA_R64_SW": 5.0, "USA_R64_NW": 10.0, "USA_POCI": 1012.0, "USA_ROCI": 120.0, "USA_RMW": 13.0, "USA_EYE": null, "TOK_LAT": null, "TOK_LON": null, "TOK_GRADE": null, "TOK_WIND": null, "TOK_PRES": null, "TOK_R50_DR": null, "TOK_R50_L": null, "TOK_R50_S": null, "TOK_R30_DR": null, "TOK_R30_L": null, "TOK_R30_S": null, "TOK_LAND": null, "CMA_LAT": null, "CMA_LON": null, "CMA_CAT": null, "CMA_WIND": null, "CMA_PRES": null, "HKO_LAT": null, "HKO_LON": null, "HKO_CAT": null, "HKO_WIND": null, "HKO_PRES": null, "KMA_LAT": null, "KMA_LON": null, "KMA_CAT": null, "KMA_WIND": null, "KMA_PRES": null, "KMA_R50_DR": null, "KMA_R50_L": null, "KMA_R50_S": null, "KMA_R30_DR": null, "KMA_R30_L": null, "KMA_R30_S": null, "NEW_LAT": null, "NEW_LON": null, "NEW_GRADE": null, "NEW_WIND": null, "NEW_PRES": null, "NEW_CI": -999.9, "NEW_DP": null, "NEW_POCI": null, "REU_LAT": null, "REU_LON": null, "REU_TYPE": null, "REU_WIND": null, "REU_PRES": null, "REU_TNUM": -999.9, "REU_CI": -999.9, "REU_RMW": null, "REU_R34_NE": null, "REU_R34_SE": null, "REU_R34_SW": null, "REU_R34_NW": null, "REU_R50_NE": null, "REU_R50_SE": null, "REU_R50_SW": null, "REU_R50_NW": null, "REU_R64_NE": null, "REU_R64_SE": null, "REU_R64_SW": null, "REU_R64_NW": null, "BOM_LAT": null, "BOM_LON": null, "BOM_TYPE": null, "BOM_WIND": null, "BOM_PRES": null, "BOM_TNUM": -999.9, "BOM_CI": -999.9, "BOM_RMW": null, "BOM_R34_NE": null, "BOM_R34_SE": null, "BOM_R34_SW": null, "BOM_R34_NW": null, "BOM_R50_NE": null, "BOM_R50_SE": null, "BOM_R50_SW": null, "BOM_R50_NW": null, "BOM_R64_NE": null, "BOM_R64_SE": null, "BOM_R64_SW": null, "BOM_R64_NW": null, "BOM_ROCI": null, "BOM_POCI": null, "BOM_EYE": null, "BOM_POS_FL": null, "BOM_PRS_FL": null, "NAD_LAT": null, "NAD_LON": null, "NAD_CAT": null, "NAD_WIND": null, "NAD_PRES": null, "WEL_LAT": null, "WEL_LON": null, "WEL_WIND": null, "WEL_PRES": null, "DS8_LAT": null, "DS8_LON": null, "DS8_STAGE": null, "DS8_WIND": null, "DS8_PRES": null, "TD6_LAT": null, "TD6_LON": null, "TD6_STAGE": null, "TD6_WIND": null, "TD6_PRES": null, "TD5_LAT": null, "TD5_LON": null, "TD5_WIND": null, "TD5_PRES": null, "TD5_ROCI": null, "NEU_LAT": null, "NEU_LON": null, "NEU_CLASS": null, "NEU_WIND": null, "NEU_PRES": null, "MLC_LAT": null, "MLC_LON": null, "MLC_CLASS": null, "MLC_WIND": null, "MLC_PRES": null, "USA_GUST": null, "BOM_GUST": null, "BOM_GUSTP": null, "REU_GUST": null, "REU_GUSTP": null, "USA_SEAHGT": 12.0, "USA_SEA_NE": 60.0, "USA_SEA_SE": 45.0, "USA_SEA_SW": 15.0, "USA_SEA_NW": 45.0, "STORM_SPD": 10, "STORM_DR": 325, "year": 2019, "month": 8, "day": 29, "hour": 21, "min": 0 }, "geometry": { "type": "LineString", "coordinates": [ [ -67.699951171875, 22.399999618530273 ], [ -68.0, 22.799999237060547 ] ] } },
{ "type": "Feature", "properties": { "SID": "2019236N10314", "SEASON": 2019, "NUMBER": 53, "BASIN": "NA", "SUBBASIN": "NA", "NAME": "DORIAN", "ISO_TIME": "2019-08-30 00:00:00", "NATURE": "TS", "LAT": 22.8, "LON": -68.0, "WMO_WIND": 80.0, "WMO_PRES": 978.0, "WMO_AGENCY": "hurdat_atl", "TRACK_TYPE": "main", "DIST2LAND": 413, "LANDFALL": 413, "IFLAG": "O______________", "USA_AGENCY": "hurdat_atl", "USA_ATCFID": "AL052019", "USA_LAT": 22.8, "USA_LON": -68.0, "USA_RECORD": null, "USA_STATUS": "HU", "USA_WIND": 80.0, "USA_PRES": 978.0, "USA_SSHS": 1, "USA_R34_NE": 80.0, "USA_R34_SE": 60.0, "USA_R34_SW": 40.0, "USA_R34_NW": 60.0, "USA_R50_NE": 40.0, "USA_R50_SE": 40.0, "USA_R50_SW": 20.0, "USA_R50_NW": 30.0, "USA_R64_NE": 20.0, "USA_R64_SE": 15.0, "USA_R64_SW": 10.0, "USA_R64_NW": 10.0, "USA_POCI": 1012.0, "USA_ROCI": 120.0, "USA_RMW": 10.0, "USA_EYE": 15.0, "TOK_LAT": null, "TOK_LON": null, "TOK_GRADE": null, "TOK_WIND": null, "TOK_PRES": null, "TOK_R50_DR": null, "TOK_R50_L": null, "TOK_R50_S": null, "TOK_R30_DR": null, "TOK_R30_L": null, "TOK_R30_S": null, "TOK_LAND": null, "CMA_LAT": null, "CMA_LON": null, "CMA_CAT": null, "CMA_WIND": null, "CMA_PRES": null, "HKO_LAT": null, "HKO_LON": null, "HKO_CAT": null, "HKO_WIND": null, "HKO_PRES": null, "KMA_LAT": null, "KMA_LON": null, "KMA_CAT": null, "KMA_WIND": null, "KMA_PRES": null, "KMA_R50_DR": null, "KMA_R50_L": null, "KMA_R50_S": null, "KMA_R30_DR": null, "KMA_R30_L": null, "KMA_R30_S": null, "NEW_LAT": null, "NEW_LON": null, "NEW_GRADE": null, "NEW_WIND": null, "NEW_PRES": null, "NEW_CI": -999.9, "NEW_DP": null, "NEW_POCI": null, "REU_LAT": null, "REU_LON": null, "REU_TYPE": null, "REU_WIND": null, "REU_PRES": null, "REU_TNUM": -999.9, "REU_CI": -999.9, "REU_RMW": null, "REU_R34_NE": null, "REU_R34_SE": null, "REU_R34_SW": null, "REU_R34_NW": null, "REU_R50_NE": null, "REU_R50_SE": null, "REU_R50_SW": null, "REU_R50_NW": null, "REU_R64_NE": null, "REU_R64_SE": null, "REU_R64_SW": null, "REU_R64_NW": null, "BOM_LAT": null, "BOM_LON": null, "BOM_TYPE": null, "BOM_WIND": null, "BOM_PRES": null, "BOM_TNUM": -999.9, "BOM_CI": -999.9, "BOM_RMW": null, "BOM_R34_NE": null, "BOM_R34_SE": null, "BOM_R34_SW": null, "BOM_R34_NW": null, "BOM_R50_NE": null, "BOM_R50_SE": null, "BOM_R50_SW": null, "BOM_R50_NW": null, "BOM_R64_NE": null, "BOM_R64_SE": null, "BOM_R64_SW": null, "BOM_R64_NW": null, "BOM_ROCI": null, "BOM_POCI": null, "BOM_EYE": null, "BOM_POS_FL": null, "BOM_PRS_FL": null, "NAD_LAT": null, "NAD_LON": null, "NAD_CAT": null, "NAD_WIND": null, "NAD_PRES": null, "WEL_LAT": null, "WEL_LON": null, "WEL_WIND": null, "WEL_PRES": null, "DS8_LAT": null, "DS8_LON": null, "DS8_STAGE": null, "DS8_WIND": null, "DS8_PRES": null, "TD6_LAT": null, "TD6_LON": null, "TD6_STAGE": null, "TD6_WIND": null, "TD6_PRES": null, "TD5_LAT": null, "TD5_LON": null, "TD5_WIND": null, "TD5_PRES": null, "TD5_ROCI": null, "NEU_LAT": null, "NEU_LON": null, "NEU_CLASS": null, "NEU_WIND": null, "NEU_PRES": null, "MLC_LAT": null, "MLC_LON": null, "MLC_CLASS": null, "MLC_WIND": null, "MLC_PRES": null, "USA_GUST": 100.0, "BOM_GUST": null, "BOM_GUSTP": null, "REU_GUST": null, "REU_GUSTP": null, "USA_SEAHGT": 12.0, "USA_SEA_NE": 60.0, "USA_SEA_SE": 45.0, "USA_SEA_SW": 15.0, "USA_SEA_NW": 45.0, "STORM_SPD": 10, "STORM_DR": 320, "year": 2019, "month": 8, "day": 30, "hour": 0, "min": 0 }, "geometry": { "type": "LineString", "coordinates": [ [ -68.0, 22.799999237060547 ], [ -68.4000244140625, 23.200000762939453 ] ] } },
{ "type": "Feature", "properties": { "SID": "2019236N10314", "SEASON": 2019, "NUMBER": 53, "BASIN": "NA", "SUBBASIN": "NA", "NAME": "DORIAN", "ISO_TIME": "2019-08-30 03:00:00", "NATURE": "TS", "LAT": 23.2, "LON": -68.4, "WMO_WIND": 0.0, "WMO_PRES": null, "WMO_AGENCY": null, "TRACK_TYPE": "main", "DIST2LAND": 435, "LANDFALL": 431, "IFLAG": "P______________", "USA_AGENCY": null, "USA_ATCFID": "AL052019", "USA_LAT": 23.2, "USA_LON": -68.4, "USA_RECORD": null, "USA_STATUS": "HU", "USA_WIND": 85.0, "USA_PRES": 978.0, "USA_SSHS": 2, "USA_R34_NE": 85.0, "USA_R34_SE": 65.0, "USA_R34_SW": 45.0, "USA_R34_NW": 65.0, "USA_R50_NE": 40.0, "USA_R50_SE": 40.0, "USA_R50_SW": 25.0, "USA_R50_NW": 30.0, "USA_R64_NE": 20.0, "USA_R64_SE": 15.0, "USA_R64_SW": 10.0, "USA_R64_NW": 13.0, "USA_POCI": 1012.0, "USA_ROCI": 120.0, "USA_RMW": 10.0, "USA_EYE": null, "TOK_LAT": null, "TOK_LON": null, "TOK_GRADE": null, "TOK_WIND": null, "TOK_PRES": null, "TOK_R50_DR": null, "TOK_R50_L": null, "TOK_R50_S": null, "TOK_R30_DR": null, "TOK_R30_L": null, "TOK_R30_S": null, "TOK_LAND": null, "CMA_LAT": null, "CMA_LON": null, "CMA_CAT": null, "CMA_WIND": null, "CMA_PRES": null, "HKO_LAT": null, "HKO_LON": null, "HKO_CAT": null, "HKO_WIND": null, "HKO_PRES": null, "KMA_LAT": null, "KMA_LON": null, "KMA_CAT": null, "KMA_WIND": null, "KMA_PRES": null, "KMA_R50_DR": null, "KMA_R50_L": null, "KMA_R50_S": null, "KMA_R30_DR": null, "KMA_R30_L": null, "KMA_R30_S": null, "NEW_LAT": null, "NEW_LON": null, "NEW_GRADE": null, "NEW_WIND": null, "NEW_PRES": null, "NEW_CI": -999.9, "NEW_DP": null, "NEW_POCI": null, "REU_LAT": null, "REU_LON": null, "REU_TYPE": null, "REU_WIND": null, "REU_PRES": null, "REU_TNUM": -999.9, "REU_CI": -999.9, "REU_RMW": null, "REU_R34_NE": null, "REU_R34_SE": null, "REU_R34_SW": null, "REU_R34_NW": null, "REU_R50_NE": null, "REU_R50_SE": null, "REU_R50_SW": null, "REU_R50_NW": null, "REU_R64_NE": null, "REU_R64_SE": null, "REU_R64_SW": null, "REU_R64_NW": null, "BOM_LAT": null, "BOM_LON": null, "BOM_TYPE": null, "BOM_WIND": null, "BOM_PRES": null, "BOM_TNUM": -999.9, "BOM_CI": -999.9, "BOM_RMW": null, "BOM_R34_NE": null, "BOM_R34_SE": null, "BOM_R34_SW": null, "BOM_R34_NW": null, "BOM_R50_NE": null, "BOM_R50_SE": null, "BOM_R50_SW": null, "BOM_R50_NW": null, "BOM_R64_NE": null, "BOM_R64_SE": null, "BOM_R64_SW": null, "BOM_R64_NW": null, "BOM_ROCI": null, "BOM_POCI": null, "BOM_EYE": null, "BOM_POS_FL": null, "BOM_PRS_FL": null, "NAD_LAT": null, "NAD_LON": null, "NAD_CAT": null, "NAD_WIND": null, "NAD_PRES": null, "WEL_LAT": null, "WEL_LON": null, "WEL_WIND": null, "WEL_PRES": null, "DS8_LAT": null, "DS8_LON": null, "DS8_STAGE": null, "DS8_WIND": null, "DS8_PRES": null, "TD6_LAT": null, "TD6_LON": null, "TD6_STAGE": null, "TD6_WIND": null, "TD6_PRES": null, "TD5_LAT": null, "TD5_LON": null, "TD5_WIND": null, "TD5_PRES": null, "TD5_ROCI": null, "NEU_LAT": null, "NEU_LON": null, "NEU_CLASS": null, "NEU_WIND": null, "NEU_PRES": null, "MLC_LAT": null, "MLC_LON": null, "MLC_CLASS": null, "MLC_WIND": null, "MLC_PRES": null, "USA_GUST": null, "BOM_GUST": null, "BOM_GUSTP": null, "REU_GUST": null, "REU_GUSTP": null, "USA_SEAHGT": null, "USA_SEA_NE": null, "USA_SEA_SE": null, "USA_SEA_SW": null, "USA_SEA_NW": null, "STORM_SPD": 10, "STORM_DR": 315, "year": 2019, "month": 8, "day": 30, "hour": 3, "min": 0 }, "geometry": { "type": "LineString", "coordinates": [ [ -68.4000244140625, 23.200000762939453 ], [ -68.800048828125, 23.5 ] ] } },
{ "type": "Feature", "properties": { "SID": "2019236N10314", "SEASON": 2019, "NUMBER": 53, "BASIN": "NA", "SUBBASIN": "NA", "NAME": "DORIAN", "ISO_TIME": "2019-08-30 06:00:00", "NATURE": "TS", "LAT": 23.5, "LON": -68.8, "WMO_WIND": 90.0, "WMO_PRES": 978.0, "WMO_AGENCY": "hurdat_atl", "TRACK_TYPE": "main", "DIST2LAND": 453, "LANDFALL": 453, "IFLAG": "O______________", "USA_AGENCY": "hurdat_atl", "USA_ATCFID": "AL052019", "USA_LAT": 23.5, "USA_LON": -68.8, "USA_RECORD": null, "USA_STATUS": "HU", "USA_WIND": 90.0, "USA_PRES": 978.0, "USA_SSHS": 2, "USA_R34_NE": 90.0, "USA_R34_SE": 70.0, "USA_R34_SW": 50.0, "USA_R34_NW": 70.0, "USA_R50_NE": 40.0, "USA_R50_SE": 40.0, "USA_R50_SW": 30.0, "USA_R50_NW": 30.0, "USA_R64_NE": 20.0, "USA_R64_SE": 15.0, "USA_R64_SW": 10.0, "USA_R64_NW": 15.0, "USA_POCI": 1012.0, "USA_ROCI": 120.0, "USA_RMW": 10.0, "USA_EYE": null, "TOK_LAT": null, "TOK_LON": null, "TOK_GRADE": null, "TOK_WIND": null, "TOK_PRES": null, "TOK_R50_DR": null, "TOK_R50_L": null, "TOK_R50_S": null, "TOK_R30_DR": null, "TOK_R30_L": null, "TOK_R30_S": null, "TOK_LAND": null, "CMA_LAT": null, "CMA_LON": null, "CMA_CAT": null, "CMA_WIND": null, "CMA_PRES": null, "HKO_LAT": null, "HKO_LON": null, "HKO_CAT": null, "HKO_WIND": null, "HKO_PRES": null, "KMA_LAT": null, "KMA_LON": null, "KMA_CAT": null, "KMA_WIND": null, "KMA_PRES": null, "KMA_R50_DR": null, "KMA_R50_L": null, "KMA_R50_S": null, "KMA_R30_DR": null, "KMA_R30_L": null, "KMA_R30_S": null, "NEW_LAT": null, "NEW_LON": null, "NEW_GRADE": null, "NEW_WIND": null, "NEW_PRES": null, "NEW_CI": -999.9, "NEW_DP": null, "NEW_POCI": null, "REU_LAT": null, "REU_LON": null, "REU_TYPE": null, "REU_WIND": null, "REU_PRES": null, "REU_TNUM": -999.9, "REU_CI": -999.9, "REU_RMW": null, "REU_R34_NE": null, "REU_R34_SE": null, "REU_R34_SW": null, "REU_R34_NW": null, "REU_R50_NE": null, "REU_R50_SE": null, "REU_R50_SW": null, "REU_R50_NW": null, "REU_R64_NE": null, "REU_R64_SE": null, "REU_R64_SW": null, "REU_R64_NW": null, "BOM_LAT": null, "BOM_LON": null, "BOM_TYPE": null, "BOM_WIND": null, "BOM_PRES": null, "BOM_TNUM": -999.9, "BOM_CI": -999.9, "BOM_RMW": null, "BOM_R34_NE": null, "BOM_R34_SE": null, "BOM_R34_SW": null, "BOM_R34_NW": null, "BOM_R50_NE": null, "BOM_R50_SE": null, "BOM_R50_SW": null, "BOM_R50_NW": null, "BOM_R64_NE": null, "BOM_R64_SE": null, "BOM_R64_SW": null, "BOM_R64_NW": null, "BOM_ROCI": null, "BOM_POCI": null, "BOM_EYE": null, "BOM_POS_FL": null, "BOM_PRS_FL": null, "NAD_LAT": null, "NAD_LON": null, "NAD_CAT": null, "NAD_WIND": null, "NAD_PRES": null, "WEL_LAT": null, "WEL_LON": null, "WEL_WIND": null, "WEL_PRES": null, "DS8_LAT": null, "DS8_LON": null, "DS8_STAGE": null, "DS8_WIND": null, "DS8_PRES": null, "TD6_LAT": null, "TD6_LON": null, "TD6_STAGE": null, "TD6_WIND": null, "TD6_PRES": null, "TD5_LAT": null, "TD5_LON": null, "TD5_WIND": null, "TD5_PRES": null, "TD5_ROCI": null, "NEU_LAT": null, "NEU_LON": null, "NEU_CLASS": null, "NEU_WIND": null, "NEU_PRES": null, "MLC_LAT": null, "MLC_LON": null, "MLC_CLASS": null, "MLC_WIND": null, "MLC_PRES": null, "USA_GUST": 110.0, "BOM_GUST": null, "BOM_GUSTP": null, "REU_GUST": null, "REU_GUSTP": null, "USA_SEAHGT": null, "USA_SEA_NE": null, "USA_SEA_SE": null, "USA_SEA_SW": null, "USA_SEA_NW": null, "STORM_SPD": 10, "STORM_DR": 320, "year": 2019, "month": 8, "day": 30, "hour": 6, "min": 0 }, "geometry": { "type": "LineString", "coordinates": [ [ -68.800048828125, 23.5 ], [ -69.199951171875, 23.899999618530273 ] ] } },
{ "type": "Feature", "properties": { "SID": "2019236N10314", "SEASON": 2019, "NUMBER": 53, "BASIN": "NA", "SUBBASIN": "NA", "NAME": "DORIAN", "ISO_TIME": "2019-08-30 09:00:00", "NATURE": "TS", "LAT": 23.9, "LON": -69.2, "WMO_WIND": 0.0, "WMO_PRES": null, "WMO_AGENCY": null, "TRACK_TYPE": "main", "DIST2LAND": 480, "LANDFALL": 480, "IFLAG": "P______________", "USA_AGENCY": null, "USA_ATCFID": "AL052019", "USA_LAT": 23.9, "USA_LON": -69.2, "USA_RECORD": null, "USA_STATUS": "HU", "USA_WIND": 93.0, "USA_PRES": 975.0, "USA_SSHS": 2, "USA_R34_NE": 90.0, "USA_R34_SE": 75.0, "USA_R34_SW": 50.0, "USA_R34_NW": 70.0, "USA_R50_NE": 40.0, "USA_R50_SE": 40.0, "USA_R50_SW": 30.0, "USA_R50_NW": 30.0, "USA_R64_NE": 20.0, "USA_R64_SE": 15.0, "USA_R64_SW": 10.0, "USA_R64_NW": 15.0, "USA_POCI": 1012.0, "USA_ROCI": 120.0, "USA_RMW": 10.0, "USA_EYE": null, "TOK_LAT": null, "TOK_LON": null, "TOK_GRADE": null, "TOK_WIND": null, "TOK_PRES": null, "TOK_R50_DR": null, "TOK_R50_L": null, "TOK_R50_S": null, "TOK_R30_DR": null, "TOK_R30_L": null, "TOK_R30_S": null, "TOK_LAND": null, "CMA_LAT": null, "CMA_LON": null, "CMA_CAT": null, "CMA_WIND": null, "CMA_PRES": null, "HKO_LAT": null, "HKO_LON": null, "HKO_CAT": null, "HKO_WIND": null, "HKO_PRES": null, "KMA_LAT": null, "KMA_LON": null, "KMA_CAT": null, "KMA_WIND": null, "KMA_PRES": null, "KMA_R50_DR": null, "KMA_R50_L": null, "KMA_R50_S": null, "KMA_R30_DR": null, "KMA_R30_L": null, "KMA_R30_S": null, "NEW_LAT": null, "NEW_LON": null, "NEW_GRADE": null, "NEW_WIND": null, "NEW_PRES": null, "NEW_CI": -999.9, "NEW_DP": null, "NEW_POCI": null, "REU_LAT": null, "REU_LON": null, "REU_TYPE": null, "REU_WIND": null, "REU_PRES": null, "REU_TNUM": -999.9, "REU_CI": -999.9, "REU_RMW": null, "REU_R34_NE": null, "REU_R34_SE": null, "REU_R34_SW": null, "REU_R34_NW": null, "REU_R50_NE": null, "REU_R50_SE": null, "REU_R50_SW": null, "REU_R50_NW": null, "REU_R64_NE": null, "REU_R64_SE": null, "REU_R64_SW": null, "REU_R64_NW": null, "BOM_LAT": null, "BOM_LON": null, "BOM_TYPE": null, "BOM_WIND": null, "BOM_PRES": null, "BOM_TNUM": -999.9, "BOM_CI": -999.9, "BOM_RMW": null, "BOM_R34_NE": null, "BOM_R34_SE": null, "BOM_R34_SW": null, "BOM_R34_NW": null, "BOM_R50_NE": null, "BOM_R50_SE": null, "BOM_R50_SW": null, "BOM_R50_NW": null, "BOM_R64_NE": null, "BOM_R64_SE": null, "BOM_R64_SW": null, "BOM_R64_NW": null, "BOM_ROCI": null, "BOM_POCI": null, "BOM_EYE": null, "BOM_POS_FL": null, "BOM_PRS_FL": null, "NAD_LAT": null, "NAD_LON": null, "NAD_CAT": null, "NAD_WIND": null, "NAD_PRES": null, "WEL_LAT": null, "WEL_LON": null, "WEL_WIND": null, "WEL_PRES": null, "DS8_LAT": null, "DS8_LON": null, "DS8_STAGE": null, "DS8_WIND": null, "DS8_PRES": null, "TD6_LAT": null, "TD6_LON": null, "TD6_STAGE": null, "TD6_WIND": null, "TD6_PRES": null, "TD5_LAT": null, "TD5_LON": null, "TD5_WIND": null, "TD5_PRES": null, "TD5_ROCI": null, "NEU_LAT": null, "NEU_LON": null, "NEU_CLASS": null, "NEU_WIND": null, "NEU_PRES": null, "MLC_LAT": null, "MLC_LON": null, "MLC_CLASS": null, "MLC_WIND": null, "MLC_PRES": null, "USA_GUST": null, "BOM_GUST": null, "BOM_GUSTP": null, "REU_GUST": null, "REU_GUSTP": null, "USA_SEAHGT": null, "USA_SEA_NE": null, "USA_SEA_SE": null, "USA_SEA_SW": null, "USA_SEA_NW": null, "STORM_SPD": 10, "STORM_DR": 320, "year": 2019, "month": 8, "day": 30, "hour": 9, "min": 0 }, "geometry": { "type": "LineString", "coordinates": [ [ -69.199951171875, 23.899999618530273 ], [ -69.5, 24.299999237060547 ] ] } },
{ "type": "Feature", "properties": { "SID": "2019236N10314", "SEASON": 2019, "NUMBER": 53, "BASIN": "NA", "SUBBASIN": "NA", "NAME": "DORIAN", "ISO_TIME": "2019-08-30 12:00:00", "NATURE": "TS", "LAT": 24.3, "LON": -69.5, "WMO_WIND": 95.0, "WMO_PRES": 972.0, "WMO_AGENCY": "hurdat_atl", "TRACK_TYPE": "main", "DIST2LAND": 498, "LANDFALL": 492, "IFLAG": "O______________", "USA_AGENCY": "hurdat_atl", "USA_ATCFID": "AL052019", "USA_LAT": 24.3, "USA_LON": -69.5, "USA_RECORD": null, "USA_STATUS": "HU", "USA_WIND": 95.0, "USA_PRES": 972.0, "USA_SSHS": 2, "USA_R34_NE": 90.0, "USA_R34_SE": 80.0, "USA_R34_SW": 50.0, "USA_R34_NW": 70.0, "USA_R50_NE": 40.0, "USA_R50_SE": 40.0, "USA_R50_SW": 30.0, "USA_R50_NW": 30.0, "USA_R64_NE": 20.0, "USA_R64_SE": 15.0, "USA_R64_SW": 10.0, "USA_R64_NW": 15.0, "USA_POCI": 1012.0, "USA_ROCI": 120.0, "USA_RMW": 10.0, "USA_EYE": null, "TOK_LAT": null, "TOK_LON": null, "TOK_GRADE": null, "TOK_WIND": null, "TOK_PRES": null, "TOK_R50_DR": null, "TOK_R50_L": null, "TOK_R50_S": null, "TOK_R30_DR": null, "TOK_R30_L": null, "TOK_R30_S": null, "TOK_LAND": null, "CMA_LAT": null, "CMA_LON": null, "CMA_CAT": null, "CMA_WIND": null, "CMA_PRES": null, "HKO_LAT": null, "HKO_LON": null, "HKO_CAT": null, "HKO_WIND": null, "HKO_PRES": null, "KMA_LAT": null, "KMA_LON": null, "KMA_CAT": null, "KMA_WIND": null, "KMA_PRES": null, "KMA_R50_DR": null, "KMA_R50_L": null, "KMA_R50_S": null, "KMA_R30_DR": null, "KMA_R30_L": null, "KMA_R30_S": null, "NEW_LAT": null, "NEW_LON": null, "NEW_GRADE": null, "NEW_WIND": null, "NEW_PRES": null, "NEW_CI": -999.9, "NEW_DP": null, "NEW_POCI": null, "REU_LAT": null, "REU_LON": null, "REU_TYPE": null, "REU_WIND": null, "REU_PRES": null, "REU_TNUM": -999.9, "REU_CI": -999.9, "REU_RMW": null, "REU_R34_NE": null, "REU_R34_SE": null, "REU_R34_SW": null, "REU_R34_NW": null, "REU_R50_NE": null, "REU_R50_SE": null, "REU_R50_SW": null, "REU_R50_NW": null, "REU_R64_NE": null, "REU_R64_SE": null, "REU_R64_SW": null, "REU_R64_NW": null, "BOM_LAT": null, "BOM_LON": null, "BOM_TYPE": null, "BOM_WIND": null, "BOM_PRES": null, "BOM_TNUM": -999.9, "BOM_CI": -999.9, "BOM_RMW": null, "BOM_R34_NE": null, "BOM_R34_SE": null, "BOM_R34_SW": null, "BOM_R34_NW": null, "BOM_R50_NE": null, "BOM_R50_SE": null, "BOM_R50_SW": null, "BOM_R50_NW": null, "BOM_R64_NE": null, "BOM_R64_SE": null, "BOM_R64_SW": null, "BOM_R64_NW": null, "BOM_ROCI": null, "BOM_POCI": null, "BOM_EYE": null, "BOM_POS_FL": null, "BOM_PRS_FL": null, "NAD_LAT": null, "NAD_LON": null, "NAD_CAT": null, "NAD_WIND": null, "NAD_PRES": null, "WEL_LAT": null, "WEL_LON": null, "WEL_WIND": null, "WEL_PRES": null, "DS8_LAT": null, "DS8_LON": null, "DS8_STAGE": null, "DS8_WIND": null, "DS8_PRES": null, "TD6_LAT": null, "TD6_LON": null, "TD6_STAGE": null, "TD6_WIND": null, "TD6_PRES": null, "TD5_LAT": null, "TD5_LON": null, "TD5_WIND": null, "TD5_PRES": null, "TD5_ROCI": null, "NEU_LAT": null, "NEU_LON": null, "NEU_CLASS": null, "NEU_WIND": null, "NEU_PRES": null, "MLC_LAT": null, "MLC_LON": null, "MLC_CLASS": null, "MLC_WIND": null, "MLC_PRES": null, "USA_GUST": 115.0, "BOM_GUST": null, "BOM_GUSTP": null, "REU_GUST": null, "REU_GUSTP": null, "USA_SEAHGT": 12.0, "USA_SEA_NE": 105.0, "USA_SEA_SE": 90.0, "USA_SEA_SW": 60.0, "USA_SEA_NW": 105.0, "STORM_SPD": 9, "STORM_DR": 315, "year": 2019, "month": 8, "day": 30, "hour": 12, "min": 0 }, "geometry": { "type": "LineString", "coordinates": [ [ -69.5, 24.299999237060547 ], [ -69.9000244140625, 24.600000381469727 ] ] } },
{ "type": "Feature", "properties": { "SID": "2019236N10314", "SEASON": 2019, "NUMBER": 53, "BASIN": "NA", "SUBBASIN": "NA", "NAME": "DORIAN", "ISO_TIME": "2019-08-30 15:00:00", "NATURE": "TS", "LAT": 24.6, "LON": -69.9, "WMO_WIND": 0.0, "WMO_PRES": null, "WMO_AGENCY": null, "TRACK_TYPE": "main", "DIST2LAND": 495, "LANDFALL": 484, "IFLAG": "P______________", "USA_AGENCY": null, "USA_ATCFID": "AL052019", "USA_LAT": 24.6, "USA_LON": -69.9, "USA_RECORD": null, "USA_STATUS": "HU", "USA_WIND": 98.0, "USA_PRES": 970.0, "USA_SSHS": 3, "USA_R34_NE": 90.0, "USA_R34_SE": 80.0, "USA_R34_SW": 55.0, "USA_R34_NW": 75.0, "USA_R50_NE": 45.0, "USA_R50_SE": 45.0, "USA_R50_SW": 35.0, "USA_R50_NW": 35.0, "USA_R64_NE": 23.0, "USA_R64_SE": 20.0, "USA_R64_SW": 13.0, "USA_R64_NW": 18.0, "USA_POCI": 1012.0, "USA_ROCI": 120.0, "USA_RMW": 10.0, "USA_EYE": null, "TOK_LAT": null, "TOK_LON": null, "TOK_GRADE": null, "TOK_WIND": null, "TOK_PRES": null, "TOK_R50_DR": null, "TOK_R50_L": null, "TOK_R50_S": null, "TOK_R30_DR": null, "TOK_R30_L": null, "TOK_R30_S": null, "TOK_LAND": null, "CMA_LAT": null, "CMA_LON": null, "CMA_CAT": null, "CMA_WIND": null, "CMA_PRES": null, "HKO_LAT": null, "HKO_LON": null, "HKO_CAT": null, "HKO_WIND": null, "HKO_PRES": null, "KMA_LAT": null, "KMA_LON": null, "KMA_CAT": null, "KMA_WIND": null, "KMA_PRES": null, "KMA_R50_DR": null, "KMA_R50_L": null, "KMA_R50_S": null, "KMA_R30_DR": null, "KMA_R30_L": null, "KMA_R30_S": null, "NEW_LAT": null, "NEW_LON": null, "NEW_GRADE": null, "NEW_WIND": null, "NEW_PRES": null, "NEW_CI": -999.9, "NEW_DP": null, "NEW_POCI": null, "REU_LAT": null, "REU_LON": null, "REU_TYPE": null, "REU_WIND": null, "REU_PRES": null, "REU_TNUM": -999.9, "REU_CI": -999.9, "REU_RMW": null, "REU_R34_NE": null, "REU_R34_SE": null, "REU_R34_SW": null, "REU_R34_NW": null, "REU_R50_NE": null, "REU_R50_SE": null, "REU_R50_SW": null, "REU_R50_NW": null, "REU_R64_NE": null, "REU_R64_SE": null, "REU_R64_SW": null, "REU_R64_NW": null, "BOM_LAT": null, "BOM_LON": null, "BOM_TYPE": null, "BOM_WIND": null, "BOM_PRES": null, "BOM_TNUM": -999.9, "BOM_CI": -999.9, "BOM_RMW": null, "BOM_R34_NE": null, "BOM_R34_SE": null, "BOM_R34_SW": null, "BOM_R34_NW": null, "BOM_R50_NE": null, "BOM_R50_SE": null, "BOM_R50_SW": null, "BOM_R50_NW": null, "BOM_R64_NE": null, "BOM_R64_SE": null, "BOM_R64_SW": null, "BOM_R64_NW": null, "BOM_ROCI": null, "BOM_POCI": null, "BOM_EYE": null, "BOM_POS_FL": null, "BOM_PRS_FL": null, "NAD_LAT": null, "NAD_LON": null, "NAD_CAT": null, "NAD_WIND": null, "NAD_PRES": null, "WEL_LAT": null, "WEL_LON": null, "WEL_WIND": null, "WEL_PRES": null, "DS8_LAT": null, "DS8_LON": null, "DS8_STAGE": null, "DS8_WIND": null, "DS8_PRES": null, "TD6_LAT": null, "TD6_LON": null, "TD6_STAGE": null, "TD6_WIND": null, "TD6_PRES": null, "TD5_LAT": null, "TD5_LON": null, "TD5_WIND": null, "TD5_PRES": null, "TD5_ROCI": null, "NEU_LAT": null, "NEU_LON": null, "NEU_CLASS": null, "NEU_WIND": null, "NEU_PRES": null, "MLC_LAT": null, "MLC_LON": null, "MLC_CLASS": null, "MLC_WIND": null, "MLC_PRES": null, "USA_GUST": null, "BOM_GUST": null, "BOM_GUSTP": null, "REU_GUST": null, "REU_GUSTP": null, "USA_SEAHGT": 12.0, "USA_SEA_NE": 105.0, "USA_SEA_SE": 90.0, "USA_SEA_SW": 60.0, "USA_SEA_NW": 105.0, "STORM_SPD": 9, "STORM_DR": 305, "year": 2019, "month": 8, "day": 30, "hour": 15, "min": 0 }, "geometry": { "type": "LineString", "coordinates": [ [ -69.9000244140625, 24.600000381469727 ], [ -70.300048828125, 24.799999237060547 ] ] } },
{ "type": "Feature", "properties": { "SID": "2019236N10314", "SEASON": 2019, "NUMBER": 53, "BASIN": "NA", "SUBBASIN": "NA", "NAME": "DORIAN", "ISO_TIME": "2019-08-30 18:00:00", "NATURE": "TS", "LAT": 24.8, "LON": -70.3, "WMO_WIND": 100.0, "WMO_PRES": 968.0, "WMO_AGENCY": "hurdat_atl", "TRACK_TYPE": "main", "DIST2LAND": 488, "LANDFALL": 482, "IFLAG": "O______________", "USA_AGENCY": "hurdat_atl", "USA_ATCFID": "AL052019", "USA_LAT": 24.8, "USA_LON": -70.3, "USA_RECORD": null, "USA_STATUS": "HU", "USA_WIND": 100.0, "USA_PRES": 968.0, "USA_SSHS": 3, "USA_R34_NE": 90.0, "USA_R34_SE": 80.0, "USA_R34_SW": 60.0, "USA_R34_NW": 80.0, "USA_R50_NE": 50.0, "USA_R50_SE": 50.0, "USA_R50_SW": 40.0, "USA_R50_NW": 40.0, "USA_R64_NE": 25.0, "USA_R64_SE": 25.0, "USA_R64_SW": 15.0, "USA_R64_NW": 20.0, "USA_POCI": 1012.0, "USA_ROCI": 120.0, "USA_RMW": 10.0, "USA_EYE": null, "TOK_LAT": null, "TOK_LON": null, "TOK_GRADE": null, "TOK_WIND": null, "TOK_PRES": null, "TOK_R50_DR": null, "TOK_R50_L": null, "TOK_R50_S": null, "TOK_R30_DR": null, "TOK_R30_L": null, "TOK_R30_S": null, "TOK_LAND": null, "CMA_LAT": null, "CMA_LON": null, "CMA_CAT": null, "CMA_WIND": null, "CMA_PRES": null, "HKO_LAT": null, "HKO_LON": null, "HKO_CAT": null, "HKO_WIND": null, "HKO_PRES": null, "KMA_LAT": null, "KMA_LON": null, "KMA_CAT": null, "KMA_WIND": null, "KMA_PRES": null, "KMA_R50_DR": null, "KMA_R50_L": null, "KMA_R50_S": null, "KMA_R30_DR": null, "KMA_R30_L": null, "KMA_R30_S": null, "NEW_LAT": null, "NEW_LON": null, "NEW_GRADE": null, "NEW_WIND": null, "NEW_PRES": null, "NEW_CI": -999.9, "NEW_DP": null, "NEW_POCI": null, "REU_LAT": null, "REU_LON": null, "REU_TYPE": null, "REU_WIND": null, "REU_PRES": null, "REU_TNUM": -999.9, "REU_CI": -999.9, "REU_RMW": null, "REU_R34_NE": null, "REU_R34_SE": null, "REU_R34_SW": null, "REU_R34_NW": null, "REU_R50_NE": null, "REU_R50_SE": null, "REU_R50_SW": null, "REU_R50_NW": null, "REU_R64_NE": null, "REU_R64_SE": null, "REU_R64_SW": null, "REU_R64_NW": null, "BOM_LAT": null, "BOM_LON": null, "BOM_TYPE": null, "BOM_WIND": null, "BOM_PRES": null, "BOM_TNUM": -999.9, "BOM_CI": -999.9, "BOM_RMW": null, "BOM_R34_NE": null, "BOM_R34_SE": null, "BOM_R34_SW": null, "BOM_R34_NW": null, "BOM_R50_NE": null, "BOM_R50_SE": null, "BOM_R50_SW": null, "BOM_R50_NW": null, "BOM_R64_NE": null, "BOM_R64_SE": null, "BOM_R64_SW": null, "BOM_R64_NW": null, "BOM_ROCI": null, "BOM_POCI": null, "BOM_EYE": null, "BOM_POS_FL": null, "BOM_PRS_FL": null, "NAD_LAT": null, "NAD_LON": null, "NAD_CAT": null, "NAD_WIND": null, "NAD_PRES": null, "WEL_LAT": null, "WEL_LON": null, "WEL_WIND": null, "WEL_PRES": null, "DS8_LAT": null, "DS8_LON": null, "DS8_STAGE": null, "DS8_WIND": null, "DS8_PRES": null, "TD6_LAT": null, "TD6_LON": null, "TD6_STAGE": null, "TD6_WIND": null, "TD6_PRES": null, "TD5_LAT": null, "TD5_LON": null, "TD5_WIND": null, "TD5_PRES": null, "TD5_ROCI": null, "NEU_LAT": null, "NEU_LON": null, "NEU_CLASS": null, "NEU_WIND": null, "NEU_PRES": null, "MLC_LAT": null, "MLC_LON": null, "MLC_CLASS": null, "MLC_WIND": null, "MLC_PRES": null, "USA_GUST": 120.0, "BOM_GUST": null, "BOM_GUSTP": null, "REU_GUST": null, "REU_GUSTP": null, "USA_SEAHGT": 12.0, "USA_SEA_NE": 105.0, "USA_SEA_SE": 90.0, "USA_SEA_SW": 60.0, "USA_SEA_NW": 105.0, "STORM_SPD": 9, "STORM_DR": 305, "year": 2019, "month": 8, "day": 30, "hour": 18, "min": 0 }, "geometry": { "type": "LineString", "coordinates": [ [ -70.300048828125, 24.799999237060547 ], [ -70.699951171875, 25.100000381469727 ] ] } },
{ "type": "Feature", "properties": { "SID": "2019236N10314", "SEASON": 2019, "NUMBER": 53, "BASIN": "NA", "SUBBASIN": "NA", "NAME": "DORIAN", "ISO_TIME": "2019-08-30 21:00:00", "NATURE": "TS", "LAT": 25.1, "LON": -70.7, "WMO_WIND": 0.0, "WMO_PRES": null, "WMO_AGENCY": null, "TRACK_TYPE": "main", "DIST2LAND": 495, "LANDFALL": 490, "IFLAG": "P______________", "USA_AGENCY": null, "USA_ATCFID": "AL052019", "USA_LAT": 25.1, "USA_LON": -70.7, "USA_RECORD": null, "USA_STATUS": "HU", "USA_WIND": 108.0, "USA_PRES": 959.0, "USA_SSHS": 3, "USA_R34_NE": 90.0, "USA_R34_SE": 85.0, "USA_R34_SW": 60.0, "USA_R34_NW": 80.0, "USA_R50_NE": 50.0, "USA_R50_SE": 50.0, "USA_R50_SW": 40.0, "USA_R50_NW": 40.0, "USA_R64_NE": 25.0, "USA_R64_SE": 25.0, "USA_R64_SW": 15.0, "USA_R64_NW": 20.0, "USA_POCI": 1012.0, "USA_ROCI": 120.0, "USA_RMW": 10.0, "USA_EYE": null, "TOK_LAT": null, "TOK_LON": null, "TOK_GRADE": null, "TOK_WIND": null, "TOK_PRES": null, "TOK_R50_DR": null, "TOK_R50_L": null, "TOK_R50_S": null, "TOK_R30_DR": null, "TOK_R30_L": null, "TOK_R30_S": null, "TOK_LAND": null, "CMA_LAT": null, "CMA_LON": null, "CMA_CAT": null, "CMA_WIND": null, "CMA_PRES": null, "HKO_LAT": null, "HKO_LON": null, "HKO_CAT": null, "HKO_WIND": null, "HKO_PRES": null, "KMA_LAT": null, "KMA_LON": null, "KMA_CAT": null, "KMA_WIND": null, "KMA_PRES": null, "KMA_R50_DR": null, "KMA_R50_L": null, "KMA_R50_S": null, "KMA_R30_DR": null, "KMA_R30_L": null, "KMA_R30_S": null, "NEW_LAT": null, "NEW_LON": null, "NEW_GRADE": null, "NEW_WIND": null, "NEW_PRES": null, "NEW_CI": -999.9, "NEW_DP": null, "NEW_POCI": null, "REU_LAT": null, "REU_LON": null, "REU_TYPE": null, "REU_WIND": null, "REU_PRES": null, "REU_TNUM": -999.9, "REU_CI": -999.9, "REU_RMW": null, "REU_R34_NE": null, "REU_R34_SE": null, "REU_R34_SW": null, "REU_R34_NW": null, "REU_R50_NE": null, "REU_R50_SE": null, "REU_R50_SW": null, "REU_R50_NW": null, "REU_R64_NE": null, "REU_R64_SE": null, "REU_R64_SW": null, "REU_R64_NW": null, "BOM_LAT": null, "BOM_LON": null, "BOM_TYPE": null, "BOM_WIND": null, "BOM_PRES": null, "BOM_TNUM": -999.9, "BOM_CI": -999.9, "BOM_RMW": null, "BOM_R34_NE": null, "BOM_R34_SE": null, "BOM_R34_SW": null, "BOM_R34_NW": null, "BOM_R50_NE": null, "BOM_R50_SE": null, "BOM_R50_SW": null, "BOM_R50_NW": null, "BOM_R64_NE": null, "BOM_R64_SE": null, "BOM_R64_SW": null, "BOM_R64_NW": null, "BOM_ROCI": null, "BOM_POCI": null, "BOM_EYE": null, "BOM_POS_FL": null, "BOM_PRS_FL": null, "NAD_LAT": null, "NAD_LON": null, "NAD_CAT": null, "NAD_WIND": null, "NAD_PRES": null, "WEL_LAT": null, "WEL_LON": null, "WEL_WIND": null, "WEL_PRES": null, "DS8_LAT": null, "DS8_LON": null, "DS8_STAGE": null, "DS8_WIND": null, "DS8_PRES": null, "TD6_LAT": null, "TD6_LON": null, "TD6_STAGE": null, "TD6_WIND": null, "TD6_PRES": null, "TD5_LAT": null, "TD5_LON": null, "TD5_WIND": null, "TD5_PRES": null, "TD5_ROCI": null, "NEU_LAT": null, "NEU_LON": null, "NEU_CLASS": null, "NEU_WIND": null, "NEU_PRES": null, "MLC_LAT": null, "MLC_LON": null, "MLC_CLASS": null, "MLC_WIND": null, "MLC_PRES": null, "USA_GUST": null, "BOM_GUST": null, "BOM_GUSTP": null, "REU_GUST": null, "REU_GUSTP": null, "USA_SEAHGT": 12.0, "USA_SEA_NE": 113.0, "USA_SEA_SE": 90.0, "USA_SEA_SW": 60.0, "USA_SEA_NW": 105.0, "STORM_SPD": 9, "STORM_DR": 305, "year": 2019, "month": 8, "day": 30, "hour": 21, "min": 0 }, "geometry": { "type": "LineString", "coordinates": [ [ -70.699951171875, 25.100000381469727 ], [ -71.0999755859375, 25.299999237060547 ] ] } },
{ "type": "Feature", "properties": { "SID": "2019236N10314", "SEASON": 2019, "NUMBER": 53, "BASIN": "NA", "SUBBASIN": "NA", "NAME": "DORIAN", "ISO_TIME": "2019-08-31 00:00:00", "NATURE": "TS", "LAT": 25.3, "LON": -71.1, "WMO_WIND": 115.0, "WMO_PRES": 949.0, "WMO_AGENCY": "hurdat_atl", "TRACK_TYPE": "main", "DIST2LAND": 497, "LANDFALL": 493, "IFLAG": "O______________", "USA_AGENCY": "hurdat_atl", "USA_ATCFID": "AL052019", "USA_LAT": 25.3, "USA_LON": -71.1, "USA_RECORD": null, "USA_STATUS": "HU", "USA_WIND": 115.0, "USA_PRES": 949.0, "USA_SSHS": 4, "USA_R34_NE": 90.0, "USA_R34_SE": 90.0, "USA_R34_SW": 60.0, "USA_R34_NW": 80.0, "USA_R50_NE": 50.0, "USA_R50_SE": 50.0, "USA_R50_SW": 40.0, "USA_R50_NW": 40.0, "USA_R64_NE": 25.0, "USA_R64_SE": 25.0, "USA_R64_SW": 15.0, "USA_R64_NW": 20.0, "USA_POCI": 1012.0, "USA_ROCI": 120.0, "USA_RMW": 10.0, "USA_EYE": null, "TOK_LAT": null, "TOK_LON": null, "TOK_GRADE": null, "TOK_WIND": null, "TOK_PRES": null, "TOK_R50_DR": null, "TOK_R50_L": null, "TOK_R50_S": null, "TOK_R30_DR": null, "TOK_R30_L": null, "TOK_R30_S": null, "TOK_LAND": null, "CMA_LAT": null, "CMA_LON": null, "CMA_CAT": null, "CMA_WIND": null, "CMA_PRES": null, "HKO_LAT": null, "HKO_LON": null, "HKO_CAT": null, "HKO_WIND": null, "HKO_PRES": null, "KMA_LAT": null, "KMA_LON": null, "KMA_CAT": null, "KMA_WIND": null, "KMA_PRES": null, "KMA_R50_DR": null, "KMA_R50_L": null, "KMA_R50_S": null, "KMA_R30_DR": null, "KMA_R30_L": null, "KMA_R30_S": null, "NEW_LAT": null, "NEW_LON": null, "NEW_GRADE": null, "NEW_WIND": null, "NEW_PRES": null, "NEW_CI": -999.9, "NEW_DP": null, "NEW_POCI": null, "REU_LAT": null, "REU_LON": null, "REU_TYPE": null, "REU_WIND": null, "REU_PRES": null, "REU_TNUM": -999.9, "REU_CI": -999.9, "REU_RMW": null, "REU_R34_NE": null, "REU_R34_SE": null, "REU_R34_SW": null, "REU_R34_NW": null, "REU_R50_NE": null, "REU_R50_SE": null, "REU_R50_SW": null, "REU_R50_NW": null, "REU_R64_NE": null, "REU_R64_SE": null, "REU_R64_SW": null, "REU_R64_NW": null, "BOM_LAT": null, "BOM_LON": null, "BOM_TYPE": null, "BOM_WIND": null, "BOM_PRES": null, "BOM_TNUM": -999.9, "BOM_CI": -999.9, "BOM_RMW": null, "BOM_R34_NE": null, "BOM_R34_SE": null, "BOM_R34_SW": null, "BOM_R34_NW": null, "BOM_R50_NE": null, "BOM_R50_SE": null, "BOM_R50_SW": null, "BOM_R50_NW": null, "BOM_R64_NE": null, "BOM_R64_SE": null, "BOM_R64_SW": null, "BOM_R64_NW": null, "BOM_ROCI": null, "BOM_POCI": null, "BOM_EYE": null, "BOM_POS_FL": null, "BOM_PRS_FL": null, "NAD_LAT": null, "NAD_LON": null, "NAD_CAT": null, "NAD_WIND": null, "NAD_PRES": null, "WEL_LAT": null, "WEL_LON": null, "WEL_WIND": null, "WEL_PRES": null, "DS8_LAT": null, "DS8_LON": null, "DS8_STAGE": null, "DS8_WIND": null, "DS8_PRES": null, "TD6_LAT": null, "TD6_LON": null, "TD6_STAGE": null, "TD6_WIND": null, "TD6_PRES": null, "TD5_LAT": null, "TD5_LON": null, "TD5_WIND": null, "TD5_PRES": null, "TD5_ROCI": null, "NEU_LAT": null, "NEU_LON": null, "NEU_CLASS": null, "NEU_WIND": null, "NEU_PRES": null, "MLC_LAT": null, "MLC_LON": null, "MLC_CLASS": null, "MLC_WIND": null, "MLC_PRES": null, "USA_GUST": 140.0, "BOM_GUST": null, "BOM_GUSTP": null, "REU_GUST": null, "REU_GUSTP": null, "USA_SEAHGT": 12.0, "USA_SEA_NE": 120.0, "USA_SEA_SE": 90.0, "USA_SEA_SW": 60.0, "USA_SEA_NW": 105.0, "STORM_SPD": 9, "STORM_DR": 295, "year": 2019, "month": 8, "day": 31, "hour": 0, "min": 0 }, "geometry": { "type": "LineString", "coordinates": [ [ -71.0999755859375, 25.299999237060547 ], [ -71.5999755859375, 25.5 ] ] } },
{ "type": "Feature", "properties": { "SID": "2019236N10314", "SEASON": 2019, "NUMBER": 53, "BASIN": "NA", "SUBBASIN": "NA", "NAME": "DORIAN", "ISO_TIME": "2019-08-31 03:00:00", "NATURE": "TS", "LAT": 25.5, "LON": -71.6, "WMO_WIND": 0.0, "WMO_PRES": null, "WMO_AGENCY": null, "TRACK_TYPE": "main", "DIST2LAND": 501, "LANDFALL": 493, "IFLAG": "P______________", "USA_AGENCY": null, "USA_ATCFID": "AL052019", "USA_LAT": 25.5, "USA_LON": -71.6, "USA_RECORD": null, "USA_STATUS": "HU", "USA_WIND": 118.0, "USA_PRES": 948.0, "USA_SSHS": 4, "USA_R34_NE": 90.0, "USA_R34_SE": 90.0, "USA_R34_SW": 60.0, "USA_R34_NW": 80.0, "USA_R50_NE": 50.0, "USA_R50_SE": 50.0, "USA_R50_SW": 40.0, "USA_R50_NW": 40.0, "USA_R64_NE": 25.0, "USA_R64_SE": 25.0, "USA_R64_SW": 15.0, "USA_R64_NW": 20.0, "USA_POCI": 1012.0, "USA_ROCI": 120.0, "USA_RMW": 10.0, "USA_EYE": null, "TOK_LAT": null, "TOK_LON": null, "TOK_GRADE": null, "TOK_WIND": null, "TOK_PRES": null, "TOK_R50_DR": null, "TOK_R50_L": null, "TOK_R50_S": null, "TOK_R30_DR": null, "TOK_R30_L": null, "TOK_R30_S": null, "TOK_LAND": null, "CMA_LAT": null, "CMA_LON": null, "CMA_CAT": null, "CMA_WIND": null, "CMA_PRES": null, "HKO_LAT": null, "HKO_LON": null, "HKO_CAT": null, "HKO_WIND": null, "HKO_PRES": null, "KMA_LAT": null, "KMA_LON": null, "KMA_CAT": null, "KMA_WIND": null, "KMA_PRES": null, "KMA_R50_DR": null, "KMA_R50_L": null, "KMA_R50_S": null, "KMA_R30_DR": null, "KMA_R30_L": null, "KMA_R30_S": null, "NEW_LAT": null, "NEW_LON": null, "NEW_GRADE": null, "NEW_WIND": null, "NEW_PRES": null, "NEW_CI": -999.9, "NEW_DP": null, "NEW_POCI": null, "REU_LAT": null, "REU_LON": null, "REU_TYPE": null, "REU_WIND": null, "REU_PRES": null, "REU_TNUM": -999.9, "REU_CI": -999.9, "REU_RMW": null, "REU_R34_NE": null, "REU_R34_SE": null, "REU_R34_SW": null, "REU_R34_NW": null, "REU_R50_NE": null, "REU_R50_SE": null, "REU_R50_SW": null, "REU_R50_NW": null, "REU_R64_NE": null, "REU_R64_SE": null, "REU_R64_SW": null, "REU_R64_NW": null, "BOM_LAT": null, "BOM_LON": null, "BOM_TYPE": null, "BOM_WIND": null, "BOM_PRES": null, "BOM_TNUM": -999.9, "BOM_CI": -999.9, "BOM_RMW": null, "BOM_R34_NE": null, "BOM_R34_SE": null, "BOM_R34_SW": null, "BOM_R34_NW": null, "BOM_R50_NE": null, "BOM_R50_SE": null, "BOM_R50_SW": null, "BOM_R50_NW": null, "BOM_R64_NE": null, "BOM_R64_SE": null, "BOM_R64_SW": null, "BOM_R64_NW": null, "BOM_ROCI": null, "BOM_POCI": null, "BOM_EYE": null, "BOM_POS_FL": null, "BOM_PRS_FL": null, "NAD_LAT": null, "NAD_LON": null, "NAD_CAT": null, "NAD_WIND": null, "NAD_PRES": null, "WEL_LAT": null, "WEL_LON": null, "WEL_WIND": null, "WEL_PRES": null, "DS8_LAT": null, "DS8_LON": null, "DS8_STAGE": null, "DS8_WIND": null, "DS8_PRES": null, "TD6_LAT": null, "TD6_LON": null, "TD6_STAGE": null, "TD6_WIND": null, "TD6_PRES": null, "TD5_LAT": null, "TD5_LON": null, "TD5_WIND": null, "TD5_PRES": null, "TD5_ROCI": null, "NEU_LAT": null, "NEU_LON": null, "NEU_CLASS": null, "NEU_WIND": null, "NEU_PRES": null, "MLC_LAT": null, "MLC_LON": null, "MLC_CLASS": null, "MLC_WIND": null, "MLC_PRES": null, "USA_GUST": null, "BOM_GUST": null, "BOM_GUSTP": null, "REU_GUST": null, "REU_GUSTP": null, "USA_SEAHGT": 12.0, "USA_SEA_NE": 135.0, "USA_SEA_SE": 105.0, "USA_SEA_SW": 90.0, "USA_SEA_NW": 128.0, "STORM_SPD": 10, "STORM_DR": 290, "year": 2019, "month": 8, "day": 31, "hour": 3, "min": 0 }, "geometry": { "type": "LineString", "coordinates": [ [ -71.5999755859375, 25.5 ], [ -72.0999755859375, 25.600000381469727 ] ] } },
{ "type": "Feature", "properties": { "SID": "2019236N10314", "SEASON": 2019, "NUMBER": 53, "BASIN": "NA", "SUBBASIN": "NA", "NAME": "DORIAN", "ISO_TIME": "2019-08-31 06:00:00", "NATURE": "TS", "LAT": 25.6, "LON": -72.1, "WMO_WIND": 120.0, "WMO_PRES": 947.0, "WMO_AGENCY": "hurdat_atl", "TRACK_TYPE": "main", "DIST2LAND": 500, "LANDFALL": 498, "IFLAG": "O______________", "USA_AGENCY": "hurdat_atl", "USA_ATCFID": "AL052019", "USA_LAT": 25.6, "USA_LON": -72.1, "USA_RECORD": null, "USA_STATUS": "HU", "USA_WIND": 120.0, "USA_PRES": 947.0, "USA_SSHS": 4, "USA_R34_NE": 90.0, "USA_R34_SE": 90.0, "USA_R34_SW": 60.0, "USA_R34_NW": 80.0, "USA_R50_NE": 50.0, "USA_R50_SE": 50.0, "USA_R50_SW": 40.0, "USA_R50_NW": 40.0, "USA_R64_NE": 25.0, "USA_R64_SE": 25.0, "USA_R64_SW": 15.0, "USA_R64_NW": 20.0, "USA_POCI": 1012.0, "USA_ROCI": 120.0, "USA_RMW": 10.0, "USA_EYE": null, "TOK_LAT": null, "TOK_LON": null, "TOK_GRADE": null, "TOK_WIND": null, "TOK_PRES": null, "TOK_R50_DR": null, "TOK_R50_L": null, "TOK_R50_S": null, "TOK_R30_DR": null, "TOK_R30_L": null, "TOK_R30_S": null, "TOK_LAND": null, "CMA_LAT": null, "CMA_LON": null, "CMA_CAT": null, "CMA_WIND": null, "CMA_PRES": null, "HKO_LAT": null, "HKO_LON": null, "HKO_CAT": null, "HKO_WIND": null, "HKO_PRES": null, "KMA_LAT": null, "KMA_LON": null, "KMA_CAT": null, "KMA_WIND": null, "KMA_PRES": null, "KMA_R50_DR": null, "KMA_R50_L": null, "KMA_R50_S": null, "KMA_R30_DR": null, "KMA_R30_L": null, "KMA_R30_S": null, "NEW_LAT": null, "NEW_LON": null, "NEW_GRADE": null, "NEW_WIND": null, "NEW_PRES": null, "NEW_CI": -999.9, "NEW_DP": null, "NEW_POCI": null, "REU_LAT": null, "REU_LON": null, "REU_TYPE": null, "REU_WIND": null, "REU_PRES": null, "REU_TNUM": -999.9, "REU_CI": -999.9, "REU_RMW": null, "REU_R34_NE": null, "REU_R34_SE": null, "REU_R34_SW": null, "REU_R34_NW": null, "REU_R50_NE": null, "REU_R50_SE": null, "REU_R50_SW": null, "REU_R50_NW": null, "REU_R64_NE": null, "REU_R64_SE": null, "REU_R64_SW": null, "REU_R64_NW": null, "BOM_LAT": null, "BOM_LON": null, "BOM_TYPE": null, "BOM_WIND": null, "BOM_PRES": null, "BOM_TNUM": -999.9, "BOM_CI": -999.9, "BOM_RMW": null, "BOM_R34_NE": null, "BOM_R34_SE": null, "BOM_R34_SW": null, "BOM_R34_NW": null, "BOM_R50_NE": null, "BOM_R50_SE": null, "BOM_R50_SW": null, "BOM_R50_NW": null, "BOM_R64_NE": null, "BOM_R64_SE": null, "BOM_R64_SW": null, "BOM_R64_NW": null, "BOM_ROCI": null, "BOM_POCI": null, "BOM_EYE": null, "BOM_POS_FL": null, "BOM_PRS_FL": null, "NAD_LAT": null, "NAD_LON": null, "NAD_CAT": null, "NAD_WIND": null, "NAD_PRES": null, "WEL_LAT": null, "WEL_LON": null, "WEL_WIND": null, "WEL_PRES": null, "DS8_LAT": null, "DS8_LON": null, "DS8_STAGE": null, "DS8_WIND": null, "DS8_PRES": null, "TD6_LAT": null, "TD6_LON": null, "TD6_STAGE": null, "TD6_WIND": null, "TD6_PRES": null, "TD5_LAT": null, "TD5_LON": null, "TD5_WIND": null, "TD5_PRES": null, "TD5_ROCI": null, "NEU_LAT": null, "NEU_LON": null, "NEU_CLASS": null, "NEU_WIND": null, "NEU_PRES": null, "MLC_LAT": null, "MLC_LON": null, "MLC_CLASS": null, "MLC_WIND": null, "MLC_PRES": null, "USA_GUST": 145.0, "BOM_GUST": null, "BOM_GUSTP": null, "REU_GUST": null, "REU_GUSTP": null, "USA_SEAHGT": 12.0, "USA_SEA_NE": 150.0, "USA_SEA_SE": 120.0, "USA_SEA_SW": 120.0, "USA_SEA_NW": 150.0, "STORM_SPD": 9, "STORM_DR": 290, "year": 2019, "month": 8, "day": 31, "hour": 6, "min": 0 }, "geometry": { "type": "LineString", "coordinates": [ [ -72.0999755859375, 25.600000381469727 ], [ -72.5999755859375, 25.799999237060547 ] ] } },
{ "type": "Feature", "properties": { "SID": "2019236N10314", "SEASON": 2019, "NUMBER": 53, "BASIN": "NA", "SUBBASIN": "NA", "NAME": "DORIAN", "ISO_TIME": "2019-08-31 09:00:00", "NATURE": "TS", "LAT": 25.8, "LON": -72.6, "WMO_WIND": 0.0, "WMO_PRES": null, "WMO_AGENCY": null, "TRACK_TYPE": "main", "DIST2LAND": 515, "LANDFALL": 497, "IFLAG": "P______________", "USA_AGENCY": null, "USA_ATCFID": "AL052019", "USA_LAT": 25.8, "USA_LON": -72.6, "USA_RECORD": null, "USA_STATUS": "HU", "USA_WIND": 123.0, "USA_PRES": 946.0, "USA_SSHS": 4, "USA_R34_NE": 95.0, "USA_R34_SE": 95.0, "USA_R34_SW": 60.0, "USA_R34_NW": 85.0, "USA_R50_NE": 50.0, "USA_R50_SE": 50.0, "USA_R50_SW": 40.0, "USA_R50_NW": 45.0, "USA_R64_NE": 25.0, "USA_R64_SE": 25.0, "USA_R64_SW": 15.0, "USA_R64_NW": 23.0, "USA_POCI": 1012.0, "USA_ROCI": 120.0, "USA_RMW": 10.0, "USA_EYE": null, "TOK_LAT": null, "TOK_LON": null, "TOK_GRADE": null, "TOK_WIND": null, "TOK_PRES": null, "TOK_R50_DR": null, "TOK_R50_L": null, "TOK_R50_S": null, "TOK_R30_DR": null, "TOK_R30_L": null, "TOK_R30_S": null, "TOK_LAND": null, "CMA_LAT": null, "CMA_LON": null, "CMA_CAT": null, "CMA_WIND": null, "CMA_PRES": null, "HKO_LAT": null, "HKO_LON": null, "HKO_CAT": null, "HKO_WIND": null, "HKO_PRES": null, "KMA_LAT": null, "KMA_LON": null, "KMA_CAT": null, "KMA_WIND": null, "KMA_PRES": null, "KMA_R50_DR": null, "KMA_R50_L": null, "KMA_R50_S": null, "KMA_R30_DR": null, "KMA_R30_L": null, "KMA_R30_S": null, "NEW_LAT": null, "NEW_LON": null, "NEW_GRADE": null, "NEW_WIND": null, "NEW_PRES": null, "NEW_CI": -999.9, "NEW_DP": null, "NEW_POCI": null, "REU_LAT": null, "REU_LON": null, "REU_TYPE": null, "REU_WIND": null, "REU_PRES": null, "REU_TNUM": -999.9, "REU_CI": -999.9, "REU_RMW": null, "REU_R34_NE": null, "REU_R34_SE": null, "REU_R34_SW": null, "REU_R34_NW": null, "REU_R50_NE": null, "REU_R50_SE": null, "REU_R50_SW": null, "REU_R50_NW": null, "REU_R64_NE": null, "REU_R64_SE": null, "REU_R64_SW": null, "REU_R64_NW": null, "BOM_LAT": null, "BOM_LON": null, "BOM_TYPE": null, "BOM_WIND": null, "BOM_PRES": null, "BOM_TNUM": -999.9, "BOM_CI": -999.9, "BOM_RMW": null, "BOM_R34_NE": null, "BOM_R34_SE": null, "BOM_R34_SW": null, "BOM_R34_NW": null, "BOM_R50_NE": null, "BOM_R50_SE": null, "BOM_R50_SW": null, "BOM_R50_NW": null, "BOM_R64_NE": null, "BOM_R64_SE": null, "BOM_R64_SW": null, "BOM_R64_NW": null, "BOM_ROCI": null, "BOM_POCI": null, "BOM_EYE": null, "BOM_POS_FL": null, "BOM_PRS_FL": null, "NAD_LAT": null, "NAD_LON": null, "NAD_CAT": null, "NAD_WIND": null, "NAD_PRES": null, "WEL_LAT": null, "WEL_LON": null, "WEL_WIND": null, "WEL_PRES": null, "DS8_LAT": null, "DS8_LON": null, "DS8_STAGE": null, "DS8_WIND": null, "DS8_PRES": null, "TD6_LAT": null, "TD6_LON": null, "TD6_STAGE": null, "TD6_WIND": null, "TD6_PRES": null, "TD5_LAT": null, "TD5_LON": null, "TD5_WIND": null, "TD5_PRES": null, "TD5_ROCI": null, "NEU_LAT": null, "NEU_LON": null, "NEU_CLASS": null, "NEU_WIND": null, "NEU_PRES": null, "MLC_LAT": null, "MLC_LON": null, "MLC_CLASS": null, "MLC_WIND": null, "MLC_PRES": null, "USA_GUST": null, "BOM_GUST": null, "BOM_GUSTP": null, "REU_GUST": null, "REU_GUSTP": null, "USA_SEAHGT": 12.0, "USA_SEA_NE": 150.0, "USA_SEA_SE": 120.0, "USA_SEA_SW": 120.0, "USA_SEA_NW": 150.0, "STORM_SPD": 9, "STORM_DR": 290, "year": 2019, "month": 8, "day": 31, "hour": 9, "min": 0 }, "geometry": { "type": "LineString", "coordinates": [ [ -72.5999755859375, 25.799999237060547 ], [ -73.0, 25.899999618530273 ] ] } },
{ "type": "Feature", "properties": { "SID": "2019236N10314", "SEASON": 2019, "NUMBER": 53, "BASIN": "NA", "SUBBASIN": "NA", "NAME": "DORIAN", "ISO_TIME": "2019-08-31 12:00:00", "NATURE": "TS", "LAT": 25.9, "LON": -73.0, "WMO_WIND": 125.0, "WMO_PRES": 944.0, "WMO_AGENCY": "hurdat_atl", "TRACK_TYPE": "main", "DIST2LAND": 497, "LANDFALL": 454, "IFLAG": "O______________", "USA_AGENCY": "hurdat_atl", "USA_ATCFID": "AL052019", "USA_LAT": 25.9, "USA_LON": -73.0, "USA_RECORD": null, "USA_STATUS": "HU", "USA_WIND": 125.0, "USA_PRES": 944.0, "USA_SSHS": 4, "USA_R34_NE": 100.0, "USA_R34_SE": 100.0, "USA_R34_SW": 60.0, "USA_R34_NW": 90.0, "USA_R50_NE": 50.0, "USA_R50_SE": 50.0, "USA_R50_SW": 40.0, "USA_R50_NW": 50.0, "USA_R64_NE": 25.0, "USA_R64_SE": 25.0, "USA_R64_SW": 15.0, "USA_R64_NW": 25.0, "USA_POCI": 1012.0, "USA_ROCI": 120.0, "USA_RMW": 10.0, "USA_EYE": null, "TOK_LAT": null, "TOK_LON": null, "TOK_GRADE": null, "TOK_WIND": null, "TOK_PRES": null, "TOK_R50_DR": null, "TOK_R50_L": null, "TOK_R50_S": null, "TOK_R30_DR": null, "TOK_R30_L": null, "TOK_R30_S": null, "TOK_LAND": null, "CMA_LAT": null, "CMA_LON": null, "CMA_CAT": null, "CMA_WIND": null, "CMA_PRES": null, "HKO_LAT": null, "HKO_LON": null, "HKO_CAT": null, "HKO_WIND": null, "HKO_PRES": null, "KMA_LAT": null, "KMA_LON": null, "KMA_CAT": null, "KMA_WIND": null, "KMA_PRES": null, "KMA_R50_DR": null, "KMA_R50_L": null, "KMA_R50_S": null, "KMA_R30_DR": null, "KMA_R30_L": null, "KMA_R30_S": null, "NEW_LAT": null, "NEW_LON": null, "NEW_GRADE": null, "NEW_WIND": null, "NEW_PRES": null, "NEW_CI": -999.9, "NEW_DP": null, "NEW_POCI": null, "REU_LAT": null, "REU_LON": null, "REU_TYPE": null, "REU_WIND": null, "REU_PRES": null, "REU_TNUM": -999.9, "REU_CI": -999.9, "REU_RMW": null, "REU_R34_NE": null, "REU_R34_SE": null, "REU_R34_SW": null, "REU_R34_NW": null, "REU_R50_NE": null, "REU_R50_SE": null, "REU_R50_SW": null, "REU_R50_NW": null, "REU_R64_NE": null, "REU_R64_SE": null, "REU_R64_SW": null, "REU_R64_NW": null, "BOM_LAT": null, "BOM_LON": null, "BOM_TYPE": null, "BOM_WIND": null, "BOM_PRES": null, "BOM_TNUM": -999.9, "BOM_CI": -999.9, "BOM_RMW": null, "BOM_R34_NE": null, "BOM_R34_SE": null, "BOM_R34_SW": null, "BOM_R34_NW": null, "BOM_R50_NE": null, "BOM_R50_SE": null, "BOM_R50_SW": null, "BOM_R50_NW": null, "BOM_R64_NE": null, "BOM_R64_SE": null, "BOM_R64_SW": null, "BOM_R64_NW": null, "BOM_ROCI": null, "BOM_POCI": null, "BOM_EYE": null, "BOM_POS_FL": null, "BOM_PRS_FL": null, "NAD_LAT": null, "NAD_LON": null, "NAD_CAT": null, "NAD_WIND": null, "NAD_PRES": null, "WEL_LAT": null, "WEL_LON": null, "WEL_WIND": null, "WEL_PRES": null, "DS8_LAT": null, "DS8_LON": null, "DS8_STAGE": null, "DS8_WIND": null, "DS8_PRES": null, "TD6_LAT": null, "TD6_LON": null, "TD6_STAGE": null, "TD6_WIND": null, "TD6_PRES": null, "TD5_LAT": null, "TD5_LON": null, "TD5_WIND": null, "TD5_PRES": null, "TD5_ROCI": null, "NEU_LAT": null, "NEU_LON": null, "NEU_CLASS": null, "NEU_WIND": null, "NEU_PRES": null, "MLC_LAT": null, "MLC_LON": null, "MLC_CLASS": null, "MLC_WIND": null, "MLC_PRES": null, "USA_GUST": 150.0, "BOM_GUST": null, "BOM_GUSTP": null, "REU_GUST": null, "REU_GUSTP": null, "USA_SEAHGT": 12.0, "USA_SEA_NE": 150.0, "USA_SEA_SE": 120.0, "USA_SEA_SW": 120.0, "USA_SEA_NW": 150.0, "STORM_SPD": 9, "STORM_DR": 285, "year": 2019, "month": 8, "day": 31, "hour": 12, "min": 0 }, "geometry": { "type": "LineString", "coordinates": [ [ -73.0, 25.899999618530273 ], [ -73.5, 26.0 ] ] } },
{ "type": "Feature", "properties": { "SID": "2019236N10314", "SEASON": 2019, "NUMBER": 53, "BASIN": "NA", "SUBBASIN": "NA", "NAME": "DORIAN", "ISO_TIME": "2019-08-31 15:00:00", "NATURE": "TS", "LAT": 26.0, "LON": -73.5, "WMO_WIND": 0.0, "WMO_PRES": null, "WMO_AGENCY": null, "TRACK_TYPE": "main", "DIST2LAND": 454, "LANDFALL": 412, "IFLAG": "P______________", "USA_AGENCY": null, "USA_ATCFID": "AL052019", "USA_LAT": 26.0, "USA_LON": -73.5, "USA_RECORD": null, "USA_STATUS": "HU", "USA_WIND": 128.0, "USA_PRES": 943.0, "USA_SSHS": 4, "USA_R34_NE": 100.0, "USA_R34_SE": 100.0, "USA_R34_SW": 60.0, "USA_R34_NW": 90.0, "USA_R50_NE": 50.0, "USA_R50_SE": 50.0, "USA_R50_SW": 40.0, "USA_R50_NW": 50.0, "USA_R64_NE": 25.0, "USA_R64_SE": 25.0, "USA_R64_SW": 18.0, "USA_R64_NW": 25.0, "USA_POCI": 1012.0, "USA_ROCI": 120.0, "USA_RMW": 10.0, "USA_EYE": null, "TOK_LAT": null, "TOK_LON": null, "TOK_GRADE": null, "TOK_WIND": null, "TOK_PRES": null, "TOK_R50_DR": null, "TOK_R50_L": null, "TOK_R50_S": null, "TOK_R30_DR": null, "TOK_R30_L": null, "TOK_R30_S": null, "TOK_LAND": null, "CMA_LAT": null, "CMA_LON": null, "CMA_CAT": null, "CMA_WIND": null, "CMA_PRES": null, "HKO_LAT": null, "HKO_LON": null, "HKO_CAT": null, "HKO_WIND": null, "HKO_PRES": null, "KMA_LAT": null, "KMA_LON": null, "KMA_CAT": null, "KMA_WIND": null, "KMA_PRES": null, "KMA_R50_DR": null, "KMA_R50_L": null, "KMA_R50_S": null, "KMA_R30_DR": null, "KMA_R30_L": null, "KMA_R30_S": null, "NEW_LAT": null, "NEW_LON": null, "NEW_GRADE": null, "NEW_WIND": null, "NEW_PRES": null, "NEW_CI": -999.9, "NEW_DP": null, "NEW_POCI": null, "REU_LAT": null, "REU_LON": null, "REU_TYPE": null, "REU_WIND": null, "REU_PRES": null, "REU_TNUM": -999.9, "REU_CI": -999.9, "REU_RMW": null, "REU_R34_NE": null, "REU_R34_SE": null, "REU_R34_SW": null, "REU_R34_NW": null, "REU_R50_NE": null, "REU_R50_SE": null, "REU_R50_SW": null, "REU_R50_NW": null, "REU_R64_NE": null, "REU_R64_SE": null, "REU_R64_SW": null, "REU_R64_NW": null, "BOM_LAT": null, "BOM_LON": null, "BOM_TYPE": null, "BOM_WIND": null, "BOM_PRES": null, "BOM_TNUM": -999.9, "BOM_CI": -999.9, "BOM_RMW": null, "BOM_R34_NE": null, "BOM_R34_SE": null, "BOM_R34_SW": null, "BOM_R34_NW": null, "BOM_R50_NE": null, "BOM_R50_SE": null, "BOM_R50_SW": null, "BOM_R50_NW": null, "BOM_R64_NE": null, "BOM_R64_SE": null, "BOM_R64_SW": null, "BOM_R64_NW": null, "BOM_ROCI": null, "BOM_POCI": null, "BOM_EYE": null, "BOM_POS_FL": null, "BOM_PRS_FL": null, "NAD_LAT": null, "NAD_LON": null, "NAD_CAT": null, "NAD_WIND": null, "NAD_PRES": null, "WEL_LAT": null, "WEL_LON": null, "WEL_WIND": null, "WEL_PRES": null, "DS8_LAT": null, "DS8_LON": null, "DS8_STAGE": null, "DS8_WIND": null, "DS8_PRES": null, "TD6_LAT": null, "TD6_LON": null, "TD6_STAGE": null, "TD6_WIND": null, "TD6_PRES": null, "TD5_LAT": null, "TD5_LON": null, "TD5_WIND": null, "TD5_PRES": null, "TD5_ROCI": null, "NEU_LAT": null, "NEU_LON": null, "NEU_CLASS": null, "NEU_WIND": null, "NEU_PRES": null, "MLC_LAT": null, "MLC_LON": null, "MLC_CLASS": null, "MLC_WIND": null, "MLC_PRES": null, "USA_GUST": null, "BOM_GUST": null, "BOM_GUSTP": null, "REU_GUST": null, "REU_GUSTP": null, "USA_SEAHGT": 12.0, "USA_SEA_NE": 150.0, "USA_SEA_SE": 120.0, "USA_SEA_SW": 120.0, "USA_SEA_NW": 150.0, "STORM_SPD": 9, "STORM_DR": 285, "year": 2019, "month": 8, "day": 31, "hour": 15, "min": 0 }, "geometry": { "type": "LineString", "coordinates": [ [ -73.5, 26.0 ], [ -74.0, 26.100000381469727 ] ] } },
{ "type": "Feature", "properties": { "SID": "2019236N10314", "SEASON": 2019, "NUMBER": 53, "BASIN": "NA", "SUBBASIN": "NA", "NAME": "DORIAN", "ISO_TIME": "2019-08-31 18:00:00", "NATURE": "TS", "LAT": 26.1, "LON": -74.0, "WMO_WIND": 130.0, "WMO_PRES": 942.0, "WMO_AGENCY": "hurdat_atl", "TRACK_TYPE": "main", "DIST2LAND": 412, "LANDFALL": 388, "IFLAG": "O______________", "USA_AGENCY": "hurdat_atl", "USA_ATCFID": "AL052019", "USA_LAT": 26.1, "USA_LON": -74.0, "USA_RECORD": null, "USA_STATUS": "HU", "USA_WIND": 130.0, "USA_PRES": 942.0, "USA_SSHS": 4, "USA_R34_NE": 100.0, "USA_R34_SE": 100.0, "USA_R34_SW": 60.0, "USA_R34_NW": 90.0, "USA_R50_NE": 50.0, "USA_R50_SE": 50.0, "USA_R50_SW": 40.0, "USA_R50_NW": 50.0, "USA_R64_NE": 25.0, "USA_R64_SE": 25.0, "USA_R64_SW": 20.0, "USA_R64_NW": 25.0, "USA_POCI": 1012.0, "USA_ROCI": 120.0, "USA_RMW": 10.0, "USA_EYE": null, "TOK_LAT": null, "TOK_LON": null, "TOK_GRADE": null, "TOK_WIND": null, "TOK_PRES": null, "TOK_R50_DR": null, "TOK_R50_L": null, "TOK_R50_S": null, "TOK_R30_DR": null, "TOK_R30_L": null, "TOK_R30_S": null, "TOK_LAND": null, "CMA_LAT": null, "CMA_LON": null, "CMA_CAT": null, "CMA_WIND": null, "CMA_PRES": null, "HKO_LAT": null, "HKO_LON": null, "HKO_CAT": null, "HKO_WIND": null, "HKO_PRES": null, "KMA_LAT": null, "KMA_LON": null, "KMA_CAT": null, "KMA_WIND": null, "KMA_PRES": null, "KMA_R50_DR": null, "KMA_R50_L": null, "KMA_R50_S": null, "KMA_R30_DR": null, "KMA_R30_L": null, "KMA_R30_S": null, "NEW_LAT": null, "NEW_LON": null, "NEW_GRADE": null, "NEW_WIND": null, "NEW_PRES": null, "NEW_CI": -999.9, "NEW_DP": null, "NEW_POCI": null, "REU_LAT": null, "REU_LON": null, "REU_TYPE": null, "REU_WIND": null, "REU_PRES": null, "REU_TNUM": -999.9, "REU_CI": -999.9, "REU_RMW": null, "REU_R34_NE": null, "REU_R34_SE": null, "REU_R34_SW": null, "REU_R34_NW": null, "REU_R50_NE": null, "REU_R50_SE": null, "REU_R50_SW": null, "REU_R50_NW": null, "REU_R64_NE": null, "REU_R64_SE": null, "REU_R64_SW": null, "REU_R64_NW": null, "BOM_LAT": null, "BOM_LON": null, "BOM_TYPE": null, "BOM_WIND": null, "BOM_PRES": null, "BOM_TNUM": -999.9, "BOM_CI": -999.9, "BOM_RMW": null, "BOM_R34_NE": null, "BOM_R34_SE": null, "BOM_R34_SW": null, "BOM_R34_NW": null, "BOM_R50_NE": null, "BOM_R50_SE": null, "BOM_R50_SW": null, "BOM_R50_NW": null, "BOM_R64_NE": null, "BOM_R64_SE": null, "BOM_R64_SW": null, "BOM_R64_NW": null, "BOM_ROCI": null, "BOM_POCI": null, "BOM_EYE": null, "BOM_POS_FL": null, "BOM_PRS_FL": null, "NAD_LAT": null, "NAD_LON": null, "NAD_CAT": null, "NAD_WIND": null, "NAD_PRES": null, "WEL_LAT": null, "WEL_LON": null, "WEL_WIND": null, "WEL_PRES": null, "DS8_LAT": null, "DS8_LON": null, "DS8_STAGE": null, "DS8_WIND": null, "DS8_PRES": null, "TD6_LAT": null, "TD6_LON": null, "TD6_STAGE": null, "TD6_WIND": null, "TD6_PRES": null, "TD5_LAT": null, "TD5_LON": null, "TD5_WIND": null, "TD5_PRES": null, "TD5_ROCI": null, "NEU_LAT": null, "NEU_LON": null, "NEU_CLASS": null, "NEU_WIND": null, "NEU_PRES": null, "MLC_LAT": null, "MLC_LON": null, "MLC_CLASS": null, "MLC_WIND": null, "MLC_PRES": null, "USA_GUST": 160.0, "BOM_GUST": null, "BOM_GUSTP": null, "REU_GUST": null, "REU_GUSTP": null, "USA_SEAHGT": 12.0, "USA_SEA_NE": 150.0, "USA_SEA_SE": 120.0, "USA_SEA_SW": 120.0, "USA_SEA_NW": 150.0, "STORM_SPD": 8, "STORM_DR": 285, "year": 2019, "month": 8, "day": 31, "hour": 18, "min": 0 }, "geometry": { "type": "LineString", "coordinates": [ [ -74.0, 26.100000381469727 ], [ -74.4000244140625, 26.200000762939453 ] ] } },
{ "type": "Feature", "properties": { "SID": "2019236N10314", "SEASON": 2019, "NUMBER": 53, "BASIN": "NA", "SUBBASIN": "NA", "NAME": "DORIAN", "ISO_TIME": "2019-08-31 21:00:00", "NATURE": "TS", "LAT": 26.2, "LON": -74.4, "WMO_WIND": 0.0, "WMO_PRES": null, "WMO_AGENCY": null, "TRACK_TYPE": "main", "DIST2LAND": 379, "LANDFALL": 356, "IFLAG": "P______________", "USA_AGENCY": null, "USA_ATCFID": "AL052019", "USA_LAT": 26.2, "USA_LON": -74.4, "USA_RECORD": null, "USA_STATUS": "HU", "USA_WIND": 133.0, "USA_PRES": 941.0, "USA_SSHS": 4, "USA_R34_NE": 105.0, "USA_R34_SE": 105.0, "USA_R34_SW": 60.0, "USA_R34_NW": 90.0, "USA_R50_NE": 50.0, "USA_R50_SE": 50.0, "USA_R50_SW": 40.0, "USA_R50_NW": 50.0, "USA_R64_NE": 28.0, "USA_R64_SE": 25.0, "USA_R64_SW": 20.0, "USA_R64_NW": 25.0, "USA_POCI": 1012.0, "USA_ROCI": 125.0, "USA_RMW": 10.0, "USA_EYE": null, "TOK_LAT": null, "TOK_LON": null, "TOK_GRADE": null, "TOK_WIND": null, "TOK_PRES": null, "TOK_R50_DR": null, "TOK_R50_L": null, "TOK_R50_S": null, "TOK_R30_DR": null, "TOK_R30_L": null, "TOK_R30_S": null, "TOK_LAND": null, "CMA_LAT": null, "CMA_LON": null, "CMA_CAT": null, "CMA_WIND": null, "CMA_PRES": null, "HKO_LAT": null, "HKO_LON": null, "HKO_CAT": null, "HKO_WIND": null, "HKO_PRES": null, "KMA_LAT": null, "KMA_LON": null, "KMA_CAT": null, "KMA_WIND": null, "KMA_PRES": null, "KMA_R50_DR": null, "KMA_R50_L": null, "KMA_R50_S": null, "KMA_R30_DR": null, "KMA_R30_L": null, "KMA_R30_S": null, "NEW_LAT": null, "NEW_LON": null, "NEW_GRADE": null, "NEW_WIND": null, "NEW_PRES": null, "NEW_CI": -999.9, "NEW_DP": null, "NEW_POCI": null, "REU_LAT": null, "REU_LON": null, "REU_TYPE": null, "REU_WIND": null, "REU_PRES": null, "REU_TNUM": -999.9, "REU_CI": -999.9, "REU_RMW": null, "REU_R34_NE": null, "REU_R34_SE": null, "REU_R34_SW": null, "REU_R34_NW": null, "REU_R50_NE": null, "REU_R50_SE": null, "REU_R50_SW": null, "REU_R50_NW": null, "REU_R64_NE": null, "REU_R64_SE": null, "REU_R64_SW": null, "REU_R64_NW": null, "BOM_LAT": null, "BOM_LON": null, "BOM_TYPE": null, "BOM_WIND": null, "BOM_PRES": null, "BOM_TNUM": -999.9, "BOM_CI": -999.9, "BOM_RMW": null, "BOM_R34_NE": null, "BOM_R34_SE": null, "BOM_R34_SW": null, "BOM_R34_NW": null, "BOM_R50_NE": null, "BOM_R50_SE": null, "BOM_R50_SW": null, "BOM_R50_NW": null, "BOM_R64_NE": null, "BOM_R64_SE": null, "BOM_R64_SW": null, "BOM_R64_NW": null, "BOM_ROCI": null, "BOM_POCI": null, "BOM_EYE": null, "BOM_POS_FL": null, "BOM_PRS_FL": null, "NAD_LAT": null, "NAD_LON": null, "NAD_CAT": null, "NAD_WIND": null, "NAD_PRES": null, "WEL_LAT": null, "WEL_LON": null, "WEL_WIND": null, "WEL_PRES": null, "DS8_LAT": null, "DS8_LON": null, "DS8_STAGE": null, "DS8_WIND": null, "DS8_PRES": null, "TD6_LAT": null, "TD6_LON": null, "TD6_STAGE": null, "TD6_WIND": null, "TD6_PRES": null, "TD5_LAT": null, "TD5_LON": null, "TD5_WIND": null, "TD5_PRES": null, "TD5_ROCI": null, "NEU_LAT": null, "NEU_LON": null, "NEU_CLASS": null, "NEU_WIND": null, "NEU_PRES": null, "MLC_LAT": null, "MLC_LON": null, "MLC_CLASS": null, "MLC_WIND": null, "MLC_PRES": null, "USA_GUST": null, "BOM_GUST": null, "BOM_GUSTP": null, "REU_GUST": null, "REU_GUSTP": null, "USA_SEAHGT": 12.0, "USA_SEA_NE": 135.0, "USA_SEA_SE": 105.0, "USA_SEA_SW": 120.0, "USA_SEA_NW": 150.0, "STORM_SPD": 7, "STORM_DR": 290, "year": 2019, "month": 8, "day": 31, "hour": 21, "min": 0 }, "geometry": { "type": "LineString", "coordinates": [ [ -74.4000244140625, 26.200000762939453 ], [ -74.699951171875, 26.299999237060547 ] ] } },
{ "type": "Feature", "properties": { "SID": "2019236N10314", "SEASON": 2019, "NUMBER": 53, "BASIN": "NA", "SUBBASIN": "NA", "NAME": "DORIAN", "ISO_TIME": "2019-09-01 00:00:00", "NATURE": "TS", "LAT": 26.3, "LON": -74.7, "WMO_WIND": 135.0, "WMO_PRES": 939.0, "WMO_AGENCY": "hurdat_atl", "TRACK_TYPE": "main", "DIST2LAND": 356, "LANDFALL": 319, "IFLAG": "O______________", "USA_AGENCY": "hurdat_atl", "USA_ATCFID": "AL052019", "USA_LAT": 26.3, "USA_LON": -74.7, "USA_RECORD": null, "USA_STATUS": "HU", "USA_WIND": 135.0, "USA_PRES": 939.0, "USA_SSHS": 4, "USA_R34_NE": 110.0, "USA_R34_SE": 110.0, "USA_R34_SW": 60.0, "USA_R34_NW": 90.0, "USA_R50_NE": 50.0, "USA_R50_SE": 50.0, "USA_R50_SW": 40.0, "USA_R50_NW": 50.0, "USA_R64_NE": 30.0, "USA_R64_SE": 25.0, "USA_R64_SW": 20.0, "USA_R64_NW": 25.0, "USA_POCI": 1012.0, "USA_ROCI": 130.0, "USA_RMW": 10.0, "USA_EYE": null, "TOK_LAT": null, "TOK_LON": null, "TOK_GRADE": null, "TOK_WIND": null, "TOK_PRES": null, "TOK_R50_DR": null, "TOK_R50_L": null, "TOK_R50_S": null, "TOK_R30_DR": null, "TOK_R30_L": null, "TOK_R30_S": null, "TOK_LAND": null, "CMA_LAT": null, "CMA_LON": null, "CMA_CAT": null, "CMA_WIND": null, "CMA_PRES": null, "HKO_LAT": null, "HKO_LON": null, "HKO_CAT": null, "HKO_WIND": null, "HKO_PRES": null, "KMA_LAT": null, "KMA_LON": null, "KMA_CAT": null, "KMA_WIND": null, "KMA_PRES": null, "KMA_R50_DR": null, "KMA_R50_L": null, "KMA_R50_S": null, "KMA_R30_DR": null, "KMA_R30_L": null, "KMA_R30_S": null, "NEW_LAT": null, "NEW_LON": null, "NEW_GRADE": null, "NEW_WIND": null, "NEW_PRES": null, "NEW_CI": -999.9, "NEW_DP": null, "NEW_POCI": null, "REU_LAT": null, "REU_LON": null, "REU_TYPE": null, "REU_WIND": null, "REU_PRES": null, "REU_TNUM": -999.9, "REU_CI": -999.9, "REU_RMW": null, "REU_R34_NE": null, "REU_R34_SE": null, "REU_R34_SW": null, "REU_R34_NW": null, "REU_R50_NE": null, "REU_R50_SE": null, "REU_R50_SW": null, "REU_R50_NW": null, "REU_R64_NE": null, "REU_R64_SE": null, "REU_R64_SW": null, "REU_R64_NW": null, "BOM_LAT": null, "BOM_LON": null, "BOM_TYPE": null, "BOM_WIND": null, "BOM_PRES": null, "BOM_TNUM": -999.9, "BOM_CI": -999.9, "BOM_RMW": null, "BOM_R34_NE": null, "BOM_R34_SE": null, "BOM_R34_SW": null, "BOM_R34_NW": null, "BOM_R50_NE": null, "BOM_R50_SE": null, "BOM_R50_SW": null, "BOM_R50_NW": null, "BOM_R64_NE": null, "BOM_R64_SE": null, "BOM_R64_SW": null, "BOM_R64_NW": null, "BOM_ROCI": null, "BOM_POCI": null, "BOM_EYE": null, "BOM_POS_FL": null, "BOM_PRS_FL": null, "NAD_LAT": null, "NAD_LON": null, "NAD_CAT": null, "NAD_WIND": null, "NAD_PRES": null, "WEL_LAT": null, "WEL_LON": null, "WEL_WIND": null, "WEL_PRES": null, "DS8_LAT": null, "DS8_LON": null, "DS8_STAGE": null, "DS8_WIND": null, "DS8_PRES": null, "TD6_LAT": null, "TD6_LON": null, "TD6_STAGE": null, "TD6_WIND": null, "TD6_PRES": null, "TD5_LAT": null, "TD5_LON": null, "TD5_WIND": null, "TD5_PRES": null, "TD5_ROCI": null, "NEU_LAT": null, "NEU_LON": null, "NEU_CLASS": null, "NEU_WIND": null, "NEU_PRES": null, "MLC_LAT": null, "MLC_LON": null, "MLC_CLASS": null, "MLC_WIND": null, "MLC_PRES": null, "USA_GUST": 160.0, "BOM_GUST": null, "BOM_GUSTP": null, "REU_GUST": null, "REU_GUSTP": null, "USA_SEAHGT": 12.0, "USA_SEA_NE": 120.0, "USA_SEA_SE": 90.0, "USA_SEA_SW": 120.0, "USA_SEA_NW": 150.0, "STORM_SPD": 7, "STORM_DR": 280, "year": 2019, "month": 9, "day": 1, "hour": 0, "min": 0 }, "geometry": { "type": "LineString", "coordinates": [ [ -74.699951171875, 26.299999237060547 ], [ -75.0999755859375, 26.399999618530273 ] ] } },
{ "type": "Feature", "properties": { "SID": "2019236N10314", "SEASON": 2019, "NUMBER": 53, "BASIN": "NA", "SUBBASIN": "NA", "NAME": "DORIAN", "ISO_TIME": "2019-09-01 03:00:00", "NATURE": "TS", "LAT": 26.4, "LON": -75.1, "WMO_WIND": 0.0, "WMO_PRES": null, "WMO_AGENCY": null, "TRACK_TYPE": "main", "DIST2LAND": 324, "LANDFALL": 280, "IFLAG": "P______________", "USA_AGENCY": null, "USA_ATCFID": "AL052019", "USA_LAT": 26.4, "USA_LON": -75.1, "USA_RECORD": null, "USA_STATUS": "HU", "USA_WIND": 140.0, "USA_PRES": 937.0, "USA_SSHS": 5, "USA_R34_NE": 110.0, "USA_R34_SE": 110.0, "USA_R34_SW": 65.0, "USA_R34_NW": 90.0, "USA_R50_NE": 50.0, "USA_R50_SE": 50.0, "USA_R50_SW": 40.0, "USA_R50_NW": 50.0, "USA_R64_NE": 30.0, "USA_R64_SE": 25.0, "USA_R64_SW": 20.0, "USA_R64_NW": 25.0, "USA_POCI": 1012.0, "USA_ROCI": 130.0, "USA_RMW": 10.0, "USA_EYE": null, "TOK_LAT": null, "TOK_LON": null, "TOK_GRADE": null, "TOK_WIND": null, "TOK_PRES": null, "TOK_R50_DR": null, "TOK_R50_L": null, "TOK_R50_S": null, "TOK_R30_DR": null, "TOK_R30_L": null, "TOK_R30_S": null, "TOK_LAND": null, "CMA_LAT": null, "CMA_LON": null, "CMA_CAT": null, "CMA_WIND": null, "CMA_PRES": null, "HKO_LAT": null, "HKO_LON": null, "HKO_CAT": null, "HKO_WIND": null, "HKO_PRES": null, "KMA_LAT": null, "KMA_LON": null, "KMA_CAT": null, "KMA_WIND": null, "KMA_PRES": null, "KMA_R50_DR": null, "KMA_R50_L": null, "KMA_R50_S": null, "KMA_R30_DR": null, "KMA_R30_L": null, "KMA_R30_S": null, "NEW_LAT": null, "NEW_LON": null, "NEW_GRADE": null, "NEW_WIND": null, "NEW_PRES": null, "NEW_CI": -999.9, "NEW_DP": null, "NEW_POCI": null, "REU_LAT": null, "REU_LON": null, "REU_TYPE": null, "REU_WIND": null, "REU_PRES": null, "REU_TNUM": -999.9, "REU_CI": -999.9, "REU_RMW": null, "REU_R34_NE": null, "REU_R34_SE": null, "REU_R34_SW": null, "REU_R34_NW": null, "REU_R50_NE": null, "REU_R50_SE": null, "REU_R50_SW": null, "REU_R50_NW": null, "REU_R64_NE": null, "REU_R64_SE": null, "REU_R64_SW": null, "REU_R64_NW": null, "BOM_LAT": null, "BOM_LON": null, "BOM_TYPE": null, "BOM_WIND": null, "BOM_PRES": null, "BOM_TNUM": -999.9, "BOM_CI": -999.9, "BOM_RMW": null, "BOM_R34_NE": null, "BOM_R34_SE": null, "BOM_R34_SW": null, "BOM_R34_NW": null, "BOM_R50_NE": null, "BOM_R50_SE": null, "BOM_R50_SW": null, "BOM_R50_NW": null, "BOM_R64_NE": null, "BOM_R64_SE": null, "BOM_R64_SW": null, "BOM_R64_NW": null, "BOM_ROCI": null, "BOM_POCI": null, "BOM_EYE": null, "BOM_POS_FL": null, "BOM_PRS_FL": null, "NAD_LAT": null, "NAD_LON": null, "NAD_CAT": null, "NAD_WIND": null, "NAD_PRES": null, "WEL_LAT": null, "WEL_LON": null, "WEL_WIND": null, "WEL_PRES": null, "DS8_LAT": null, "DS8_LON": null, "DS8_STAGE": null, "DS8_WIND": null, "DS8_PRES": null, "TD6_LAT": null, "TD6_LON": null, "TD6_STAGE": null, "TD6_WIND": null, "TD6_PRES": null, "TD5_LAT": null, "TD5_LON": null, "TD5_WIND": null, "TD5_PRES": null, "TD5_ROCI": null, "NEU_LAT": null, "NEU_LON": null, "NEU_CLASS": null, "NEU_WIND": null, "NEU_PRES": null, "MLC_LAT": null, "MLC_LON": null, "MLC_CLASS": null, "MLC_WIND": null, "MLC_PRES": null, "USA_GUST": null, "BOM_GUST": null, "BOM_GUSTP": null, "REU_GUST": null, "REU_GUSTP": null, "USA_SEAHGT": 12.0, "USA_SEA_NE": 120.0, "USA_SEA_SE": 90.0, "USA_SEA_SW": 120.0, "USA_SEA_NW": 150.0, "STORM_SPD": 8, "STORM_DR": 275, "year": 2019, "month": 9, "day": 1, "hour": 3, "min": 0 }, "geometry": { "type": "LineString", "coordinates": [ [ -75.0999755859375, 26.399999618530273 ], [ -75.5999755859375, 26.399999618530273 ] ] } },
{ "type": "Feature", "properties": { "SID": "2019236N10314", "SEASON": 2019, "NUMBER": 53, "BASIN": "NA", "SUBBASIN": "NA", "NAME": "DORIAN", "ISO_TIME": "2019-09-01 06:00:00", "NATURE": "TS", "LAT": 26.4, "LON": -75.6, "WMO_WIND": 145.0, "WMO_PRES": 934.0, "WMO_AGENCY": "hurdat_atl", "TRACK_TYPE": "main", "DIST2LAND": 280, "LANDFALL": 247, "IFLAG": "O______________", "USA_AGENCY": "hurdat_atl", "USA_ATCFID": "AL052019", "USA_LAT": 26.4, "USA_LON": -75.6, "USA_RECORD": null, "USA_STATUS": "HU", "USA_WIND": 145.0, "USA_PRES": 934.0, "USA_SSHS": 5, "USA_R34_NE": 110.0, "USA_R34_SE": 110.0, "USA_R34_SW": 70.0, "USA_R34_NW": 90.0, "USA_R50_NE": 50.0, "USA_R50_SE": 50.0, "USA_R50_SW": 40.0, "USA_R50_NW": 50.0, "USA_R64_NE": 30.0, "USA_R64_SE": 25.0, "USA_R64_SW": 20.0, "USA_R64_NW": 25.0, "USA_POCI": 1012.0, "USA_ROCI": 130.0, "USA_RMW": 10.0, "USA_EYE": null, "TOK_LAT": null, "TOK_LON": null, "TOK_GRADE": null, "TOK_WIND": null, "TOK_PRES": null, "TOK_R50_DR": null, "TOK_R50_L": null, "TOK_R50_S": null, "TOK_R30_DR": null, "TOK_R30_L": null, "TOK_R30_S": null, "TOK_LAND": null, "CMA_LAT": null, "CMA_LON": null, "CMA_CAT": null, "CMA_WIND": null, "CMA_PRES": null, "HKO_LAT": null, "HKO_LON": null, "HKO_CAT": null, "HKO_WIND": null, "HKO_PRES": null, "KMA_LAT": null, "KMA_LON": null, "KMA_CAT": null, "KMA_WIND": null, "KMA_PRES": null, "KMA_R50_DR": null, "KMA_R50_L": null, "KMA_R50_S": null, "KMA_R30_DR": null, "KMA_R30_L": null, "KMA_R30_S": null, "NEW_LAT": null, "NEW_LON": null, "NEW_GRADE": null, "NEW_WIND": null, "NEW_PRES": null, "NEW_CI": -999.9, "NEW_DP": null, "NEW_POCI": null, "REU_LAT": null, "REU_LON": null, "REU_TYPE": null, "REU_WIND": null, "REU_PRES": null, "REU_TNUM": -999.9, "REU_CI": -999.9, "REU_RMW": null, "REU_R34_NE": null, "REU_R34_SE": null, "REU_R34_SW": null, "REU_R34_NW": null, "REU_R50_NE": null, "REU_R50_SE": null, "REU_R50_SW": null, "REU_R50_NW": null, "REU_R64_NE": null, "REU_R64_SE": null, "REU_R64_SW": null, "REU_R64_NW": null, "BOM_LAT": null, "BOM_LON": null, "BOM_TYPE": null, "BOM_WIND": null, "BOM_PRES": null, "BOM_TNUM": -999.9, "BOM_CI": -999.9, "BOM_RMW": null, "BOM_R34_NE": null, "BOM_R34_SE": null, "BOM_R34_SW": null, "BOM_R34_NW": null, "BOM_R50_NE": null, "BOM_R50_SE": null, "BOM_R50_SW": null, "BOM_R50_NW": null, "BOM_R64_NE": null, "BOM_R64_SE": null, "BOM_R64_SW": null, "BOM_R64_NW": null, "BOM_ROCI": null, "BOM_POCI": null, "BOM_EYE": null, "BOM_POS_FL": null, "BOM_PRS_FL": null, "NAD_LAT": null, "NAD_LON": null, "NAD_CAT": null, "NAD_WIND": null, "NAD_PRES": null, "WEL_LAT": null, "WEL_LON": null, "WEL_WIND": null, "WEL_PRES": null, "DS8_LAT": null, "DS8_LON": null, "DS8_STAGE": null, "DS8_WIND": null, "DS8_PRES": null, "TD6_LAT": null, "TD6_LON": null, "TD6_STAGE": null, "TD6_WIND": null, "TD6_PRES": null, "TD5_LAT": null, "TD5_LON": null, "TD5_WIND": null, "TD5_PRES": null, "TD5_ROCI": null, "NEU_LAT": null, "NEU_LON": null, "NEU_CLASS": null, "NEU_WIND": null, "NEU_PRES": null, "MLC_LAT": null, "MLC_LON": null, "MLC_CLASS": null, "MLC_WIND": null, "MLC_PRES": null, "USA_GUST": 160.0, "BOM_GUST": null, "BOM_GUSTP": null, "REU_GUST": null, "REU_GUSTP": null, "USA_SEAHGT": 12.0, "USA_SEA_NE": 120.0, "USA_SEA_SE": 90.0, "USA_SEA_SW": 120.0, "USA_SEA_NW": 150.0, "STORM_SPD": 8, "STORM_DR": 275, "year": 2019, "month": 9, "day": 1, "hour": 6, "min": 0 }, "geometry": { "type": "LineString", "coordinates": [ [ -75.5999755859375, 26.399999618530273 ], [ -76.0999755859375, 26.5 ] ] } },
{ "type": "Feature", "properties": { "SID": "2019236N10314", "SEASON": 2019, "NUMBER": 53, "BASIN": "NA", "SUBBASIN": "NA", "NAME": "DORIAN", "ISO_TIME": "2019-09-01 09:00:00", "NATURE": "TS", "LAT": 26.5, "LON": -76.1, "WMO_WIND": 0.0, "WMO_PRES": null, "WMO_AGENCY": null, "TRACK_TYPE": "main", "DIST2LAND": 246, "LANDFALL": 216, "IFLAG": "P______________", "USA_AGENCY": null, "USA_ATCFID": "AL052019", "USA_LAT": 26.5, "USA_LON": -76.1, "USA_RECORD": null, "USA_STATUS": "HU", "USA_WIND": 150.0, "USA_PRES": 931.0, "USA_SSHS": 5, "USA_R34_NE": 110.0, "USA_R34_SE": 110.0, "USA_R34_SW": 70.0, "USA_R34_NW": 90.0, "USA_R50_NE": 55.0, "USA_R50_SE": 50.0, "USA_R50_SW": 45.0, "USA_R50_NW": 50.0, "USA_R64_NE": 33.0, "USA_R64_SE": 28.0, "USA_R64_SW": 23.0, "USA_R64_NW": 25.0, "USA_POCI": 1012.0, "USA_ROCI": 135.0, "USA_RMW": 8.0, "USA_EYE": null, "TOK_LAT": null, "TOK_LON": null, "TOK_GRADE": null, "TOK_WIND": null, "TOK_PRES": null, "TOK_R50_DR": null, "TOK_R50_L": null, "TOK_R50_S": null, "TOK_R30_DR": null, "TOK_R30_L": null, "TOK_R30_S": null, "TOK_LAND": null, "CMA_LAT": null, "CMA_LON": null, "CMA_CAT": null, "CMA_WIND": null, "CMA_PRES": null, "HKO_LAT": null, "HKO_LON": null, "HKO_CAT": null, "HKO_WIND": null, "HKO_PRES": null, "KMA_LAT": null, "KMA_LON": null, "KMA_CAT": null, "KMA_WIND": null, "KMA_PRES": null, "KMA_R50_DR": null, "KMA_R50_L": null, "KMA_R50_S": null, "KMA_R30_DR": null, "KMA_R30_L": null, "KMA_R30_S": null, "NEW_LAT": null, "NEW_LON": null, "NEW_GRADE": null, "NEW_WIND": null, "NEW_PRES": null, "NEW_CI": -999.9, "NEW_DP": null, "NEW_POCI": null, "REU_LAT": null, "REU_LON": null, "REU_TYPE": null, "REU_WIND": null, "REU_PRES": null, "REU_TNUM": -999.9, "REU_CI": -999.9, "REU_RMW": null, "REU_R34_NE": null, "REU_R34_SE": null, "REU_R34_SW": null, "REU_R34_NW": null, "REU_R50_NE": null, "REU_R50_SE": null, "REU_R50_SW": null, "REU_R50_NW": null, "REU_R64_NE": null, "REU_R64_SE": null, "REU_R64_SW": null, "REU_R64_NW": null, "BOM_LAT": null, "BOM_LON": null, "BOM_TYPE": null, "BOM_WIND": null, "BOM_PRES": null, "BOM_TNUM": -999.9, "BOM_CI": -999.9, "BOM_RMW": null, "BOM_R34_NE": null, "BOM_R34_SE": null, "BOM_R34_SW": null, "BOM_R34_NW": null, "BOM_R50_NE": null, "BOM_R50_SE": null, "BOM_R50_SW": null, "BOM_R50_NW": null, "BOM_R64_NE": null, "BOM_R64_SE": null, "BOM_R64_SW": null, "BOM_R64_NW": null, "BOM_ROCI": null, "BOM_POCI": null, "BOM_EYE": null, "BOM_POS_FL": null, "BOM_PRS_FL": null, "NAD_LAT": null, "NAD_LON": null, "NAD_CAT": null, "NAD_WIND": null, "NAD_PRES": null, "WEL_LAT": null, "WEL_LON": null, "WEL_WIND": null, "WEL_PRES": null, "DS8_LAT": null, "DS8_LON": null, "DS8_STAGE": null, "DS8_WIND": null, "DS8_PRES": null, "TD6_LAT": null, "TD6_LON": null, "TD6_STAGE": null, "TD6_WIND": null, "TD6_PRES": null, "TD5_LAT": null, "TD5_LON": null, "TD5_WIND": null, "TD5_PRES": null, "TD5_ROCI": null, "NEU_LAT": null, "NEU_LON": null, "NEU_CLASS": null, "NEU_WIND": null, "NEU_PRES": null, "MLC_LAT": null, "MLC_LON": null, "MLC_CLASS": null, "MLC_WIND": null, "MLC_PRES": null, "USA_GUST": null, "BOM_GUST": null, "BOM_GUSTP": null, "REU_GUST": null, "REU_GUSTP": null, "USA_SEAHGT": 12.0, "USA_SEA_NE": 135.0, "USA_SEA_SE": 105.0, "USA_SEA_SW": 120.0, "USA_SEA_NW": 165.0, "STORM_SPD": 8, "STORM_DR": 275, "year": 2019, "month": 9, "day": 1, "hour": 9, "min": 0 }, "geometry": { "type": "LineString", "coordinates": [ [ -76.0999755859375, 26.5 ], [ -76.5, 26.5 ] ] } },
{ "type": "Feature", "properties": { "SID": "2019236N10314", "SEASON": 2019, "NUMBER": 53, "BASIN": "NA", "SUBBASIN": "NA", "NAME": "DORIAN", "ISO_TIME": "2019-09-01 12:00:00", "NATURE": "TS", "LAT": 26.5, "LON": -76.5, "WMO_WIND": 155.0, "WMO_PRES": 927.0, "WMO_AGENCY": "hurdat_atl", "TRACK_TYPE": "main", "DIST2LAND": 216, "LANDFALL": 197, "IFLAG": "O______________", "USA_AGENCY": "hurdat_atl", "USA_ATCFID": "AL052019", "USA_LAT": 26.5, "USA_LON": -76.5, "USA_RECORD": null, "USA_STATUS": "HU", "USA_WIND": 155.0, "USA_PRES": 927.0, "USA_SSHS": 5, "USA_R34_NE": 110.0, "USA_R34_SE": 110.0, "USA_R34_SW": 70.0, "USA_R34_NW": 90.0, "USA_R50_NE": 60.0, "USA_R50_SE": 50.0, "USA_R50_SW": 50.0, "USA_R50_NW": 50.0, "USA_R64_NE": 35.0, "USA_R64_SE": 30.0, "USA_R64_SW": 25.0, "USA_R64_NW": 25.0, "USA_POCI": 1011.0, "USA_ROCI": 140.0, "USA_RMW": 5.0, "USA_EYE": null, "TOK_LAT": null, "TOK_LON": null, "TOK_GRADE": null, "TOK_WIND": null, "TOK_PRES": null, "TOK_R50_DR": null, "TOK_R50_L": null, "TOK_R50_S": null, "TOK_R30_DR": null, "TOK_R30_L": null, "TOK_R30_S": null, "TOK_LAND": null, "CMA_LAT": null, "CMA_LON": null, "CMA_CAT": null, "CMA_WIND": null, "CMA_PRES": null, "HKO_LAT": null, "HKO_LON": null, "HKO_CAT": null, "HKO_WIND": null, "HKO_PRES": null, "KMA_LAT": null, "KMA_LON": null, "KMA_CAT": null, "KMA_WIND": null, "KMA_PRES": null, "KMA_R50_DR": null, "KMA_R50_L": null, "KMA_R50_S": null, "KMA_R30_DR": null, "KMA_R30_L": null, "KMA_R30_S": null, "NEW_LAT": null, "NEW_LON": null, "NEW_GRADE": null, "NEW_WIND": null, "NEW_PRES": null, "NEW_CI": -999.9, "NEW_DP": null, "NEW_POCI": null, "REU_LAT": null, "REU_LON": null, "REU_TYPE": null, "REU_WIND": null, "REU_PRES": null, "REU_TNUM": -999.9, "REU_CI": -999.9, "REU_RMW": null, "REU_R34_NE": null, "REU_R34_SE": null, "REU_R34_SW": null, "REU_R34_NW": null, "REU_R50_NE": null, "REU_R50_SE": null, "REU_R50_SW": null, "REU_R50_NW": null, "REU_R64_NE": null, "REU_R64_SE": null, "REU_R64_SW": null, "REU_R64_NW": null, "BOM_LAT": null, "BOM_LON": null, "BOM_TYPE": null, "BOM_WIND": null, "BOM_PRES": null, "BOM_TNUM": -999.9, "BOM_CI": -999.9, "BOM_RMW": null, "BOM_R34_NE": null, "BOM_R34_SE": null, "BOM_R34_SW": null, "BOM_R34_NW": null, "BOM_R50_NE": null, "BOM_R50_SE": null, "BOM_R50_SW": null, "BOM_R50_NW": null, "BOM_R64_NE": null, "BOM_R64_SE": null, "BOM_R64_SW": null, "BOM_R64_NW": null, "BOM_ROCI": null, "BOM_POCI": null, "BOM_EYE": null, "BOM_POS_FL": null, "BOM_PRS_FL": null, "NAD_LAT": null, "NAD_LON": null, "NAD_CAT": null, "NAD_WIND": null, "NAD_PRES": null, "WEL_LAT": null, "WEL_LON": null, "WEL_WIND": null, "WEL_PRES": null, "DS8_LAT": null, "DS8_LON": null, "DS8_STAGE": null, "DS8_WIND": null, "DS8_PRES": null, "TD6_LAT": null, "TD6_LON": null, "TD6_STAGE": null, "TD6_WIND": null, "TD6_PRES": null, "TD5_LAT": null, "TD5_LON": null, "TD5_WIND": null, "TD5_PRES": null, "TD5_ROCI": null, "NEU_LAT": null, "NEU_LON": null, "NEU_CLASS": null, "NEU_WIND": null, "NEU_PRES": null, "MLC_LAT": null, "MLC_LON": null, "MLC_CLASS": null, "MLC_WIND": null, "MLC_PRES": null, "USA_GUST": 185.0, "BOM_GUST": null, "BOM_GUSTP": null, "REU_GUST": null, "REU_GUSTP": null, "USA_SEAHGT": 12.0, "USA_SEA_NE": 150.0, "USA_SEA_SE": 120.0, "USA_SEA_SW": 120.0, "USA_SEA_NW": 180.0, "STORM_SPD": 7, "STORM_DR": 275, "year": 2019, "month": 9, "day": 1, "hour": 12, "min": 0 }, "geometry": { "type": "LineString", "coordinates": [ [ -76.5, 26.5 ], [ -76.800048828125, 26.5 ] ] } },
{ "type": "Feature", "properties": { "SID": "2019236N10314", "SEASON": 2019, "NUMBER": 53, "BASIN": "NA", "SUBBASIN": "NA", "NAME": "DORIAN", "ISO_TIME": "2019-09-01 15:00:00", "NATURE": "TS", "LAT": 26.5, "LON": -76.8, "WMO_WIND": 0.0, "WMO_PRES": null, "WMO_AGENCY": null, "TRACK_TYPE": "main", "DIST2LAND": 197, "LANDFALL": 185, "IFLAG": "P______________", "USA_AGENCY": null, "USA_ATCFID": "AL052019", "USA_LAT": 26.5, "USA_LON": -76.8, "USA_RECORD": null, "USA_STATUS": "HU", "USA_WIND": 158.0, "USA_PRES": 916.0, "USA_SSHS": 5, "USA_R34_NE": 110.0, "USA_R34_SE": 110.0, "USA_R34_SW": 70.0, "USA_R34_NW": 90.0, "USA_R50_NE": 60.0, "USA_R50_SE": 50.0, "USA_R50_SW": 50.0, "USA_R50_NW": 50.0, "USA_R64_NE": 35.0, "USA_R64_SE": 30.0, "USA_R64_SW": 25.0, "USA_R64_NW": 25.0, "USA_POCI": 1011.0, "USA_ROCI": 140.0, "USA_RMW": 5.0, "USA_EYE": null, "TOK_LAT": null, "TOK_LON": null, "TOK_GRADE": null, "TOK_WIND": null, "TOK_PRES": null, "TOK_R50_DR": null, "TOK_R50_L": null, "TOK_R50_S": null, "TOK_R30_DR": null, "TOK_R30_L": null, "TOK_R30_S": null, "TOK_LAND": null, "CMA_LAT": null, "CMA_LON": null, "CMA_CAT": null, "CMA_WIND": null, "CMA_PRES": null, "HKO_LAT": null, "HKO_LON": null, "HKO_CAT": null, "HKO_WIND": null, "HKO_PRES": null, "KMA_LAT": null, "KMA_LON": null, "KMA_CAT": null, "KMA_WIND": null, "KMA_PRES": null, "KMA_R50_DR": null, "KMA_R50_L": null, "KMA_R50_S": null, "KMA_R30_DR": null, "KMA_R30_L": null, "KMA_R30_S": null, "NEW_LAT": null, "NEW_LON": null, "NEW_GRADE": null, "NEW_WIND": null, "NEW_PRES": null, "NEW_CI": -999.9, "NEW_DP": null, "NEW_POCI": null, "REU_LAT": null, "REU_LON": null, "REU_TYPE": null, "REU_WIND": null, "REU_PRES": null, "REU_TNUM": -999.9, "REU_CI": -999.9, "REU_RMW": null, "REU_R34_NE": null, "REU_R34_SE": null, "REU_R34_SW": null, "REU_R34_NW": null, "REU_R50_NE": null, "REU_R50_SE": null, "REU_R50_SW": null, "REU_R50_NW": null, "REU_R64_NE": null, "REU_R64_SE": null, "REU_R64_SW": null, "REU_R64_NW": null, "BOM_LAT": null, "BOM_LON": null, "BOM_TYPE": null, "BOM_WIND": null, "BOM_PRES": null, "BOM_TNUM": -999.9, "BOM_CI": -999.9, "BOM_RMW": null, "BOM_R34_NE": null, "BOM_R34_SE": null, "BOM_R34_SW": null, "BOM_R34_NW": null, "BOM_R50_NE": null, "BOM_R50_SE": null, "BOM_R50_SW": null, "BOM_R50_NW": null, "BOM_R64_NE": null, "BOM_R64_SE": null, "BOM_R64_SW": null, "BOM_R64_NW": null, "BOM_ROCI": null, "BOM_POCI": null, "BOM_EYE": null, "BOM_POS_FL": null, "BOM_PRS_FL": null, "NAD_LAT": null, "NAD_LON": null, "NAD_CAT": null, "NAD_WIND": null, "NAD_PRES": null, "WEL_LAT": null, "WEL_LON": null, "WEL_WIND": null, "WEL_PRES": null, "DS8_LAT": null, "DS8_LON": null, "DS8_STAGE": null, "DS8_WIND": null, "DS8_PRES": null, "TD6_LAT": null, "TD6_LON": null, "TD6_STAGE": null, "TD6_WIND": null, "TD6_PRES": null, "TD5_LAT": null, "TD5_LON": null, "TD5_WIND": null, "TD5_PRES": null, "TD5_ROCI": null, "NEU_LAT": null, "NEU_LON": null, "NEU_CLASS": null, "NEU_WIND": null, "NEU_PRES": null, "MLC_LAT": null, "MLC_LON": null, "MLC_CLASS": null, "MLC_WIND": null, "MLC_PRES": null, "USA_GUST": null, "BOM_GUST": null, "BOM_GUSTP": null, "REU_GUST": null, "REU_GUSTP": null, "USA_SEAHGT": 12.0, "USA_SEA_NE": 150.0, "USA_SEA_SE": 120.0, "USA_SEA_SW": 105.0, "USA_SEA_NW": 180.0, "STORM_SPD": 6, "STORM_DR": 270, "year": 2019, "month": 9, "day": 1, "hour": 15, "min": 0 }, "geometry": { "type": "LineString", "coordinates": [ [ -76.800048828125, 26.5 ], [ -77.0, 26.5 ] ] } },
{ "type": "Feature", "properties": { "SID": "2019236N10314", "SEASON": 2019, "NUMBER": 53, "BASIN": "NA", "SUBBASIN": "NA", "NAME": "DORIAN", "ISO_TIME": "2019-09-01 16:40:00", "NATURE": "TS", "LAT": 26.5, "LON": -77.0, "WMO_WIND": 160.0, "WMO_PRES": 910.0, "WMO_AGENCY": "hurdat_atl", "TRACK_TYPE": "main", "DIST2LAND": 185, "LANDFALL": 180, "IFLAG": "V______________", "USA_AGENCY": "hurdat_atl", "USA_ATCFID": "AL052019", "USA_LAT": 26.5, "USA_LON": -77.0, "USA_RECORD": "L", "USA_STATUS": "HU", "USA_WIND": 160.0, "USA_PRES": 910.0, "USA_SSHS": 5, "USA_R34_NE": 110.0, "USA_R34_SE": 110.0, "USA_R34_SW": 70.0, "USA_R34_NW": 90.0, "USA_R50_NE": 60.0, "USA_R50_SE": 50.0, "USA_R50_SW": 50.0, "USA_R50_NW": 50.0, "USA_R64_NE": 35.0, "USA_R64_SE": 30.0, "USA_R64_SW": 25.0, "USA_R64_NW": 25.0, "USA_POCI": 1011.0, "USA_ROCI": 140.0, "USA_RMW": 5.0, "USA_EYE": null, "TOK_LAT": null, "TOK_LON": null, "TOK_GRADE": null, "TOK_WIND": null, "TOK_PRES": null, "TOK_R50_DR": null, "TOK_R50_L": null, "TOK_R50_S": null, "TOK_R30_DR": null, "TOK_R30_L": null, "TOK_R30_S": null, "TOK_LAND": null, "CMA_LAT": null, "CMA_LON": null, "CMA_CAT": null, "CMA_WIND": null, "CMA_PRES": null, "HKO_LAT": null, "HKO_LON": null, "HKO_CAT": null, "HKO_WIND": null, "HKO_PRES": null, "KMA_LAT": null, "KMA_LON": null, "KMA_CAT": null, "KMA_WIND": null, "KMA_PRES": null, "KMA_R50_DR": null, "KMA_R50_L": null, "KMA_R50_S": null, "KMA_R30_DR": null, "KMA_R30_L": null, "KMA_R30_S": null, "NEW_LAT": null, "NEW_LON": null, "NEW_GRADE": null, "NEW_WIND": null, "NEW_PRES": null, "NEW_CI": -999.9, "NEW_DP": null, "NEW_POCI": null, "REU_LAT": null, "REU_LON": null, "REU_TYPE": null, "REU_WIND": null, "REU_PRES": null, "REU_TNUM": -999.9, "REU_CI": -999.9, "REU_RMW": null, "REU_R34_NE": null, "REU_R34_SE": null, "REU_R34_SW": null, "REU_R34_NW": null, "REU_R50_NE": null, "REU_R50_SE": null, "REU_R50_SW": null, "REU_R50_NW": null, "REU_R64_NE": null, "REU_R64_SE": null, "REU_R64_SW": null, "REU_R64_NW": null, "BOM_LAT": null, "BOM_LON": null, "BOM_TYPE": null, "BOM_WIND": null, "BOM_PRES": null, "BOM_TNUM": -999.9, "BOM_CI": -999.9, "BOM_RMW": null, "BOM_R34_NE": null, "BOM_R34_SE": null, "BOM_R34_SW": null, "BOM_R34_NW": null, "BOM_R50_NE": null, "BOM_R50_SE": null, "BOM_R50_SW": null, "BOM_R50_NW": null, "BOM_R64_NE": null, "BOM_R64_SE": null, "BOM_R64_SW": null, "BOM_R64_NW": null, "BOM_ROCI": null, "BOM_POCI": null, "BOM_EYE": null, "BOM_POS_FL": null, "BOM_PRS_FL": null, "NAD_LAT": null, "NAD_LON": null, "NAD_CAT": null, "NAD_WIND": null, "NAD_PRES": null, "WEL_LAT": null, "WEL_LON": null, "WEL_WIND": null, "WEL_PRES": null, "DS8_LAT": null, "DS8_LON": null, "DS8_STAGE": null, "DS8_WIND": null, "DS8_PRES": null, "TD6_LAT": null, "TD6_LON": null, "TD6_STAGE": null, "TD6_WIND": null, "TD6_PRES": null, "TD5_LAT": null, "TD5_LON": null, "TD5_WIND": null, "TD5_PRES": null, "TD5_ROCI": null, "NEU_LAT": null, "NEU_LON": null, "NEU_CLASS": null, "NEU_WIND": null, "NEU_PRES": null, "MLC_LAT": null, "MLC_LON": null, "MLC_CLASS": null, "MLC_WIND": null, "MLC_PRES": null, "USA_GUST": null, "BOM_GUST": null, "BOM_GUSTP": null, "REU_GUST": null, "REU_GUSTP": null, "USA_SEAHGT": 12.0, "USA_SEA_NE": 150.0, "USA_SEA_SE": 120.0, "USA_SEA_SW": 97.0, "USA_SEA_NW": 180.0, "STORM_SPD": 4, "STORM_DR": 270, "year": 2019, "month": 9, "day": 1, "hour": 16, "min": 40 }, "geometry": { "type": "LineString", "coordinates": [ [ -77.0, 26.5 ], [ -77.0999755859375, 26.5 ] ] } },
{ "type": "Feature", "properties": { "SID": "2019236N10314", "SEASON": 2019, "NUMBER": 53, "BASIN": "NA", "SUBBASIN": "NA", "NAME": "DORIAN", "ISO_TIME": "2019-09-01 18:00:00", "NATURE": "TS", "LAT": 26.5, "LON": -77.1, "WMO_WIND": 160.0, "WMO_PRES": 910.0, "WMO_AGENCY": "hurdat_atl", "TRACK_TYPE": "main", "DIST2LAND": 180, "LANDFALL": 167, "IFLAG": "O______________", "USA_AGENCY": "hurdat_atl", "USA_ATCFID": "AL052019", "USA_LAT": 26.5, "USA_LON": -77.1, "USA_RECORD": null, "USA_STATUS": "HU", "USA_WIND": 160.0, "USA_PRES": 910.0, "USA_SSHS": 5, "USA_R34_NE": 120.0, "USA_R34_SE": 120.0, "USA_R34_SW": 70.0, "USA_R34_NW": 90.0, "USA_R50_NE": 60.0, "USA_R50_SE": 50.0, "USA_R50_SW": 50.0, "USA_R50_NW": 50.0, "USA_R64_NE": 35.0, "USA_R64_SE": 30.0, "USA_R64_SW": 25.0, "USA_R64_NW": 25.0, "USA_POCI": 1011.0, "USA_ROCI": 150.0, "USA_RMW": 5.0, "USA_EYE": null, "TOK_LAT": null, "TOK_LON": null, "TOK_GRADE": null, "TOK_WIND": null, "TOK_PRES": null, "TOK_R50_DR": null, "TOK_R50_L": null, "TOK_R50_S": null, "TOK_R30_DR": null, "TOK_R30_L": null, "TOK_R30_S": null, "TOK_LAND": null, "CMA_LAT": null, "CMA_LON": null, "CMA_CAT": null, "CMA_WIND": null, "CMA_PRES": null, "HKO_LAT": null, "HKO_LON": null, "HKO_CAT": null, "HKO_WIND": null, "HKO_PRES": null, "KMA_LAT": null, "KMA_LON": null, "KMA_CAT": null, "KMA_WIND": null, "KMA_PRES": null, "KMA_R50_DR": null, "KMA_R50_L": null, "KMA_R50_S": null, "KMA_R30_DR": null, "KMA_R30_L": null, "KMA_R30_S": null, "NEW_LAT": null, "NEW_LON": null, "NEW_GRADE": null, "NEW_WIND": null, "NEW_PRES": null, "NEW_CI": -999.9, "NEW_DP": null, "NEW_POCI": null, "REU_LAT": null, "REU_LON": null, "REU_TYPE": null, "REU_WIND": null, "REU_PRES": null, "REU_TNUM": -999.9, "REU_CI": -999.9, "REU_RMW": null, "REU_R34_NE": null, "REU_R34_SE": null, "REU_R34_SW": null, "REU_R34_NW": null, "REU_R50_NE": null, "REU_R50_SE": null, "REU_R50_SW": null, "REU_R50_NW": null, "REU_R64_NE": null, "REU_R64_SE": null, "REU_R64_SW": null, "REU_R64_NW": null, "BOM_LAT": null, "BOM_LON": null, "BOM_TYPE": null, "BOM_WIND": null, "BOM_PRES": null, "BOM_TNUM": -999.9, "BOM_CI": -999.9, "BOM_RMW": null, "BOM_R34_NE": null, "BOM_R34_SE": null, "BOM_R34_SW": null, "BOM_R34_NW": null, "BOM_R50_NE": null, "BOM_R50_SE": null, "BOM_R50_SW": null, "BOM_R50_NW": null, "BOM_R64_NE": null, "BOM_R64_SE": null, "BOM_R64_SW": null, "BOM_R64_NW": null, "BOM_ROCI": null, "BOM_POCI": null, "BOM_EYE": null, "BOM_POS_FL": null, "BOM_PRS_FL": null, "NAD_LAT": null, "NAD_LON": null, "NAD_CAT": null, "NAD_WIND": null, "NAD_PRES": null, "WEL_LAT": null, "WEL_LON": null, "WEL_WIND": null, "WEL_PRES": null, "DS8_LAT": null, "DS8_LON": null, "DS8_STAGE": null, "DS8_WIND": null, "DS8_PRES": null, "TD6_LAT": null, "TD6_LON": null, "TD6_STAGE": null, "TD6_WIND": null, "TD6_PRES": null, "TD5_LAT": null, "TD5_LON": null, "TD5_WIND": null, "TD5_PRES": null, "TD5_ROCI": null, "NEU_LAT": null, "NEU_LON": null, "NEU_CLASS": null, "NEU_WIND": null, "NEU_PRES": null, "MLC_LAT": null, "MLC_LON": null, "MLC_CLASS": null, "MLC_WIND": null, "MLC_PRES": null, "USA_GUST": 195.0, "BOM_GUST": null, "BOM_GUSTP": null, "REU_GUST": null, "REU_GUSTP": null, "USA_SEAHGT": 12.0, "USA_SEA_NE": 150.0, "USA_SEA_SE": 120.0, "USA_SEA_SW": 90.0, "USA_SEA_NW": 180.0, "STORM_SPD": 5, "STORM_DR": 275, "year": 2019, "month": 9, "day": 1, "hour": 18, "min": 0 }, "geometry": { "type": "LineString", "coordinates": [ [ -77.0999755859375, 26.5 ], [ -77.4000244140625, 26.5 ] ] } },
{ "type": "Feature", "properties": { "SID": "2019236N10314", "SEASON": 2019, "NUMBER": 53, "BASIN": "NA", "SUBBASIN": "NA", "NAME": "DORIAN", "ISO_TIME": "2019-09-01 21:00:00", "NATURE": "TS", "LAT": 26.5, "LON": -77.4, "WMO_WIND": 0.0, "WMO_PRES": null, "WMO_AGENCY": null, "TRACK_TYPE": "main", "DIST2LAND": 167, "LANDFALL": 167, "IFLAG": "P______________", "USA_AGENCY": null, "USA_ATCFID": "AL052019", "USA_LAT": 26.5, "USA_LON": -77.4, "USA_RECORD": null, "USA_STATUS": "HU", "USA_WIND": 158.0, "USA_PRES": 912.0, "USA_SSHS": 5, "USA_R34_NE": 120.0, "USA_R34_SE": 120.0, "USA_R34_SW": 75.0, "USA_R34_NW": 95.0, "USA_R50_NE": 65.0, "USA_R50_SE": 55.0, "USA_R50_SW": 50.0, "USA_R50_NW": 50.0, "USA_R64_NE": 38.0, "USA_R64_SE": 30.0, "USA_R64_SW": 25.0, "USA_R64_NW": 25.0, "USA_POCI": 1011.0, "USA_ROCI": 150.0, "USA_RMW": 8.0, "USA_EYE": null, "TOK_LAT": null, "TOK_LON": null, "TOK_GRADE": null, "TOK_WIND": null, "TOK_PRES": null, "TOK_R50_DR": null, "TOK_R50_L": null, "TOK_R50_S": null, "TOK_R30_DR": null, "TOK_R30_L": null, "TOK_R30_S": null, "TOK_LAND": null, "CMA_LAT": null, "CMA_LON": null, "CMA_CAT": null, "CMA_WIND": null, "CMA_PRES": null, "HKO_LAT": null, "HKO_LON": null, "HKO_CAT": null, "HKO_WIND": null, "HKO_PRES": null, "KMA_LAT": null, "KMA_LON": null, "KMA_CAT": null, "KMA_WIND": null, "KMA_PRES": null, "KMA_R50_DR": null, "KMA_R50_L": null, "KMA_R50_S": null, "KMA_R30_DR": null, "KMA_R30_L": null, "KMA_R30_S": null, "NEW_LAT": null, "NEW_LON": null, "NEW_GRADE": null, "NEW_WIND": null, "NEW_PRES": null, "NEW_CI": -999.9, "NEW_DP": null, "NEW_POCI": null, "REU_LAT": null, "REU_LON": null, "REU_TYPE": null, "REU_WIND": null, "REU_PRES": null, "REU_TNUM": -999.9, "REU_CI": -999.9, "REU_RMW": null, "REU_R34_NE": null, "REU_R34_SE": null, "REU_R34_SW": null, "REU_R34_NW": null, "REU_R50_NE": null, "REU_R50_SE": null, "REU_R50_SW": null, "REU_R50_NW": null, "REU_R64_NE": null, "REU_R64_SE": null, "REU_R64_SW": null, "REU_R64_NW": null, "BOM_LAT": null, "BOM_LON": null, "BOM_TYPE": null, "BOM_WIND": null, "BOM_PRES": null, "BOM_TNUM": -999.9, "BOM_CI": -999.9, "BOM_RMW": null, "BOM_R34_NE": null, "BOM_R34_SE": null, "BOM_R34_SW": null, "BOM_R34_NW": null, "BOM_R50_NE": null, "BOM_R50_SE": null, "BOM_R50_SW": null, "BOM_R50_NW": null, "BOM_R64_NE": null, "BOM_R64_SE": null, "BOM_R64_SW": null, "BOM_R64_NW": null, "BOM_ROCI": null, "BOM_POCI": null, "BOM_EYE": null, "BOM_POS_FL": null, "BOM_PRS_FL": null, "NAD_LAT": null, "NAD_LON": null, "NAD_CAT": null, "NAD_WIND": null, "NAD_PRES": null, "WEL_LAT": null, "WEL_LON": null, "WEL_WIND": null, "WEL_PRES": null, "DS8_LAT": null, "DS8_LON": null, "DS8_STAGE": null, "DS8_WIND": null, "DS8_PRES": null, "TD6_LAT": null, "TD6_LON": null, "TD6_STAGE": null, "TD6_WIND": null, "TD6_PRES": null, "TD5_LAT": null, "TD5_LON": null, "TD5_WIND": null, "TD5_PRES": null, "TD5_ROCI": null, "NEU_LAT": null, "NEU_LON": null, "NEU_CLASS": null, "NEU_WIND": null, "NEU_PRES": null, "MLC_LAT": null, "MLC_LON": null, "MLC_CLASS": null, "MLC_WIND": null, "MLC_PRES": null, "USA_GUST": null, "BOM_GUST": null, "BOM_GUSTP": null, "REU_GUST": null, "REU_GUSTP": null, "USA_SEAHGT": 12.0, "USA_SEA_NE": 165.0, "USA_SEA_SE": 120.0, "USA_SEA_SW": 90.0, "USA_SEA_NW": 195.0, "STORM_SPD": 5, "STORM_DR": 280, "year": 2019, "month": 9, "day": 1, "hour": 21, "min": 0 }, "geometry": { "type": "LineString", "coordinates": [ [ -77.4000244140625, 26.5 ], [ -77.699951171875, 26.600000381469727 ] ] } },
{ "type": "Feature", "properties": { "SID": "2019236N10314", "SEASON": 2019, "NUMBER": 53, "BASIN": "NA", "SUBBASIN": "NA", "NAME": "DORIAN", "ISO_TIME": "2019-09-02 00:00:00", "NATURE": "TS", "LAT": 26.6, "LON": -77.7, "WMO_WIND": 155.0, "WMO_PRES": 914.0, "WMO_AGENCY": "hurdat_atl", "TRACK_TYPE": "main", "DIST2LAND": 170, "LANDFALL": 168, "IFLAG": "O______________", "USA_AGENCY": "hurdat_atl", "USA_ATCFID": "AL052019", "USA_LAT": 26.6, "USA_LON": -77.7, "USA_RECORD": null, "USA_STATUS": "HU", "USA_WIND": 155.0, "USA_PRES": 914.0, "USA_SSHS": 5, "USA_R34_NE": 120.0, "USA_R34_SE": 120.0, "USA_R34_SW": 80.0, "USA_R34_NW": 100.0, "USA_R50_NE": 70.0, "USA_R50_SE": 60.0, "USA_R50_SW": 50.0, "USA_R50_NW": 50.0, "USA_R64_NE": 40.0, "USA_R64_SE": 30.0, "USA_R64_SW": 25.0, "USA_R64_NW": 25.0, "USA_POCI": 1011.0, "USA_ROCI": 150.0, "USA_RMW": 10.0, "USA_EYE": null, "TOK_LAT": null, "TOK_LON": null, "TOK_GRADE": null, "TOK_WIND": null, "TOK_PRES": null, "TOK_R50_DR": null, "TOK_R50_L": null, "TOK_R50_S": null, "TOK_R30_DR": null, "TOK_R30_L": null, "TOK_R30_S": null, "TOK_LAND": null, "CMA_LAT": null, "CMA_LON": null, "CMA_CAT": null, "CMA_WIND": null, "CMA_PRES": null, "HKO_LAT": null, "HKO_LON": null, "HKO_CAT": null, "HKO_WIND": null, "HKO_PRES": null, "KMA_LAT": null, "KMA_LON": null, "KMA_CAT": null, "KMA_WIND": null, "KMA_PRES": null, "KMA_R50_DR": null, "KMA_R50_L": null, "KMA_R50_S": null, "KMA_R30_DR": null, "KMA_R30_L": null, "KMA_R30_S": null, "NEW_LAT": null, "NEW_LON": null, "NEW_GRADE": null, "NEW_WIND": null, "NEW_PRES": null, "NEW_CI": -999.9, "NEW_DP": null, "NEW_POCI": null, "REU_LAT": null, "REU_LON": null, "REU_TYPE": null, "REU_WIND": null, "REU_PRES": null, "REU_TNUM": -999.9, "REU_CI": -999.9, "REU_RMW": null, "REU_R34_NE": null, "REU_R34_SE": null, "REU_R34_SW": null, "REU_R34_NW": null, "REU_R50_NE": null, "REU_R50_SE": null, "REU_R50_SW": null, "REU_R50_NW": null, "REU_R64_NE": null, "REU_R64_SE": null, "REU_R64_SW": null, "REU_R64_NW": null, "BOM_LAT": null, "BOM_LON": null, "BOM_TYPE": null, "BOM_WIND": null, "BOM_PRES": null, "BOM_TNUM": -999.9, "BOM_CI": -999.9, "BOM_RMW": null, "BOM_R34_NE": null, "BOM_R34_SE": null, "BOM_R34_SW": null, "BOM_R34_NW": null, "BOM_R50_NE": null, "BOM_R50_SE": null, "BOM_R50_SW": null, "BOM_R50_NW": null, "BOM_R64_NE": null, "BOM_R64_SE": null, "BOM_R64_SW": null, "BOM_R64_NW": null, "BOM_ROCI": null, "BOM_POCI": null, "BOM_EYE": null, "BOM_POS_FL": null, "BOM_PRS_FL": null, "NAD_LAT": null, "NAD_LON": null, "NAD_CAT": null, "NAD_WIND": null, "NAD_PRES": null, "WEL_LAT": null, "WEL_LON": null, "WEL_WIND": null, "WEL_PRES": null, "DS8_LAT": null, "DS8_LON": null, "DS8_STAGE": null, "DS8_WIND": null, "DS8_PRES": null, "TD6_LAT": null, "TD6_LON": null, "TD6_STAGE": null, "TD6_WIND": null, "TD6_PRES": null, "TD5_LAT": null, "TD5_LON": null, "TD5_WIND": null, "TD5_PRES": null, "TD5_ROCI": null, "NEU_LAT": null, "NEU_LON": null, "NEU_CLASS": null, "NEU_WIND": null, "NEU_PRES": null, "MLC_LAT": null, "MLC_LON": null, "MLC_CLASS": null, "MLC_WIND": null, "MLC_PRES": null, "USA_GUST": 190.0, "BOM_GUST": null, "BOM_GUSTP": null, "REU_GUST": null, "REU_GUSTP": null, "USA_SEAHGT": 12.0, "USA_SEA_NE": 180.0, "USA_SEA_SE": 120.0, "USA_SEA_SW": 90.0, "USA_SEA_NW": 210.0, "STORM_SPD": 4, "STORM_DR": 280, "year": 2019, "month": 9, "day": 2, "hour": 0, "min": 0 }, "geometry": { "type": "LineString", "coordinates": [ [ -77.699951171875, 26.600000381469727 ], [ -77.800048828125, 26.600000381469727 ] ] } },
{ "type": "Feature", "properties": { "SID": "2019236N10314", "SEASON": 2019, "NUMBER": 53, "BASIN": "NA", "SUBBASIN": "NA", "NAME": "DORIAN", "ISO_TIME": "2019-09-02 02:15:00", "NATURE": "TS", "LAT": 26.6, "LON": -77.8, "WMO_WIND": 155.0, "WMO_PRES": 914.0, "WMO_AGENCY": "hurdat_atl", "TRACK_TYPE": "main", "DIST2LAND": 168, "LANDFALL": 168, "IFLAG": "V______________", "USA_AGENCY": "hurdat_atl", "USA_ATCFID": "AL052019", "USA_LAT": 26.6, "USA_LON": -77.8, "USA_RECORD": "L", "USA_STATUS": "HU", "USA_WIND": 155.0, "USA_PRES": 914.0, "USA_SSHS": 5, "USA_R34_NE": 120.0, "USA_R34_SE": 120.0, "USA_R34_SW": 80.0, "USA_R34_NW": 100.0, "USA_R50_NE": 70.0, "USA_R50_SE": 60.0, "USA_R50_SW": 50.0, "USA_R50_NW": 50.0, "USA_R64_NE": 40.0, "USA_R64_SE": 30.0, "USA_R64_SW": 25.0, "USA_R64_NW": 25.0, "USA_POCI": 1011.0, "USA_ROCI": 150.0, "USA_RMW": 10.0, "USA_EYE": null, "TOK_LAT": null, "TOK_LON": null, "TOK_GRADE": null, "TOK_WIND": null, "TOK_PRES": null, "TOK_R50_DR": null, "TOK_R50_L": null, "TOK_R50_S": null, "TOK_R30_DR": null, "TOK_R30_L": null, "TOK_R30_S": null, "TOK_LAND": null, "CMA_LAT": null, "CMA_LON": null, "CMA_CAT": null, "CMA_WIND": null, "CMA_PRES": null, "HKO_LAT": null, "HKO_LON": null, "HKO_CAT": null, "HKO_WIND": null, "HKO_PRES": null, "KMA_LAT": null, "KMA_LON": null, "KMA_CAT": null, "KMA_WIND": null, "KMA_PRES": null, "KMA_R50_DR": null, "KMA_R50_L": null, "KMA_R50_S": null, "KMA_R30_DR": null, "KMA_R30_L": null, "KMA_R30_S": null, "NEW_LAT": null, "NEW_LON": null, "NEW_GRADE": null, "NEW_WIND": null, "NEW_PRES": null, "NEW_CI": -999.9, "NEW_DP": null, "NEW_POCI": null, "REU_LAT": null, "REU_LON": null, "REU_TYPE": null, "REU_WIND": null, "REU_PRES": null, "REU_TNUM": -999.9, "REU_CI": -999.9, "REU_RMW": null, "REU_R34_NE": null, "REU_R34_SE": null, "REU_R34_SW": null, "REU_R34_NW": null, "REU_R50_NE": null, "REU_R50_SE": null, "REU_R50_SW": null, "REU_R50_NW": null, "REU_R64_NE": null, "REU_R64_SE": null, "REU_R64_SW": null, "REU_R64_NW": null, "BOM_LAT": null, "BOM_LON": null, "BOM_TYPE": null, "BOM_WIND": null, "BOM_PRES": null, "BOM_TNUM": -999.9, "BOM_CI": -999.9, "BOM_RMW": null, "BOM_R34_NE": null, "BOM_R34_SE": null, "BOM_R34_SW": null, "BOM_R34_NW": null, "BOM_R50_NE": null, "BOM_R50_SE": null, "BOM_R50_SW": null, "BOM_R50_NW": null, "BOM_R64_NE": null, "BOM_R64_SE": null, "BOM_R64_SW": null, "BOM_R64_NW": null, "BOM_ROCI": null, "BOM_POCI": null, "BOM_EYE": null, "BOM_POS_FL": null, "BOM_PRS_FL": null, "NAD_LAT": null, "NAD_LON": null, "NAD_CAT": null, "NAD_WIND": null, "NAD_PRES": null, "WEL_LAT": null, "WEL_LON": null, "WEL_WIND": null, "WEL_PRES": null, "DS8_LAT": null, "DS8_LON": null, "DS8_STAGE": null, "DS8_WIND": null, "DS8_PRES": null, "TD6_LAT": null, "TD6_LON": null, "TD6_STAGE": null, "TD6_WIND": null, "TD6_PRES": null, "TD5_LAT": null, "TD5_LON": null, "TD5_WIND": null, "TD5_PRES": null, "TD5_ROCI": null, "NEU_LAT": null, "NEU_LON": null, "NEU_CLASS": null, "NEU_WIND": null, "NEU_PRES": null, "MLC_LAT": null, "MLC_LON": null, "MLC_CLASS": null, "MLC_WIND": null, "MLC_PRES": null, "USA_GUST": null, "BOM_GUST": null, "BOM_GUSTP": null, "REU_GUST": null, "REU_GUSTP": null, "USA_SEAHGT": 12.0, "USA_SEA_NE": 169.0, "USA_SEA_SE": 120.0, "USA_SEA_SW": 79.0, "USA_SEA_NW": 199.0, "STORM_SPD": 2, "STORM_DR": 270, "year": 2019, "month": 9, "day": 2, "hour": 2, "min": 15 }, "geometry": { "type": "LineString", "coordinates": [ [ -77.800048828125, 26.600000381469727 ], [ -77.7900390625, 26.600000381469727 ] ] } },
{ "type": "Feature", "properties": { "SID": "2019236N10314", "SEASON": 2019, "NUMBER": 53, "BASIN": "NA", "SUBBASIN": "NA", "NAME": "DORIAN", "ISO_TIME": "2019-09-02 03:00:00", "NATURE": "TS", "LAT": 26.6, "LON": -77.79, "WMO_WIND": 0.0, "WMO_PRES": null, "WMO_AGENCY": null, "TRACK_TYPE": "main", "DIST2LAND": 168, "LANDFALL": 167, "IFLAG": "P______________", "USA_AGENCY": null, "USA_ATCFID": "AL052019", "USA_LAT": 26.6, "USA_LON": -77.8, "USA_RECORD": null, "USA_STATUS": "HU", "USA_WIND": 153.0, "USA_PRES": 914.0, "USA_SSHS": 5, "USA_R34_NE": 122.0, "USA_R34_SE": 120.0, "USA_R34_SW": 80.0, "USA_R34_NW": 100.0, "USA_R50_NE": 70.0, "USA_R50_SE": 60.0, "USA_R50_SW": 50.0, "USA_R50_NW": 50.0, "USA_R64_NE": 40.0, "USA_R64_SE": 30.0, "USA_R64_SW": 25.0, "USA_R64_NW": 25.0, "USA_POCI": 1011.0, "USA_ROCI": 152.0, "USA_RMW": 10.0, "USA_EYE": null, "TOK_LAT": null, "TOK_LON": null, "TOK_GRADE": null, "TOK_WIND": null, "TOK_PRES": null, "TOK_R50_DR": null, "TOK_R50_L": null, "TOK_R50_S": null, "TOK_R30_DR": null, "TOK_R30_L": null, "TOK_R30_S": null, "TOK_LAND": null, "CMA_LAT": null, "CMA_LON": null, "CMA_CAT": null, "CMA_WIND": null, "CMA_PRES": null, "HKO_LAT": null, "HKO_LON": null, "HKO_CAT": null, "HKO_WIND": null, "HKO_PRES": null, "KMA_LAT": null, "KMA_LON": null, "KMA_CAT": null, "KMA_WIND": null, "KMA_PRES": null, "KMA_R50_DR": null, "KMA_R50_L": null, "KMA_R50_S": null, "KMA_R30_DR": null, "KMA_R30_L": null, "KMA_R30_S": null, "NEW_LAT": null, "NEW_LON": null, "NEW_GRADE": null, "NEW_WIND": null, "NEW_PRES": null, "NEW_CI": -999.9, "NEW_DP": null, "NEW_POCI": null, "REU_LAT": null, "REU_LON": null, "REU_TYPE": null, "REU_WIND": null, "REU_PRES": null, "REU_TNUM": -999.9, "REU_CI": -999.9, "REU_RMW": null, "REU_R34_NE": null, "REU_R34_SE": null, "REU_R34_SW": null, "REU_R34_NW": null, "REU_R50_NE": null, "REU_R50_SE": null, "REU_R50_SW": null, "REU_R50_NW": null, "REU_R64_NE": null, "REU_R64_SE": null, "REU_R64_SW": null, "REU_R64_NW": null, "BOM_LAT": null, "BOM_LON": null, "BOM_TYPE": null, "BOM_WIND": null, "BOM_PRES": null, "BOM_TNUM": -999.9, "BOM_CI": -999.9, "BOM_RMW": null, "BOM_R34_NE": null, "BOM_R34_SE": null, "BOM_R34_SW": null, "BOM_R34_NW": null, "BOM_R50_NE": null, "BOM_R50_SE": null, "BOM_R50_SW": null, "BOM_R50_NW": null, "BOM_R64_NE": null, "BOM_R64_SE": null, "BOM_R64_SW": null, "BOM_R64_NW": null, "BOM_ROCI": null, "BOM_POCI": null, "BOM_EYE": null, "BOM_POS_FL": null, "BOM_PRS_FL": null, "NAD_LAT": null, "NAD_LON": null, "NAD_CAT": null, "NAD_WIND": null, "NAD_PRES": null, "WEL_LAT": null, "WEL_LON": null, "WEL_WIND": null, "WEL_PRES": null, "DS8_LAT": null, "DS8_LON": null, "DS8_STAGE": null, "DS8_WIND": null, "DS8_PRES": null, "TD6_LAT": null, "TD6_LON": null, "TD6_STAGE": null, "TD6_WIND": null, "TD6_PRES": null, "TD5_LAT": null, "TD5_LON": null, "TD5_WIND": null, "TD5_PRES": null, "TD5_ROCI": null, "NEU_LAT": null, "NEU_LON": null, "NEU_CLASS": null, "NEU_WIND": null, "NEU_PRES": null, "MLC_LAT": null, "MLC_LON": null, "MLC_CLASS": null, "MLC_WIND": null, "MLC_PRES": null, "USA_GUST": null, "BOM_GUST": null, "BOM_GUSTP": null, "REU_GUST": null, "REU_GUSTP": null, "USA_SEAHGT": 12.0, "USA_SEA_NE": 165.0, "USA_SEA_SE": 120.0, "USA_SEA_SW": 75.0, "USA_SEA_NW": 195.0, "STORM_SPD": 3, "STORM_DR": 270, "year": 2019, "month": 9, "day": 2, "hour": 3, "min": 0 }, "geometry": { "type": "LineString", "coordinates": [ [ -77.7900390625, 26.600000381469727 ], [ -78.0, 26.600000381469727 ] ] } },
{ "type": "Feature", "properties": { "SID": "2019236N10314", "SEASON": 2019, "NUMBER": 53, "BASIN": "NA", "SUBBASIN": "NA", "NAME": "DORIAN", "ISO_TIME": "2019-09-02 06:00:00", "NATURE": "TS", "LAT": 26.6, "LON": -78.0, "WMO_WIND": 145.0, "WMO_PRES": 916.0, "WMO_AGENCY": "hurdat_atl", "TRACK_TYPE": "main", "DIST2LAND": 167, "LANDFALL": 167, "IFLAG": "O______________", "USA_AGENCY": "hurdat_atl", "USA_ATCFID": "AL052019", "USA_LAT": 26.6, "USA_LON": -78.0, "USA_RECORD": null, "USA_STATUS": "HU", "USA_WIND": 145.0, "USA_PRES": 916.0, "USA_SSHS": 5, "USA_R34_NE": 130.0, "USA_R34_SE": 120.0, "USA_R34_SW": 80.0, "USA_R34_NW": 100.0, "USA_R50_NE": 70.0, "USA_R50_SE": 60.0, "USA_R50_SW": 50.0, "USA_R50_NW": 50.0, "USA_R64_NE": 40.0, "USA_R64_SE": 30.0, "USA_R64_SW": 25.0, "USA_R64_NW": 25.0, "USA_POCI": 1011.0, "USA_ROCI": 160.0, "USA_RMW": 10.0, "USA_EYE": null, "TOK_LAT": null, "TOK_LON": null, "TOK_GRADE": null, "TOK_WIND": null, "TOK_PRES": null, "TOK_R50_DR": null, "TOK_R50_L": null, "TOK_R50_S": null, "TOK_R30_DR": null, "TOK_R30_L": null, "TOK_R30_S": null, "TOK_LAND": null, "CMA_LAT": null, "CMA_LON": null, "CMA_CAT": null, "CMA_WIND": null, "CMA_PRES": null, "HKO_LAT": null, "HKO_LON": null, "HKO_CAT": null, "HKO_WIND": null, "HKO_PRES": null, "KMA_LAT": null, "KMA_LON": null, "KMA_CAT": null, "KMA_WIND": null, "KMA_PRES": null, "KMA_R50_DR": null, "KMA_R50_L": null, "KMA_R50_S": null, "KMA_R30_DR": null, "KMA_R30_L": null, "KMA_R30_S": null, "NEW_LAT": null, "NEW_LON": null, "NEW_GRADE": null, "NEW_WIND": null, "NEW_PRES": null, "NEW_CI": -999.9, "NEW_DP": null, "NEW_POCI": null, "REU_LAT": null, "REU_LON": null, "REU_TYPE": null, "REU_WIND": null, "REU_PRES": null, "REU_TNUM": -999.9, "REU_CI": -999.9, "REU_RMW": null, "REU_R34_NE": null, "REU_R34_SE": null, "REU_R34_SW": null, "REU_R34_NW": null, "REU_R50_NE": null, "REU_R50_SE": null, "REU_R50_SW": null, "REU_R50_NW": null, "REU_R64_NE": null, "REU_R64_SE": null, "REU_R64_SW": null, "REU_R64_NW": null, "BOM_LAT": null, "BOM_LON": null, "BOM_TYPE": null, "BOM_WIND": null, "BOM_PRES": null, "BOM_TNUM": -999.9, "BOM_CI": -999.9, "BOM_RMW": null, "BOM_R34_NE": null, "BOM_R34_SE": null, "BOM_R34_SW": null, "BOM_R34_NW": null, "BOM_R50_NE": null, "BOM_R50_SE": null, "BOM_R50_SW": null, "BOM_R50_NW": null, "BOM_R64_NE": null, "BOM_R64_SE": null, "BOM_R64_SW": null, "BOM_R64_NW": null, "BOM_ROCI": null, "BOM_POCI": null, "BOM_EYE": null, "BOM_POS_FL": null, "BOM_PRS_FL": null, "NAD_LAT": null, "NAD_LON": null, "NAD_CAT": null, "NAD_WIND": null, "NAD_PRES": null, "WEL_LAT": null, "WEL_LON": null, "WEL_WIND": null, "WEL_PRES": null, "DS8_LAT": null, "DS8_LON": null, "DS8_STAGE": null, "DS8_WIND": null, "DS8_PRES": null, "TD6_LAT": null, "TD6_LON": null, "TD6_STAGE": null, "TD6_WIND": null, "TD6_PRES": null, "TD5_LAT": null, "TD5_LON": null, "TD5_WIND": null, "TD5_PRES": null, "TD5_ROCI": null, "NEU_LAT": null, "NEU_LON": null, "NEU_CLASS": null, "NEU_WIND": null, "NEU_PRES": null, "MLC_LAT": null, "MLC_LON": null, "MLC_CLASS": null, "MLC_WIND": null, "MLC_PRES": null, "USA_GUST": 175.0, "BOM_GUST": null, "BOM_GUSTP": null, "REU_GUST": null, "REU_GUSTP": null, "USA_SEAHGT": 12.0, "USA_SEA_NE": 150.0, "USA_SEA_SE": 120.0, "USA_SEA_SW": 60.0, "USA_SEA_NW": 180.0, "STORM_SPD": 3, "STORM_DR": 280, "year": 2019, "month": 9, "day": 2, "hour": 6, "min": 0 }, "geometry": { "type": "LineString", "coordinates": [ [ -78.0, 26.600000381469727 ], [ -78.199951171875, 26.600000381469727 ] ] } },
{ "type": "Feature", "properties": { "SID": "2019236N10314", "SEASON": 2019, "NUMBER": 53, "BASIN": "NA", "SUBBASIN": "NA", "NAME": "DORIAN", "ISO_TIME": "2019-09-02 09:00:00", "NATURE": "TS", "LAT": 26.6, "LON": -78.2, "WMO_WIND": 0.0, "WMO_PRES": null, "WMO_AGENCY": null, "TRACK_TYPE": "main", "DIST2LAND": 167, "LANDFALL": 167, "IFLAG": "P______________", "USA_AGENCY": null, "USA_ATCFID": "AL052019", "USA_LAT": 26.6, "USA_LON": -78.2, "USA_RECORD": null, "USA_STATUS": "HU", "USA_WIND": 140.0, "USA_PRES": 922.0, "USA_SSHS": 5, "USA_R34_NE": 130.0, "USA_R34_SE": 120.0, "USA_R34_SW": 80.0, "USA_R34_NW": 100.0, "USA_R50_NE": 75.0, "USA_R50_SE": 65.0, "USA_R50_SW": 50.0, "USA_R50_NW": 50.0, "USA_R64_NE": 40.0, "USA_R64_SE": 30.0, "USA_R64_SW": 25.0, "USA_R64_NW": 25.0, "USA_POCI": 1011.0, "USA_ROCI": 165.0, "USA_RMW": 13.0, "USA_EYE": null, "TOK_LAT": null, "TOK_LON": null, "TOK_GRADE": null, "TOK_WIND": null, "TOK_PRES": null, "TOK_R50_DR": null, "TOK_R50_L": null, "TOK_R50_S": null, "TOK_R30_DR": null, "TOK_R30_L": null, "TOK_R30_S": null, "TOK_LAND": null, "CMA_LAT": null, "CMA_LON": null, "CMA_CAT": null, "CMA_WIND": null, "CMA_PRES": null, "HKO_LAT": null, "HKO_LON": null, "HKO_CAT": null, "HKO_WIND": null, "HKO_PRES": null, "KMA_LAT": null, "KMA_LON": null, "KMA_CAT": null, "KMA_WIND": null, "KMA_PRES": null, "KMA_R50_DR": null, "KMA_R50_L": null, "KMA_R50_S": null, "KMA_R30_DR": null, "KMA_R30_L": null, "KMA_R30_S": null, "NEW_LAT": null, "NEW_LON": null, "NEW_GRADE": null, "NEW_WIND": null, "NEW_PRES": null, "NEW_CI": -999.9, "NEW_DP": null, "NEW_POCI": null, "REU_LAT": null, "REU_LON": null, "REU_TYPE": null, "REU_WIND": null, "REU_PRES": null, "REU_TNUM": -999.9, "REU_CI": -999.9, "REU_RMW": null, "REU_R34_NE": null, "REU_R34_SE": null, "REU_R34_SW": null, "REU_R34_NW": null, "REU_R50_NE": null, "REU_R50_SE": null, "REU_R50_SW": null, "REU_R50_NW": null, "REU_R64_NE": null, "REU_R64_SE": null, "REU_R64_SW": null, "REU_R64_NW": null, "BOM_LAT": null, "BOM_LON": null, "BOM_TYPE": null, "BOM_WIND": null, "BOM_PRES": null, "BOM_TNUM": -999.9, "BOM_CI": -999.9, "BOM_RMW": null, "BOM_R34_NE": null, "BOM_R34_SE": null, "BOM_R34_SW": null, "BOM_R34_NW": null, "BOM_R50_NE": null, "BOM_R50_SE": null, "BOM_R50_SW": null, "BOM_R50_NW": null, "BOM_R64_NE": null, "BOM_R64_SE": null, "BOM_R64_SW": null, "BOM_R64_NW": null, "BOM_ROCI": null, "BOM_POCI": null, "BOM_EYE": null, "BOM_POS_FL": null, "BOM_PRS_FL": null, "NAD_LAT": null, "NAD_LON": null, "NAD_CAT": null, "NAD_WIND": null, "NAD_PRES": null, "WEL_LAT": null, "WEL_LON": null, "WEL_WIND": null, "WEL_PRES": null, "DS8_LAT": null, "DS8_LON": null, "DS8_STAGE": null, "DS8_WIND": null, "DS8_PRES": null, "TD6_LAT": null, "TD6_LON": null, "TD6_STAGE": null, "TD6_WIND": null, "TD6_PRES": null, "TD5_LAT": null, "TD5_LON": null, "TD5_WIND": null, "TD5_PRES": null, "TD5_ROCI": null, "NEU_LAT": null, "NEU_LON": null, "NEU_CLASS": null, "NEU_WIND": null, "NEU_PRES": null, "MLC_LAT": null, "MLC_LON": null, "MLC_CLASS": null, "MLC_WIND": null, "MLC_PRES": null, "USA_GUST": null, "BOM_GUST": null, "BOM_GUSTP": null, "REU_GUST": null, "REU_GUSTP": null, "USA_SEAHGT": 12.0, "USA_SEA_NE": 165.0, "USA_SEA_SE": 120.0, "USA_SEA_SW": 75.0, "USA_SEA_NW": 195.0, "STORM_SPD": 3, "STORM_DR": 290, "year": 2019, "month": 9, "day": 2, "hour": 9, "min": 0 }, "geometry": { "type": "LineString", "coordinates": [ [ -78.199951171875, 26.600000381469727 ], [ -78.300048828125, 26.700000762939453 ] ] } },
{ "type": "Feature", "properties": { "SID": "2019236N10314", "SEASON": 2019, "NUMBER": 53, "BASIN": "NA", "SUBBASIN": "NA", "NAME": "DORIAN", "ISO_TIME": "2019-09-02 12:00:00", "NATURE": "TS", "LAT": 26.7, "LON": -78.3, "WMO_WIND": 135.0, "WMO_PRES": 927.0, "WMO_AGENCY": "hurdat_atl", "TRACK_TYPE": "main", "DIST2LAND": 169, "LANDFALL": 159, "IFLAG": "O______________", "USA_AGENCY": "hurdat_atl", "USA_ATCFID": "AL052019", "USA_LAT": 26.7, "USA_LON": -78.3, "USA_RECORD": null, "USA_STATUS": "HU", "USA_WIND": 135.0, "USA_PRES": 927.0, "USA_SSHS": 4, "USA_R34_NE": 130.0, "USA_R34_SE": 120.0, "USA_R34_SW": 80.0, "USA_R34_NW": 100.0, "USA_R50_NE": 80.0, "USA_R50_SE": 70.0, "USA_R50_SW": 50.0, "USA_R50_NW": 50.0, "USA_R64_NE": 40.0, "USA_R64_SE": 30.0, "USA_R64_SW": 25.0, "USA_R64_NW": 25.0, "USA_POCI": 1011.0, "USA_ROCI": 170.0, "USA_RMW": 15.0, "USA_EYE": null, "TOK_LAT": null, "TOK_LON": null, "TOK_GRADE": null, "TOK_WIND": null, "TOK_PRES": null, "TOK_R50_DR": null, "TOK_R50_L": null, "TOK_R50_S": null, "TOK_R30_DR": null, "TOK_R30_L": null, "TOK_R30_S": null, "TOK_LAND": null, "CMA_LAT": null, "CMA_LON": null, "CMA_CAT": null, "CMA_WIND": null, "CMA_PRES": null, "HKO_LAT": null, "HKO_LON": null, "HKO_CAT": null, "HKO_WIND": null, "HKO_PRES": null, "KMA_LAT": null, "KMA_LON": null, "KMA_CAT": null, "KMA_WIND": null, "KMA_PRES": null, "KMA_R50_DR": null, "KMA_R50_L": null, "KMA_R50_S": null, "KMA_R30_DR": null, "KMA_R30_L": null, "KMA_R30_S": null, "NEW_LAT": null, "NEW_LON": null, "NEW_GRADE": null, "NEW_WIND": null, "NEW_PRES": null, "NEW_CI": -999.9, "NEW_DP": null, "NEW_POCI": null, "REU_LAT": null, "REU_LON": null, "REU_TYPE": null, "REU_WIND": null, "REU_PRES": null, "REU_TNUM": -999.9, "REU_CI": -999.9, "REU_RMW": null, "REU_R34_NE": null, "REU_R34_SE": null, "REU_R34_SW": null, "REU_R34_NW": null, "REU_R50_NE": null, "REU_R50_SE": null, "REU_R50_SW": null, "REU_R50_NW": null, "REU_R64_NE": null, "REU_R64_SE": null, "REU_R64_SW": null, "REU_R64_NW": null, "BOM_LAT": null, "BOM_LON": null, "BOM_TYPE": null, "BOM_WIND": null, "BOM_PRES": null, "BOM_TNUM": -999.9, "BOM_CI": -999.9, "BOM_RMW": null, "BOM_R34_NE": null, "BOM_R34_SE": null, "BOM_R34_SW": null, "BOM_R34_NW": null, "BOM_R50_NE": null, "BOM_R50_SE": null, "BOM_R50_SW": null, "BOM_R50_NW": null, "BOM_R64_NE": null, "BOM_R64_SE": null, "BOM_R64_SW": null, "BOM_R64_NW": null, "BOM_ROCI": null, "BOM_POCI": null, "BOM_EYE": null, "BOM_POS_FL": null, "BOM_PRS_FL": null, "NAD_LAT": null, "NAD_LON": null, "NAD_CAT": null, "NAD_WIND": null, "NAD_PRES": null, "WEL_LAT": null, "WEL_LON": null, "WEL_WIND": null, "WEL_PRES": null, "DS8_LAT": null, "DS8_LON": null, "DS8_STAGE": null, "DS8_WIND": null, "DS8_PRES": null, "TD6_LAT": null, "TD6_LON": null, "TD6_STAGE": null, "TD6_WIND": null, "TD6_PRES": null, "TD5_LAT": null, "TD5_LON": null, "TD5_WIND": null, "TD5_PRES": null, "TD5_ROCI": null, "NEU_LAT": null, "NEU_LON": null, "NEU_CLASS": null, "NEU_WIND": null, "NEU_PRES": null, "MLC_LAT": null, "MLC_LON": null, "MLC_CLASS": null, "MLC_WIND": null, "MLC_PRES": null, "USA_GUST": 170.0, "BOM_GUST": null, "BOM_GUSTP": null, "REU_GUST": null, "REU_GUSTP": null, "USA_SEAHGT": 12.0, "USA_SEA_NE": 180.0, "USA_SEA_SE": 120.0, "USA_SEA_SW": 90.0, "USA_SEA_NW": 210.0, "STORM_SPD": 2, "STORM_DR": 300, "year": 2019, "month": 9, "day": 2, "hour": 12, "min": 0 }, "geometry": { "type": "LineString", "coordinates": [ [ -78.300048828125, 26.700000762939453 ], [ -78.4000244140625, 26.700000762939453 ] ] } },
{ "type": "Feature", "properties": { "SID": "2019236N10314", "SEASON": 2019, "NUMBER": 53, "BASIN": "NA", "SUBBASIN": "NA", "NAME": "DORIAN", "ISO_TIME": "2019-09-02 15:00:00", "NATURE": "TS", "LAT": 26.7, "LON": -78.4, "WMO_WIND": 0.0, "WMO_PRES": null, "WMO_AGENCY": null, "TRACK_TYPE": "main", "DIST2LAND": 159, "LANDFALL": 158, "IFLAG": "P______________", "USA_AGENCY": null, "USA_ATCFID": "AL052019", "USA_LAT": 26.7, "USA_LON": -78.4, "USA_RECORD": null, "USA_STATUS": "HU", "USA_WIND": 130.0, "USA_PRES": 933.0, "USA_SSHS": 4, "USA_R34_NE": 135.0, "USA_R34_SE": 125.0, "USA_R34_SW": 85.0, "USA_R34_NW": 100.0, "USA_R50_NE": 80.0, "USA_R50_SE": 70.0, "USA_R50_SW": 50.0, "USA_R50_NW": 50.0, "USA_R64_NE": 40.0, "USA_R64_SE": 30.0, "USA_R64_SW": 25.0, "USA_R64_NW": 28.0, "USA_POCI": 1011.0, "USA_ROCI": 175.0, "USA_RMW": 15.0, "USA_EYE": null, "TOK_LAT": null, "TOK_LON": null, "TOK_GRADE": null, "TOK_WIND": null, "TOK_PRES": null, "TOK_R50_DR": null, "TOK_R50_L": null, "TOK_R50_S": null, "TOK_R30_DR": null, "TOK_R30_L": null, "TOK_R30_S": null, "TOK_LAND": null, "CMA_LAT": null, "CMA_LON": null, "CMA_CAT": null, "CMA_WIND": null, "CMA_PRES": null, "HKO_LAT": null, "HKO_LON": null, "HKO_CAT": null, "HKO_WIND": null, "HKO_PRES": null, "KMA_LAT": null, "KMA_LON": null, "KMA_CAT": null, "KMA_WIND": null, "KMA_PRES": null, "KMA_R50_DR": null, "KMA_R50_L": null, "KMA_R50_S": null, "KMA_R30_DR": null, "KMA_R30_L": null, "KMA_R30_S": null, "NEW_LAT": null, "NEW_LON": null, "NEW_GRADE": null, "NEW_WIND": null, "NEW_PRES": null, "NEW_CI": -999.9, "NEW_DP": null, "NEW_POCI": null, "REU_LAT": null, "REU_LON": null, "REU_TYPE": null, "REU_WIND": null, "REU_PRES": null, "REU_TNUM": -999.9, "REU_CI": -999.9, "REU_RMW": null, "REU_R34_NE": null, "REU_R34_SE": null, "REU_R34_SW": null, "REU_R34_NW": null, "REU_R50_NE": null, "REU_R50_SE": null, "REU_R50_SW": null, "REU_R50_NW": null, "REU_R64_NE": null, "REU_R64_SE": null, "REU_R64_SW": null, "REU_R64_NW": null, "BOM_LAT": null, "BOM_LON": null, "BOM_TYPE": null, "BOM_WIND": null, "BOM_PRES": null, "BOM_TNUM": -999.9, "BOM_CI": -999.9, "BOM_RMW": null, "BOM_R34_NE": null, "BOM_R34_SE": null, "BOM_R34_SW": null, "BOM_R34_NW": null, "BOM_R50_NE": null, "BOM_R50_SE": null, "BOM_R50_SW": null, "BOM_R50_NW": null, "BOM_R64_NE": null, "BOM_R64_SE": null, "BOM_R64_SW": null, "BOM_R64_NW": null, "BOM_ROCI": null, "BOM_POCI": null, "BOM_EYE": null, "BOM_POS_FL": null, "BOM_PRS_FL": null, "NAD_LAT": null, "NAD_LON": null, "NAD_CAT": null, "NAD_WIND": null, "NAD_PRES": null, "WEL_LAT": null, "WEL_LON": null, "WEL_WIND": null, "WEL_PRES": null, "DS8_LAT": null, "DS8_LON": null, "DS8_STAGE": null, "DS8_WIND": null, "DS8_PRES": null, "TD6_LAT": null, "TD6_LON": null, "TD6_STAGE": null, "TD6_WIND": null, "TD6_PRES": null, "TD5_LAT": null, "TD5_LON": null, "TD5_WIND": null, "TD5_PRES": null, "TD5_ROCI": null, "NEU_LAT": null, "NEU_LON": null, "NEU_CLASS": null, "NEU_WIND": null, "NEU_PRES": null, "MLC_LAT": null, "MLC_LON": null, "MLC_CLASS": null, "MLC_WIND": null, "MLC_PRES": null, "USA_GUST": null, "BOM_GUST": null, "BOM_GUSTP": null, "REU_GUST": null, "REU_GUSTP": null, "USA_SEAHGT": 12.0, "USA_SEA_NE": 180.0, "USA_SEA_SE": 120.0, "USA_SEA_SW": 90.0, "USA_SEA_NW": 210.0, "STORM_SPD": 1, "STORM_DR": 320, "year": 2019, "month": 9, "day": 2, "hour": 15, "min": 0 }, "geometry": { "type": "LineString", "coordinates": [ [ -78.4000244140625, 26.700000762939453 ], [ -78.4000244140625, 26.799999237060547 ] ] } },
{ "type": "Feature", "properties": { "SID": "2019236N10314", "SEASON": 2019, "NUMBER": 53, "BASIN": "NA", "SUBBASIN": "NA", "NAME": "DORIAN", "ISO_TIME": "2019-09-02 18:00:00", "NATURE": "TS", "LAT": 26.8, "LON": -78.4, "WMO_WIND": 125.0, "WMO_PRES": 938.0, "WMO_AGENCY": "hurdat_atl", "TRACK_TYPE": "main", "DIST2LAND": 158, "LANDFALL": 148, "IFLAG": "O______________", "USA_AGENCY": "hurdat_atl", "USA_ATCFID": "AL052019", "USA_LAT": 26.8, "USA_LON": -78.4, "USA_RECORD": null, "USA_STATUS": "HU", "USA_WIND": 125.0, "USA_PRES": 938.0, "USA_SSHS": 4, "USA_R34_NE": 140.0, "USA_R34_SE": 130.0, "USA_R34_SW": 90.0, "USA_R34_NW": 100.0, "USA_R50_NE": 80.0, "USA_R50_SE": 70.0, "USA_R50_SW": 50.0, "USA_R50_NW": 50.0, "USA_R64_NE": 40.0, "USA_R64_SE": 30.0, "USA_R64_SW": 25.0, "USA_R64_NW": 30.0, "USA_POCI": 1011.0, "USA_ROCI": 180.0, "USA_RMW": 15.0, "USA_EYE": null, "TOK_LAT": null, "TOK_LON": null, "TOK_GRADE": null, "TOK_WIND": null, "TOK_PRES": null, "TOK_R50_DR": null, "TOK_R50_L": null, "TOK_R50_S": null, "TOK_R30_DR": null, "TOK_R30_L": null, "TOK_R30_S": null, "TOK_LAND": null, "CMA_LAT": null, "CMA_LON": null, "CMA_CAT": null, "CMA_WIND": null, "CMA_PRES": null, "HKO_LAT": null, "HKO_LON": null, "HKO_CAT": null, "HKO_WIND": null, "HKO_PRES": null, "KMA_LAT": null, "KMA_LON": null, "KMA_CAT": null, "KMA_WIND": null, "KMA_PRES": null, "KMA_R50_DR": null, "KMA_R50_L": null, "KMA_R50_S": null, "KMA_R30_DR": null, "KMA_R30_L": null, "KMA_R30_S": null, "NEW_LAT": null, "NEW_LON": null, "NEW_GRADE": null, "NEW_WIND": null, "NEW_PRES": null, "NEW_CI": -999.9, "NEW_DP": null, "NEW_POCI": null, "REU_LAT": null, "REU_LON": null, "REU_TYPE": null, "REU_WIND": null, "REU_PRES": null, "REU_TNUM": -999.9, "REU_CI": -999.9, "REU_RMW": null, "REU_R34_NE": null, "REU_R34_SE": null, "REU_R34_SW": null, "REU_R34_NW": null, "REU_R50_NE": null, "REU_R50_SE": null, "REU_R50_SW": null, "REU_R50_NW": null, "REU_R64_NE": null, "REU_R64_SE": null, "REU_R64_SW": null, "REU_R64_NW": null, "BOM_LAT": null, "BOM_LON": null, "BOM_TYPE": null, "BOM_WIND": null, "BOM_PRES": null, "BOM_TNUM": -999.9, "BOM_CI": -999.9, "BOM_RMW": null, "BOM_R34_NE": null, "BOM_R34_SE": null, "BOM_R34_SW": null, "BOM_R34_NW": null, "BOM_R50_NE": null, "BOM_R50_SE": null, "BOM_R50_SW": null, "BOM_R50_NW": null, "BOM_R64_NE": null, "BOM_R64_SE": null, "BOM_R64_SW": null, "BOM_R64_NW": null, "BOM_ROCI": null, "BOM_POCI": null, "BOM_EYE": null, "BOM_POS_FL": null, "BOM_PRS_FL": null, "NAD_LAT": null, "NAD_LON": null, "NAD_CAT": null, "NAD_WIND": null, "NAD_PRES": null, "WEL_LAT": null, "WEL_LON": null, "WEL_WIND": null, "WEL_PRES": null, "DS8_LAT": null, "DS8_LON": null, "DS8_STAGE": null, "DS8_WIND": null, "DS8_PRES": null, "TD6_LAT": null, "TD6_LON": null, "TD6_STAGE": null, "TD6_WIND": null, "TD6_PRES": null, "TD5_LAT": null, "TD5_LON": null, "TD5_WIND": null, "TD5_PRES": null, "TD5_ROCI": null, "NEU_LAT": null, "NEU_LON": null, "NEU_CLASS": null, "NEU_WIND": null, "NEU_PRES": null, "MLC_LAT": null, "MLC_LON": null, "MLC_CLASS": null, "MLC_WIND": null, "MLC_PRES": null, "USA_GUST": 150.0, "BOM_GUST": null, "BOM_GUSTP": null, "REU_GUST": null, "REU_GUSTP": null, "USA_SEAHGT": 12.0, "USA_SEA_NE": 180.0, "USA_SEA_SE": 120.0, "USA_SEA_SW": 90.0, "USA_SEA_NW": 210.0, "STORM_SPD": 1, "STORM_DR": 325, "year": 2019, "month": 9, "day": 2, "hour": 18, "min": 0 }, "geometry": { "type": "LineString", "coordinates": [ [ -78.4000244140625, 26.799999237060547 ], [ -78.5, 26.899999618530273 ] ] } },
{ "type": "Feature", "properties": { "SID": "2019236N10314", "SEASON": 2019, "NUMBER": 53, "BASIN": "NA", "SUBBASIN": "NA", "NAME": "DORIAN", "ISO_TIME": "2019-09-02 21:00:00", "NATURE": "TS", "LAT": 26.9, "LON": -78.5, "WMO_WIND": 0.0, "WMO_PRES": null, "WMO_AGENCY": null, "TRACK_TYPE": "main", "DIST2LAND": 149, "LANDFALL": 149, "IFLAG": "P______________", "USA_AGENCY": null, "USA_ATCFID": "AL052019", "USA_LAT": 26.9, "USA_LON": -78.5, "USA_RECORD": null, "USA_STATUS": "HU", "USA_WIND": 120.0, "USA_PRES": 941.0, "USA_SSHS": 4, "USA_R34_NE": 140.0, "USA_R34_SE": 130.0, "USA_R34_SW": 90.0, "USA_R34_NW": 105.0, "USA_R50_NE": 80.0, "USA_R50_SE": 70.0, "USA_R50_SW": 50.0, "USA_R50_NW": 55.0, "USA_R64_NE": 40.0, "USA_R64_SE": 30.0, "USA_R64_SW": 25.0, "USA_R64_NW": 35.0, "USA_POCI": 1011.0, "USA_ROCI": 185.0, "USA_RMW": 18.0, "USA_EYE": null, "TOK_LAT": null, "TOK_LON": null, "TOK_GRADE": null, "TOK_WIND": null, "TOK_PRES": null, "TOK_R50_DR": null, "TOK_R50_L": null, "TOK_R50_S": null, "TOK_R30_DR": null, "TOK_R30_L": null, "TOK_R30_S": null, "TOK_LAND": null, "CMA_LAT": null, "CMA_LON": null, "CMA_CAT": null, "CMA_WIND": null, "CMA_PRES": null, "HKO_LAT": null, "HKO_LON": null, "HKO_CAT": null, "HKO_WIND": null, "HKO_PRES": null, "KMA_LAT": null, "KMA_LON": null, "KMA_CAT": null, "KMA_WIND": null, "KMA_PRES": null, "KMA_R50_DR": null, "KMA_R50_L": null, "KMA_R50_S": null, "KMA_R30_DR": null, "KMA_R30_L": null, "KMA_R30_S": null, "NEW_LAT": null, "NEW_LON": null, "NEW_GRADE": null, "NEW_WIND": null, "NEW_PRES": null, "NEW_CI": -999.9, "NEW_DP": null, "NEW_POCI": null, "REU_LAT": null, "REU_LON": null, "REU_TYPE": null, "REU_WIND": null, "REU_PRES": null, "REU_TNUM": -999.9, "REU_CI": -999.9, "REU_RMW": null, "REU_R34_NE": null, "REU_R34_SE": null, "REU_R34_SW": null, "REU_R34_NW": null, "REU_R50_NE": null, "REU_R50_SE": null, "REU_R50_SW": null, "REU_R50_NW": null, "REU_R64_NE": null, "REU_R64_SE": null, "REU_R64_SW": null, "REU_R64_NW": null, "BOM_LAT": null, "BOM_LON": null, "BOM_TYPE": null, "BOM_WIND": null, "BOM_PRES": null, "BOM_TNUM": -999.9, "BOM_CI": -999.9, "BOM_RMW": null, "BOM_R34_NE": null, "BOM_R34_SE": null, "BOM_R34_SW": null, "BOM_R34_NW": null, "BOM_R50_NE": null, "BOM_R50_SE": null, "BOM_R50_SW": null, "BOM_R50_NW": null, "BOM_R64_NE": null, "BOM_R64_SE": null, "BOM_R64_SW": null, "BOM_R64_NW": null, "BOM_ROCI": null, "BOM_POCI": null, "BOM_EYE": null, "BOM_POS_FL": null, "BOM_PRS_FL": null, "NAD_LAT": null, "NAD_LON": null, "NAD_CAT": null, "NAD_WIND": null, "NAD_PRES": null, "WEL_LAT": null, "WEL_LON": null, "WEL_WIND": null, "WEL_PRES": null, "DS8_LAT": null, "DS8_LON": null, "DS8_STAGE": null, "DS8_WIND": null, "DS8_PRES": null, "TD6_LAT": null, "TD6_LON": null, "TD6_STAGE": null, "TD6_WIND": null, "TD6_PRES": null, "TD5_LAT": null, "TD5_LON": null, "TD5_WIND": null, "TD5_PRES": null, "TD5_ROCI": null, "NEU_LAT": null, "NEU_LON": null, "NEU_CLASS": null, "NEU_WIND": null, "NEU_PRES": null, "MLC_LAT": null, "MLC_LON": null, "MLC_CLASS": null, "MLC_WIND": null, "MLC_PRES": null, "USA_GUST": null, "BOM_GUST": null, "BOM_GUSTP": null, "REU_GUST": null, "REU_GUSTP": null, "USA_SEAHGT": 12.0, "USA_SEA_NE": 180.0, "USA_SEA_SE": 105.0, "USA_SEA_SW": 90.0, "USA_SEA_NW": 210.0, "STORM_SPD": 1, "STORM_DR": 320, "year": 2019, "month": 9, "day": 2, "hour": 21, "min": 0 }, "geometry": { "type": "LineString", "coordinates": [ [ -78.5, 26.899999618530273 ], [ -78.489990234375, 26.899999618530273 ] ] } },
{ "type": "Feature", "properties": { "SID": "2019236N10314", "SEASON": 2019, "NUMBER": 53, "BASIN": "NA", "SUBBASIN": "NA", "NAME": "DORIAN", "ISO_TIME": "2019-09-03 00:00:00", "NATURE": "TS", "LAT": 26.9, "LON": -78.49, "WMO_WIND": 115.0, "WMO_PRES": 944.0, "WMO_AGENCY": "hurdat_atl", "TRACK_TYPE": "main", "DIST2LAND": 149, "LANDFALL": 149, "IFLAG": "O______________", "USA_AGENCY": "hurdat_atl", "USA_ATCFID": "AL052019", "USA_LAT": 26.9, "USA_LON": -78.5, "USA_RECORD": null, "USA_STATUS": "HU", "USA_WIND": 115.0, "USA_PRES": 944.0, "USA_SSHS": 4, "USA_R34_NE": 140.0, "USA_R34_SE": 130.0, "USA_R34_SW": 90.0, "USA_R34_NW": 110.0, "USA_R50_NE": 80.0, "USA_R50_SE": 70.0, "USA_R50_SW": 50.0, "USA_R50_NW": 60.0, "USA_R64_NE": 40.0, "USA_R64_SE": 30.0, "USA_R64_SW": 25.0, "USA_R64_NW": 40.0, "USA_POCI": 1011.0, "USA_ROCI": 190.0, "USA_RMW": 20.0, "USA_EYE": null, "TOK_LAT": null, "TOK_LON": null, "TOK_GRADE": null, "TOK_WIND": null, "TOK_PRES": null, "TOK_R50_DR": null, "TOK_R50_L": null, "TOK_R50_S": null, "TOK_R30_DR": null, "TOK_R30_L": null, "TOK_R30_S": null, "TOK_LAND": null, "CMA_LAT": null, "CMA_LON": null, "CMA_CAT": null, "CMA_WIND": null, "CMA_PRES": null, "HKO_LAT": null, "HKO_LON": null, "HKO_CAT": null, "HKO_WIND": null, "HKO_PRES": null, "KMA_LAT": null, "KMA_LON": null, "KMA_CAT": null, "KMA_WIND": null, "KMA_PRES": null, "KMA_R50_DR": null, "KMA_R50_L": null, "KMA_R50_S": null, "KMA_R30_DR": null, "KMA_R30_L": null, "KMA_R30_S": null, "NEW_LAT": null, "NEW_LON": null, "NEW_GRADE": null, "NEW_WIND": null, "NEW_PRES": null, "NEW_CI": -999.9, "NEW_DP": null, "NEW_POCI": null, "REU_LAT": null, "REU_LON": null, "REU_TYPE": null, "REU_WIND": null, "REU_PRES": null, "REU_TNUM": -999.9, "REU_CI": -999.9, "REU_RMW": null, "REU_R34_NE": null, "REU_R34_SE": null, "REU_R34_SW": null, "REU_R34_NW": null, "REU_R50_NE": null, "REU_R50_SE": null, "REU_R50_SW": null, "REU_R50_NW": null, "REU_R64_NE": null, "REU_R64_SE": null, "REU_R64_SW": null, "REU_R64_NW": null, "BOM_LAT": null, "BOM_LON": null, "BOM_TYPE": null, "BOM_WIND": null, "BOM_PRES": null, "BOM_TNUM": -999.9, "BOM_CI": -999.9, "BOM_RMW": null, "BOM_R34_NE": null, "BOM_R34_SE": null, "BOM_R34_SW": null, "BOM_R34_NW": null, "BOM_R50_NE": null, "BOM_R50_SE": null, "BOM_R50_SW": null, "BOM_R50_NW": null, "BOM_R64_NE": null, "BOM_R64_SE": null, "BOM_R64_SW": null, "BOM_R64_NW": null, "BOM_ROCI": null, "BOM_POCI": null, "BOM_EYE": null, "BOM_POS_FL": null, "BOM_PRS_FL": null, "NAD_LAT": null, "NAD_LON": null, "NAD_CAT": null, "NAD_WIND": null, "NAD_PRES": null, "WEL_LAT": null, "WEL_LON": null, "WEL_WIND": null, "WEL_PRES": null, "DS8_LAT": null, "DS8_LON": null, "DS8_STAGE": null, "DS8_WIND": null, "DS8_PRES": null, "TD6_LAT": null, "TD6_LON": null, "TD6_STAGE": null, "TD6_WIND": null, "TD6_PRES": null, "TD5_LAT": null, "TD5_LON": null, "TD5_WIND": null, "TD5_PRES": null, "TD5_ROCI": null, "NEU_LAT": null, "NEU_LON": null, "NEU_CLASS": null, "NEU_WIND": null, "NEU_PRES": null, "MLC_LAT": null, "MLC_LON": null, "MLC_CLASS": null, "MLC_WIND": null, "MLC_PRES": null, "USA_GUST": 145.0, "BOM_GUST": null, "BOM_GUSTP": null, "REU_GUST": null, "REU_GUSTP": null, "USA_SEAHGT": 12.0, "USA_SEA_NE": 180.0, "USA_SEA_SE": 90.0, "USA_SEA_SW": 90.0, "USA_SEA_NW": 210.0, "STORM_SPD": 1, "STORM_DR": 345, "year": 2019, "month": 9, "day": 3, "hour": 0, "min": 0 }, "geometry": { "type": "LineString", "coordinates": [ [ -78.489990234375, 26.899999618530273 ], [ -78.5, 26.899999618530273 ] ] } },
{ "type": "Feature", "properties": { "SID": "2019236N10314", "SEASON": 2019, "NUMBER": 53, "BASIN": "NA", "SUBBASIN": "NA", "NAME": "DORIAN", "ISO_TIME": "2019-09-03 03:00:00", "NATURE": "TS", "LAT": 26.9, "LON": -78.5, "WMO_WIND": 0.0, "WMO_PRES": null, "WMO_AGENCY": null, "TRACK_TYPE": "main", "DIST2LAND": 150, "LANDFALL": 150, "IFLAG": "P______________", "USA_AGENCY": null, "USA_ATCFID": "AL052019", "USA_LAT": 26.9, "USA_LON": -78.5, "USA_RECORD": null, "USA_STATUS": "HU", "USA_WIND": 110.0, "USA_PRES": 947.0, "USA_SSHS": 3, "USA_R34_NE": 140.0, "USA_R34_SE": 130.0, "USA_R34_SW": 90.0, "USA_R34_NW": 115.0, "USA_R50_NE": 85.0, "USA_R50_SE": 75.0, "USA_R50_SW": 55.0, "USA_R50_NW": 60.0, "USA_R64_NE": 43.0, "USA_R64_SE": 33.0, "USA_R64_SW": 25.0, "USA_R64_NW": 40.0, "USA_POCI": 1011.0, "USA_ROCI": 195.0, "USA_RMW": 20.0, "USA_EYE": null, "TOK_LAT": null, "TOK_LON": null, "TOK_GRADE": null, "TOK_WIND": null, "TOK_PRES": null, "TOK_R50_DR": null, "TOK_R50_L": null, "TOK_R50_S": null, "TOK_R30_DR": null, "TOK_R30_L": null, "TOK_R30_S": null, "TOK_LAND": null, "CMA_LAT": null, "CMA_LON": null, "CMA_CAT": null, "CMA_WIND": null, "CMA_PRES": null, "HKO_LAT": null, "HKO_LON": null, "HKO_CAT": null, "HKO_WIND": null, "HKO_PRES": null, "KMA_LAT": null, "KMA_LON": null, "KMA_CAT": null, "KMA_WIND": null, "KMA_PRES": null, "KMA_R50_DR": null, "KMA_R50_L": null, "KMA_R50_S": null, "KMA_R30_DR": null, "KMA_R30_L": null, "KMA_R30_S": null, "NEW_LAT": null, "NEW_LON": null, "NEW_GRADE": null, "NEW_WIND": null, "NEW_PRES": null, "NEW_CI": -999.9, "NEW_DP": null, "NEW_POCI": null, "REU_LAT": null, "REU_LON": null, "REU_TYPE": null, "REU_WIND": null, "REU_PRES": null, "REU_TNUM": -999.9, "REU_CI": -999.9, "REU_RMW": null, "REU_R34_NE": null, "REU_R34_SE": null, "REU_R34_SW": null, "REU_R34_NW": null, "REU_R50_NE": null, "REU_R50_SE": null, "REU_R50_SW": null, "REU_R50_NW": null, "REU_R64_NE": null, "REU_R64_SE": null, "REU_R64_SW": null, "REU_R64_NW": null, "BOM_LAT": null, "BOM_LON": null, "BOM_TYPE": null, "BOM_WIND": null, "BOM_PRES": null, "BOM_TNUM": -999.9, "BOM_CI": -999.9, "BOM_RMW": null, "BOM_R34_NE": null, "BOM_R34_SE": null, "BOM_R34_SW": null, "BOM_R34_NW": null, "BOM_R50_NE": null, "BOM_R50_SE": null, "BOM_R50_SW": null, "BOM_R50_NW": null, "BOM_R64_NE": null, "BOM_R64_SE": null, "BOM_R64_SW": null, "BOM_R64_NW": null, "BOM_ROCI": null, "BOM_POCI": null, "BOM_EYE": null, "BOM_POS_FL": null, "BOM_PRS_FL": null, "NAD_LAT": null, "NAD_LON": null, "NAD_CAT": null, "NAD_WIND": null, "NAD_PRES": null, "WEL_LAT": null, "WEL_LON": null, "WEL_WIND": null, "WEL_PRES": null, "DS8_LAT": null, "DS8_LON": null, "DS8_STAGE": null, "DS8_WIND": null, "DS8_PRES": null, "TD6_LAT": null, "TD6_LON": null, "TD6_STAGE": null, "TD6_WIND": null, "TD6_PRES": null, "TD5_LAT": null, "TD5_LON": null, "TD5_WIND": null, "TD5_PRES": null, "TD5_ROCI": null, "NEU_LAT": null, "NEU_LON": null, "NEU_CLASS": null, "NEU_WIND": null, "NEU_PRES": null, "MLC_LAT": null, "MLC_LON": null, "MLC_CLASS": null, "MLC_WIND": null, "MLC_PRES": null, "USA_GUST": null, "BOM_GUST": null, "BOM_GUSTP": null, "REU_GUST": null, "REU_GUSTP": null, "USA_SEAHGT": null, "USA_SEA_NE": null, "USA_SEA_SE": null, "USA_SEA_SW": null, "USA_SEA_NW": null, "STORM_SPD": 1, "STORM_DR": 0, "year": 2019, "month": 9, "day": 3, "hour": 3, "min": 0 }, "geometry": { "type": "LineString", "coordinates": [ [ -78.5, 26.899999618530273 ], [ -78.5, 27.0 ] ] } },
{ "type": "Feature", "properties": { "SID": "2019236N10314", "SEASON": 2019, "NUMBER": 53, "BASIN": "NA", "SUBBASIN": "NA", "NAME": "DORIAN", "ISO_TIME": "2019-09-03 06:00:00", "NATURE": "TS", "LAT": 27.0, "LON": -78.5, "WMO_WIND": 105.0, "WMO_PRES": 950.0, "WMO_AGENCY": "hurdat_atl", "TRACK_TYPE": "main", "DIST2LAND": 150, "LANDFALL": 150, "IFLAG": "O______________", "USA_AGENCY": "hurdat_atl", "USA_ATCFID": "AL052019", "USA_LAT": 27.0, "USA_LON": -78.5, "USA_RECORD": null, "USA_STATUS": "HU", "USA_WIND": 105.0, "USA_PRES": 950.0, "USA_SSHS": 3, "USA_R34_NE": 140.0, "USA_R34_SE": 130.0, "USA_R34_SW": 90.0, "USA_R34_NW": 120.0, "USA_R50_NE": 90.0, "USA_R50_SE": 80.0, "USA_R50_SW": 60.0, "USA_R50_NW": 60.0, "USA_R64_NE": 45.0, "USA_R64_SE": 35.0, "USA_R64_SW": 25.0, "USA_R64_NW": 40.0, "USA_POCI": 1011.0, "USA_ROCI": 200.0, "USA_RMW": 20.0, "USA_EYE": null, "TOK_LAT": null, "TOK_LON": null, "TOK_GRADE": null, "TOK_WIND": null, "TOK_PRES": null, "TOK_R50_DR": null, "TOK_R50_L": null, "TOK_R50_S": null, "TOK_R30_DR": null, "TOK_R30_L": null, "TOK_R30_S": null, "TOK_LAND": null, "CMA_LAT": null, "CMA_LON": null, "CMA_CAT": null, "CMA_WIND": null, "CMA_PRES": null, "HKO_LAT": null, "HKO_LON": null, "HKO_CAT": null, "HKO_WIND": null, "HKO_PRES": null, "KMA_LAT": null, "KMA_LON": null, "KMA_CAT": null, "KMA_WIND": null, "KMA_PRES": null, "KMA_R50_DR": null, "KMA_R50_L": null, "KMA_R50_S": null, "KMA_R30_DR": null, "KMA_R30_L": null, "KMA_R30_S": null, "NEW_LAT": null, "NEW_LON": null, "NEW_GRADE": null, "NEW_WIND": null, "NEW_PRES": null, "NEW_CI": -999.9, "NEW_DP": null, "NEW_POCI": null, "REU_LAT": null, "REU_LON": null, "REU_TYPE": null, "REU_WIND": null, "REU_PRES": null, "REU_TNUM": -999.9, "REU_CI": -999.9, "REU_RMW": null, "REU_R34_NE": null, "REU_R34_SE": null, "REU_R34_SW": null, "REU_R34_NW": null, "REU_R50_NE": null, "REU_R50_SE": null, "REU_R50_SW": null, "REU_R50_NW": null, "REU_R64_NE": null, "REU_R64_SE": null, "REU_R64_SW": null, "REU_R64_NW": null, "BOM_LAT": null, "BOM_LON": null, "BOM_TYPE": null, "BOM_WIND": null, "BOM_PRES": null, "BOM_TNUM": -999.9, "BOM_CI": -999.9, "BOM_RMW": null, "BOM_R34_NE": null, "BOM_R34_SE": null, "BOM_R34_SW": null, "BOM_R34_NW": null, "BOM_R50_NE": null, "BOM_R50_SE": null, "BOM_R50_SW": null, "BOM_R50_NW": null, "BOM_R64_NE": null, "BOM_R64_SE": null, "BOM_R64_SW": null, "BOM_R64_NW": null, "BOM_ROCI": null, "BOM_POCI": null, "BOM_EYE": null, "BOM_POS_FL": null, "BOM_PRS_FL": null, "NAD_LAT": null, "NAD_LON": null, "NAD_CAT": null, "NAD_WIND": null, "NAD_PRES": null, "WEL_LAT": null, "WEL_LON": null, "WEL_WIND": null, "WEL_PRES": null, "DS8_LAT": null, "DS8_LON": null, "DS8_STAGE": null, "DS8_WIND": null, "DS8_PRES": null, "TD6_LAT": null, "TD6_LON": null, "TD6_STAGE": null, "TD6_WIND": null, "TD6_PRES": null, "TD5_LAT": null, "TD5_LON": null, "TD5_WIND": null, "TD5_PRES": null, "TD5_ROCI": null, "NEU_LAT": null, "NEU_LON": null, "NEU_CLASS": null, "NEU_WIND": null, "NEU_PRES": null, "MLC_LAT": null, "MLC_LON": null, "MLC_CLASS": null, "MLC_WIND": null, "MLC_PRES": null, "USA_GUST": null, "BOM_GUST": null, "BOM_GUSTP": null, "REU_GUST": null, "REU_GUSTP": null, "USA_SEAHGT": null, "USA_SEA_NE": null, "USA_SEA_SE": null, "USA_SEA_SW": null, "USA_SEA_NW": null, "STORM_SPD": 1, "STORM_DR": 0, "year": 2019, "month": 9, "day": 3, "hour": 6, "min": 0 }, "geometry": { "type": "LineString", "coordinates": [ [ -78.5, 27.0 ], [ -78.489990234375, 27.0 ] ] } },
{ "type": "Feature", "properties": { "SID": "2019236N10314", "SEASON": 2019, "NUMBER": 53, "BASIN": "NA", "SUBBASIN": "NA", "NAME": "DORIAN", "ISO_TIME": "2019-09-03 09:00:00", "NATURE": "TS", "LAT": 27.0, "LON": -78.49, "WMO_WIND": 0.0, "WMO_PRES": null, "WMO_AGENCY": null, "TRACK_TYPE": "main", "DIST2LAND": 150, "LANDFALL": 150, "IFLAG": "P______________", "USA_AGENCY": null, "USA_ATCFID": "AL052019", "USA_LAT": 27.0, "USA_LON": -78.5, "USA_RECORD": null, "USA_STATUS": "HU", "USA_WIND": 103.0, "USA_PRES": 952.0, "USA_SSHS": 3, "USA_R34_NE": 145.0, "USA_R34_SE": 130.0, "USA_R34_SW": 90.0, "USA_R34_NW": 125.0, "USA_R50_NE": 90.0, "USA_R50_SE": 80.0, "USA_R50_SW": 60.0, "USA_R50_NW": 65.0, "USA_R64_NE": 45.0, "USA_R64_SE": 35.0, "USA_R64_SW": 25.0, "USA_R64_NW": 40.0, "USA_POCI": 1012.0, "USA_ROCI": 200.0, "USA_RMW": 23.0, "USA_EYE": null, "TOK_LAT": null, "TOK_LON": null, "TOK_GRADE": null, "TOK_WIND": null, "TOK_PRES": null, "TOK_R50_DR": null, "TOK_R50_L": null, "TOK_R50_S": null, "TOK_R30_DR": null, "TOK_R30_L": null, "TOK_R30_S": null, "TOK_LAND": null, "CMA_LAT": null, "CMA_LON": null, "CMA_CAT": null, "CMA_WIND": null, "CMA_PRES": null, "HKO_LAT": null, "HKO_LON": null, "HKO_CAT": null, "HKO_WIND": null, "HKO_PRES": null, "KMA_LAT": null, "KMA_LON": null, "KMA_CAT": null, "KMA_WIND": null, "KMA_PRES": null, "KMA_R50_DR": null, "KMA_R50_L": null, "KMA_R50_S": null, "KMA_R30_DR": null, "KMA_R30_L": null, "KMA_R30_S": null, "NEW_LAT": null, "NEW_LON": null, "NEW_GRADE": null, "NEW_WIND": null, "NEW_PRES": null, "NEW_CI": -999.9, "NEW_DP": null, "NEW_POCI": null, "REU_LAT": null, "REU_LON": null, "REU_TYPE": null, "REU_WIND": null, "REU_PRES": null, "REU_TNUM": -999.9, "REU_CI": -999.9, "REU_RMW": null, "REU_R34_NE": null, "REU_R34_SE": null, "REU_R34_SW": null, "REU_R34_NW": null, "REU_R50_NE": null, "REU_R50_SE": null, "REU_R50_SW": null, "REU_R50_NW": null, "REU_R64_NE": null, "REU_R64_SE": null, "REU_R64_SW": null, "REU_R64_NW": null, "BOM_LAT": null, "BOM_LON": null, "BOM_TYPE": null, "BOM_WIND": null, "BOM_PRES": null, "BOM_TNUM": -999.9, "BOM_CI": -999.9, "BOM_RMW": null, "BOM_R34_NE": null, "BOM_R34_SE": null, "BOM_R34_SW": null, "BOM_R34_NW": null, "BOM_R50_NE": null, "BOM_R50_SE": null, "BOM_R50_SW": null, "BOM_R50_NW": null, "BOM_R64_NE": null, "BOM_R64_SE": null, "BOM_R64_SW": null, "BOM_R64_NW": null, "BOM_ROCI": null, "BOM_POCI": null, "BOM_EYE": null, "BOM_POS_FL": null, "BOM_PRS_FL": null, "NAD_LAT": null, "NAD_LON": null, "NAD_CAT": null, "NAD_WIND": null, "NAD_PRES": null, "WEL_LAT": null, "WEL_LON": null, "WEL_WIND": null, "WEL_PRES": null, "DS8_LAT": null, "DS8_LON": null, "DS8_STAGE": null, "DS8_WIND": null, "DS8_PRES": null, "TD6_LAT": null, "TD6_LON": null, "TD6_STAGE": null, "TD6_WIND": null, "TD6_PRES": null, "TD5_LAT": null, "TD5_LON": null, "TD5_WIND": null, "TD5_PRES": null, "TD5_ROCI": null, "NEU_LAT": null, "NEU_LON": null, "NEU_CLASS": null, "NEU_WIND": null, "NEU_PRES": null, "MLC_LAT": null, "MLC_LON": null, "MLC_CLASS": null, "MLC_WIND": null, "MLC_PRES": null, "USA_GUST": null, "BOM_GUST": null, "BOM_GUSTP": null, "REU_GUST": null, "REU_GUSTP": null, "USA_SEAHGT": null, "USA_SEA_NE": null, "USA_SEA_SE": null, "USA_SEA_SW": null, "USA_SEA_NW": null, "STORM_SPD": 1, "STORM_DR": 0, "year": 2019, "month": 9, "day": 3, "hour": 9, "min": 0 }, "geometry": { "type": "LineString", "coordinates": [ [ -78.489990234375, 27.0 ], [ -78.5, 27.100000381469727 ] ] } },
{ "type": "Feature", "properties": { "SID": "2019236N10314", "SEASON": 2019, "NUMBER": 53, "BASIN": "NA", "SUBBASIN": "NA", "NAME": "DORIAN", "ISO_TIME": "2019-09-03 12:00:00", "NATURE": "TS", "LAT": 27.1, "LON": -78.5, "WMO_WIND": 100.0, "WMO_PRES": 954.0, "WMO_AGENCY": "hurdat_atl", "TRACK_TYPE": "main", "DIST2LAND": 152, "LANDFALL": 152, "IFLAG": "O______________", "USA_AGENCY": "hurdat_atl", "USA_ATCFID": "AL052019", "USA_LAT": 27.1, "USA_LON": -78.5, "USA_RECORD": null, "USA_STATUS": "HU", "USA_WIND": 100.0, "USA_PRES": 954.0, "USA_SSHS": 3, "USA_R34_NE": 150.0, "USA_R34_SE": 130.0, "USA_R34_SW": 90.0, "USA_R34_NW": 130.0, "USA_R50_NE": 90.0, "USA_R50_SE": 80.0, "USA_R50_SW": 60.0, "USA_R50_NW": 70.0, "USA_R64_NE": 45.0, "USA_R64_SE": 35.0, "USA_R64_SW": 25.0, "USA_R64_NW": 40.0, "USA_POCI": 1012.0, "USA_ROCI": 200.0, "USA_RMW": 25.0, "USA_EYE": 25.0, "TOK_LAT": null, "TOK_LON": null, "TOK_GRADE": null, "TOK_WIND": null, "TOK_PRES": null, "TOK_R50_DR": null, "TOK_R50_L": null, "TOK_R50_S": null, "TOK_R30_DR": null, "TOK_R30_L": null, "TOK_R30_S": null, "TOK_LAND": null, "CMA_LAT": null, "CMA_LON": null, "CMA_CAT": null, "CMA_WIND": null, "CMA_PRES": null, "HKO_LAT": null, "HKO_LON": null, "HKO_CAT": null, "HKO_WIND": null, "HKO_PRES": null, "KMA_LAT": null, "KMA_LON": null, "KMA_CAT": null, "KMA_WIND": null, "KMA_PRES": null, "KMA_R50_DR": null, "KMA_R50_L": null, "KMA_R50_S": null, "KMA_R30_DR": null, "KMA_R30_L": null, "KMA_R30_S": null, "NEW_LAT": null, "NEW_LON": null, "NEW_GRADE": null, "NEW_WIND": null, "NEW_PRES": null, "NEW_CI": -999.9, "NEW_DP": null, "NEW_POCI": null, "REU_LAT": null, "REU_LON": null, "REU_TYPE": null, "REU_WIND": null, "REU_PRES": null, "REU_TNUM": -999.9, "REU_CI": -999.9, "REU_RMW": null, "REU_R34_NE": null, "REU_R34_SE": null, "REU_R34_SW": null, "REU_R34_NW": null, "REU_R50_NE": null, "REU_R50_SE": null, "REU_R50_SW": null, "REU_R50_NW": null, "REU_R64_NE": null, "REU_R64_SE": null, "REU_R64_SW": null, "REU_R64_NW": null, "BOM_LAT": null, "BOM_LON": null, "BOM_TYPE": null, "BOM_WIND": null, "BOM_PRES": null, "BOM_TNUM": -999.9, "BOM_CI": -999.9, "BOM_RMW": null, "BOM_R34_NE": null, "BOM_R34_SE": null, "BOM_R34_SW": null, "BOM_R34_NW": null, "BOM_R50_NE": null, "BOM_R50_SE": null, "BOM_R50_SW": null, "BOM_R50_NW": null, "BOM_R64_NE": null, "BOM_R64_SE": null, "BOM_R64_SW": null, "BOM_R64_NW": null, "BOM_ROCI": null, "BOM_POCI": null, "BOM_EYE": null, "BOM_POS_FL": null, "BOM_PRS_FL": null, "NAD_LAT": null, "NAD_LON": null, "NAD_CAT": null, "NAD_WIND": null, "NAD_PRES": null, "WEL_LAT": null, "WEL_LON": null, "WEL_WIND": null, "WEL_PRES": null, "DS8_LAT": null, "DS8_LON": null, "DS8_STAGE": null, "DS8_WIND": null, "DS8_PRES": null, "TD6_LAT": null, "TD6_LON": null, "TD6_STAGE": null, "TD6_WIND": null, "TD6_PRES": null, "TD5_LAT": null, "TD5_LON": null, "TD5_WIND": null, "TD5_PRES": null, "TD5_ROCI": null, "NEU_LAT": null, "NEU_LON": null, "NEU_CLASS": null, "NEU_WIND": null, "NEU_PRES": null, "MLC_LAT": null, "MLC_LON": null, "MLC_CLASS": null, "MLC_WIND": null, "MLC_PRES": null, "USA_GUST": 120.0, "BOM_GUST": null, "BOM_GUSTP": null, "REU_GUST": null, "REU_GUSTP": null, "USA_SEAHGT": 12.0, "USA_SEA_NE": 180.0, "USA_SEA_SE": 120.0, "USA_SEA_SW": 100.0, "USA_SEA_NW": 270.0, "STORM_SPD": 3, "STORM_DR": 355, "year": 2019, "month": 9, "day": 3, "hour": 12, "min": 0 }, "geometry": { "type": "LineString", "coordinates": [ [ -78.5, 27.100000381469727 ], [ -78.5, 27.299999237060547 ] ] } },
{ "type": "Feature", "properties": { "SID": "2019236N10314", "SEASON": 2019, "NUMBER": 53, "BASIN": "NA", "SUBBASIN": "NA", "NAME": "DORIAN", "ISO_TIME": "2019-09-03 15:00:00", "NATURE": "TS", "LAT": 27.3, "LON": -78.5, "WMO_WIND": 0.0, "WMO_PRES": null, "WMO_AGENCY": null, "TRACK_TYPE": "main", "DIST2LAND": 158, "LANDFALL": 153, "IFLAG": "P______________", "USA_AGENCY": null, "USA_ATCFID": "AL052019", "USA_LAT": 27.3, "USA_LON": -78.5, "USA_RECORD": null, "USA_STATUS": "HU", "USA_WIND": 98.0, "USA_PRES": 957.0, "USA_SSHS": 3, "USA_R34_NE": 150.0, "USA_R34_SE": 130.0, "USA_R34_SW": 95.0, "USA_R34_NW": 130.0, "USA_R50_NE": 90.0, "USA_R50_SE": 80.0, "USA_R50_SW": 60.0, "USA_R50_NW": 75.0, "USA_R64_NE": 48.0, "USA_R64_SE": 38.0, "USA_R64_SW": 28.0, "USA_R64_NW": 43.0, "USA_POCI": 1012.0, "USA_ROCI": 205.0, "USA_RMW": 25.0, "USA_EYE": null, "TOK_LAT": null, "TOK_LON": null, "TOK_GRADE": null, "TOK_WIND": null, "TOK_PRES": null, "TOK_R50_DR": null, "TOK_R50_L": null, "TOK_R50_S": null, "TOK_R30_DR": null, "TOK_R30_L": null, "TOK_R30_S": null, "TOK_LAND": null, "CMA_LAT": null, "CMA_LON": null, "CMA_CAT": null, "CMA_WIND": null, "CMA_PRES": null, "HKO_LAT": null, "HKO_LON": null, "HKO_CAT": null, "HKO_WIND": null, "HKO_PRES": null, "KMA_LAT": null, "KMA_LON": null, "KMA_CAT": null, "KMA_WIND": null, "KMA_PRES": null, "KMA_R50_DR": null, "KMA_R50_L": null, "KMA_R50_S": null, "KMA_R30_DR": null, "KMA_R30_L": null, "KMA_R30_S": null, "NEW_LAT": null, "NEW_LON": null, "NEW_GRADE": null, "NEW_WIND": null, "NEW_PRES": null, "NEW_CI": -999.9, "NEW_DP": null, "NEW_POCI": null, "REU_LAT": null, "REU_LON": null, "REU_TYPE": null, "REU_WIND": null, "REU_PRES": null, "REU_TNUM": -999.9, "REU_CI": -999.9, "REU_RMW": null, "REU_R34_NE": null, "REU_R34_SE": null, "REU_R34_SW": null, "REU_R34_NW": null, "REU_R50_NE": null, "REU_R50_SE": null, "REU_R50_SW": null, "REU_R50_NW": null, "REU_R64_NE": null, "REU_R64_SE": null, "REU_R64_SW": null, "REU_R64_NW": null, "BOM_LAT": null, "BOM_LON": null, "BOM_TYPE": null, "BOM_WIND": null, "BOM_PRES": null, "BOM_TNUM": -999.9, "BOM_CI": -999.9, "BOM_RMW": null, "BOM_R34_NE": null, "BOM_R34_SE": null, "BOM_R34_SW": null, "BOM_R34_NW": null, "BOM_R50_NE": null, "BOM_R50_SE": null, "BOM_R50_SW": null, "BOM_R50_NW": null, "BOM_R64_NE": null, "BOM_R64_SE": null, "BOM_R64_SW": null, "BOM_R64_NW": null, "BOM_ROCI": null, "BOM_POCI": null, "BOM_EYE": null, "BOM_POS_FL": null, "BOM_PRS_FL": null, "NAD_LAT": null, "NAD_LON": null, "NAD_CAT": null, "NAD_WIND": null, "NAD_PRES": null, "WEL_LAT": null, "WEL_LON": null, "WEL_WIND": null, "WEL_PRES": null, "DS8_LAT": null, "DS8_LON": null, "DS8_STAGE": null, "DS8_WIND": null, "DS8_PRES": null, "TD6_LAT": null, "TD6_LON": null, "TD6_STAGE": null, "TD6_WIND": null, "TD6_PRES": null, "TD5_LAT": null, "TD5_LON": null, "TD5_WIND": null, "TD5_PRES": null, "TD5_ROCI": null, "NEU_LAT": null, "NEU_LON": null, "NEU_CLASS": null, "NEU_WIND": null, "NEU_PRES": null, "MLC_LAT": null, "MLC_LON": null, "MLC_CLASS": null, "MLC_WIND": null, "MLC_PRES": null, "USA_GUST": null, "BOM_GUST": null, "BOM_GUSTP": null, "REU_GUST": null, "REU_GUSTP": null, "USA_SEAHGT": 12.0, "USA_SEA_NE": 195.0, "USA_SEA_SE": 120.0, "USA_SEA_SW": 100.0, "USA_SEA_NW": 255.0, "STORM_SPD": 5, "STORM_DR": 350, "year": 2019, "month": 9, "day": 3, "hour": 15, "min": 0 }, "geometry": { "type": "LineString", "coordinates": [ [ -78.5, 27.299999237060547 ], [ -78.5999755859375, 27.600000381469727 ] ] } },
{ "type": "Feature", "properties": { "SID": "2019236N10314", "SEASON": 2019, "NUMBER": 53, "BASIN": "NA", "SUBBASIN": "NA", "NAME": "DORIAN", "ISO_TIME": "2019-09-03 18:00:00", "NATURE": "TS", "LAT": 27.6, "LON": -78.6, "WMO_WIND": 95.0, "WMO_PRES": 959.0, "WMO_AGENCY": "hurdat_atl", "TRACK_TYPE": "main", "DIST2LAND": 162, "LANDFALL": 162, "IFLAG": "O______________", "USA_AGENCY": "hurdat_atl", "USA_ATCFID": "AL052019", "USA_LAT": 27.6, "USA_LON": -78.6, "USA_RECORD": null, "USA_STATUS": "HU", "USA_WIND": 95.0, "USA_PRES": 959.0, "USA_SSHS": 2, "USA_R34_NE": 150.0, "USA_R34_SE": 130.0, "USA_R34_SW": 100.0, "USA_R34_NW": 130.0, "USA_R50_NE": 90.0, "USA_R50_SE": 80.0, "USA_R50_SW": 60.0, "USA_R50_NW": 80.0, "USA_R64_NE": 50.0, "USA_R64_SE": 40.0, "USA_R64_SW": 30.0, "USA_R64_NW": 45.0, "USA_POCI": 1012.0, "USA_ROCI": 210.0, "USA_RMW": 25.0, "USA_EYE": null, "TOK_LAT": null, "TOK_LON": null, "TOK_GRADE": null, "TOK_WIND": null, "TOK_PRES": null, "TOK_R50_DR": null, "TOK_R50_L": null, "TOK_R50_S": null, "TOK_R30_DR": null, "TOK_R30_L": null, "TOK_R30_S": null, "TOK_LAND": null, "CMA_LAT": null, "CMA_LON": null, "CMA_CAT": null, "CMA_WIND": null, "CMA_PRES": null, "HKO_LAT": null, "HKO_LON": null, "HKO_CAT": null, "HKO_WIND": null, "HKO_PRES": null, "KMA_LAT": null, "KMA_LON": null, "KMA_CAT": null, "KMA_WIND": null, "KMA_PRES": null, "KMA_R50_DR": null, "KMA_R50_L": null, "KMA_R50_S": null, "KMA_R30_DR": null, "KMA_R30_L": null, "KMA_R30_S": null, "NEW_LAT": null, "NEW_LON": null, "NEW_GRADE": null, "NEW_WIND": null, "NEW_PRES": null, "NEW_CI": -999.9, "NEW_DP": null, "NEW_POCI": null, "REU_LAT": null, "REU_LON": null, "REU_TYPE": null, "REU_WIND": null, "REU_PRES": null, "REU_TNUM": -999.9, "REU_CI": -999.9, "REU_RMW": null, "REU_R34_NE": null, "REU_R34_SE": null, "REU_R34_SW": null, "REU_R34_NW": null, "REU_R50_NE": null, "REU_R50_SE": null, "REU_R50_SW": null, "REU_R50_NW": null, "REU_R64_NE": null, "REU_R64_SE": null, "REU_R64_SW": null, "REU_R64_NW": null, "BOM_LAT": null, "BOM_LON": null, "BOM_TYPE": null, "BOM_WIND": null, "BOM_PRES": null, "BOM_TNUM": -999.9, "BOM_CI": -999.9, "BOM_RMW": null, "BOM_R34_NE": null, "BOM_R34_SE": null, "BOM_R34_SW": null, "BOM_R34_NW": null, "BOM_R50_NE": null, "BOM_R50_SE": null, "BOM_R50_SW": null, "BOM_R50_NW": null, "BOM_R64_NE": null, "BOM_R64_SE": null, "BOM_R64_SW": null, "BOM_R64_NW": null, "BOM_ROCI": null, "BOM_POCI": null, "BOM_EYE": null, "BOM_POS_FL": null, "BOM_PRS_FL": null, "NAD_LAT": null, "NAD_LON": null, "NAD_CAT": null, "NAD_WIND": null, "NAD_PRES": null, "WEL_LAT": null, "WEL_LON": null, "WEL_WIND": null, "WEL_PRES": null, "DS8_LAT": null, "DS8_LON": null, "DS8_STAGE": null, "DS8_WIND": null, "DS8_PRES": null, "TD6_LAT": null, "TD6_LON": null, "TD6_STAGE": null, "TD6_WIND": null, "TD6_PRES": null, "TD5_LAT": null, "TD5_LON": null, "TD5_WIND": null, "TD5_PRES": null, "TD5_ROCI": null, "NEU_LAT": null, "NEU_LON": null, "NEU_CLASS": null, "NEU_WIND": null, "NEU_PRES": null, "MLC_LAT": null, "MLC_LON": null, "MLC_CLASS": null, "MLC_WIND": null, "MLC_PRES": null, "USA_GUST": 115.0, "BOM_GUST": null, "BOM_GUSTP": null, "REU_GUST": null, "REU_GUSTP": null, "USA_SEAHGT": 12.0, "USA_SEA_NE": 210.0, "USA_SEA_SE": 120.0, "USA_SEA_SW": 100.0, "USA_SEA_NW": 240.0, "STORM_SPD": 5, "STORM_DR": 345, "year": 2019, "month": 9, "day": 3, "hour": 18, "min": 0 }, "geometry": { "type": "LineString", "coordinates": [ [ -78.5999755859375, 27.600000381469727 ], [ -78.699951171875, 27.799999237060547 ] ] } },
{ "type": "Feature", "properties": { "SID": "2019236N10314", "SEASON": 2019, "NUMBER": 53, "BASIN": "NA", "SUBBASIN": "NA", "NAME": "DORIAN", "ISO_TIME": "2019-09-03 21:00:00", "NATURE": "TS", "LAT": 27.8, "LON": -78.7, "WMO_WIND": 0.0, "WMO_PRES": null, "WMO_AGENCY": null, "TRACK_TYPE": "main", "DIST2LAND": 162, "LANDFALL": 162, "IFLAG": "P______________", "USA_AGENCY": null, "USA_ATCFID": "AL052019", "USA_LAT": 27.8, "USA_LON": -78.7, "USA_RECORD": null, "USA_STATUS": "HU", "USA_WIND": 93.0, "USA_PRES": 959.0, "USA_SSHS": 2, "USA_R34_NE": 150.0, "USA_R34_SE": 130.0, "USA_R34_SW": 100.0, "USA_R34_NW": 135.0, "USA_R50_NE": 95.0, "USA_R50_SE": 80.0, "USA_R50_SW": 60.0, "USA_R50_NW": 85.0, "USA_R64_NE": 50.0, "USA_R64_SE": 40.0, "USA_R64_SW": 30.0, "USA_R64_NW": 48.0, "USA_POCI": 1012.0, "USA_ROCI": 210.0, "USA_RMW": 28.0, "USA_EYE": null, "TOK_LAT": null, "TOK_LON": null, "TOK_GRADE": null, "TOK_WIND": null, "TOK_PRES": null, "TOK_R50_DR": null, "TOK_R50_L": null, "TOK_R50_S": null, "TOK_R30_DR": null, "TOK_R30_L": null, "TOK_R30_S": null, "TOK_LAND": null, "CMA_LAT": null, "CMA_LON": null, "CMA_CAT": null, "CMA_WIND": null, "CMA_PRES": null, "HKO_LAT": null, "HKO_LON": null, "HKO_CAT": null, "HKO_WIND": null, "HKO_PRES": null, "KMA_LAT": null, "KMA_LON": null, "KMA_CAT": null, "KMA_WIND": null, "KMA_PRES": null, "KMA_R50_DR": null, "KMA_R50_L": null, "KMA_R50_S": null, "KMA_R30_DR": null, "KMA_R30_L": null, "KMA_R30_S": null, "NEW_LAT": null, "NEW_LON": null, "NEW_GRADE": null, "NEW_WIND": null, "NEW_PRES": null, "NEW_CI": -999.9, "NEW_DP": null, "NEW_POCI": null, "REU_LAT": null, "REU_LON": null, "REU_TYPE": null, "REU_WIND": null, "REU_PRES": null, "REU_TNUM": -999.9, "REU_CI": -999.9, "REU_RMW": null, "REU_R34_NE": null, "REU_R34_SE": null, "REU_R34_SW": null, "REU_R34_NW": null, "REU_R50_NE": null, "REU_R50_SE": null, "REU_R50_SW": null, "REU_R50_NW": null, "REU_R64_NE": null, "REU_R64_SE": null, "REU_R64_SW": null, "REU_R64_NW": null, "BOM_LAT": null, "BOM_LON": null, "BOM_TYPE": null, "BOM_WIND": null, "BOM_PRES": null, "BOM_TNUM": -999.9, "BOM_CI": -999.9, "BOM_RMW": null, "BOM_R34_NE": null, "BOM_R34_SE": null, "BOM_R34_SW": null, "BOM_R34_NW": null, "BOM_R50_NE": null, "BOM_R50_SE": null, "BOM_R50_SW": null, "BOM_R50_NW": null, "BOM_R64_NE": null, "BOM_R64_SE": null, "BOM_R64_SW": null, "BOM_R64_NW": null, "BOM_ROCI": null, "BOM_POCI": null, "BOM_EYE": null, "BOM_POS_FL": null, "BOM_PRS_FL": null, "NAD_LAT": null, "NAD_LON": null, "NAD_CAT": null, "NAD_WIND": null, "NAD_PRES": null, "WEL_LAT": null, "WEL_LON": null, "WEL_WIND": null, "WEL_PRES": null, "DS8_LAT": null, "DS8_LON": null, "DS8_STAGE": null, "DS8_WIND": null, "DS8_PRES": null, "TD6_LAT": null, "TD6_LON": null, "TD6_STAGE": null, "TD6_WIND": null, "TD6_PRES": null, "TD5_LAT": null, "TD5_LON": null, "TD5_WIND": null, "TD5_PRES": null, "TD5_ROCI": null, "NEU_LAT": null, "NEU_LON": null, "NEU_CLASS": null, "NEU_WIND": null, "NEU_PRES": null, "MLC_LAT": null, "MLC_LON": null, "MLC_CLASS": null, "MLC_WIND": null, "MLC_PRES": null, "USA_GUST": null, "BOM_GUST": null, "BOM_GUSTP": null, "REU_GUST": null, "REU_GUSTP": null, "USA_SEAHGT": 12.0, "USA_SEA_NE": 210.0, "USA_SEA_SE": 120.0, "USA_SEA_SW": 100.0, "USA_SEA_NW": 240.0, "STORM_SPD": 5, "STORM_DR": 340, "year": 2019, "month": 9, "day": 3, "hour": 21, "min": 0 }, "geometry": { "type": "LineString", "coordinates": [ [ -78.699951171875, 27.799999237060547 ], [ -78.800048828125, 28.100000381469727 ] ] } },
{ "type": "Feature", "properties": { "SID": "2019236N10314", "SEASON": 2019, "NUMBER": 53, "BASIN": "NA", "SUBBASIN": "NA", "NAME": "DORIAN", "ISO_TIME": "2019-09-04 00:00:00", "NATURE": "TS", "LAT": 28.1, "LON": -78.8, "WMO_WIND": 90.0, "WMO_PRES": 959.0, "WMO_AGENCY": "hurdat_atl", "TRACK_TYPE": "main", "DIST2LAND": 166, "LANDFALL": 146, "IFLAG": "O______________", "USA_AGENCY": "hurdat_atl", "USA_ATCFID": "AL052019", "USA_LAT": 28.1, "USA_LON": -78.8, "USA_RECORD": null, "USA_STATUS": "HU", "USA_WIND": 90.0, "USA_PRES": 959.0, "USA_SSHS": 2, "USA_R34_NE": 150.0, "USA_R34_SE": 130.0, "USA_R34_SW": 100.0, "USA_R34_NW": 140.0, "USA_R50_NE": 100.0, "USA_R50_SE": 80.0, "USA_R50_SW": 60.0, "USA_R50_NW": 90.0, "USA_R64_NE": 50.0, "USA_R64_SE": 40.0, "USA_R64_SW": 30.0, "USA_R64_NW": 50.0, "USA_POCI": 1012.0, "USA_ROCI": 210.0, "USA_RMW": 30.0, "USA_EYE": null, "TOK_LAT": null, "TOK_LON": null, "TOK_GRADE": null, "TOK_WIND": null, "TOK_PRES": null, "TOK_R50_DR": null, "TOK_R50_L": null, "TOK_R50_S": null, "TOK_R30_DR": null, "TOK_R30_L": null, "TOK_R30_S": null, "TOK_LAND": null, "CMA_LAT": null, "CMA_LON": null, "CMA_CAT": null, "CMA_WIND": null, "CMA_PRES": null, "HKO_LAT": null, "HKO_LON": null, "HKO_CAT": null, "HKO_WIND": null, "HKO_PRES": null, "KMA_LAT": null, "KMA_LON": null, "KMA_CAT": null, "KMA_WIND": null, "KMA_PRES": null, "KMA_R50_DR": null, "KMA_R50_L": null, "KMA_R50_S": null, "KMA_R30_DR": null, "KMA_R30_L": null, "KMA_R30_S": null, "NEW_LAT": null, "NEW_LON": null, "NEW_GRADE": null, "NEW_WIND": null, "NEW_PRES": null, "NEW_CI": -999.9, "NEW_DP": null, "NEW_POCI": null, "REU_LAT": null, "REU_LON": null, "REU_TYPE": null, "REU_WIND": null, "REU_PRES": null, "REU_TNUM": -999.9, "REU_CI": -999.9, "REU_RMW": null, "REU_R34_NE": null, "REU_R34_SE": null, "REU_R34_SW": null, "REU_R34_NW": null, "REU_R50_NE": null, "REU_R50_SE": null, "REU_R50_SW": null, "REU_R50_NW": null, "REU_R64_NE": null, "REU_R64_SE": null, "REU_R64_SW": null, "REU_R64_NW": null, "BOM_LAT": null, "BOM_LON": null, "BOM_TYPE": null, "BOM_WIND": null, "BOM_PRES": null, "BOM_TNUM": -999.9, "BOM_CI": -999.9, "BOM_RMW": null, "BOM_R34_NE": null, "BOM_R34_SE": null, "BOM_R34_SW": null, "BOM_R34_NW": null, "BOM_R50_NE": null, "BOM_R50_SE": null, "BOM_R50_SW": null, "BOM_R50_NW": null, "BOM_R64_NE": null, "BOM_R64_SE": null, "BOM_R64_SW": null, "BOM_R64_NW": null, "BOM_ROCI": null, "BOM_POCI": null, "BOM_EYE": null, "BOM_POS_FL": null, "BOM_PRS_FL": null, "NAD_LAT": null, "NAD_LON": null, "NAD_CAT": null, "NAD_WIND": null, "NAD_PRES": null, "WEL_LAT": null, "WEL_LON": null, "WEL_WIND": null, "WEL_PRES": null, "DS8_LAT": null, "DS8_LON": null, "DS8_STAGE": null, "DS8_WIND": null, "DS8_PRES": null, "TD6_LAT": null, "TD6_LON": null, "TD6_STAGE": null, "TD6_WIND": null, "TD6_PRES": null, "TD5_LAT": null, "TD5_LON": null, "TD5_WIND": null, "TD5_PRES": null, "TD5_ROCI": null, "NEU_LAT": null, "NEU_LON": null, "NEU_CLASS": null, "NEU_WIND": null, "NEU_PRES": null, "MLC_LAT": null, "MLC_LON": null, "MLC_CLASS": null, "MLC_WIND": null, "MLC_PRES": null, "USA_GUST": 115.0, "BOM_GUST": null, "BOM_GUSTP": null, "REU_GUST": null, "REU_GUSTP": null, "USA_SEAHGT": 12.0, "USA_SEA_NE": 210.0, "USA_SEA_SE": 120.0, "USA_SEA_SW": 100.0, "USA_SEA_NW": 240.0, "STORM_SPD": 7, "STORM_DR": 335, "year": 2019, "month": 9, "day": 4, "hour": 0, "min": 0 }, "geometry": { "type": "LineString", "coordinates": [ [ -78.800048828125, 28.100000381469727 ], [ -79.0, 28.399999618530273 ] ] } },
{ "type": "Feature", "properties": { "SID": "2019236N10314", "SEASON": 2019, "NUMBER": 53, "BASIN": "NA", "SUBBASIN": "NA", "NAME": "DORIAN", "ISO_TIME": "2019-09-04 03:00:00", "NATURE": "TS", "LAT": 28.4, "LON": -79.0, "WMO_WIND": 0.0, "WMO_PRES": null, "WMO_AGENCY": null, "TRACK_TYPE": "main", "DIST2LAND": 146, "LANDFALL": 128, "IFLAG": "P______________", "USA_AGENCY": null, "USA_ATCFID": "AL052019", "USA_LAT": 28.4, "USA_LON": -79.0, "USA_RECORD": null, "USA_STATUS": "HU", "USA_WIND": 90.0, "USA_PRES": 962.0, "USA_SSHS": 2, "USA_R34_NE": 150.0, "USA_R34_SE": 130.0, "USA_R34_SW": 100.0, "USA_R34_NW": 140.0, "USA_R50_NE": 100.0, "USA_R50_SE": 80.0, "USA_R50_SW": 60.0, "USA_R50_NW": 90.0, "USA_R64_NE": 50.0, "USA_R64_SE": 40.0, "USA_R64_SW": 30.0, "USA_R64_NW": 50.0, "USA_POCI": 1012.0, "USA_ROCI": 215.0, "USA_RMW": 30.0, "USA_EYE": null, "TOK_LAT": null, "TOK_LON": null, "TOK_GRADE": null, "TOK_WIND": null, "TOK_PRES": null, "TOK_R50_DR": null, "TOK_R50_L": null, "TOK_R50_S": null, "TOK_R30_DR": null, "TOK_R30_L": null, "TOK_R30_S": null, "TOK_LAND": null, "CMA_LAT": null, "CMA_LON": null, "CMA_CAT": null, "CMA_WIND": null, "CMA_PRES": null, "HKO_LAT": null, "HKO_LON": null, "HKO_CAT": null, "HKO_WIND": null, "HKO_PRES": null, "KMA_LAT": null, "KMA_LON": null, "KMA_CAT": null, "KMA_WIND": null, "KMA_PRES": null, "KMA_R50_DR": null, "KMA_R50_L": null, "KMA_R50_S": null, "KMA_R30_DR": null, "KMA_R30_L": null, "KMA_R30_S": null, "NEW_LAT": null, "NEW_LON": null, "NEW_GRADE": null, "NEW_WIND": null, "NEW_PRES": null, "NEW_CI": -999.9, "NEW_DP": null, "NEW_POCI": null, "REU_LAT": null, "REU_LON": null, "REU_TYPE": null, "REU_WIND": null, "REU_PRES": null, "REU_TNUM": -999.9, "REU_CI": -999.9, "REU_RMW": null, "REU_R34_NE": null, "REU_R34_SE": null, "REU_R34_SW": null, "REU_R34_NW": null, "REU_R50_NE": null, "REU_R50_SE": null, "REU_R50_SW": null, "REU_R50_NW": null, "REU_R64_NE": null, "REU_R64_SE": null, "REU_R64_SW": null, "REU_R64_NW": null, "BOM_LAT": null, "BOM_LON": null, "BOM_TYPE": null, "BOM_WIND": null, "BOM_PRES": null, "BOM_TNUM": -999.9, "BOM_CI": -999.9, "BOM_RMW": null, "BOM_R34_NE": null, "BOM_R34_SE": null, "BOM_R34_SW": null, "BOM_R34_NW": null, "BOM_R50_NE": null, "BOM_R50_SE": null, "BOM_R50_SW": null, "BOM_R50_NW": null, "BOM_R64_NE": null, "BOM_R64_SE": null, "BOM_R64_SW": null, "BOM_R64_NW": null, "BOM_ROCI": null, "BOM_POCI": null, "BOM_EYE": null, "BOM_POS_FL": null, "BOM_PRS_FL": null, "NAD_LAT": null, "NAD_LON": null, "NAD_CAT": null, "NAD_WIND": null, "NAD_PRES": null, "WEL_LAT": null, "WEL_LON": null, "WEL_WIND": null, "WEL_PRES": null, "DS8_LAT": null, "DS8_LON": null, "DS8_STAGE": null, "DS8_WIND": null, "DS8_PRES": null, "TD6_LAT": null, "TD6_LON": null, "TD6_STAGE": null, "TD6_WIND": null, "TD6_PRES": null, "TD5_LAT": null, "TD5_LON": null, "TD5_WIND": null, "TD5_PRES": null, "TD5_ROCI": null, "NEU_LAT": null, "NEU_LON": null, "NEU_CLASS": null, "NEU_WIND": null, "NEU_PRES": null, "MLC_LAT": null, "MLC_LON": null, "MLC_CLASS": null, "MLC_WIND": null, "MLC_PRES": null, "USA_GUST": null, "BOM_GUST": null, "BOM_GUSTP": null, "REU_GUST": null, "REU_GUSTP": null, "USA_SEAHGT": 12.0, "USA_SEA_NE": 225.0, "USA_SEA_SE": 135.0, "USA_SEA_SW": 110.0, "USA_SEA_NW": 240.0, "STORM_SPD": 8, "STORM_DR": 335, "year": 2019, "month": 9, "day": 4, "hour": 3, "min": 0 }, "geometry": { "type": "LineString", "coordinates": [ [ -79.0, 28.399999618530273 ], [ -79.199951171875, 28.799999237060547 ] ] } },
{ "type": "Feature", "properties": { "SID": "2019236N10314", "SEASON": 2019, "NUMBER": 53, "BASIN": "NA", "SUBBASIN": "NA", "NAME": "DORIAN", "ISO_TIME": "2019-09-04 06:00:00", "NATURE": "TS", "LAT": 28.8, "LON": -79.2, "WMO_WIND": 90.0, "WMO_PRES": 964.0, "WMO_AGENCY": "hurdat_atl", "TRACK_TYPE": "main", "DIST2LAND": 131, "LANDFALL": 120, "IFLAG": "O______________", "USA_AGENCY": "hurdat_atl", "USA_ATCFID": "AL052019", "USA_LAT": 28.8, "USA_LON": -79.2, "USA_RECORD": null, "USA_STATUS": "HU", "USA_WIND": 90.0, "USA_PRES": 964.0, "USA_SSHS": 2, "USA_R34_NE": 150.0, "USA_R34_SE": 130.0, "USA_R34_SW": 100.0, "USA_R34_NW": 140.0, "USA_R50_NE": 100.0, "USA_R50_SE": 80.0, "USA_R50_SW": 60.0, "USA_R50_NW": 90.0, "USA_R64_NE": 50.0, "USA_R64_SE": 40.0, "USA_R64_SW": 30.0, "USA_R64_NW": 50.0, "USA_POCI": 1012.0, "USA_ROCI": 220.0, "USA_RMW": 30.0, "USA_EYE": null, "TOK_LAT": null, "TOK_LON": null, "TOK_GRADE": null, "TOK_WIND": null, "TOK_PRES": null, "TOK_R50_DR": null, "TOK_R50_L": null, "TOK_R50_S": null, "TOK_R30_DR": null, "TOK_R30_L": null, "TOK_R30_S": null, "TOK_LAND": null, "CMA_LAT": null, "CMA_LON": null, "CMA_CAT": null, "CMA_WIND": null, "CMA_PRES": null, "HKO_LAT": null, "HKO_LON": null, "HKO_CAT": null, "HKO_WIND": null, "HKO_PRES": null, "KMA_LAT": null, "KMA_LON": null, "KMA_CAT": null, "KMA_WIND": null, "KMA_PRES": null, "KMA_R50_DR": null, "KMA_R50_L": null, "KMA_R50_S": null, "KMA_R30_DR": null, "KMA_R30_L": null, "KMA_R30_S": null, "NEW_LAT": null, "NEW_LON": null, "NEW_GRADE": null, "NEW_WIND": null, "NEW_PRES": null, "NEW_CI": -999.9, "NEW_DP": null, "NEW_POCI": null, "REU_LAT": null, "REU_LON": null, "REU_TYPE": null, "REU_WIND": null, "REU_PRES": null, "REU_TNUM": -999.9, "REU_CI": -999.9, "REU_RMW": null, "REU_R34_NE": null, "REU_R34_SE": null, "REU_R34_SW": null, "REU_R34_NW": null, "REU_R50_NE": null, "REU_R50_SE": null, "REU_R50_SW": null, "REU_R50_NW": null, "REU_R64_NE": null, "REU_R64_SE": null, "REU_R64_SW": null, "REU_R64_NW": null, "BOM_LAT": null, "BOM_LON": null, "BOM_TYPE": null, "BOM_WIND": null, "BOM_PRES": null, "BOM_TNUM": -999.9, "BOM_CI": -999.9, "BOM_RMW": null, "BOM_R34_NE": null, "BOM_R34_SE": null, "BOM_R34_SW": null, "BOM_R34_NW": null, "BOM_R50_NE": null, "BOM_R50_SE": null, "BOM_R50_SW": null, "BOM_R50_NW": null, "BOM_R64_NE": null, "BOM_R64_SE": null, "BOM_R64_SW": null, "BOM_R64_NW": null, "BOM_ROCI": null, "BOM_POCI": null, "BOM_EYE": null, "BOM_POS_FL": null, "BOM_PRS_FL": null, "NAD_LAT": null, "NAD_LON": null, "NAD_CAT": null, "NAD_WIND": null, "NAD_PRES": null, "WEL_LAT": null, "WEL_LON": null, "WEL_WIND": null, "WEL_PRES": null, "DS8_LAT": null, "DS8_LON": null, "DS8_STAGE": null, "DS8_WIND": null, "DS8_PRES": null, "TD6_LAT": null, "TD6_LON": null, "TD6_STAGE": null, "TD6_WIND": null, "TD6_PRES": null, "TD5_LAT": null, "TD5_LON": null, "TD5_WIND": null, "TD5_PRES": null, "TD5_ROCI": null, "NEU_LAT": null, "NEU_LON": null, "NEU_CLASS": null, "NEU_WIND": null, "NEU_PRES": null, "MLC_LAT": null, "MLC_LON": null, "MLC_CLASS": null, "MLC_WIND": null, "MLC_PRES": null, "USA_GUST": 115.0, "BOM_GUST": null, "BOM_GUSTP": null, "REU_GUST": null, "REU_GUSTP": null, "USA_SEAHGT": 12.0, "USA_SEA_NE": 240.0, "USA_SEA_SE": 150.0, "USA_SEA_SW": 120.0, "USA_SEA_NW": 240.0, "STORM_SPD": 8, "STORM_DR": 330, "year": 2019, "month": 9, "day": 4, "hour": 6, "min": 0 }, "geometry": { "type": "LineString", "coordinates": [ [ -79.199951171875, 28.799999237060547 ], [ -79.4000244140625, 29.200000762939453 ] ] } },
{ "type": "Feature", "properties": { "SID": "2019236N10314", "SEASON": 2019, "NUMBER": 53, "BASIN": "NA", "SUBBASIN": "NA", "NAME": "DORIAN", "ISO_TIME": "2019-09-04 09:00:00", "NATURE": "TS", "LAT": 29.2, "LON": -79.4, "WMO_WIND": 0.0, "WMO_PRES": null, "WMO_AGENCY": null, "TRACK_TYPE": "main", "DIST2LAND": 132, "LANDFALL": 124, "IFLAG": "P______________", "USA_AGENCY": null, "USA_ATCFID": "AL052019", "USA_LAT": 29.2, "USA_LON": -79.4, "USA_RECORD": null, "USA_STATUS": "HU", "USA_WIND": 90.0, "USA_PRES": 964.0, "USA_SSHS": 2, "USA_R34_NE": 150.0, "USA_R34_SE": 130.0, "USA_R34_SW": 100.0, "USA_R34_NW": 140.0, "USA_R50_NE": 100.0, "USA_R50_SE": 80.0, "USA_R50_SW": 60.0, "USA_R50_NW": 90.0, "USA_R64_NE": 50.0, "USA_R64_SE": 40.0, "USA_R64_SW": 35.0, "USA_R64_NW": 50.0, "USA_POCI": 1012.0, "USA_ROCI": 220.0, "USA_RMW": 30.0, "USA_EYE": null, "TOK_LAT": null, "TOK_LON": null, "TOK_GRADE": null, "TOK_WIND": null, "TOK_PRES": null, "TOK_R50_DR": null, "TOK_R50_L": null, "TOK_R50_S": null, "TOK_R30_DR": null, "TOK_R30_L": null, "TOK_R30_S": null, "TOK_LAND": null, "CMA_LAT": null, "CMA_LON": null, "CMA_CAT": null, "CMA_WIND": null, "CMA_PRES": null, "HKO_LAT": null, "HKO_LON": null, "HKO_CAT": null, "HKO_WIND": null, "HKO_PRES": null, "KMA_LAT": null, "KMA_LON": null, "KMA_CAT": null, "KMA_WIND": null, "KMA_PRES": null, "KMA_R50_DR": null, "KMA_R50_L": null, "KMA_R50_S": null, "KMA_R30_DR": null, "KMA_R30_L": null, "KMA_R30_S": null, "NEW_LAT": null, "NEW_LON": null, "NEW_GRADE": null, "NEW_WIND": null, "NEW_PRES": null, "NEW_CI": -999.9, "NEW_DP": null, "NEW_POCI": null, "REU_LAT": null, "REU_LON": null, "REU_TYPE": null, "REU_WIND": null, "REU_PRES": null, "REU_TNUM": -999.9, "REU_CI": -999.9, "REU_RMW": null, "REU_R34_NE": null, "REU_R34_SE": null, "REU_R34_SW": null, "REU_R34_NW": null, "REU_R50_NE": null, "REU_R50_SE": null, "REU_R50_SW": null, "REU_R50_NW": null, "REU_R64_NE": null, "REU_R64_SE": null, "REU_R64_SW": null, "REU_R64_NW": null, "BOM_LAT": null, "BOM_LON": null, "BOM_TYPE": null, "BOM_WIND": null, "BOM_PRES": null, "BOM_TNUM": -999.9, "BOM_CI": -999.9, "BOM_RMW": null, "BOM_R34_NE": null, "BOM_R34_SE": null, "BOM_R34_SW": null, "BOM_R34_NW": null, "BOM_R50_NE": null, "BOM_R50_SE": null, "BOM_R50_SW": null, "BOM_R50_NW": null, "BOM_R64_NE": null, "BOM_R64_SE": null, "BOM_R64_SW": null, "BOM_R64_NW": null, "BOM_ROCI": null, "BOM_POCI": null, "BOM_EYE": null, "BOM_POS_FL": null, "BOM_PRS_FL": null, "NAD_LAT": null, "NAD_LON": null, "NAD_CAT": null, "NAD_WIND": null, "NAD_PRES": null, "WEL_LAT": null, "WEL_LON": null, "WEL_WIND": null, "WEL_PRES": null, "DS8_LAT": null, "DS8_LON": null, "DS8_STAGE": null, "DS8_WIND": null, "DS8_PRES": null, "TD6_LAT": null, "TD6_LON": null, "TD6_STAGE": null, "TD6_WIND": null, "TD6_PRES": null, "TD5_LAT": null, "TD5_LON": null, "TD5_WIND": null, "TD5_PRES": null, "TD5_ROCI": null, "NEU_LAT": null, "NEU_LON": null, "NEU_CLASS": null, "NEU_WIND": null, "NEU_PRES": null, "MLC_LAT": null, "MLC_LON": null, "MLC_CLASS": null, "MLC_WIND": null, "MLC_PRES": null, "USA_GUST": null, "BOM_GUST": null, "BOM_GUSTP": null, "REU_GUST": null, "REU_GUSTP": null, "USA_SEAHGT": 12.0, "USA_SEA_NE": 240.0, "USA_SEA_SE": 165.0, "USA_SEA_SW": 135.0, "USA_SEA_NW": 225.0, "STORM_SPD": 8, "STORM_DR": 335, "year": 2019, "month": 9, "day": 4, "hour": 9, "min": 0 }, "geometry": { "type": "LineString", "coordinates": [ [ -79.4000244140625, 29.200000762939453 ], [ -79.5999755859375, 29.5 ] ] } },
{ "type": "Feature", "properties": { "SID": "2019236N10314", "SEASON": 2019, "NUMBER": 53, "BASIN": "NA", "SUBBASIN": "NA", "NAME": "DORIAN", "ISO_TIME": "2019-09-04 12:00:00", "NATURE": "TS", "LAT": 29.5, "LON": -79.6, "WMO_WIND": 90.0, "WMO_PRES": 963.0, "WMO_AGENCY": "hurdat_atl", "TRACK_TYPE": "main", "DIST2LAND": 133, "LANDFALL": 133, "IFLAG": "O______________", "USA_AGENCY": "hurdat_atl", "USA_ATCFID": "AL052019", "USA_LAT": 29.5, "USA_LON": -79.6, "USA_RECORD": null, "USA_STATUS": "HU", "USA_WIND": 90.0, "USA_PRES": 963.0, "USA_SSHS": 2, "USA_R34_NE": 150.0, "USA_R34_SE": 130.0, "USA_R34_SW": 100.0, "USA_R34_NW": 140.0, "USA_R50_NE": 100.0, "USA_R50_SE": 80.0, "USA_R50_SW": 60.0, "USA_R50_NW": 90.0, "USA_R64_NE": 50.0, "USA_R64_SE": 40.0, "USA_R64_SW": 40.0, "USA_R64_NW": 50.0, "USA_POCI": 1012.0, "USA_ROCI": 220.0, "USA_RMW": 30.0, "USA_EYE": null, "TOK_LAT": null, "TOK_LON": null, "TOK_GRADE": null, "TOK_WIND": null, "TOK_PRES": null, "TOK_R50_DR": null, "TOK_R50_L": null, "TOK_R50_S": null, "TOK_R30_DR": null, "TOK_R30_L": null, "TOK_R30_S": null, "TOK_LAND": null, "CMA_LAT": null, "CMA_LON": null, "CMA_CAT": null, "CMA_WIND": null, "CMA_PRES": null, "HKO_LAT": null, "HKO_LON": null, "HKO_CAT": null, "HKO_WIND": null, "HKO_PRES": null, "KMA_LAT": null, "KMA_LON": null, "KMA_CAT": null, "KMA_WIND": null, "KMA_PRES": null, "KMA_R50_DR": null, "KMA_R50_L": null, "KMA_R50_S": null, "KMA_R30_DR": null, "KMA_R30_L": null, "KMA_R30_S": null, "NEW_LAT": null, "NEW_LON": null, "NEW_GRADE": null, "NEW_WIND": null, "NEW_PRES": null, "NEW_CI": -999.9, "NEW_DP": null, "NEW_POCI": null, "REU_LAT": null, "REU_LON": null, "REU_TYPE": null, "REU_WIND": null, "REU_PRES": null, "REU_TNUM": -999.9, "REU_CI": -999.9, "REU_RMW": null, "REU_R34_NE": null, "REU_R34_SE": null, "REU_R34_SW": null, "REU_R34_NW": null, "REU_R50_NE": null, "REU_R50_SE": null, "REU_R50_SW": null, "REU_R50_NW": null, "REU_R64_NE": null, "REU_R64_SE": null, "REU_R64_SW": null, "REU_R64_NW": null, "BOM_LAT": null, "BOM_LON": null, "BOM_TYPE": null, "BOM_WIND": null, "BOM_PRES": null, "BOM_TNUM": -999.9, "BOM_CI": -999.9, "BOM_RMW": null, "BOM_R34_NE": null, "BOM_R34_SE": null, "BOM_R34_SW": null, "BOM_R34_NW": null, "BOM_R50_NE": null, "BOM_R50_SE": null, "BOM_R50_SW": null, "BOM_R50_NW": null, "BOM_R64_NE": null, "BOM_R64_SE": null, "BOM_R64_SW": null, "BOM_R64_NW": null, "BOM_ROCI": null, "BOM_POCI": null, "BOM_EYE": null, "BOM_POS_FL": null, "BOM_PRS_FL": null, "NAD_LAT": null, "NAD_LON": null, "NAD_CAT": null, "NAD_WIND": null, "NAD_PRES": null, "WEL_LAT": null, "WEL_LON": null, "WEL_WIND": null, "WEL_PRES": null, "DS8_LAT": null, "DS8_LON": null, "DS8_STAGE": null, "DS8_WIND": null, "DS8_PRES": null, "TD6_LAT": null, "TD6_LON": null, "TD6_STAGE": null, "TD6_WIND": null, "TD6_PRES": null, "TD5_LAT": null, "TD5_LON": null, "TD5_WIND": null, "TD5_PRES": null, "TD5_ROCI": null, "NEU_LAT": null, "NEU_LON": null, "NEU_CLASS": null, "NEU_WIND": null, "NEU_PRES": null, "MLC_LAT": null, "MLC_LON": null, "MLC_CLASS": null, "MLC_WIND": null, "MLC_PRES": null, "USA_GUST": 110.0, "BOM_GUST": null, "BOM_GUSTP": null, "REU_GUST": null, "REU_GUSTP": null, "USA_SEAHGT": 12.0, "USA_SEA_NE": 240.0, "USA_SEA_SE": 180.0, "USA_SEA_SW": 150.0, "USA_SEA_NW": 210.0, "STORM_SPD": 7, "STORM_DR": 340, "year": 2019, "month": 9, "day": 4, "hour": 12, "min": 0 }, "geometry": { "type": "LineString", "coordinates": [ [ -79.5999755859375, 29.5 ], [ -79.699951171875, 29.799999237060547 ] ] } },
{ "type": "Feature", "properties": { "SID": "2019236N10314", "SEASON": 2019, "NUMBER": 53, "BASIN": "NA", "SUBBASIN": "NA", "NAME": "DORIAN", "ISO_TIME": "2019-09-04 15:00:00", "NATURE": "TS", "LAT": 29.8, "LON": -79.7, "WMO_WIND": 0.0, "WMO_PRES": null, "WMO_AGENCY": null, "TRACK_TYPE": "main", "DIST2LAND": 139, "LANDFALL": 139, "IFLAG": "P______________", "USA_AGENCY": null, "USA_ATCFID": "AL052019", "USA_LAT": 29.8, "USA_LON": -79.7, "USA_RECORD": null, "USA_STATUS": "HU", "USA_WIND": 93.0, "USA_PRES": 962.0, "USA_SSHS": 2, "USA_R34_NE": 155.0, "USA_R34_SE": 135.0, "USA_R34_SW": 100.0, "USA_R34_NW": 140.0, "USA_R50_NE": 100.0, "USA_R50_SE": 85.0, "USA_R50_SW": 65.0, "USA_R50_NW": 90.0, "USA_R64_NE": 50.0, "USA_R64_SE": 40.0, "USA_R64_SW": 40.0, "USA_R64_NW": 50.0, "USA_POCI": 1012.0, "USA_ROCI": 225.0, "USA_RMW": 30.0, "USA_EYE": null, "TOK_LAT": null, "TOK_LON": null, "TOK_GRADE": null, "TOK_WIND": null, "TOK_PRES": null, "TOK_R50_DR": null, "TOK_R50_L": null, "TOK_R50_S": null, "TOK_R30_DR": null, "TOK_R30_L": null, "TOK_R30_S": null, "TOK_LAND": null, "CMA_LAT": null, "CMA_LON": null, "CMA_CAT": null, "CMA_WIND": null, "CMA_PRES": null, "HKO_LAT": null, "HKO_LON": null, "HKO_CAT": null, "HKO_WIND": null, "HKO_PRES": null, "KMA_LAT": null, "KMA_LON": null, "KMA_CAT": null, "KMA_WIND": null, "KMA_PRES": null, "KMA_R50_DR": null, "KMA_R50_L": null, "KMA_R50_S": null, "KMA_R30_DR": null, "KMA_R30_L": null, "KMA_R30_S": null, "NEW_LAT": null, "NEW_LON": null, "NEW_GRADE": null, "NEW_WIND": null, "NEW_PRES": null, "NEW_CI": -999.9, "NEW_DP": null, "NEW_POCI": null, "REU_LAT": null, "REU_LON": null, "REU_TYPE": null, "REU_WIND": null, "REU_PRES": null, "REU_TNUM": -999.9, "REU_CI": -999.9, "REU_RMW": null, "REU_R34_NE": null, "REU_R34_SE": null, "REU_R34_SW": null, "REU_R34_NW": null, "REU_R50_NE": null, "REU_R50_SE": null, "REU_R50_SW": null, "REU_R50_NW": null, "REU_R64_NE": null, "REU_R64_SE": null, "REU_R64_SW": null, "REU_R64_NW": null, "BOM_LAT": null, "BOM_LON": null, "BOM_TYPE": null, "BOM_WIND": null, "BOM_PRES": null, "BOM_TNUM": -999.9, "BOM_CI": -999.9, "BOM_RMW": null, "BOM_R34_NE": null, "BOM_R34_SE": null, "BOM_R34_SW": null, "BOM_R34_NW": null, "BOM_R50_NE": null, "BOM_R50_SE": null, "BOM_R50_SW": null, "BOM_R50_NW": null, "BOM_R64_NE": null, "BOM_R64_SE": null, "BOM_R64_SW": null, "BOM_R64_NW": null, "BOM_ROCI": null, "BOM_POCI": null, "BOM_EYE": null, "BOM_POS_FL": null, "BOM_PRS_FL": null, "NAD_LAT": null, "NAD_LON": null, "NAD_CAT": null, "NAD_WIND": null, "NAD_PRES": null, "WEL_LAT": null, "WEL_LON": null, "WEL_WIND": null, "WEL_PRES": null, "DS8_LAT": null, "DS8_LON": null, "DS8_STAGE": null, "DS8_WIND": null, "DS8_PRES": null, "TD6_LAT": null, "TD6_LON": null, "TD6_STAGE": null, "TD6_WIND": null, "TD6_PRES": null, "TD5_LAT": null, "TD5_LON": null, "TD5_WIND": null, "TD5_PRES": null, "TD5_ROCI": null, "NEU_LAT": null, "NEU_LON": null, "NEU_CLASS": null, "NEU_WIND": null, "NEU_PRES": null, "MLC_LAT": null, "MLC_LON": null, "MLC_CLASS": null, "MLC_WIND": null, "MLC_PRES": null, "USA_GUST": null, "BOM_GUST": null, "BOM_GUSTP": null, "REU_GUST": null, "REU_GUSTP": null, "USA_SEAHGT": 12.0, "USA_SEA_NE": 255.0, "USA_SEA_SE": 210.0, "USA_SEA_SW": 180.0, "USA_SEA_NW": 195.0, "STORM_SPD": 6, "STORM_DR": 350, "year": 2019, "month": 9, "day": 4, "hour": 15, "min": 0 }, "geometry": { "type": "LineString", "coordinates": [ [ -79.699951171875, 29.799999237060547 ], [ -79.699951171875, 30.100000381469727 ] ] } },
{ "type": "Feature", "properties": { "SID": "2019236N10314", "SEASON": 2019, "NUMBER": 53, "BASIN": "NA", "SUBBASIN": "NA", "NAME": "DORIAN", "ISO_TIME": "2019-09-04 18:00:00", "NATURE": "TS", "LAT": 30.1, "LON": -79.7, "WMO_WIND": 95.0, "WMO_PRES": 960.0, "WMO_AGENCY": "hurdat_atl", "TRACK_TYPE": "main", "DIST2LAND": 154, "LANDFALL": 154, "IFLAG": "O______________", "USA_AGENCY": "hurdat_atl", "USA_ATCFID": "AL052019", "USA_LAT": 30.1, "USA_LON": -79.7, "USA_RECORD": null, "USA_STATUS": "HU", "USA_WIND": 95.0, "USA_PRES": 960.0, "USA_SSHS": 2, "USA_R34_NE": 160.0, "USA_R34_SE": 140.0, "USA_R34_SW": 100.0, "USA_R34_NW": 140.0, "USA_R50_NE": 100.0, "USA_R50_SE": 90.0, "USA_R50_SW": 70.0, "USA_R50_NW": 90.0, "USA_R64_NE": 50.0, "USA_R64_SE": 40.0, "USA_R64_SW": 40.0, "USA_R64_NW": 50.0, "USA_POCI": 1012.0, "USA_ROCI": 230.0, "USA_RMW": 30.0, "USA_EYE": null, "TOK_LAT": null, "TOK_LON": null, "TOK_GRADE": null, "TOK_WIND": null, "TOK_PRES": null, "TOK_R50_DR": null, "TOK_R50_L": null, "TOK_R50_S": null, "TOK_R30_DR": null, "TOK_R30_L": null, "TOK_R30_S": null, "TOK_LAND": null, "CMA_LAT": null, "CMA_LON": null, "CMA_CAT": null, "CMA_WIND": null, "CMA_PRES": null, "HKO_LAT": null, "HKO_LON": null, "HKO_CAT": null, "HKO_WIND": null, "HKO_PRES": null, "KMA_LAT": null, "KMA_LON": null, "KMA_CAT": null, "KMA_WIND": null, "KMA_PRES": null, "KMA_R50_DR": null, "KMA_R50_L": null, "KMA_R50_S": null, "KMA_R30_DR": null, "KMA_R30_L": null, "KMA_R30_S": null, "NEW_LAT": null, "NEW_LON": null, "NEW_GRADE": null, "NEW_WIND": null, "NEW_PRES": null, "NEW_CI": -999.9, "NEW_DP": null, "NEW_POCI": null, "REU_LAT": null, "REU_LON": null, "REU_TYPE": null, "REU_WIND": null, "REU_PRES": null, "REU_TNUM": -999.9, "REU_CI": -999.9, "REU_RMW": null, "REU_R34_NE": null, "REU_R34_SE": null, "REU_R34_SW": null, "REU_R34_NW": null, "REU_R50_NE": null, "REU_R50_SE": null, "REU_R50_SW": null, "REU_R50_NW": null, "REU_R64_NE": null, "REU_R64_SE": null, "REU_R64_SW": null, "REU_R64_NW": null, "BOM_LAT": null, "BOM_LON": null, "BOM_TYPE": null, "BOM_WIND": null, "BOM_PRES": null, "BOM_TNUM": -999.9, "BOM_CI": -999.9, "BOM_RMW": null, "BOM_R34_NE": null, "BOM_R34_SE": null, "BOM_R34_SW": null, "BOM_R34_NW": null, "BOM_R50_NE": null, "BOM_R50_SE": null, "BOM_R50_SW": null, "BOM_R50_NW": null, "BOM_R64_NE": null, "BOM_R64_SE": null, "BOM_R64_SW": null, "BOM_R64_NW": null, "BOM_ROCI": null, "BOM_POCI": null, "BOM_EYE": null, "BOM_POS_FL": null, "BOM_PRS_FL": null, "NAD_LAT": null, "NAD_LON": null, "NAD_CAT": null, "NAD_WIND": null, "NAD_PRES": null, "WEL_LAT": null, "WEL_LON": null, "WEL_WIND": null, "WEL_PRES": null, "DS8_LAT": null, "DS8_LON": null, "DS8_STAGE": null, "DS8_WIND": null, "DS8_PRES": null, "TD6_LAT": null, "TD6_LON": null, "TD6_STAGE": null, "TD6_WIND": null, "TD6_PRES": null, "TD5_LAT": null, "TD5_LON": null, "TD5_WIND": null, "TD5_PRES": null, "TD5_ROCI": null, "NEU_LAT": null, "NEU_LON": null, "NEU_CLASS": null, "NEU_WIND": null, "NEU_PRES": null, "MLC_LAT": null, "MLC_LON": null, "MLC_CLASS": null, "MLC_WIND": null, "MLC_PRES": null, "USA_GUST": 110.0, "BOM_GUST": null, "BOM_GUSTP": null, "REU_GUST": null, "REU_GUSTP": null, "USA_SEAHGT": 12.0, "USA_SEA_NE": 270.0, "USA_SEA_SE": 240.0, "USA_SEA_SW": 210.0, "USA_SEA_NW": 180.0, "STORM_SPD": 6, "STORM_DR": 355, "year": 2019, "month": 9, "day": 4, "hour": 18, "min": 0 }, "geometry": { "type": "LineString", "coordinates": [ [ -79.699951171875, 30.100000381469727 ], [ -79.699951171875, 30.399999618530273 ] ] } },
{ "type": "Feature", "properties": { "SID": "2019236N10314", "SEASON": 2019, "NUMBER": 53, "BASIN": "NA", "SUBBASIN": "NA", "NAME": "DORIAN", "ISO_TIME": "2019-09-04 21:00:00", "NATURE": "TS", "LAT": 30.4, "LON": -79.7, "WMO_WIND": 0.0, "WMO_PRES": null, "WMO_AGENCY": null, "TRACK_TYPE": "main", "DIST2LAND": 165, "LANDFALL": 162, "IFLAG": "P______________", "USA_AGENCY": null, "USA_ATCFID": "AL052019", "USA_LAT": 30.4, "USA_LON": -79.7, "USA_RECORD": null, "USA_STATUS": "HU", "USA_WIND": 98.0, "USA_PRES": 958.0, "USA_SSHS": 3, "USA_R34_NE": 160.0, "USA_R34_SE": 145.0, "USA_R34_SW": 100.0, "USA_R34_NW": 130.0, "USA_R50_NE": 100.0, "USA_R50_SE": 90.0, "USA_R50_SW": 70.0, "USA_R50_NW": 90.0, "USA_R64_NE": 50.0, "USA_R64_SE": 45.0, "USA_R64_SW": 45.0, "USA_R64_NW": 50.0, "USA_POCI": 1013.0, "USA_ROCI": 240.0, "USA_RMW": 28.0, "USA_EYE": null, "TOK_LAT": null, "TOK_LON": null, "TOK_GRADE": null, "TOK_WIND": null, "TOK_PRES": null, "TOK_R50_DR": null, "TOK_R50_L": null, "TOK_R50_S": null, "TOK_R30_DR": null, "TOK_R30_L": null, "TOK_R30_S": null, "TOK_LAND": null, "CMA_LAT": null, "CMA_LON": null, "CMA_CAT": null, "CMA_WIND": null, "CMA_PRES": null, "HKO_LAT": null, "HKO_LON": null, "HKO_CAT": null, "HKO_WIND": null, "HKO_PRES": null, "KMA_LAT": null, "KMA_LON": null, "KMA_CAT": null, "KMA_WIND": null, "KMA_PRES": null, "KMA_R50_DR": null, "KMA_R50_L": null, "KMA_R50_S": null, "KMA_R30_DR": null, "KMA_R30_L": null, "KMA_R30_S": null, "NEW_LAT": null, "NEW_LON": null, "NEW_GRADE": null, "NEW_WIND": null, "NEW_PRES": null, "NEW_CI": -999.9, "NEW_DP": null, "NEW_POCI": null, "REU_LAT": null, "REU_LON": null, "REU_TYPE": null, "REU_WIND": null, "REU_PRES": null, "REU_TNUM": -999.9, "REU_CI": -999.9, "REU_RMW": null, "REU_R34_NE": null, "REU_R34_SE": null, "REU_R34_SW": null, "REU_R34_NW": null, "REU_R50_NE": null, "REU_R50_SE": null, "REU_R50_SW": null, "REU_R50_NW": null, "REU_R64_NE": null, "REU_R64_SE": null, "REU_R64_SW": null, "REU_R64_NW": null, "BOM_LAT": null, "BOM_LON": null, "BOM_TYPE": null, "BOM_WIND": null, "BOM_PRES": null, "BOM_TNUM": -999.9, "BOM_CI": -999.9, "BOM_RMW": null, "BOM_R34_NE": null, "BOM_R34_SE": null, "BOM_R34_SW": null, "BOM_R34_NW": null, "BOM_R50_NE": null, "BOM_R50_SE": null, "BOM_R50_SW": null, "BOM_R50_NW": null, "BOM_R64_NE": null, "BOM_R64_SE": null, "BOM_R64_SW": null, "BOM_R64_NW": null, "BOM_ROCI": null, "BOM_POCI": null, "BOM_EYE": null, "BOM_POS_FL": null, "BOM_PRS_FL": null, "NAD_LAT": null, "NAD_LON": null, "NAD_CAT": null, "NAD_WIND": null, "NAD_PRES": null, "WEL_LAT": null, "WEL_LON": null, "WEL_WIND": null, "WEL_PRES": null, "DS8_LAT": null, "DS8_LON": null, "DS8_STAGE": null, "DS8_WIND": null, "DS8_PRES": null, "TD6_LAT": null, "TD6_LON": null, "TD6_STAGE": null, "TD6_WIND": null, "TD6_PRES": null, "TD5_LAT": null, "TD5_LON": null, "TD5_WIND": null, "TD5_PRES": null, "TD5_ROCI": null, "NEU_LAT": null, "NEU_LON": null, "NEU_CLASS": null, "NEU_WIND": null, "NEU_PRES": null, "MLC_LAT": null, "MLC_LON": null, "MLC_CLASS": null, "MLC_WIND": null, "MLC_PRES": null, "USA_GUST": null, "BOM_GUST": null, "BOM_GUSTP": null, "REU_GUST": null, "REU_GUSTP": null, "USA_SEAHGT": 12.0, "USA_SEA_NE": 255.0, "USA_SEA_SE": 240.0, "USA_SEA_SW": 180.0, "USA_SEA_NW": 150.0, "STORM_SPD": 6, "STORM_DR": 0, "year": 2019, "month": 9, "day": 4, "hour": 21, "min": 0 }, "geometry": { "type": "LineString", "coordinates": [ [ -79.699951171875, 30.399999618530273 ], [ -79.699951171875, 30.700000762939453 ] ] } },
{ "type": "Feature", "properties": { "SID": "2019236N10314", "SEASON": 2019, "NUMBER": 53, "BASIN": "NA", "SUBBASIN": "NA", "NAME": "DORIAN", "ISO_TIME": "2019-09-05 00:00:00", "NATURE": "TS", "LAT": 30.7, "LON": -79.7, "WMO_WIND": 100.0, "WMO_PRES": 955.0, "WMO_AGENCY": "hurdat_atl", "TRACK_TYPE": "main", "DIST2LAND": 162, "LANDFALL": 151, "IFLAG": "O______________", "USA_AGENCY": "hurdat_atl", "USA_ATCFID": "AL052019", "USA_LAT": 30.7, "USA_LON": -79.7, "USA_RECORD": null, "USA_STATUS": "HU", "USA_WIND": 100.0, "USA_PRES": 955.0, "USA_SSHS": 3, "USA_R34_NE": 160.0, "USA_R34_SE": 150.0, "USA_R34_SW": 100.0, "USA_R34_NW": 120.0, "USA_R50_NE": 100.0, "USA_R50_SE": 90.0, "USA_R50_SW": 70.0, "USA_R50_NW": 90.0, "USA_R64_NE": 50.0, "USA_R64_SE": 50.0, "USA_R64_SW": 50.0, "USA_R64_NW": 50.0, "USA_POCI": 1013.0, "USA_ROCI": 250.0, "USA_RMW": 25.0, "USA_EYE": null, "TOK_LAT": null, "TOK_LON": null, "TOK_GRADE": null, "TOK_WIND": null, "TOK_PRES": null, "TOK_R50_DR": null, "TOK_R50_L": null, "TOK_R50_S": null, "TOK_R30_DR": null, "TOK_R30_L": null, "TOK_R30_S": null, "TOK_LAND": null, "CMA_LAT": null, "CMA_LON": null, "CMA_CAT": null, "CMA_WIND": null, "CMA_PRES": null, "HKO_LAT": null, "HKO_LON": null, "HKO_CAT": null, "HKO_WIND": null, "HKO_PRES": null, "KMA_LAT": null, "KMA_LON": null, "KMA_CAT": null, "KMA_WIND": null, "KMA_PRES": null, "KMA_R50_DR": null, "KMA_R50_L": null, "KMA_R50_S": null, "KMA_R30_DR": null, "KMA_R30_L": null, "KMA_R30_S": null, "NEW_LAT": null, "NEW_LON": null, "NEW_GRADE": null, "NEW_WIND": null, "NEW_PRES": null, "NEW_CI": -999.9, "NEW_DP": null, "NEW_POCI": null, "REU_LAT": null, "REU_LON": null, "REU_TYPE": null, "REU_WIND": null, "REU_PRES": null, "REU_TNUM": -999.9, "REU_CI": -999.9, "REU_RMW": null, "REU_R34_NE": null, "REU_R34_SE": null, "REU_R34_SW": null, "REU_R34_NW": null, "REU_R50_NE": null, "REU_R50_SE": null, "REU_R50_SW": null, "REU_R50_NW": null, "REU_R64_NE": null, "REU_R64_SE": null, "REU_R64_SW": null, "REU_R64_NW": null, "BOM_LAT": null, "BOM_LON": null, "BOM_TYPE": null, "BOM_WIND": null, "BOM_PRES": null, "BOM_TNUM": -999.9, "BOM_CI": -999.9, "BOM_RMW": null, "BOM_R34_NE": null, "BOM_R34_SE": null, "BOM_R34_SW": null, "BOM_R34_NW": null, "BOM_R50_NE": null, "BOM_R50_SE": null, "BOM_R50_SW": null, "BOM_R50_NW": null, "BOM_R64_NE": null, "BOM_R64_SE": null, "BOM_R64_SW": null, "BOM_R64_NW": null, "BOM_ROCI": null, "BOM_POCI": null, "BOM_EYE": null, "BOM_POS_FL": null, "BOM_PRS_FL": null, "NAD_LAT": null, "NAD_LON": null, "NAD_CAT": null, "NAD_WIND": null, "NAD_PRES": null, "WEL_LAT": null, "WEL_LON": null, "WEL_WIND": null, "WEL_PRES": null, "DS8_LAT": null, "DS8_LON": null, "DS8_STAGE": null, "DS8_WIND": null, "DS8_PRES": null, "TD6_LAT": null, "TD6_LON": null, "TD6_STAGE": null, "TD6_WIND": null, "TD6_PRES": null, "TD5_LAT": null, "TD5_LON": null, "TD5_WIND": null, "TD5_PRES": null, "TD5_ROCI": null, "NEU_LAT": null, "NEU_LON": null, "NEU_CLASS": null, "NEU_WIND": null, "NEU_PRES": null, "MLC_LAT": null, "MLC_LON": null, "MLC_CLASS": null, "MLC_WIND": null, "MLC_PRES": null, "USA_GUST": 120.0, "BOM_GUST": null, "BOM_GUSTP": null, "REU_GUST": null, "REU_GUSTP": null, "USA_SEAHGT": 12.0, "USA_SEA_NE": 240.0, "USA_SEA_SE": 240.0, "USA_SEA_SW": 150.0, "USA_SEA_NW": 120.0, "STORM_SPD": 7, "STORM_DR": 5, "year": 2019, "month": 9, "day": 5, "hour": 0, "min": 0 }, "geometry": { "type": "LineString", "coordinates": [ [ -79.699951171875, 30.700000762939453 ], [ -79.699951171875, 31.0 ] ] } },
{ "type": "Feature", "properties": { "SID": "2019236N10314", "SEASON": 2019, "NUMBER": 53, "BASIN": "NA", "SUBBASIN": "NA", "NAME": "DORIAN", "ISO_TIME": "2019-09-05 03:00:00", "NATURE": "TS", "LAT": 31.0, "LON": -79.7, "WMO_WIND": 0.0, "WMO_PRES": null, "WMO_AGENCY": null, "TRACK_TYPE": "main", "DIST2LAND": 151, "LANDFALL": 134, "IFLAG": "P______________", "USA_AGENCY": null, "USA_ATCFID": "AL052019", "USA_LAT": 31.0, "USA_LON": -79.7, "USA_RECORD": null, "USA_STATUS": "HU", "USA_WIND": 100.0, "USA_PRES": 957.0, "USA_SSHS": 3, "USA_R34_NE": 165.0, "USA_R34_SE": 150.0, "USA_R34_SW": 100.0, "USA_R34_NW": 105.0, "USA_R50_NE": 100.0, "USA_R50_SE": 90.0, "USA_R50_SW": 70.0, "USA_R50_NW": 80.0, "USA_R64_NE": 50.0, "USA_R64_SE": 50.0, "USA_R64_SW": 50.0, "USA_R64_NW": 50.0, "USA_POCI": 1013.0, "USA_ROCI": 260.0, "USA_RMW": 25.0, "USA_EYE": null, "TOK_LAT": null, "TOK_LON": null, "TOK_GRADE": null, "TOK_WIND": null, "TOK_PRES": null, "TOK_R50_DR": null, "TOK_R50_L": null, "TOK_R50_S": null, "TOK_R30_DR": null, "TOK_R30_L": null, "TOK_R30_S": null, "TOK_LAND": null, "CMA_LAT": null, "CMA_LON": null, "CMA_CAT": null, "CMA_WIND": null, "CMA_PRES": null, "HKO_LAT": null, "HKO_LON": null, "HKO_CAT": null, "HKO_WIND": null, "HKO_PRES": null, "KMA_LAT": null, "KMA_LON": null, "KMA_CAT": null, "KMA_WIND": null, "KMA_PRES": null, "KMA_R50_DR": null, "KMA_R50_L": null, "KMA_R50_S": null, "KMA_R30_DR": null, "KMA_R30_L": null, "KMA_R30_S": null, "NEW_LAT": null, "NEW_LON": null, "NEW_GRADE": null, "NEW_WIND": null, "NEW_PRES": null, "NEW_CI": -999.9, "NEW_DP": null, "NEW_POCI": null, "REU_LAT": null, "REU_LON": null, "REU_TYPE": null, "REU_WIND": null, "REU_PRES": null, "REU_TNUM": -999.9, "REU_CI": -999.9, "REU_RMW": null, "REU_R34_NE": null, "REU_R34_SE": null, "REU_R34_SW": null, "REU_R34_NW": null, "REU_R50_NE": null, "REU_R50_SE": null, "REU_R50_SW": null, "REU_R50_NW": null, "REU_R64_NE": null, "REU_R64_SE": null, "REU_R64_SW": null, "REU_R64_NW": null, "BOM_LAT": null, "BOM_LON": null, "BOM_TYPE": null, "BOM_WIND": null, "BOM_PRES": null, "BOM_TNUM": -999.9, "BOM_CI": -999.9, "BOM_RMW": null, "BOM_R34_NE": null, "BOM_R34_SE": null, "BOM_R34_SW": null, "BOM_R34_NW": null, "BOM_R50_NE": null, "BOM_R50_SE": null, "BOM_R50_SW": null, "BOM_R50_NW": null, "BOM_R64_NE": null, "BOM_R64_SE": null, "BOM_R64_SW": null, "BOM_R64_NW": null, "BOM_ROCI": null, "BOM_POCI": null, "BOM_EYE": null, "BOM_POS_FL": null, "BOM_PRS_FL": null, "NAD_LAT": null, "NAD_LON": null, "NAD_CAT": null, "NAD_WIND": null, "NAD_PRES": null, "WEL_LAT": null, "WEL_LON": null, "WEL_WIND": null, "WEL_PRES": null, "DS8_LAT": null, "DS8_LON": null, "DS8_STAGE": null, "DS8_WIND": null, "DS8_PRES": null, "TD6_LAT": null, "TD6_LON": null, "TD6_STAGE": null, "TD6_WIND": null, "TD6_PRES": null, "TD5_LAT": null, "TD5_LON": null, "TD5_WIND": null, "TD5_PRES": null, "TD5_ROCI": null, "NEU_LAT": null, "NEU_LON": null, "NEU_CLASS": null, "NEU_WIND": null, "NEU_PRES": null, "MLC_LAT": null, "MLC_LON": null, "MLC_CLASS": null, "MLC_WIND": null, "MLC_PRES": null, "USA_GUST": null, "BOM_GUST": null, "BOM_GUSTP": null, "REU_GUST": null, "REU_GUSTP": null, "USA_SEAHGT": 12.0, "USA_SEA_NE": 255.0, "USA_SEA_SE": 255.0, "USA_SEA_SW": 150.0, "USA_SEA_NW": 105.0, "STORM_SPD": 7, "STORM_DR": 5, "year": 2019, "month": 9, "day": 5, "hour": 3, "min": 0 }, "geometry": { "type": "LineString", "coordinates": [ [ -79.699951171875, 31.0 ], [ -79.5999755859375, 31.399999618530273 ] ] } },
{ "type": "Feature", "properties": { "SID": "2019236N10314", "SEASON": 2019, "NUMBER": 53, "BASIN": "NA", "SUBBASIN": "NA", "NAME": "DORIAN", "ISO_TIME": "2019-09-05 06:00:00", "NATURE": "TS", "LAT": 31.4, "LON": -79.6, "WMO_WIND": 100.0, "WMO_PRES": 958.0, "WMO_AGENCY": "hurdat_atl", "TRACK_TYPE": "main", "DIST2LAND": 134, "LANDFALL": 110, "IFLAG": "O______________", "USA_AGENCY": "hurdat_atl", "USA_ATCFID": "AL052019", "USA_LAT": 31.4, "USA_LON": -79.6, "USA_RECORD": null, "USA_STATUS": "HU", "USA_WIND": 100.0, "USA_PRES": 958.0, "USA_SSHS": 3, "USA_R34_NE": 170.0, "USA_R34_SE": 150.0, "USA_R34_SW": 100.0, "USA_R34_NW": 90.0, "USA_R50_NE": 100.0, "USA_R50_SE": 90.0, "USA_R50_SW": 70.0, "USA_R50_NW": 70.0, "USA_R64_NE": 50.0, "USA_R64_SE": 50.0, "USA_R64_SW": 50.0, "USA_R64_NW": 50.0, "USA_POCI": 1013.0, "USA_ROCI": 270.0, "USA_RMW": 25.0, "USA_EYE": null, "TOK_LAT": null, "TOK_LON": null, "TOK_GRADE": null, "TOK_WIND": null, "TOK_PRES": null, "TOK_R50_DR": null, "TOK_R50_L": null, "TOK_R50_S": null, "TOK_R30_DR": null, "TOK_R30_L": null, "TOK_R30_S": null, "TOK_LAND": null, "CMA_LAT": null, "CMA_LON": null, "CMA_CAT": null, "CMA_WIND": null, "CMA_PRES": null, "HKO_LAT": null, "HKO_LON": null, "HKO_CAT": null, "HKO_WIND": null, "HKO_PRES": null, "KMA_LAT": null, "KMA_LON": null, "KMA_CAT": null, "KMA_WIND": null, "KMA_PRES": null, "KMA_R50_DR": null, "KMA_R50_L": null, "KMA_R50_S": null, "KMA_R30_DR": null, "KMA_R30_L": null, "KMA_R30_S": null, "NEW_LAT": null, "NEW_LON": null, "NEW_GRADE": null, "NEW_WIND": null, "NEW_PRES": null, "NEW_CI": -999.9, "NEW_DP": null, "NEW_POCI": null, "REU_LAT": null, "REU_LON": null, "REU_TYPE": null, "REU_WIND": null, "REU_PRES": null, "REU_TNUM": -999.9, "REU_CI": -999.9, "REU_RMW": null, "REU_R34_NE": null, "REU_R34_SE": null, "REU_R34_SW": null, "REU_R34_NW": null, "REU_R50_NE": null, "REU_R50_SE": null, "REU_R50_SW": null, "REU_R50_NW": null, "REU_R64_NE": null, "REU_R64_SE": null, "REU_R64_SW": null, "REU_R64_NW": null, "BOM_LAT": null, "BOM_LON": null, "BOM_TYPE": null, "BOM_WIND": null, "BOM_PRES": null, "BOM_TNUM": -999.9, "BOM_CI": -999.9, "BOM_RMW": null, "BOM_R34_NE": null, "BOM_R34_SE": null, "BOM_R34_SW": null, "BOM_R34_NW": null, "BOM_R50_NE": null, "BOM_R50_SE": null, "BOM_R50_SW": null, "BOM_R50_NW": null, "BOM_R64_NE": null, "BOM_R64_SE": null, "BOM_R64_SW": null, "BOM_R64_NW": null, "BOM_ROCI": null, "BOM_POCI": null, "BOM_EYE": null, "BOM_POS_FL": null, "BOM_PRS_FL": null, "NAD_LAT": null, "NAD_LON": null, "NAD_CAT": null, "NAD_WIND": null, "NAD_PRES": null, "WEL_LAT": null, "WEL_LON": null, "WEL_WIND": null, "WEL_PRES": null, "DS8_LAT": null, "DS8_LON": null, "DS8_STAGE": null, "DS8_WIND": null, "DS8_PRES": null, "TD6_LAT": null, "TD6_LON": null, "TD6_STAGE": null, "TD6_WIND": null, "TD6_PRES": null, "TD5_LAT": null, "TD5_LON": null, "TD5_WIND": null, "TD5_PRES": null, "TD5_ROCI": null, "NEU_LAT": null, "NEU_LON": null, "NEU_CLASS": null, "NEU_WIND": null, "NEU_PRES": null, "MLC_LAT": null, "MLC_LON": null, "MLC_CLASS": null, "MLC_WIND": null, "MLC_PRES": null, "USA_GUST": 120.0, "BOM_GUST": null, "BOM_GUSTP": null, "REU_GUST": null, "REU_GUSTP": null, "USA_SEAHGT": 12.0, "USA_SEA_NE": 270.0, "USA_SEA_SE": 270.0, "USA_SEA_SW": 150.0, "USA_SEA_NW": 90.0, "STORM_SPD": 8, "STORM_DR": 20, "year": 2019, "month": 9, "day": 5, "hour": 6, "min": 0 }, "geometry": { "type": "LineString", "coordinates": [ [ -79.5999755859375, 31.399999618530273 ], [ -79.4000244140625, 31.799999237060547 ] ] } },
{ "type": "Feature", "properties": { "SID": "2019236N10314", "SEASON": 2019, "NUMBER": 53, "BASIN": "NA", "SUBBASIN": "NA", "NAME": "DORIAN", "ISO_TIME": "2019-09-05 09:00:00", "NATURE": "TS", "LAT": 31.8, "LON": -79.4, "WMO_WIND": 0.0, "WMO_PRES": null, "WMO_AGENCY": null, "TRACK_TYPE": "main", "DIST2LAND": 105, "LANDFALL": 93, "IFLAG": "P______________", "USA_AGENCY": null, "USA_ATCFID": "AL052019", "USA_LAT": 31.8, "USA_LON": -79.4, "USA_RECORD": null, "USA_STATUS": "HU", "USA_WIND": 100.0, "USA_PRES": 958.0, "USA_SSHS": 3, "USA_R34_NE": 170.0, "USA_R34_SE": 150.0, "USA_R34_SW": 100.0, "USA_R34_NW": 90.0, "USA_R50_NE": 100.0, "USA_R50_SE": 90.0, "USA_R50_SW": 70.0, "USA_R50_NW": 65.0, "USA_R64_NE": 50.0, "USA_R64_SE": 50.0, "USA_R64_SW": 50.0, "USA_R64_NW": 50.0, "USA_POCI": 1013.0, "USA_ROCI": 280.0, "USA_RMW": 25.0, "USA_EYE": null, "TOK_LAT": null, "TOK_LON": null, "TOK_GRADE": null, "TOK_WIND": null, "TOK_PRES": null, "TOK_R50_DR": null, "TOK_R50_L": null, "TOK_R50_S": null, "TOK_R30_DR": null, "TOK_R30_L": null, "TOK_R30_S": null, "TOK_LAND": null, "CMA_LAT": null, "CMA_LON": null, "CMA_CAT": null, "CMA_WIND": null, "CMA_PRES": null, "HKO_LAT": null, "HKO_LON": null, "HKO_CAT": null, "HKO_WIND": null, "HKO_PRES": null, "KMA_LAT": null, "KMA_LON": null, "KMA_CAT": null, "KMA_WIND": null, "KMA_PRES": null, "KMA_R50_DR": null, "KMA_R50_L": null, "KMA_R50_S": null, "KMA_R30_DR": null, "KMA_R30_L": null, "KMA_R30_S": null, "NEW_LAT": null, "NEW_LON": null, "NEW_GRADE": null, "NEW_WIND": null, "NEW_PRES": null, "NEW_CI": -999.9, "NEW_DP": null, "NEW_POCI": null, "REU_LAT": null, "REU_LON": null, "REU_TYPE": null, "REU_WIND": null, "REU_PRES": null, "REU_TNUM": -999.9, "REU_CI": -999.9, "REU_RMW": null, "REU_R34_NE": null, "REU_R34_SE": null, "REU_R34_SW": null, "REU_R34_NW": null, "REU_R50_NE": null, "REU_R50_SE": null, "REU_R50_SW": null, "REU_R50_NW": null, "REU_R64_NE": null, "REU_R64_SE": null, "REU_R64_SW": null, "REU_R64_NW": null, "BOM_LAT": null, "BOM_LON": null, "BOM_TYPE": null, "BOM_WIND": null, "BOM_PRES": null, "BOM_TNUM": -999.9, "BOM_CI": -999.9, "BOM_RMW": null, "BOM_R34_NE": null, "BOM_R34_SE": null, "BOM_R34_SW": null, "BOM_R34_NW": null, "BOM_R50_NE": null, "BOM_R50_SE": null, "BOM_R50_SW": null, "BOM_R50_NW": null, "BOM_R64_NE": null, "BOM_R64_SE": null, "BOM_R64_SW": null, "BOM_R64_NW": null, "BOM_ROCI": null, "BOM_POCI": null, "BOM_EYE": null, "BOM_POS_FL": null, "BOM_PRS_FL": null, "NAD_LAT": null, "NAD_LON": null, "NAD_CAT": null, "NAD_WIND": null, "NAD_PRES": null, "WEL_LAT": null, "WEL_LON": null, "WEL_WIND": null, "WEL_PRES": null, "DS8_LAT": null, "DS8_LON": null, "DS8_STAGE": null, "DS8_WIND": null, "DS8_PRES": null, "TD6_LAT": null, "TD6_LON": null, "TD6_STAGE": null, "TD6_WIND": null, "TD6_PRES": null, "TD5_LAT": null, "TD5_LON": null, "TD5_WIND": null, "TD5_PRES": null, "TD5_ROCI": null, "NEU_LAT": null, "NEU_LON": null, "NEU_CLASS": null, "NEU_WIND": null, "NEU_PRES": null, "MLC_LAT": null, "MLC_LON": null, "MLC_CLASS": null, "MLC_WIND": null, "MLC_PRES": null, "USA_GUST": null, "BOM_GUST": null, "BOM_GUSTP": null, "REU_GUST": null, "REU_GUSTP": null, "USA_SEAHGT": 12.0, "USA_SEA_NE": 270.0, "USA_SEA_SE": 260.0, "USA_SEA_SW": 150.0, "USA_SEA_NW": 90.0, "STORM_SPD": 8, "STORM_DR": 25, "year": 2019, "month": 9, "day": 5, "hour": 9, "min": 0 }, "geometry": { "type": "LineString", "coordinates": [ [ -79.4000244140625, 31.799999237060547 ], [ -79.199951171875, 32.099998474121094 ] ] } },
{ "type": "Feature", "properties": { "SID": "2019236N10314", "SEASON": 2019, "NUMBER": 53, "BASIN": "NA", "SUBBASIN": "NA", "NAME": "DORIAN", "ISO_TIME": "2019-09-05 12:00:00", "NATURE": "TS", "LAT": 32.1, "LON": -79.2, "WMO_WIND": 100.0, "WMO_PRES": 958.0, "WMO_AGENCY": "hurdat_atl", "TRACK_TYPE": "main", "DIST2LAND": 93, "LANDFALL": 72, "IFLAG": "O______________", "USA_AGENCY": "hurdat_atl", "USA_ATCFID": "AL052019", "USA_LAT": 32.1, "USA_LON": -79.2, "USA_RECORD": null, "USA_STATUS": "HU", "USA_WIND": 100.0, "USA_PRES": 958.0, "USA_SSHS": 3, "USA_R34_NE": 170.0, "USA_R34_SE": 150.0, "USA_R34_SW": 100.0, "USA_R34_NW": 90.0, "USA_R50_NE": 100.0, "USA_R50_SE": 90.0, "USA_R50_SW": 70.0, "USA_R50_NW": 60.0, "USA_R64_NE": 50.0, "USA_R64_SE": 50.0, "USA_R64_SW": 50.0, "USA_R64_NW": 50.0, "USA_POCI": 1013.0, "USA_ROCI": 290.0, "USA_RMW": 25.0, "USA_EYE": null, "TOK_LAT": null, "TOK_LON": null, "TOK_GRADE": null, "TOK_WIND": null, "TOK_PRES": null, "TOK_R50_DR": null, "TOK_R50_L": null, "TOK_R50_S": null, "TOK_R30_DR": null, "TOK_R30_L": null, "TOK_R30_S": null, "TOK_LAND": null, "CMA_LAT": null, "CMA_LON": null, "CMA_CAT": null, "CMA_WIND": null, "CMA_PRES": null, "HKO_LAT": null, "HKO_LON": null, "HKO_CAT": null, "HKO_WIND": null, "HKO_PRES": null, "KMA_LAT": null, "KMA_LON": null, "KMA_CAT": null, "KMA_WIND": null, "KMA_PRES": null, "KMA_R50_DR": null, "KMA_R50_L": null, "KMA_R50_S": null, "KMA_R30_DR": null, "KMA_R30_L": null, "KMA_R30_S": null, "NEW_LAT": null, "NEW_LON": null, "NEW_GRADE": null, "NEW_WIND": null, "NEW_PRES": null, "NEW_CI": -999.9, "NEW_DP": null, "NEW_POCI": null, "REU_LAT": null, "REU_LON": null, "REU_TYPE": null, "REU_WIND": null, "REU_PRES": null, "REU_TNUM": -999.9, "REU_CI": -999.9, "REU_RMW": null, "REU_R34_NE": null, "REU_R34_SE": null, "REU_R34_SW": null, "REU_R34_NW": null, "REU_R50_NE": null, "REU_R50_SE": null, "REU_R50_SW": null, "REU_R50_NW": null, "REU_R64_NE": null, "REU_R64_SE": null, "REU_R64_SW": null, "REU_R64_NW": null, "BOM_LAT": null, "BOM_LON": null, "BOM_TYPE": null, "BOM_WIND": null, "BOM_PRES": null, "BOM_TNUM": -999.9, "BOM_CI": -999.9, "BOM_RMW": null, "BOM_R34_NE": null, "BOM_R34_SE": null, "BOM_R34_SW": null, "BOM_R34_NW": null, "BOM_R50_NE": null, "BOM_R50_SE": null, "BOM_R50_SW": null, "BOM_R50_NW": null, "BOM_R64_NE": null, "BOM_R64_SE": null, "BOM_R64_SW": null, "BOM_R64_NW": null, "BOM_ROCI": null, "BOM_POCI": null, "BOM_EYE": null, "BOM_POS_FL": null, "BOM_PRS_FL": null, "NAD_LAT": null, "NAD_LON": null, "NAD_CAT": null, "NAD_WIND": null, "NAD_PRES": null, "WEL_LAT": null, "WEL_LON": null, "WEL_WIND": null, "WEL_PRES": null, "DS8_LAT": null, "DS8_LON": null, "DS8_STAGE": null, "DS8_WIND": null, "DS8_PRES": null, "TD6_LAT": null, "TD6_LON": null, "TD6_STAGE": null, "TD6_WIND": null, "TD6_PRES": null, "TD5_LAT": null, "TD5_LON": null, "TD5_WIND": null, "TD5_PRES": null, "TD5_ROCI": null, "NEU_LAT": null, "NEU_LON": null, "NEU_CLASS": null, "NEU_WIND": null, "NEU_PRES": null, "MLC_LAT": null, "MLC_LON": null, "MLC_CLASS": null, "MLC_WIND": null, "MLC_PRES": null, "USA_GUST": 120.0, "BOM_GUST": null, "BOM_GUSTP": null, "REU_GUST": null, "REU_GUSTP": null, "USA_SEAHGT": 12.0, "USA_SEA_NE": 270.0, "USA_SEA_SE": 250.0, "USA_SEA_SW": 150.0, "USA_SEA_NW": 90.0, "STORM_SPD": 7, "STORM_DR": 25, "year": 2019, "month": 9, "day": 5, "hour": 12, "min": 0 }, "geometry": { "type": "LineString", "coordinates": [ [ -79.199951171875, 32.099998474121094 ], [ -79.0999755859375, 32.400001525878906 ] ] } },
{ "type": "Feature", "properties": { "SID": "2019236N10314", "SEASON": 2019, "NUMBER": 53, "BASIN": "NA", "SUBBASIN": "NA", "NAME": "DORIAN", "ISO_TIME": "2019-09-05 15:00:00", "NATURE": "TS", "LAT": 32.4, "LON": -79.1, "WMO_WIND": 0.0, "WMO_PRES": null, "WMO_AGENCY": null, "TRACK_TYPE": "main", "DIST2LAND": 72, "LANDFALL": 57, "IFLAG": "P______________", "USA_AGENCY": null, "USA_ATCFID": "AL052019", "USA_LAT": 32.4, "USA_LON": -79.1, "USA_RECORD": null, "USA_STATUS": "HU", "USA_WIND": 98.0, "USA_PRES": 958.0, "USA_SSHS": 3, "USA_R34_NE": 170.0, "USA_R34_SE": 170.0, "USA_R34_SW": 115.0, "USA_R34_NW": 90.0, "USA_R50_NE": 100.0, "USA_R50_SE": 90.0, "USA_R50_SW": 75.0, "USA_R50_NW": 60.0, "USA_R64_NE": 50.0, "USA_R64_SE": 50.0, "USA_R64_SW": 50.0, "USA_R64_NW": 45.0, "USA_POCI": 1014.0, "USA_ROCI": 295.0, "USA_RMW": 25.0, "USA_EYE": null, "TOK_LAT": null, "TOK_LON": null, "TOK_GRADE": null, "TOK_WIND": null, "TOK_PRES": null, "TOK_R50_DR": null, "TOK_R50_L": null, "TOK_R50_S": null, "TOK_R30_DR": null, "TOK_R30_L": null, "TOK_R30_S": null, "TOK_LAND": null, "CMA_LAT": null, "CMA_LON": null, "CMA_CAT": null, "CMA_WIND": null, "CMA_PRES": null, "HKO_LAT": null, "HKO_LON": null, "HKO_CAT": null, "HKO_WIND": null, "HKO_PRES": null, "KMA_LAT": null, "KMA_LON": null, "KMA_CAT": null, "KMA_WIND": null, "KMA_PRES": null, "KMA_R50_DR": null, "KMA_R50_L": null, "KMA_R50_S": null, "KMA_R30_DR": null, "KMA_R30_L": null, "KMA_R30_S": null, "NEW_LAT": null, "NEW_LON": null, "NEW_GRADE": null, "NEW_WIND": null, "NEW_PRES": null, "NEW_CI": -999.9, "NEW_DP": null, "NEW_POCI": null, "REU_LAT": null, "REU_LON": null, "REU_TYPE": null, "REU_WIND": null, "REU_PRES": null, "REU_TNUM": -999.9, "REU_CI": -999.9, "REU_RMW": null, "REU_R34_NE": null, "REU_R34_SE": null, "REU_R34_SW": null, "REU_R34_NW": null, "REU_R50_NE": null, "REU_R50_SE": null, "REU_R50_SW": null, "REU_R50_NW": null, "REU_R64_NE": null, "REU_R64_SE": null, "REU_R64_SW": null, "REU_R64_NW": null, "BOM_LAT": null, "BOM_LON": null, "BOM_TYPE": null, "BOM_WIND": null, "BOM_PRES": null, "BOM_TNUM": -999.9, "BOM_CI": -999.9, "BOM_RMW": null, "BOM_R34_NE": null, "BOM_R34_SE": null, "BOM_R34_SW": null, "BOM_R34_NW": null, "BOM_R50_NE": null, "BOM_R50_SE": null, "BOM_R50_SW": null, "BOM_R50_NW": null, "BOM_R64_NE": null, "BOM_R64_SE": null, "BOM_R64_SW": null, "BOM_R64_NW": null, "BOM_ROCI": null, "BOM_POCI": null, "BOM_EYE": null, "BOM_POS_FL": null, "BOM_PRS_FL": null, "NAD_LAT": null, "NAD_LON": null, "NAD_CAT": null, "NAD_WIND": null, "NAD_PRES": null, "WEL_LAT": null, "WEL_LON": null, "WEL_WIND": null, "WEL_PRES": null, "DS8_LAT": null, "DS8_LON": null, "DS8_STAGE": null, "DS8_WIND": null, "DS8_PRES": null, "TD6_LAT": null, "TD6_LON": null, "TD6_STAGE": null, "TD6_WIND": null, "TD6_PRES": null, "TD5_LAT": null, "TD5_LON": null, "TD5_WIND": null, "TD5_PRES": null, "TD5_ROCI": null, "NEU_LAT": null, "NEU_LON": null, "NEU_CLASS": null, "NEU_WIND": null, "NEU_PRES": null, "MLC_LAT": null, "MLC_LON": null, "MLC_CLASS": null, "MLC_WIND": null, "MLC_PRES": null, "USA_GUST": null, "BOM_GUST": null, "BOM_GUSTP": null, "REU_GUST": null, "REU_GUSTP": null, "USA_SEAHGT": 12.0, "USA_SEA_NE": 270.0, "USA_SEA_SE": 260.0, "USA_SEA_SW": 150.0, "USA_SEA_NW": 75.0, "STORM_SPD": 7, "STORM_DR": 25, "year": 2019, "month": 9, "day": 5, "hour": 15, "min": 0 }, "geometry": { "type": "LineString", "coordinates": [ [ -79.0999755859375, 32.400001525878906 ], [ -78.9000244140625, 32.700000762939453 ] ] } },
{ "type": "Feature", "properties": { "SID": "2019236N10314", "SEASON": 2019, "NUMBER": 53, "BASIN": "NA", "SUBBASIN": "NA", "NAME": "DORIAN", "ISO_TIME": "2019-09-05 18:00:00", "NATURE": "TS", "LAT": 32.7, "LON": -78.9, "WMO_WIND": 95.0, "WMO_PRES": 958.0, "WMO_AGENCY": "hurdat_atl", "TRACK_TYPE": "main", "DIST2LAND": 57, "LANDFALL": 57, "IFLAG": "O______________", "USA_AGENCY": "hurdat_atl", "USA_ATCFID": "AL052019", "USA_LAT": 32.7, "USA_LON": -78.9, "USA_RECORD": null, "USA_STATUS": "HU", "USA_WIND": 95.0, "USA_PRES": 958.0, "USA_SSHS": 2, "USA_R34_NE": 170.0, "USA_R34_SE": 190.0, "USA_R34_SW": 130.0, "USA_R34_NW": 90.0, "USA_R50_NE": 100.0, "USA_R50_SE": 90.0, "USA_R50_SW": 80.0, "USA_R50_NW": 60.0, "USA_R64_NE": 50.0, "USA_R64_SE": 50.0, "USA_R64_SW": 50.0, "USA_R64_NW": 40.0, "USA_POCI": 1014.0, "USA_ROCI": 300.0, "USA_RMW": 25.0, "USA_EYE": null, "TOK_LAT": null, "TOK_LON": null, "TOK_GRADE": null, "TOK_WIND": null, "TOK_PRES": null, "TOK_R50_DR": null, "TOK_R50_L": null, "TOK_R50_S": null, "TOK_R30_DR": null, "TOK_R30_L": null, "TOK_R30_S": null, "TOK_LAND": null, "CMA_LAT": null, "CMA_LON": null, "CMA_CAT": null, "CMA_WIND": null, "CMA_PRES": null, "HKO_LAT": null, "HKO_LON": null, "HKO_CAT": null, "HKO_WIND": null, "HKO_PRES": null, "KMA_LAT": null, "KMA_LON": null, "KMA_CAT": null, "KMA_WIND": null, "KMA_PRES": null, "KMA_R50_DR": null, "KMA_R50_L": null, "KMA_R50_S": null, "KMA_R30_DR": null, "KMA_R30_L": null, "KMA_R30_S": null, "NEW_LAT": null, "NEW_LON": null, "NEW_GRADE": null, "NEW_WIND": null, "NEW_PRES": null, "NEW_CI": -999.9, "NEW_DP": null, "NEW_POCI": null, "REU_LAT": null, "REU_LON": null, "REU_TYPE": null, "REU_WIND": null, "REU_PRES": null, "REU_TNUM": -999.9, "REU_CI": -999.9, "REU_RMW": null, "REU_R34_NE": null, "REU_R34_SE": null, "REU_R34_SW": null, "REU_R34_NW": null, "REU_R50_NE": null, "REU_R50_SE": null, "REU_R50_SW": null, "REU_R50_NW": null, "REU_R64_NE": null, "REU_R64_SE": null, "REU_R64_SW": null, "REU_R64_NW": null, "BOM_LAT": null, "BOM_LON": null, "BOM_TYPE": null, "BOM_WIND": null, "BOM_PRES": null, "BOM_TNUM": -999.9, "BOM_CI": -999.9, "BOM_RMW": null, "BOM_R34_NE": null, "BOM_R34_SE": null, "BOM_R34_SW": null, "BOM_R34_NW": null, "BOM_R50_NE": null, "BOM_R50_SE": null, "BOM_R50_SW": null, "BOM_R50_NW": null, "BOM_R64_NE": null, "BOM_R64_SE": null, "BOM_R64_SW": null, "BOM_R64_NW": null, "BOM_ROCI": null, "BOM_POCI": null, "BOM_EYE": null, "BOM_POS_FL": null, "BOM_PRS_FL": null, "NAD_LAT": null, "NAD_LON": null, "NAD_CAT": null, "NAD_WIND": null, "NAD_PRES": null, "WEL_LAT": null, "WEL_LON": null, "WEL_WIND": null, "WEL_PRES": null, "DS8_LAT": null, "DS8_LON": null, "DS8_STAGE": null, "DS8_WIND": null, "DS8_PRES": null, "TD6_LAT": null, "TD6_LON": null, "TD6_STAGE": null, "TD6_WIND": null, "TD6_PRES": null, "TD5_LAT": null, "TD5_LON": null, "TD5_WIND": null, "TD5_PRES": null, "TD5_ROCI": null, "NEU_LAT": null, "NEU_LON": null, "NEU_CLASS": null, "NEU_WIND": null, "NEU_PRES": null, "MLC_LAT": null, "MLC_LON": null, "MLC_CLASS": null, "MLC_WIND": null, "MLC_PRES": null, "USA_GUST": 115.0, "BOM_GUST": null, "BOM_GUSTP": null, "REU_GUST": null, "REU_GUSTP": null, "USA_SEAHGT": 12.0, "USA_SEA_NE": 270.0, "USA_SEA_SE": 270.0, "USA_SEA_SW": 150.0, "USA_SEA_NW": 60.0, "STORM_SPD": 8, "STORM_DR": 40, "year": 2019, "month": 9, "day": 5, "hour": 18, "min": 0 }, "geometry": { "type": "LineString", "coordinates": [ [ -78.9000244140625, 32.700000762939453 ], [ -78.5, 33.0 ] ] } },
{ "type": "Feature", "properties": { "SID": "2019236N10314", "SEASON": 2019, "NUMBER": 53, "BASIN": "NA", "SUBBASIN": "NA", "NAME": "DORIAN", "ISO_TIME": "2019-09-05 21:00:00", "NATURE": "TS", "LAT": 33.0, "LON": -78.5, "WMO_WIND": 0.0, "WMO_PRES": null, "WMO_AGENCY": null, "TRACK_TYPE": "main", "DIST2LAND": 68, "LANDFALL": 55, "IFLAG": "P______________", "USA_AGENCY": null, "USA_ATCFID": "AL052019", "USA_LAT": 33.0, "USA_LON": -78.5, "USA_RECORD": null, "USA_STATUS": "HU", "USA_WIND": 93.0, "USA_PRES": 957.0, "USA_SSHS": 2, "USA_R34_NE": 170.0, "USA_R34_SE": 190.0, "USA_R34_SW": 135.0, "USA_R34_NW": 85.0, "USA_R50_NE": 100.0, "USA_R50_SE": 95.0, "USA_R50_SW": 80.0, "USA_R50_NW": 65.0, "USA_R64_NE": 50.0, "USA_R64_SE": 50.0, "USA_R64_SW": 50.0, "USA_R64_NW": 45.0, "USA_POCI": 1014.0, "USA_ROCI": 300.0, "USA_RMW": 25.0, "USA_EYE": null, "TOK_LAT": null, "TOK_LON": null, "TOK_GRADE": null, "TOK_WIND": null, "TOK_PRES": null, "TOK_R50_DR": null, "TOK_R50_L": null, "TOK_R50_S": null, "TOK_R30_DR": null, "TOK_R30_L": null, "TOK_R30_S": null, "TOK_LAND": null, "CMA_LAT": null, "CMA_LON": null, "CMA_CAT": null, "CMA_WIND": null, "CMA_PRES": null, "HKO_LAT": null, "HKO_LON": null, "HKO_CAT": null, "HKO_WIND": null, "HKO_PRES": null, "KMA_LAT": null, "KMA_LON": null, "KMA_CAT": null, "KMA_WIND": null, "KMA_PRES": null, "KMA_R50_DR": null, "KMA_R50_L": null, "KMA_R50_S": null, "KMA_R30_DR": null, "KMA_R30_L": null, "KMA_R30_S": null, "NEW_LAT": null, "NEW_LON": null, "NEW_GRADE": null, "NEW_WIND": null, "NEW_PRES": null, "NEW_CI": -999.9, "NEW_DP": null, "NEW_POCI": null, "REU_LAT": null, "REU_LON": null, "REU_TYPE": null, "REU_WIND": null, "REU_PRES": null, "REU_TNUM": -999.9, "REU_CI": -999.9, "REU_RMW": null, "REU_R34_NE": null, "REU_R34_SE": null, "REU_R34_SW": null, "REU_R34_NW": null, "REU_R50_NE": null, "REU_R50_SE": null, "REU_R50_SW": null, "REU_R50_NW": null, "REU_R64_NE": null, "REU_R64_SE": null, "REU_R64_SW": null, "REU_R64_NW": null, "BOM_LAT": null, "BOM_LON": null, "BOM_TYPE": null, "BOM_WIND": null, "BOM_PRES": null, "BOM_TNUM": -999.9, "BOM_CI": -999.9, "BOM_RMW": null, "BOM_R34_NE": null, "BOM_R34_SE": null, "BOM_R34_SW": null, "BOM_R34_NW": null, "BOM_R50_NE": null, "BOM_R50_SE": null, "BOM_R50_SW": null, "BOM_R50_NW": null, "BOM_R64_NE": null, "BOM_R64_SE": null, "BOM_R64_SW": null, "BOM_R64_NW": null, "BOM_ROCI": null, "BOM_POCI": null, "BOM_EYE": null, "BOM_POS_FL": null, "BOM_PRS_FL": null, "NAD_LAT": null, "NAD_LON": null, "NAD_CAT": null, "NAD_WIND": null, "NAD_PRES": null, "WEL_LAT": null, "WEL_LON": null, "WEL_WIND": null, "WEL_PRES": null, "DS8_LAT": null, "DS8_LON": null, "DS8_STAGE": null, "DS8_WIND": null, "DS8_PRES": null, "TD6_LAT": null, "TD6_LON": null, "TD6_STAGE": null, "TD6_WIND": null, "TD6_PRES": null, "TD5_LAT": null, "TD5_LON": null, "TD5_WIND": null, "TD5_PRES": null, "TD5_ROCI": null, "NEU_LAT": null, "NEU_LON": null, "NEU_CLASS": null, "NEU_WIND": null, "NEU_PRES": null, "MLC_LAT": null, "MLC_LON": null, "MLC_CLASS": null, "MLC_WIND": null, "MLC_PRES": null, "USA_GUST": null, "BOM_GUST": null, "BOM_GUSTP": null, "REU_GUST": null, "REU_GUSTP": null, "USA_SEAHGT": 12.0, "USA_SEA_NE": 285.0, "USA_SEA_SE": 285.0, "USA_SEA_SW": 225.0, "USA_SEA_NW": 55.0, "STORM_SPD": 11, "STORM_DR": 50, "year": 2019, "month": 9, "day": 5, "hour": 21, "min": 0 }, "geometry": { "type": "LineString", "coordinates": [ [ -78.5, 33.0 ], [ -77.9000244140625, 33.400001525878906 ] ] } },
{ "type": "Feature", "properties": { "SID": "2019236N10314", "SEASON": 2019, "NUMBER": 53, "BASIN": "NA", "SUBBASIN": "NA", "NAME": "DORIAN", "ISO_TIME": "2019-09-06 00:00:00", "NATURE": "TS", "LAT": 33.4, "LON": -77.9, "WMO_WIND": 90.0, "WMO_PRES": 956.0, "WMO_AGENCY": "hurdat_atl", "TRACK_TYPE": "main", "DIST2LAND": 56, "LANDFALL": 43, "IFLAG": "O______________", "USA_AGENCY": "hurdat_atl", "USA_ATCFID": "AL052019", "USA_LAT": 33.4, "USA_LON": -77.9, "USA_RECORD": null, "USA_STATUS": "HU", "USA_WIND": 90.0, "USA_PRES": 956.0, "USA_SSHS": 2, "USA_R34_NE": 170.0, "USA_R34_SE": 190.0, "USA_R34_SW": 140.0, "USA_R34_NW": 80.0, "USA_R50_NE": 100.0, "USA_R50_SE": 100.0, "USA_R50_SW": 80.0, "USA_R50_NW": 70.0, "USA_R64_NE": 50.0, "USA_R64_SE": 50.0, "USA_R64_SW": 50.0, "USA_R64_NW": 50.0, "USA_POCI": 1014.0, "USA_ROCI": 300.0, "USA_RMW": 25.0, "USA_EYE": null, "TOK_LAT": null, "TOK_LON": null, "TOK_GRADE": null, "TOK_WIND": null, "TOK_PRES": null, "TOK_R50_DR": null, "TOK_R50_L": null, "TOK_R50_S": null, "TOK_R30_DR": null, "TOK_R30_L": null, "TOK_R30_S": null, "TOK_LAND": null, "CMA_LAT": null, "CMA_LON": null, "CMA_CAT": null, "CMA_WIND": null, "CMA_PRES": null, "HKO_LAT": null, "HKO_LON": null, "HKO_CAT": null, "HKO_WIND": null, "HKO_PRES": null, "KMA_LAT": null, "KMA_LON": null, "KMA_CAT": null, "KMA_WIND": null, "KMA_PRES": null, "KMA_R50_DR": null, "KMA_R50_L": null, "KMA_R50_S": null, "KMA_R30_DR": null, "KMA_R30_L": null, "KMA_R30_S": null, "NEW_LAT": null, "NEW_LON": null, "NEW_GRADE": null, "NEW_WIND": null, "NEW_PRES": null, "NEW_CI": -999.9, "NEW_DP": null, "NEW_POCI": null, "REU_LAT": null, "REU_LON": null, "REU_TYPE": null, "REU_WIND": null, "REU_PRES": null, "REU_TNUM": -999.9, "REU_CI": -999.9, "REU_RMW": null, "REU_R34_NE": null, "REU_R34_SE": null, "REU_R34_SW": null, "REU_R34_NW": null, "REU_R50_NE": null, "REU_R50_SE": null, "REU_R50_SW": null, "REU_R50_NW": null, "REU_R64_NE": null, "REU_R64_SE": null, "REU_R64_SW": null, "REU_R64_NW": null, "BOM_LAT": null, "BOM_LON": null, "BOM_TYPE": null, "BOM_WIND": null, "BOM_PRES": null, "BOM_TNUM": -999.9, "BOM_CI": -999.9, "BOM_RMW": null, "BOM_R34_NE": null, "BOM_R34_SE": null, "BOM_R34_SW": null, "BOM_R34_NW": null, "BOM_R50_NE": null, "BOM_R50_SE": null, "BOM_R50_SW": null, "BOM_R50_NW": null, "BOM_R64_NE": null, "BOM_R64_SE": null, "BOM_R64_SW": null, "BOM_R64_NW": null, "BOM_ROCI": null, "BOM_POCI": null, "BOM_EYE": null, "BOM_POS_FL": null, "BOM_PRS_FL": null, "NAD_LAT": null, "NAD_LON": null, "NAD_CAT": null, "NAD_WIND": null, "NAD_PRES": null, "WEL_LAT": null, "WEL_LON": null, "WEL_WIND": null, "WEL_PRES": null, "DS8_LAT": null, "DS8_LON": null, "DS8_STAGE": null, "DS8_WIND": null, "DS8_PRES": null, "TD6_LAT": null, "TD6_LON": null, "TD6_STAGE": null, "TD6_WIND": null, "TD6_PRES": null, "TD5_LAT": null, "TD5_LON": null, "TD5_WIND": null, "TD5_PRES": null, "TD5_ROCI": null, "NEU_LAT": null, "NEU_LON": null, "NEU_CLASS": null, "NEU_WIND": null, "NEU_PRES": null, "MLC_LAT": null, "MLC_LON": null, "MLC_CLASS": null, "MLC_WIND": null, "MLC_PRES": null, "USA_GUST": 105.0, "BOM_GUST": null, "BOM_GUSTP": null, "REU_GUST": null, "REU_GUSTP": null, "USA_SEAHGT": 12.0, "USA_SEA_NE": 300.0, "USA_SEA_SE": 300.0, "USA_SEA_SW": 300.0, "USA_SEA_NW": 50.0, "STORM_SPD": 11, "STORM_DR": 50, "year": 2019, "month": 9, "day": 6, "hour": 0, "min": 0 }, "geometry": { "type": "LineString", "coordinates": [ [ -77.9000244140625, 33.400001525878906 ], [ -77.4000244140625, 33.700000762939453 ] ] } },
{ "type": "Feature", "properties": { "SID": "2019236N10314", "SEASON": 2019, "NUMBER": 53, "BASIN": "NA", "SUBBASIN": "NA", "NAME": "DORIAN", "ISO_TIME": "2019-09-06 03:00:00", "NATURE": "TS", "LAT": 33.7, "LON": -77.4, "WMO_WIND": 0.0, "WMO_PRES": null, "WMO_AGENCY": null, "TRACK_TYPE": "main", "DIST2LAND": 59, "LANDFALL": 56, "IFLAG": "P______________", "USA_AGENCY": null, "USA_ATCFID": "AL052019", "USA_LAT": 33.7, "USA_LON": -77.4, "USA_RECORD": null, "USA_STATUS": "HU", "USA_WIND": 90.0, "USA_PRES": 956.0, "USA_SSHS": 2, "USA_R34_NE": 175.0, "USA_R34_SE": 190.0, "USA_R34_SW": 140.0, "USA_R34_NW": 80.0, "USA_R50_NE": 100.0, "USA_R50_SE": 105.0, "USA_R50_SW": 80.0, "USA_R50_NW": 70.0, "USA_R64_NE": 50.0, "USA_R64_SE": 55.0, "USA_R64_SW": 50.0, "USA_R64_NW": 50.0, "USA_POCI": 1014.0, "USA_ROCI": 300.0, "USA_RMW": 25.0, "USA_EYE": null, "TOK_LAT": null, "TOK_LON": null, "TOK_GRADE": null, "TOK_WIND": null, "TOK_PRES": null, "TOK_R50_DR": null, "TOK_R50_L": null, "TOK_R50_S": null, "TOK_R30_DR": null, "TOK_R30_L": null, "TOK_R30_S": null, "TOK_LAND": null, "CMA_LAT": null, "CMA_LON": null, "CMA_CAT": null, "CMA_WIND": null, "CMA_PRES": null, "HKO_LAT": null, "HKO_LON": null, "HKO_CAT": null, "HKO_WIND": null, "HKO_PRES": null, "KMA_LAT": null, "KMA_LON": null, "KMA_CAT": null, "KMA_WIND": null, "KMA_PRES": null, "KMA_R50_DR": null, "KMA_R50_L": null, "KMA_R50_S": null, "KMA_R30_DR": null, "KMA_R30_L": null, "KMA_R30_S": null, "NEW_LAT": null, "NEW_LON": null, "NEW_GRADE": null, "NEW_WIND": null, "NEW_PRES": null, "NEW_CI": -999.9, "NEW_DP": null, "NEW_POCI": null, "REU_LAT": null, "REU_LON": null, "REU_TYPE": null, "REU_WIND": null, "REU_PRES": null, "REU_TNUM": -999.9, "REU_CI": -999.9, "REU_RMW": null, "REU_R34_NE": null, "REU_R34_SE": null, "REU_R34_SW": null, "REU_R34_NW": null, "REU_R50_NE": null, "REU_R50_SE": null, "REU_R50_SW": null, "REU_R50_NW": null, "REU_R64_NE": null, "REU_R64_SE": null, "REU_R64_SW": null, "REU_R64_NW": null, "BOM_LAT": null, "BOM_LON": null, "BOM_TYPE": null, "BOM_WIND": null, "BOM_PRES": null, "BOM_TNUM": -999.9, "BOM_CI": -999.9, "BOM_RMW": null, "BOM_R34_NE": null, "BOM_R34_SE": null, "BOM_R34_SW": null, "BOM_R34_NW": null, "BOM_R50_NE": null, "BOM_R50_SE": null, "BOM_R50_SW": null, "BOM_R50_NW": null, "BOM_R64_NE": null, "BOM_R64_SE": null, "BOM_R64_SW": null, "BOM_R64_NW": null, "BOM_ROCI": null, "BOM_POCI": null, "BOM_EYE": null, "BOM_POS_FL": null, "BOM_PRS_FL": null, "NAD_LAT": null, "NAD_LON": null, "NAD_CAT": null, "NAD_WIND": null, "NAD_PRES": null, "WEL_LAT": null, "WEL_LON": null, "WEL_WIND": null, "WEL_PRES": null, "DS8_LAT": null, "DS8_LON": null, "DS8_STAGE": null, "DS8_WIND": null, "DS8_PRES": null, "TD6_LAT": null, "TD6_LON": null, "TD6_STAGE": null, "TD6_WIND": null, "TD6_PRES": null, "TD5_LAT": null, "TD5_LON": null, "TD5_WIND": null, "TD5_PRES": null, "TD5_ROCI": null, "NEU_LAT": null, "NEU_LON": null, "NEU_CLASS": null, "NEU_WIND": null, "NEU_PRES": null, "MLC_LAT": null, "MLC_LON": null, "MLC_CLASS": null, "MLC_WIND": null, "MLC_PRES": null, "USA_GUST": null, "BOM_GUST": null, "BOM_GUSTP": null, "REU_GUST": null, "REU_GUSTP": null, "USA_SEAHGT": null, "USA_SEA_NE": null, "USA_SEA_SE": null, "USA_SEA_SW": null, "USA_SEA_NW": null, "STORM_SPD": 11, "STORM_DR": 50, "year": 2019, "month": 9, "day": 6, "hour": 3, "min": 0 }, "geometry": { "type": "LineString", "coordinates": [ [ -77.4000244140625, 33.700000762939453 ], [ -76.9000244140625, 34.099998474121094 ] ] } },
{ "type": "Feature", "properties": { "SID": "2019236N10314", "SEASON": 2019, "NUMBER": 53, "BASIN": "NA", "SUBBASIN": "NA", "NAME": "DORIAN", "ISO_TIME": "2019-09-06 06:00:00", "NATURE": "TS", "LAT": 34.1, "LON": -76.9, "WMO_WIND": 90.0, "WMO_PRES": 956.0, "WMO_AGENCY": "hurdat_atl", "TRACK_TYPE": "main", "DIST2LAND": 63, "LANDFALL": 24, "IFLAG": "O______________", "USA_AGENCY": "hurdat_atl", "USA_ATCFID": "AL052019", "USA_LAT": 34.1, "USA_LON": -76.9, "USA_RECORD": null, "USA_STATUS": "HU", "USA_WIND": 90.0, "USA_PRES": 956.0, "USA_SSHS": 2, "USA_R34_NE": 180.0, "USA_R34_SE": 190.0, "USA_R34_SW": 140.0, "USA_R34_NW": 80.0, "USA_R50_NE": 100.0, "USA_R50_SE": 110.0, "USA_R50_SW": 80.0, "USA_R50_NW": 70.0, "USA_R64_NE": 50.0, "USA_R64_SE": 60.0, "USA_R64_SW": 50.0, "USA_R64_NW": 50.0, "USA_POCI": 1014.0, "USA_ROCI": 300.0, "USA_RMW": 25.0, "USA_EYE": null, "TOK_LAT": null, "TOK_LON": null, "TOK_GRADE": null, "TOK_WIND": null, "TOK_PRES": null, "TOK_R50_DR": null, "TOK_R50_L": null, "TOK_R50_S": null, "TOK_R30_DR": null, "TOK_R30_L": null, "TOK_R30_S": null, "TOK_LAND": null, "CMA_LAT": null, "CMA_LON": null, "CMA_CAT": null, "CMA_WIND": null, "CMA_PRES": null, "HKO_LAT": null, "HKO_LON": null, "HKO_CAT": null, "HKO_WIND": null, "HKO_PRES": null, "KMA_LAT": null, "KMA_LON": null, "KMA_CAT": null, "KMA_WIND": null, "KMA_PRES": null, "KMA_R50_DR": null, "KMA_R50_L": null, "KMA_R50_S": null, "KMA_R30_DR": null, "KMA_R30_L": null, "KMA_R30_S": null, "NEW_LAT": null, "NEW_LON": null, "NEW_GRADE": null, "NEW_WIND": null, "NEW_PRES": null, "NEW_CI": -999.9, "NEW_DP": null, "NEW_POCI": null, "REU_LAT": null, "REU_LON": null, "REU_TYPE": null, "REU_WIND": null, "REU_PRES": null, "REU_TNUM": -999.9, "REU_CI": -999.9, "REU_RMW": null, "REU_R34_NE": null, "REU_R34_SE": null, "REU_R34_SW": null, "REU_R34_NW": null, "REU_R50_NE": null, "REU_R50_SE": null, "REU_R50_SW": null, "REU_R50_NW": null, "REU_R64_NE": null, "REU_R64_SE": null, "REU_R64_SW": null, "REU_R64_NW": null, "BOM_LAT": null, "BOM_LON": null, "BOM_TYPE": null, "BOM_WIND": null, "BOM_PRES": null, "BOM_TNUM": -999.9, "BOM_CI": -999.9, "BOM_RMW": null, "BOM_R34_NE": null, "BOM_R34_SE": null, "BOM_R34_SW": null, "BOM_R34_NW": null, "BOM_R50_NE": null, "BOM_R50_SE": null, "BOM_R50_SW": null, "BOM_R50_NW": null, "BOM_R64_NE": null, "BOM_R64_SE": null, "BOM_R64_SW": null, "BOM_R64_NW": null, "BOM_ROCI": null, "BOM_POCI": null, "BOM_EYE": null, "BOM_POS_FL": null, "BOM_PRS_FL": null, "NAD_LAT": null, "NAD_LON": null, "NAD_CAT": null, "NAD_WIND": null, "NAD_PRES": null, "WEL_LAT": null, "WEL_LON": null, "WEL_WIND": null, "WEL_PRES": null, "DS8_LAT": null, "DS8_LON": null, "DS8_STAGE": null, "DS8_WIND": null, "DS8_PRES": null, "TD6_LAT": null, "TD6_LON": null, "TD6_STAGE": null, "TD6_WIND": null, "TD6_PRES": null, "TD5_LAT": null, "TD5_LON": null, "TD5_WIND": null, "TD5_PRES": null, "TD5_ROCI": null, "NEU_LAT": null, "NEU_LON": null, "NEU_CLASS": null, "NEU_WIND": null, "NEU_PRES": null, "MLC_LAT": null, "MLC_LON": null, "MLC_CLASS": null, "MLC_WIND": null, "MLC_PRES": null, "USA_GUST": 100.0, "BOM_GUST": null, "BOM_GUSTP": null, "REU_GUST": null, "REU_GUSTP": null, "USA_SEAHGT": null, "USA_SEA_NE": null, "USA_SEA_SE": null, "USA_SEA_SW": null, "USA_SEA_NW": null, "STORM_SPD": 12, "STORM_DR": 50, "year": 2019, "month": 9, "day": 6, "hour": 6, "min": 0 }, "geometry": { "type": "LineString", "coordinates": [ [ -76.9000244140625, 34.099998474121094 ], [ -76.300048828125, 34.599998474121094 ] ] } },
{ "type": "Feature", "properties": { "SID": "2019236N10314", "SEASON": 2019, "NUMBER": 53, "BASIN": "NA", "SUBBASIN": "NA", "NAME": "DORIAN", "ISO_TIME": "2019-09-06 09:00:00", "NATURE": "TS", "LAT": 34.6, "LON": -76.3, "WMO_WIND": 0.0, "WMO_PRES": null, "WMO_AGENCY": null, "TRACK_TYPE": "main", "DIST2LAND": 21, "LANDFALL": 21, "IFLAG": "P______________", "USA_AGENCY": null, "USA_ATCFID": "AL052019", "USA_LAT": 34.6, "USA_LON": -76.3, "USA_RECORD": null, "USA_STATUS": "HU", "USA_WIND": 88.0, "USA_PRES": 956.0, "USA_SSHS": 2, "USA_R34_NE": 185.0, "USA_R34_SE": 190.0, "USA_R34_SW": 145.0, "USA_R34_NW": 80.0, "USA_R50_NE": 105.0, "USA_R50_SE": 115.0, "USA_R50_SW": 80.0, "USA_R50_NW": 70.0, "USA_R64_NE": 50.0, "USA_R64_SE": 60.0, "USA_R64_SW": 50.0, "USA_R64_NW": 45.0, "USA_POCI": 1014.0, "USA_ROCI": 300.0, "USA_RMW": 25.0, "USA_EYE": null, "TOK_LAT": null, "TOK_LON": null, "TOK_GRADE": null, "TOK_WIND": null, "TOK_PRES": null, "TOK_R50_DR": null, "TOK_R50_L": null, "TOK_R50_S": null, "TOK_R30_DR": null, "TOK_R30_L": null, "TOK_R30_S": null, "TOK_LAND": null, "CMA_LAT": null, "CMA_LON": null, "CMA_CAT": null, "CMA_WIND": null, "CMA_PRES": null, "HKO_LAT": null, "HKO_LON": null, "HKO_CAT": null, "HKO_WIND": null, "HKO_PRES": null, "KMA_LAT": null, "KMA_LON": null, "KMA_CAT": null, "KMA_WIND": null, "KMA_PRES": null, "KMA_R50_DR": null, "KMA_R50_L": null, "KMA_R50_S": null, "KMA_R30_DR": null, "KMA_R30_L": null, "KMA_R30_S": null, "NEW_LAT": null, "NEW_LON": null, "NEW_GRADE": null, "NEW_WIND": null, "NEW_PRES": null, "NEW_CI": -999.9, "NEW_DP": null, "NEW_POCI": null, "REU_LAT": null, "REU_LON": null, "REU_TYPE": null, "REU_WIND": null, "REU_PRES": null, "REU_TNUM": -999.9, "REU_CI": -999.9, "REU_RMW": null, "REU_R34_NE": null, "REU_R34_SE": null, "REU_R34_SW": null, "REU_R34_NW": null, "REU_R50_NE": null, "REU_R50_SE": null, "REU_R50_SW": null, "REU_R50_NW": null, "REU_R64_NE": null, "REU_R64_SE": null, "REU_R64_SW": null, "REU_R64_NW": null, "BOM_LAT": null, "BOM_LON": null, "BOM_TYPE": null, "BOM_WIND": null, "BOM_PRES": null, "BOM_TNUM": -999.9, "BOM_CI": -999.9, "BOM_RMW": null, "BOM_R34_NE": null, "BOM_R34_SE": null, "BOM_R34_SW": null, "BOM_R34_NW": null, "BOM_R50_NE": null, "BOM_R50_SE": null, "BOM_R50_SW": null, "BOM_R50_NW": null, "BOM_R64_NE": null, "BOM_R64_SE": null, "BOM_R64_SW": null, "BOM_R64_NW": null, "BOM_ROCI": null, "BOM_POCI": null, "BOM_EYE": null, "BOM_POS_FL": null, "BOM_PRS_FL": null, "NAD_LAT": null, "NAD_LON": null, "NAD_CAT": null, "NAD_WIND": null, "NAD_PRES": null, "WEL_LAT": null, "WEL_LON": null, "WEL_WIND": null, "WEL_PRES": null, "DS8_LAT": null, "DS8_LON": null, "DS8_STAGE": null, "DS8_WIND": null, "DS8_PRES": null, "TD6_LAT": null, "TD6_LON": null, "TD6_STAGE": null, "TD6_WIND": null, "TD6_PRES": null, "TD5_LAT": null, "TD5_LON": null, "TD5_WIND": null, "TD5_PRES": null, "TD5_ROCI": null, "NEU_LAT": null, "NEU_LON": null, "NEU_CLASS": null, "NEU_WIND": null, "NEU_PRES": null, "MLC_LAT": null, "MLC_LON": null, "MLC_CLASS": null, "MLC_WIND": null, "MLC_PRES": null, "USA_GUST": null, "BOM_GUST": null, "BOM_GUSTP": null, "REU_GUST": null, "REU_GUSTP": null, "USA_SEAHGT": null, "USA_SEA_NE": null, "USA_SEA_SE": null, "USA_SEA_SW": null, "USA_SEA_NW": null, "STORM_SPD": 14, "STORM_DR": 45, "year": 2019, "month": 9, "day": 6, "hour": 9, "min": 0 }, "geometry": { "type": "LineString", "coordinates": [ [ -76.300048828125, 34.599998474121094 ], [ -75.699951171875, 35.099998474121094 ] ] } },
{ "type": "Feature", "properties": { "SID": "2019236N10314", "SEASON": 2019, "NUMBER": 53, "BASIN": "NA", "SUBBASIN": "NA", "NAME": "DORIAN", "ISO_TIME": "2019-09-06 12:00:00", "NATURE": "TS", "LAT": 35.1, "LON": -75.7, "WMO_WIND": 85.0, "WMO_PRES": 956.0, "WMO_AGENCY": "hurdat_atl", "TRACK_TYPE": "main", "DIST2LAND": 49, "LANDFALL": 45, "IFLAG": "O______________", "USA_AGENCY": "hurdat_atl", "USA_ATCFID": "AL052019", "USA_LAT": 35.1, "USA_LON": -75.7, "USA_RECORD": null, "USA_STATUS": "HU", "USA_WIND": 85.0, "USA_PRES": 956.0, "USA_SSHS": 2, "USA_R34_NE": 190.0, "USA_R34_SE": 190.0, "USA_R34_SW": 150.0, "USA_R34_NW": 80.0, "USA_R50_NE": 110.0, "USA_R50_SE": 120.0, "USA_R50_SW": 80.0, "USA_R50_NW": 70.0, "USA_R64_NE": 50.0, "USA_R64_SE": 60.0, "USA_R64_SW": 50.0, "USA_R64_NW": 40.0, "USA_POCI": 1014.0, "USA_ROCI": 300.0, "USA_RMW": 25.0, "USA_EYE": null, "TOK_LAT": null, "TOK_LON": null, "TOK_GRADE": null, "TOK_WIND": null, "TOK_PRES": null, "TOK_R50_DR": null, "TOK_R50_L": null, "TOK_R50_S": null, "TOK_R30_DR": null, "TOK_R30_L": null, "TOK_R30_S": null, "TOK_LAND": null, "CMA_LAT": null, "CMA_LON": null, "CMA_CAT": null, "CMA_WIND": null, "CMA_PRES": null, "HKO_LAT": null, "HKO_LON": null, "HKO_CAT": null, "HKO_WIND": null, "HKO_PRES": null, "KMA_LAT": null, "KMA_LON": null, "KMA_CAT": null, "KMA_WIND": null, "KMA_PRES": null, "KMA_R50_DR": null, "KMA_R50_L": null, "KMA_R50_S": null, "KMA_R30_DR": null, "KMA_R30_L": null, "KMA_R30_S": null, "NEW_LAT": null, "NEW_LON": null, "NEW_GRADE": null, "NEW_WIND": null, "NEW_PRES": null, "NEW_CI": -999.9, "NEW_DP": null, "NEW_POCI": null, "REU_LAT": null, "REU_LON": null, "REU_TYPE": null, "REU_WIND": null, "REU_PRES": null, "REU_TNUM": -999.9, "REU_CI": -999.9, "REU_RMW": null, "REU_R34_NE": null, "REU_R34_SE": null, "REU_R34_SW": null, "REU_R34_NW": null, "REU_R50_NE": null, "REU_R50_SE": null, "REU_R50_SW": null, "REU_R50_NW": null, "REU_R64_NE": null, "REU_R64_SE": null, "REU_R64_SW": null, "REU_R64_NW": null, "BOM_LAT": null, "BOM_LON": null, "BOM_TYPE": null, "BOM_WIND": null, "BOM_PRES": null, "BOM_TNUM": -999.9, "BOM_CI": -999.9, "BOM_RMW": null, "BOM_R34_NE": null, "BOM_R34_SE": null, "BOM_R34_SW": null, "BOM_R34_NW": null, "BOM_R50_NE": null, "BOM_R50_SE": null, "BOM_R50_SW": null, "BOM_R50_NW": null, "BOM_R64_NE": null, "BOM_R64_SE": null, "BOM_R64_SW": null, "BOM_R64_NW": null, "BOM_ROCI": null, "BOM_POCI": null, "BOM_EYE": null, "BOM_POS_FL": null, "BOM_PRS_FL": null, "NAD_LAT": null, "NAD_LON": null, "NAD_CAT": null, "NAD_WIND": null, "NAD_PRES": null, "WEL_LAT": null, "WEL_LON": null, "WEL_WIND": null, "WEL_PRES": null, "DS8_LAT": null, "DS8_LON": null, "DS8_STAGE": null, "DS8_WIND": null, "DS8_PRES": null, "TD6_LAT": null, "TD6_LON": null, "TD6_STAGE": null, "TD6_WIND": null, "TD6_PRES": null, "TD5_LAT": null, "TD5_LON": null, "TD5_WIND": null, "TD5_PRES": null, "TD5_ROCI": null, "NEU_LAT": null, "NEU_LON": null, "NEU_CLASS": null, "NEU_WIND": null, "NEU_PRES": null, "MLC_LAT": null, "MLC_LON": null, "MLC_CLASS": null, "MLC_WIND": null, "MLC_PRES": null, "USA_GUST": 100.0, "BOM_GUST": null, "BOM_GUSTP": null, "REU_GUST": null, "REU_GUSTP": null, "USA_SEAHGT": 12.0, "USA_SEA_NE": 300.0, "USA_SEA_SE": 300.0, "USA_SEA_SW": 270.0, "USA_SEA_NW": 50.0, "STORM_SPD": 15, "STORM_DR": 40, "year": 2019, "month": 9, "day": 6, "hour": 12, "min": 0 }, "geometry": { "type": "LineString", "coordinates": [ [ -75.699951171875, 35.099998474121094 ], [ -75.5999755859375, 35.200000762939453 ] ] } },
{ "type": "Feature", "properties": { "SID": "2019236N10314", "SEASON": 2019, "NUMBER": 53, "BASIN": "NA", "SUBBASIN": "NA", "NAME": "DORIAN", "ISO_TIME": "2019-09-06 12:30:00", "NATURE": "TS", "LAT": 35.2, "LON": -75.6, "WMO_WIND": 85.0, "WMO_PRES": 956.0, "WMO_AGENCY": "hurdat_atl", "TRACK_TYPE": "main", "DIST2LAND": 45, "LANDFALL": 35, "IFLAG": "V______________", "USA_AGENCY": "hurdat_atl", "USA_ATCFID": "AL052019", "USA_LAT": 35.2, "USA_LON": -75.6, "USA_RECORD": "L", "USA_STATUS": "HU", "USA_WIND": 85.0, "USA_PRES": 956.0, "USA_SSHS": 2, "USA_R34_NE": 190.0, "USA_R34_SE": 190.0, "USA_R34_SW": 150.0, "USA_R34_NW": 80.0, "USA_R50_NE": 110.0, "USA_R50_SE": 120.0, "USA_R50_SW": 80.0, "USA_R50_NW": 70.0, "USA_R64_NE": 50.0, "USA_R64_SE": 60.0, "USA_R64_SW": 50.0, "USA_R64_NW": 40.0, "USA_POCI": 1014.0, "USA_ROCI": 300.0, "USA_RMW": 20.0, "USA_EYE": null, "TOK_LAT": null, "TOK_LON": null, "TOK_GRADE": null, "TOK_WIND": null, "TOK_PRES": null, "TOK_R50_DR": null, "TOK_R50_L": null, "TOK_R50_S": null, "TOK_R30_DR": null, "TOK_R30_L": null, "TOK_R30_S": null, "TOK_LAND": null, "CMA_LAT": null, "CMA_LON": null, "CMA_CAT": null, "CMA_WIND": null, "CMA_PRES": null, "HKO_LAT": null, "HKO_LON": null, "HKO_CAT": null, "HKO_WIND": null, "HKO_PRES": null, "KMA_LAT": null, "KMA_LON": null, "KMA_CAT": null, "KMA_WIND": null, "KMA_PRES": null, "KMA_R50_DR": null, "KMA_R50_L": null, "KMA_R50_S": null, "KMA_R30_DR": null, "KMA_R30_L": null, "KMA_R30_S": null, "NEW_LAT": null, "NEW_LON": null, "NEW_GRADE": null, "NEW_WIND": null, "NEW_PRES": null, "NEW_CI": -999.9, "NEW_DP": null, "NEW_POCI": null, "REU_LAT": null, "REU_LON": null, "REU_TYPE": null, "REU_WIND": null, "REU_PRES": null, "REU_TNUM": -999.9, "REU_CI": -999.9, "REU_RMW": null, "REU_R34_NE": null, "REU_R34_SE": null, "REU_R34_SW": null, "REU_R34_NW": null, "REU_R50_NE": null, "REU_R50_SE": null, "REU_R50_SW": null, "REU_R50_NW": null, "REU_R64_NE": null, "REU_R64_SE": null, "REU_R64_SW": null, "REU_R64_NW": null, "BOM_LAT": null, "BOM_LON": null, "BOM_TYPE": null, "BOM_WIND": null, "BOM_PRES": null, "BOM_TNUM": -999.9, "BOM_CI": -999.9, "BOM_RMW": null, "BOM_R34_NE": null, "BOM_R34_SE": null, "BOM_R34_SW": null, "BOM_R34_NW": null, "BOM_R50_NE": null, "BOM_R50_SE": null, "BOM_R50_SW": null, "BOM_R50_NW": null, "BOM_R64_NE": null, "BOM_R64_SE": null, "BOM_R64_SW": null, "BOM_R64_NW": null, "BOM_ROCI": null, "BOM_POCI": null, "BOM_EYE": null, "BOM_POS_FL": null, "BOM_PRS_FL": null, "NAD_LAT": null, "NAD_LON": null, "NAD_CAT": null, "NAD_WIND": null, "NAD_PRES": null, "WEL_LAT": null, "WEL_LON": null, "WEL_WIND": null, "WEL_PRES": null, "DS8_LAT": null, "DS8_LON": null, "DS8_STAGE": null, "DS8_WIND": null, "DS8_PRES": null, "TD6_LAT": null, "TD6_LON": null, "TD6_STAGE": null, "TD6_WIND": null, "TD6_PRES": null, "TD5_LAT": null, "TD5_LON": null, "TD5_WIND": null, "TD5_PRES": null, "TD5_ROCI": null, "NEU_LAT": null, "NEU_LON": null, "NEU_CLASS": null, "NEU_WIND": null, "NEU_PRES": null, "MLC_LAT": null, "MLC_LON": null, "MLC_CLASS": null, "MLC_WIND": null, "MLC_PRES": null, "USA_GUST": null, "BOM_GUST": null, "BOM_GUSTP": null, "REU_GUST": null, "REU_GUSTP": null, "USA_SEAHGT": 12.0, "USA_SEA_NE": 300.0, "USA_SEA_SE": 308.0, "USA_SEA_SW": 270.0, "USA_SEA_NW": 50.0, "STORM_SPD": 18, "STORM_DR": 50, "year": 2019, "month": 9, "day": 6, "hour": 12, "min": 30 }, "geometry": { "type": "LineString", "coordinates": [ [ -75.5999755859375, 35.200000762939453 ], [ -74.9000244140625, 35.700000762939453 ] ] } },
{ "type": "Feature", "properties": { "SID": "2019236N10314", "SEASON": 2019, "NUMBER": 53, "BASIN": "NA", "SUBBASIN": "NA", "NAME": "DORIAN", "ISO_TIME": "2019-09-06 15:00:00", "NATURE": "TS", "LAT": 35.7, "LON": -74.9, "WMO_WIND": 0.0, "WMO_PRES": null, "WMO_AGENCY": null, "TRACK_TYPE": "main", "DIST2LAND": 55, "LANDFALL": 55, "IFLAG": "P______________", "USA_AGENCY": null, "USA_ATCFID": "AL052019", "USA_LAT": 35.7, "USA_LON": -74.9, "USA_RECORD": null, "USA_STATUS": "HU", "USA_WIND": 85.0, "USA_PRES": 956.0, "USA_SSHS": 2, "USA_R34_NE": 199.0, "USA_R34_SE": 195.0, "USA_R34_SW": 155.0, "USA_R34_NW": 89.0, "USA_R50_NE": 110.0, "USA_R50_SE": 125.0, "USA_R50_SW": 85.0, "USA_R50_NW": 75.0, "USA_R64_NE": 50.0, "USA_R64_SE": 55.0, "USA_R64_SW": 45.0, "USA_R64_NW": 45.0, "USA_POCI": 1013.0, "USA_ROCI": 300.0, "USA_RMW": 22.0, "USA_EYE": null, "TOK_LAT": null, "TOK_LON": null, "TOK_GRADE": null, "TOK_WIND": null, "TOK_PRES": null, "TOK_R50_DR": null, "TOK_R50_L": null, "TOK_R50_S": null, "TOK_R30_DR": null, "TOK_R30_L": null, "TOK_R30_S": null, "TOK_LAND": null, "CMA_LAT": null, "CMA_LON": null, "CMA_CAT": null, "CMA_WIND": null, "CMA_PRES": null, "HKO_LAT": null, "HKO_LON": null, "HKO_CAT": null, "HKO_WIND": null, "HKO_PRES": null, "KMA_LAT": null, "KMA_LON": null, "KMA_CAT": null, "KMA_WIND": null, "KMA_PRES": null, "KMA_R50_DR": null, "KMA_R50_L": null, "KMA_R50_S": null, "KMA_R30_DR": null, "KMA_R30_L": null, "KMA_R30_S": null, "NEW_LAT": null, "NEW_LON": null, "NEW_GRADE": null, "NEW_WIND": null, "NEW_PRES": null, "NEW_CI": -999.9, "NEW_DP": null, "NEW_POCI": null, "REU_LAT": null, "REU_LON": null, "REU_TYPE": null, "REU_WIND": null, "REU_PRES": null, "REU_TNUM": -999.9, "REU_CI": -999.9, "REU_RMW": null, "REU_R34_NE": null, "REU_R34_SE": null, "REU_R34_SW": null, "REU_R34_NW": null, "REU_R50_NE": null, "REU_R50_SE": null, "REU_R50_SW": null, "REU_R50_NW": null, "REU_R64_NE": null, "REU_R64_SE": null, "REU_R64_SW": null, "REU_R64_NW": null, "BOM_LAT": null, "BOM_LON": null, "BOM_TYPE": null, "BOM_WIND": null, "BOM_PRES": null, "BOM_TNUM": -999.9, "BOM_CI": -999.9, "BOM_RMW": null, "BOM_R34_NE": null, "BOM_R34_SE": null, "BOM_R34_SW": null, "BOM_R34_NW": null, "BOM_R50_NE": null, "BOM_R50_SE": null, "BOM_R50_SW": null, "BOM_R50_NW": null, "BOM_R64_NE": null, "BOM_R64_SE": null, "BOM_R64_SW": null, "BOM_R64_NW": null, "BOM_ROCI": null, "BOM_POCI": null, "BOM_EYE": null, "BOM_POS_FL": null, "BOM_PRS_FL": null, "NAD_LAT": null, "NAD_LON": null, "NAD_CAT": null, "NAD_WIND": null, "NAD_PRES": null, "WEL_LAT": null, "WEL_LON": null, "WEL_WIND": null, "WEL_PRES": null, "DS8_LAT": null, "DS8_LON": null, "DS8_STAGE": null, "DS8_WIND": null, "DS8_PRES": null, "TD6_LAT": null, "TD6_LON": null, "TD6_STAGE": null, "TD6_WIND": null, "TD6_PRES": null, "TD5_LAT": null, "TD5_LON": null, "TD5_WIND": null, "TD5_PRES": null, "TD5_ROCI": null, "NEU_LAT": null, "NEU_LON": null, "NEU_CLASS": null, "NEU_WIND": null, "NEU_PRES": null, "MLC_LAT": null, "MLC_LON": null, "MLC_CLASS": null, "MLC_WIND": null, "MLC_PRES": null, "USA_GUST": null, "BOM_GUST": null, "BOM_GUSTP": null, "REU_GUST": null, "REU_GUSTP": null, "USA_SEAHGT": 12.0, "USA_SEA_NE": 300.0, "USA_SEA_SE": 350.0, "USA_SEA_SW": 270.0, "USA_SEA_NW": 50.0, "STORM_SPD": 20, "STORM_DR": 55, "year": 2019, "month": 9, "day": 6, "hour": 15, "min": 0 }, "geometry": { "type": "LineString", "coordinates": [ [ -74.9000244140625, 35.700000762939453 ], [ -73.699951171875, 36.200000762939453 ] ] } },
{ "type": "Feature", "properties": { "SID": "2019236N10314", "SEASON": 2019, "NUMBER": 53, "BASIN": "NA", "SUBBASIN": "NA", "NAME": "DORIAN", "ISO_TIME": "2019-09-06 18:00:00", "NATURE": "TS", "LAT": 36.2, "LON": -73.7, "WMO_WIND": 85.0, "WMO_PRES": 956.0, "WMO_AGENCY": "hurdat_atl", "TRACK_TYPE": "main", "DIST2LAND": 167, "LANDFALL": 167, "IFLAG": "O______________", "USA_AGENCY": "hurdat_atl", "USA_ATCFID": "AL052019", "USA_LAT": 36.2, "USA_LON": -73.7, "USA_RECORD": null, "USA_STATUS": "HU", "USA_WIND": 85.0, "USA_PRES": 956.0, "USA_SSHS": 2, "USA_R34_NE": 210.0, "USA_R34_SE": 200.0, "USA_R34_SW": 160.0, "USA_R34_NW": 100.0, "USA_R50_NE": 110.0, "USA_R50_SE": 130.0, "USA_R50_SW": 90.0, "USA_R50_NW": 80.0, "USA_R64_NE": 50.0, "USA_R64_SE": 50.0, "USA_R64_SW": 40.0, "USA_R64_NW": 50.0, "USA_POCI": 1012.0, "USA_ROCI": 300.0, "USA_RMW": 25.0, "USA_EYE": null, "TOK_LAT": null, "TOK_LON": null, "TOK_GRADE": null, "TOK_WIND": null, "TOK_PRES": null, "TOK_R50_DR": null, "TOK_R50_L": null, "TOK_R50_S": null, "TOK_R30_DR": null, "TOK_R30_L": null, "TOK_R30_S": null, "TOK_LAND": null, "CMA_LAT": null, "CMA_LON": null, "CMA_CAT": null, "CMA_WIND": null, "CMA_PRES": null, "HKO_LAT": null, "HKO_LON": null, "HKO_CAT": null, "HKO_WIND": null, "HKO_PRES": null, "KMA_LAT": null, "KMA_LON": null, "KMA_CAT": null, "KMA_WIND": null, "KMA_PRES": null, "KMA_R50_DR": null, "KMA_R50_L": null, "KMA_R50_S": null, "KMA_R30_DR": null, "KMA_R30_L": null, "KMA_R30_S": null, "NEW_LAT": null, "NEW_LON": null, "NEW_GRADE": null, "NEW_WIND": null, "NEW_PRES": null, "NEW_CI": -999.9, "NEW_DP": null, "NEW_POCI": null, "REU_LAT": null, "REU_LON": null, "REU_TYPE": null, "REU_WIND": null, "REU_PRES": null, "REU_TNUM": -999.9, "REU_CI": -999.9, "REU_RMW": null, "REU_R34_NE": null, "REU_R34_SE": null, "REU_R34_SW": null, "REU_R34_NW": null, "REU_R50_NE": null, "REU_R50_SE": null, "REU_R50_SW": null, "REU_R50_NW": null, "REU_R64_NE": null, "REU_R64_SE": null, "REU_R64_SW": null, "REU_R64_NW": null, "BOM_LAT": null, "BOM_LON": null, "BOM_TYPE": null, "BOM_WIND": null, "BOM_PRES": null, "BOM_TNUM": -999.9, "BOM_CI": -999.9, "BOM_RMW": null, "BOM_R34_NE": null, "BOM_R34_SE": null, "BOM_R34_SW": null, "BOM_R34_NW": null, "BOM_R50_NE": null, "BOM_R50_SE": null, "BOM_R50_SW": null, "BOM_R50_NW": null, "BOM_R64_NE": null, "BOM_R64_SE": null, "BOM_R64_SW": null, "BOM_R64_NW": null, "BOM_ROCI": null, "BOM_POCI": null, "BOM_EYE": null, "BOM_POS_FL": null, "BOM_PRS_FL": null, "NAD_LAT": null, "NAD_LON": null, "NAD_CAT": null, "NAD_WIND": null, "NAD_PRES": null, "WEL_LAT": null, "WEL_LON": null, "WEL_WIND": null, "WEL_PRES": null, "DS8_LAT": null, "DS8_LON": null, "DS8_STAGE": null, "DS8_WIND": null, "DS8_PRES": null, "TD6_LAT": null, "TD6_LON": null, "TD6_STAGE": null, "TD6_WIND": null, "TD6_PRES": null, "TD5_LAT": null, "TD5_LON": null, "TD5_WIND": null, "TD5_PRES": null, "TD5_ROCI": null, "NEU_LAT": null, "NEU_LON": null, "NEU_CLASS": null, "NEU_WIND": null, "NEU_PRES": null, "MLC_LAT": null, "MLC_LON": null, "MLC_CLASS": null, "MLC_WIND": null, "MLC_PRES": null, "USA_GUST": 100.0, "BOM_GUST": null, "BOM_GUSTP": null, "REU_GUST": null, "REU_GUSTP": null, "USA_SEAHGT": 12.0, "USA_SEA_NE": 300.0, "USA_SEA_SE": 400.0, "USA_SEA_SW": 270.0, "USA_SEA_NW": 50.0, "STORM_SPD": 22, "STORM_DR": 60, "year": 2019, "month": 9, "day": 6, "hour": 18, "min": 0 }, "geometry": { "type": "LineString", "coordinates": [ [ -73.699951171875, 36.200000762939453 ], [ -72.5, 36.799999237060547 ] ] } },
{ "type": "Feature", "properties": { "SID": "2019236N10314", "SEASON": 2019, "NUMBER": 53, "BASIN": "NA", "SUBBASIN": "NA", "NAME": "DORIAN", "ISO_TIME": "2019-09-06 21:00:00", "NATURE": "TS", "LAT": 36.8, "LON": -72.5, "WMO_WIND": 0.0, "WMO_PRES": null, "WMO_AGENCY": null, "TRACK_TYPE": "main", "DIST2LAND": 283, "LANDFALL": 283, "IFLAG": "P______________", "USA_AGENCY": null, "USA_ATCFID": "AL052019", "USA_LAT": 36.8, "USA_LON": -72.5, "USA_RECORD": null, "USA_STATUS": "HU", "USA_WIND": 85.0, "USA_PRES": 956.0, "USA_SSHS": 2, "USA_R34_NE": 215.0, "USA_R34_SE": 200.0, "USA_R34_SW": 165.0, "USA_R34_NW": 115.0, "USA_R50_NE": 110.0, "USA_R50_SE": 135.0, "USA_R50_SW": 90.0, "USA_R50_NW": 80.0, "USA_R64_NE": 50.0, "USA_R64_SE": 45.0, "USA_R64_SW": 45.0, "USA_R64_NW": 50.0, "USA_POCI": 1012.0, "USA_ROCI": 305.0, "USA_RMW": 28.0, "USA_EYE": null, "TOK_LAT": null, "TOK_LON": null, "TOK_GRADE": null, "TOK_WIND": null, "TOK_PRES": null, "TOK_R50_DR": null, "TOK_R50_L": null, "TOK_R50_S": null, "TOK_R30_DR": null, "TOK_R30_L": null, "TOK_R30_S": null, "TOK_LAND": null, "CMA_LAT": null, "CMA_LON": null, "CMA_CAT": null, "CMA_WIND": null, "CMA_PRES": null, "HKO_LAT": null, "HKO_LON": null, "HKO_CAT": null, "HKO_WIND": null, "HKO_PRES": null, "KMA_LAT": null, "KMA_LON": null, "KMA_CAT": null, "KMA_WIND": null, "KMA_PRES": null, "KMA_R50_DR": null, "KMA_R50_L": null, "KMA_R50_S": null, "KMA_R30_DR": null, "KMA_R30_L": null, "KMA_R30_S": null, "NEW_LAT": null, "NEW_LON": null, "NEW_GRADE": null, "NEW_WIND": null, "NEW_PRES": null, "NEW_CI": -999.9, "NEW_DP": null, "NEW_POCI": null, "REU_LAT": null, "REU_LON": null, "REU_TYPE": null, "REU_WIND": null, "REU_PRES": null, "REU_TNUM": -999.9, "REU_CI": -999.9, "REU_RMW": null, "REU_R34_NE": null, "REU_R34_SE": null, "REU_R34_SW": null, "REU_R34_NW": null, "REU_R50_NE": null, "REU_R50_SE": null, "REU_R50_SW": null, "REU_R50_NW": null, "REU_R64_NE": null, "REU_R64_SE": null, "REU_R64_SW": null, "REU_R64_NW": null, "BOM_LAT": null, "BOM_LON": null, "BOM_TYPE": null, "BOM_WIND": null, "BOM_PRES": null, "BOM_TNUM": -999.9, "BOM_CI": -999.9, "BOM_RMW": null, "BOM_R34_NE": null, "BOM_R34_SE": null, "BOM_R34_SW": null, "BOM_R34_NW": null, "BOM_R50_NE": null, "BOM_R50_SE": null, "BOM_R50_SW": null, "BOM_R50_NW": null, "BOM_R64_NE": null, "BOM_R64_SE": null, "BOM_R64_SW": null, "BOM_R64_NW": null, "BOM_ROCI": null, "BOM_POCI": null, "BOM_EYE": null, "BOM_POS_FL": null, "BOM_PRS_FL": null, "NAD_LAT": null, "NAD_LON": null, "NAD_CAT": null, "NAD_WIND": null, "NAD_PRES": null, "WEL_LAT": null, "WEL_LON": null, "WEL_WIND": null, "WEL_PRES": null, "DS8_LAT": null, "DS8_LON": null, "DS8_STAGE": null, "DS8_WIND": null, "DS8_PRES": null, "TD6_LAT": null, "TD6_LON": null, "TD6_STAGE": null, "TD6_WIND": null, "TD6_PRES": null, "TD5_LAT": null, "TD5_LON": null, "TD5_WIND": null, "TD5_PRES": null, "TD5_ROCI": null, "NEU_LAT": null, "NEU_LON": null, "NEU_CLASS": null, "NEU_WIND": null, "NEU_PRES": null, "MLC_LAT": null, "MLC_LON": null, "MLC_CLASS": null, "MLC_WIND": null, "MLC_PRES": null, "USA_GUST": null, "BOM_GUST": null, "BOM_GUSTP": null, "REU_GUST": null, "REU_GUSTP": null, "USA_SEAHGT": 12.0, "USA_SEA_NE": 270.0, "USA_SEA_SE": 400.0, "USA_SEA_SW": 285.0, "USA_SEA_NW": 100.0, "STORM_SPD": 23, "STORM_DR": 60, "year": 2019, "month": 9, "day": 6, "hour": 21, "min": 0 }, "geometry": { "type": "LineString", "coordinates": [ [ -72.5, 36.799999237060547 ], [ -71.199951171875, 37.400001525878906 ] ] } },
{ "type": "Feature", "properties": { "SID": "2019236N10314", "SEASON": 2019, "NUMBER": 53, "BASIN": "NA", "SUBBASIN": "NA", "NAME": "DORIAN", "ISO_TIME": "2019-09-07 00:00:00", "NATURE": "TS", "LAT": 37.4, "LON": -71.2, "WMO_WIND": 85.0, "WMO_PRES": 956.0, "WMO_AGENCY": "hurdat_atl", "TRACK_TYPE": "main", "DIST2LAND": 355, "LANDFALL": 355, "IFLAG": "O______________", "USA_AGENCY": "hurdat_atl", "USA_ATCFID": "AL052019", "USA_LAT": 37.4, "USA_LON": -71.2, "USA_RECORD": null, "USA_STATUS": "HU", "USA_WIND": 85.0, "USA_PRES": 956.0, "USA_SSHS": 2, "USA_R34_NE": 220.0, "USA_R34_SE": 200.0, "USA_R34_SW": 170.0, "USA_R34_NW": 130.0, "USA_R50_NE": 110.0, "USA_R50_SE": 140.0, "USA_R50_SW": 90.0, "USA_R50_NW": 80.0, "USA_R64_NE": 50.0, "USA_R64_SE": 40.0, "USA_R64_SW": 50.0, "USA_R64_NW": 50.0, "USA_POCI": 1012.0, "USA_ROCI": 310.0, "USA_RMW": 30.0, "USA_EYE": null, "TOK_LAT": null, "TOK_LON": null, "TOK_GRADE": null, "TOK_WIND": null, "TOK_PRES": null, "TOK_R50_DR": null, "TOK_R50_L": null, "TOK_R50_S": null, "TOK_R30_DR": null, "TOK_R30_L": null, "TOK_R30_S": null, "TOK_LAND": null, "CMA_LAT": null, "CMA_LON": null, "CMA_CAT": null, "CMA_WIND": null, "CMA_PRES": null, "HKO_LAT": null, "HKO_LON": null, "HKO_CAT": null, "HKO_WIND": null, "HKO_PRES": null, "KMA_LAT": null, "KMA_LON": null, "KMA_CAT": null, "KMA_WIND": null, "KMA_PRES": null, "KMA_R50_DR": null, "KMA_R50_L": null, "KMA_R50_S": null, "KMA_R30_DR": null, "KMA_R30_L": null, "KMA_R30_S": null, "NEW_LAT": null, "NEW_LON": null, "NEW_GRADE": null, "NEW_WIND": null, "NEW_PRES": null, "NEW_CI": -999.9, "NEW_DP": null, "NEW_POCI": null, "REU_LAT": null, "REU_LON": null, "REU_TYPE": null, "REU_WIND": null, "REU_PRES": null, "REU_TNUM": -999.9, "REU_CI": -999.9, "REU_RMW": null, "REU_R34_NE": null, "REU_R34_SE": null, "REU_R34_SW": null, "REU_R34_NW": null, "REU_R50_NE": null, "REU_R50_SE": null, "REU_R50_SW": null, "REU_R50_NW": null, "REU_R64_NE": null, "REU_R64_SE": null, "REU_R64_SW": null, "REU_R64_NW": null, "BOM_LAT": null, "BOM_LON": null, "BOM_TYPE": null, "BOM_WIND": null, "BOM_PRES": null, "BOM_TNUM": -999.9, "BOM_CI": -999.9, "BOM_RMW": null, "BOM_R34_NE": null, "BOM_R34_SE": null, "BOM_R34_SW": null, "BOM_R34_NW": null, "BOM_R50_NE": null, "BOM_R50_SE": null, "BOM_R50_SW": null, "BOM_R50_NW": null, "BOM_R64_NE": null, "BOM_R64_SE": null, "BOM_R64_SW": null, "BOM_R64_NW": null, "BOM_ROCI": null, "BOM_POCI": null, "BOM_EYE": null, "BOM_POS_FL": null, "BOM_PRS_FL": null, "NAD_LAT": null, "NAD_LON": null, "NAD_CAT": null, "NAD_WIND": null, "NAD_PRES": null, "WEL_LAT": null, "WEL_LON": null, "WEL_WIND": null, "WEL_PRES": null, "DS8_LAT": null, "DS8_LON": null, "DS8_STAGE": null, "DS8_WIND": null, "DS8_PRES": null, "TD6_LAT": null, "TD6_LON": null, "TD6_STAGE": null, "TD6_WIND": null, "TD6_PRES": null, "TD5_LAT": null, "TD5_LON": null, "TD5_WIND": null, "TD5_PRES": null, "TD5_ROCI": null, "NEU_LAT": null, "NEU_LON": null, "NEU_CLASS": null, "NEU_WIND": null, "NEU_PRES": null, "MLC_LAT": null, "MLC_LON": null, "MLC_CLASS": null, "MLC_WIND": null, "MLC_PRES": null, "USA_GUST": 100.0, "BOM_GUST": null, "BOM_GUSTP": null, "REU_GUST": null, "REU_GUSTP": null, "USA_SEAHGT": 12.0, "USA_SEA_NE": 240.0, "USA_SEA_SE": 400.0, "USA_SEA_SW": 300.0, "USA_SEA_NW": 150.0, "STORM_SPD": 24, "STORM_DR": 55, "year": 2019, "month": 9, "day": 7, "hour": 0, "min": 0 }, "geometry": { "type": "LineString", "coordinates": [ [ -71.199951171875, 37.400001525878906 ], [ -70.0, 38.099998474121094 ] ] } },
{ "type": "Feature", "properties": { "SID": "2019236N10314", "SEASON": 2019, "NUMBER": 53, "BASIN": "NA", "SUBBASIN": "NA", "NAME": "DORIAN", "ISO_TIME": "2019-09-07 03:00:00", "NATURE": "TS", "LAT": 38.1, "LON": -70.0, "WMO_WIND": 0.0, "WMO_PRES": null, "WMO_AGENCY": null, "TRACK_TYPE": "main", "DIST2LAND": 373, "LANDFALL": 322, "IFLAG": "P______________", "USA_AGENCY": null, "USA_ATCFID": "AL052019", "USA_LAT": 38.1, "USA_LON": -70.0, "USA_RECORD": null, "USA_STATUS": "HU", "USA_WIND": 85.0, "USA_PRES": 956.0, "USA_SSHS": 2, "USA_R34_NE": 225.0, "USA_R34_SE": 220.0, "USA_R34_SW": 175.0, "USA_R34_NW": 140.0, "USA_R50_NE": 115.0, "USA_R50_SE": 145.0, "USA_R50_SW": 90.0, "USA_R50_NW": 85.0, "USA_R64_NE": 55.0, "USA_R64_SE": 65.0, "USA_R64_SW": 55.0, "USA_R64_NW": 25.0, "USA_POCI": 1011.0, "USA_ROCI": 310.0, "USA_RMW": 38.0, "USA_EYE": null, "TOK_LAT": null, "TOK_LON": null, "TOK_GRADE": null, "TOK_WIND": null, "TOK_PRES": null, "TOK_R50_DR": null, "TOK_R50_L": null, "TOK_R50_S": null, "TOK_R30_DR": null, "TOK_R30_L": null, "TOK_R30_S": null, "TOK_LAND": null, "CMA_LAT": null, "CMA_LON": null, "CMA_CAT": null, "CMA_WIND": null, "CMA_PRES": null, "HKO_LAT": null, "HKO_LON": null, "HKO_CAT": null, "HKO_WIND": null, "HKO_PRES": null, "KMA_LAT": null, "KMA_LON": null, "KMA_CAT": null, "KMA_WIND": null, "KMA_PRES": null, "KMA_R50_DR": null, "KMA_R50_L": null, "KMA_R50_S": null, "KMA_R30_DR": null, "KMA_R30_L": null, "KMA_R30_S": null, "NEW_LAT": null, "NEW_LON": null, "NEW_GRADE": null, "NEW_WIND": null, "NEW_PRES": null, "NEW_CI": -999.9, "NEW_DP": null, "NEW_POCI": null, "REU_LAT": null, "REU_LON": null, "REU_TYPE": null, "REU_WIND": null, "REU_PRES": null, "REU_TNUM": -999.9, "REU_CI": -999.9, "REU_RMW": null, "REU_R34_NE": null, "REU_R34_SE": null, "REU_R34_SW": null, "REU_R34_NW": null, "REU_R50_NE": null, "REU_R50_SE": null, "REU_R50_SW": null, "REU_R50_NW": null, "REU_R64_NE": null, "REU_R64_SE": null, "REU_R64_SW": null, "REU_R64_NW": null, "BOM_LAT": null, "BOM_LON": null, "BOM_TYPE": null, "BOM_WIND": null, "BOM_PRES": null, "BOM_TNUM": -999.9, "BOM_CI": -999.9, "BOM_RMW": null, "BOM_R34_NE": null, "BOM_R34_SE": null, "BOM_R34_SW": null, "BOM_R34_NW": null, "BOM_R50_NE": null, "BOM_R50_SE": null, "BOM_R50_SW": null, "BOM_R50_NW": null, "BOM_R64_NE": null, "BOM_R64_SE": null, "BOM_R64_SW": null, "BOM_R64_NW": null, "BOM_ROCI": null, "BOM_POCI": null, "BOM_EYE": null, "BOM_POS_FL": null, "BOM_PRS_FL": null, "NAD_LAT": null, "NAD_LON": null, "NAD_CAT": null, "NAD_WIND": null, "NAD_PRES": null, "WEL_LAT": null, "WEL_LON": null, "WEL_WIND": null, "WEL_PRES": null, "DS8_LAT": null, "DS8_LON": null, "DS8_STAGE": null, "DS8_WIND": null, "DS8_PRES": null, "TD6_LAT": null, "TD6_LON": null, "TD6_STAGE": null, "TD6_WIND": null, "TD6_PRES": null, "TD5_LAT": null, "TD5_LON": null, "TD5_WIND": null, "TD5_PRES": null, "TD5_ROCI": null, "NEU_LAT": null, "NEU_LON": null, "NEU_CLASS": null, "NEU_WIND": null, "NEU_PRES": null, "MLC_LAT": null, "MLC_LON": null, "MLC_CLASS": null, "MLC_WIND": null, "MLC_PRES": null, "USA_GUST": null, "BOM_GUST": null, "BOM_GUSTP": null, "REU_GUST": null, "REU_GUSTP": null, "USA_SEAHGT": 12.0, "USA_SEA_NE": 240.0, "USA_SEA_SE": 400.0, "USA_SEA_SW": 300.0, "USA_SEA_NW": 165.0, "STORM_SPD": 23, "STORM_DR": 50, "year": 2019, "month": 9, "day": 7, "hour": 3, "min": 0 }, "geometry": { "type": "LineString", "coordinates": [ [ -70.0, 38.099998474121094 ], [ -68.9000244140625, 38.900001525878906 ] ] } },
{ "type": "Feature", "properties": { "SID": "2019236N10314", "SEASON": 2019, "NUMBER": 53, "BASIN": "NA", "SUBBASIN": "NA", "NAME": "DORIAN", "ISO_TIME": "2019-09-07 06:00:00", "NATURE": "TS", "LAT": 38.9, "LON": -68.9, "WMO_WIND": 85.0, "WMO_PRES": 955.0, "WMO_AGENCY": "hurdat_atl", "TRACK_TYPE": "main", "DIST2LAND": 325, "LANDFALL": 269, "IFLAG": "O______________", "USA_AGENCY": "hurdat_atl", "USA_ATCFID": "AL052019", "USA_LAT": 38.9, "USA_LON": -68.9, "USA_RECORD": null, "USA_STATUS": "HU", "USA_WIND": 85.0, "USA_PRES": 955.0, "USA_SSHS": 2, "USA_R34_NE": 230.0, "USA_R34_SE": 240.0, "USA_R34_SW": 180.0, "USA_R34_NW": 150.0, "USA_R50_NE": 120.0, "USA_R50_SE": 150.0, "USA_R50_SW": 90.0, "USA_R50_NW": 90.0, "USA_R64_NE": 60.0, "USA_R64_SE": 90.0, "USA_R64_SW": 60.0, "USA_R64_NW": 0.0, "USA_POCI": 1010.0, "USA_ROCI": 310.0, "USA_RMW": 45.0, "USA_EYE": null, "TOK_LAT": null, "TOK_LON": null, "TOK_GRADE": null, "TOK_WIND": null, "TOK_PRES": null, "TOK_R50_DR": null, "TOK_R50_L": null, "TOK_R50_S": null, "TOK_R30_DR": null, "TOK_R30_L": null, "TOK_R30_S": null, "TOK_LAND": null, "CMA_LAT": null, "CMA_LON": null, "CMA_CAT": null, "CMA_WIND": null, "CMA_PRES": null, "HKO_LAT": null, "HKO_LON": null, "HKO_CAT": null, "HKO_WIND": null, "HKO_PRES": null, "KMA_LAT": null, "KMA_LON": null, "KMA_CAT": null, "KMA_WIND": null, "KMA_PRES": null, "KMA_R50_DR": null, "KMA_R50_L": null, "KMA_R50_S": null, "KMA_R30_DR": null, "KMA_R30_L": null, "KMA_R30_S": null, "NEW_LAT": null, "NEW_LON": null, "NEW_GRADE": null, "NEW_WIND": null, "NEW_PRES": null, "NEW_CI": -999.9, "NEW_DP": null, "NEW_POCI": null, "REU_LAT": null, "REU_LON": null, "REU_TYPE": null, "REU_WIND": null, "REU_PRES": null, "REU_TNUM": -999.9, "REU_CI": -999.9, "REU_RMW": null, "REU_R34_NE": null, "REU_R34_SE": null, "REU_R34_SW": null, "REU_R34_NW": null, "REU_R50_NE": null, "REU_R50_SE": null, "REU_R50_SW": null, "REU_R50_NW": null, "REU_R64_NE": null, "REU_R64_SE": null, "REU_R64_SW": null, "REU_R64_NW": null, "BOM_LAT": null, "BOM_LON": null, "BOM_TYPE": null, "BOM_WIND": null, "BOM_PRES": null, "BOM_TNUM": -999.9, "BOM_CI": -999.9, "BOM_RMW": null, "BOM_R34_NE": null, "BOM_R34_SE": null, "BOM_R34_SW": null, "BOM_R34_NW": null, "BOM_R50_NE": null, "BOM_R50_SE": null, "BOM_R50_SW": null, "BOM_R50_NW": null, "BOM_R64_NE": null, "BOM_R64_SE": null, "BOM_R64_SW": null, "BOM_R64_NW": null, "BOM_ROCI": null, "BOM_POCI": null, "BOM_EYE": null, "BOM_POS_FL": null, "BOM_PRS_FL": null, "NAD_LAT": null, "NAD_LON": null, "NAD_CAT": null, "NAD_WIND": null, "NAD_PRES": null, "WEL_LAT": null, "WEL_LON": null, "WEL_WIND": null, "WEL_PRES": null, "DS8_LAT": null, "DS8_LON": null, "DS8_STAGE": null, "DS8_WIND": null, "DS8_PRES": null, "TD6_LAT": null, "TD6_LON": null, "TD6_STAGE": null, "TD6_WIND": null, "TD6_PRES": null, "TD5_LAT": null, "TD5_LON": null, "TD5_WIND": null, "TD5_PRES": null, "TD5_ROCI": null, "NEU_LAT": null, "NEU_LON": null, "NEU_CLASS": null, "NEU_WIND": null, "NEU_PRES": null, "MLC_LAT": null, "MLC_LON": null, "MLC_CLASS": null, "MLC_WIND": null, "MLC_PRES": null, "USA_GUST": 90.0, "BOM_GUST": null, "BOM_GUSTP": null, "REU_GUST": null, "REU_GUSTP": null, "USA_SEAHGT": 12.0, "USA_SEA_NE": 240.0, "USA_SEA_SE": 400.0, "USA_SEA_SW": 300.0, "USA_SEA_NW": 180.0, "STORM_SPD": 24, "STORM_DR": 45, "year": 2019, "month": 9, "day": 7, "hour": 6, "min": 0 }, "geometry": { "type": "LineString", "coordinates": [ [ -68.9000244140625, 38.900001525878906 ], [ -67.9000244140625, 39.799999237060547 ] ] } },
{ "type": "Feature", "properties": { "SID": "2019236N10314", "SEASON": 2019, "NUMBER": 53, "BASIN": "NA", "SUBBASIN": "NA", "NAME": "DORIAN", "ISO_TIME": "2019-09-07 09:00:00", "NATURE": "TS", "LAT": 39.8, "LON": -67.9, "WMO_WIND": 0.0, "WMO_PRES": null, "WMO_AGENCY": null, "TRACK_TYPE": "main", "DIST2LAND": 275, "LANDFALL": 261, "IFLAG": "P______________", "USA_AGENCY": null, "USA_ATCFID": "AL052019", "USA_LAT": 39.8, "USA_LON": -67.9, "USA_RECORD": null, "USA_STATUS": "HU", "USA_WIND": 85.0, "USA_PRES": 955.0, "USA_SSHS": 2, "USA_R34_NE": 240.0, "USA_R34_SE": 240.0, "USA_R34_SW": 185.0, "USA_R34_NW": 150.0, "USA_R50_NE": 120.0, "USA_R50_SE": 150.0, "USA_R50_SW": 90.0, "USA_R50_NW": 90.0, "USA_R64_NE": 60.0, "USA_R64_SE": 90.0, "USA_R64_SW": 65.0, "USA_R64_NW": 0.0, "USA_POCI": 1010.0, "USA_ROCI": 315.0, "USA_RMW": 53.0, "USA_EYE": null, "TOK_LAT": null, "TOK_LON": null, "TOK_GRADE": null, "TOK_WIND": null, "TOK_PRES": null, "TOK_R50_DR": null, "TOK_R50_L": null, "TOK_R50_S": null, "TOK_R30_DR": null, "TOK_R30_L": null, "TOK_R30_S": null, "TOK_LAND": null, "CMA_LAT": null, "CMA_LON": null, "CMA_CAT": null, "CMA_WIND": null, "CMA_PRES": null, "HKO_LAT": null, "HKO_LON": null, "HKO_CAT": null, "HKO_WIND": null, "HKO_PRES": null, "KMA_LAT": null, "KMA_LON": null, "KMA_CAT": null, "KMA_WIND": null, "KMA_PRES": null, "KMA_R50_DR": null, "KMA_R50_L": null, "KMA_R50_S": null, "KMA_R30_DR": null, "KMA_R30_L": null, "KMA_R30_S": null, "NEW_LAT": null, "NEW_LON": null, "NEW_GRADE": null, "NEW_WIND": null, "NEW_PRES": null, "NEW_CI": -999.9, "NEW_DP": null, "NEW_POCI": null, "REU_LAT": null, "REU_LON": null, "REU_TYPE": null, "REU_WIND": null, "REU_PRES": null, "REU_TNUM": -999.9, "REU_CI": -999.9, "REU_RMW": null, "REU_R34_NE": null, "REU_R34_SE": null, "REU_R34_SW": null, "REU_R34_NW": null, "REU_R50_NE": null, "REU_R50_SE": null, "REU_R50_SW": null, "REU_R50_NW": null, "REU_R64_NE": null, "REU_R64_SE": null, "REU_R64_SW": null, "REU_R64_NW": null, "BOM_LAT": null, "BOM_LON": null, "BOM_TYPE": null, "BOM_WIND": null, "BOM_PRES": null, "BOM_TNUM": -999.9, "BOM_CI": -999.9, "BOM_RMW": null, "BOM_R34_NE": null, "BOM_R34_SE": null, "BOM_R34_SW": null, "BOM_R34_NW": null, "BOM_R50_NE": null, "BOM_R50_SE": null, "BOM_R50_SW": null, "BOM_R50_NW": null, "BOM_R64_NE": null, "BOM_R64_SE": null, "BOM_R64_SW": null, "BOM_R64_NW": null, "BOM_ROCI": null, "BOM_POCI": null, "BOM_EYE": null, "BOM_POS_FL": null, "BOM_PRS_FL": null, "NAD_LAT": null, "NAD_LON": null, "NAD_CAT": null, "NAD_WIND": null, "NAD_PRES": null, "WEL_LAT": null, "WEL_LON": null, "WEL_WIND": null, "WEL_PRES": null, "DS8_LAT": null, "DS8_LON": null, "DS8_STAGE": null, "DS8_WIND": null, "DS8_PRES": null, "TD6_LAT": null, "TD6_LON": null, "TD6_STAGE": null, "TD6_WIND": null, "TD6_PRES": null, "TD5_LAT": null, "TD5_LON": null, "TD5_WIND": null, "TD5_PRES": null, "TD5_ROCI": null, "NEU_LAT": null, "NEU_LON": null, "NEU_CLASS": null, "NEU_WIND": null, "NEU_PRES": null, "MLC_LAT": null, "MLC_LON": null, "MLC_CLASS": null, "MLC_WIND": null, "MLC_PRES": null, "USA_GUST": null, "BOM_GUST": null, "BOM_GUSTP": null, "REU_GUST": null, "REU_GUSTP": null, "USA_SEAHGT": 12.0, "USA_SEA_NE": 230.0, "USA_SEA_SE": 440.0, "USA_SEA_SW": 315.0, "USA_SEA_NW": 190.0, "STORM_SPD": 24, "STORM_DR": 40, "year": 2019, "month": 9, "day": 7, "hour": 9, "min": 0 }, "geometry": { "type": "LineString", "coordinates": [ [ -67.9000244140625, 39.799999237060547 ], [ -66.9000244140625, 40.799999237060547 ] ] } },
{ "type": "Feature", "properties": { "SID": "2019236N10314", "SEASON": 2019, "NUMBER": 53, "BASIN": "NA", "SUBBASIN": "NA", "NAME": "DORIAN", "ISO_TIME": "2019-09-07 12:00:00", "NATURE": "TS", "LAT": 40.8, "LON": -66.9, "WMO_WIND": 85.0, "WMO_PRES": 954.0, "WMO_AGENCY": "hurdat_atl", "TRACK_TYPE": "main", "DIST2LAND": 277, "LANDFALL": 200, "IFLAG": "O______________", "USA_AGENCY": "hurdat_atl", "USA_ATCFID": "AL052019", "USA_LAT": 40.8, "USA_LON": -66.9, "USA_RECORD": null, "USA_STATUS": "HU", "USA_WIND": 85.0, "USA_PRES": 954.0, "USA_SSHS": 2, "USA_R34_NE": 250.0, "USA_R34_SE": 240.0, "USA_R34_SW": 190.0, "USA_R34_NW": 150.0, "USA_R50_NE": 120.0, "USA_R50_SE": 150.0, "USA_R50_SW": 90.0, "USA_R50_NW": 90.0, "USA_R64_NE": 60.0, "USA_R64_SE": 90.0, "USA_R64_SW": 70.0, "USA_R64_NW": 0.0, "USA_POCI": 1010.0, "USA_ROCI": 320.0, "USA_RMW": 60.0, "USA_EYE": null, "TOK_LAT": null, "TOK_LON": null, "TOK_GRADE": null, "TOK_WIND": null, "TOK_PRES": null, "TOK_R50_DR": null, "TOK_R50_L": null, "TOK_R50_S": null, "TOK_R30_DR": null, "TOK_R30_L": null, "TOK_R30_S": null, "TOK_LAND": null, "CMA_LAT": null, "CMA_LON": null, "CMA_CAT": null, "CMA_WIND": null, "CMA_PRES": null, "HKO_LAT": null, "HKO_LON": null, "HKO_CAT": null, "HKO_WIND": null, "HKO_PRES": null, "KMA_LAT": null, "KMA_LON": null, "KMA_CAT": null, "KMA_WIND": null, "KMA_PRES": null, "KMA_R50_DR": null, "KMA_R50_L": null, "KMA_R50_S": null, "KMA_R30_DR": null, "KMA_R30_L": null, "KMA_R30_S": null, "NEW_LAT": null, "NEW_LON": null, "NEW_GRADE": null, "NEW_WIND": null, "NEW_PRES": null, "NEW_CI": -999.9, "NEW_DP": null, "NEW_POCI": null, "REU_LAT": null, "REU_LON": null, "REU_TYPE": null, "REU_WIND": null, "REU_PRES": null, "REU_TNUM": -999.9, "REU_CI": -999.9, "REU_RMW": null, "REU_R34_NE": null, "REU_R34_SE": null, "REU_R34_SW": null, "REU_R34_NW": null, "REU_R50_NE": null, "REU_R50_SE": null, "REU_R50_SW": null, "REU_R50_NW": null, "REU_R64_NE": null, "REU_R64_SE": null, "REU_R64_SW": null, "REU_R64_NW": null, "BOM_LAT": null, "BOM_LON": null, "BOM_TYPE": null, "BOM_WIND": null, "BOM_PRES": null, "BOM_TNUM": -999.9, "BOM_CI": -999.9, "BOM_RMW": null, "BOM_R34_NE": null, "BOM_R34_SE": null, "BOM_R34_SW": null, "BOM_R34_NW": null, "BOM_R50_NE": null, "BOM_R50_SE": null, "BOM_R50_SW": null, "BOM_R50_NW": null, "BOM_R64_NE": null, "BOM_R64_SE": null, "BOM_R64_SW": null, "BOM_R64_NW": null, "BOM_ROCI": null, "BOM_POCI": null, "BOM_EYE": null, "BOM_POS_FL": null, "BOM_PRS_FL": null, "NAD_LAT": null, "NAD_LON": null, "NAD_CAT": null, "NAD_WIND": null, "NAD_PRES": null, "WEL_LAT": null, "WEL_LON": null, "WEL_WIND": null, "WEL_PRES": null, "DS8_LAT": null, "DS8_LON": null, "DS8_STAGE": null, "DS8_WIND": null, "DS8_PRES": null, "TD6_LAT": null, "TD6_LON": null, "TD6_STAGE": null, "TD6_WIND": null, "TD6_PRES": null, "TD5_LAT": null, "TD5_LON": null, "TD5_WIND": null, "TD5_PRES": null, "TD5_ROCI": null, "NEU_LAT": null, "NEU_LON": null, "NEU_CLASS": null, "NEU_WIND": null, "NEU_PRES": null, "MLC_LAT": null, "MLC_LON": null, "MLC_CLASS": null, "MLC_WIND": null, "MLC_PRES": null, "USA_GUST": 90.0, "BOM_GUST": null, "BOM_GUSTP": null, "REU_GUST": null, "REU_GUSTP": null, "USA_SEAHGT": 12.0, "USA_SEA_NE": 220.0, "USA_SEA_SE": 480.0, "USA_SEA_SW": 330.0, "USA_SEA_NW": 200.0, "STORM_SPD": 26, "STORM_DR": 40, "year": 2019, "month": 9, "day": 7, "hour": 12, "min": 0 }, "geometry": { "type": "LineString", "coordinates": [ [ -66.9000244140625, 40.799999237060547 ], [ -65.699951171875, 41.799999237060547 ] ] } },
{ "type": "Feature", "properties": { "SID": "2019236N10314", "SEASON": 2019, "NUMBER": 53, "BASIN": "NA", "SUBBASIN": "NA", "NAME": "DORIAN", "ISO_TIME": "2019-09-07 15:00:00", "NATURE": "TS", "LAT": 41.8, "LON": -65.7, "WMO_WIND": 0.0, "WMO_PRES": null, "WMO_AGENCY": null, "TRACK_TYPE": "main", "DIST2LAND": 189, "LANDFALL": 101, "IFLAG": "P______________", "USA_AGENCY": null, "USA_ATCFID": "AL052019", "USA_LAT": 41.8, "USA_LON": -65.7, "USA_RECORD": null, "USA_STATUS": "HU", "USA_WIND": 83.0, "USA_PRES": 954.0, "USA_SSHS": 2, "USA_R34_NE": 260.0, "USA_R34_SE": 240.0, "USA_R34_SW": 195.0, "USA_R34_NW": 150.0, "USA_R50_NE": 125.0, "USA_R50_SE": 150.0, "USA_R50_SW": 95.0, "USA_R50_NW": 90.0, "USA_R64_NE": 30.0, "USA_R64_SE": 95.0, "USA_R64_SW": 75.0, "USA_R64_NW": 0.0, "USA_POCI": 1009.0, "USA_ROCI": 320.0, "USA_RMW": 70.0, "USA_EYE": null, "TOK_LAT": null, "TOK_LON": null, "TOK_GRADE": null, "TOK_WIND": null, "TOK_PRES": null, "TOK_R50_DR": null, "TOK_R50_L": null, "TOK_R50_S": null, "TOK_R30_DR": null, "TOK_R30_L": null, "TOK_R30_S": null, "TOK_LAND": null, "CMA_LAT": null, "CMA_LON": null, "CMA_CAT": null, "CMA_WIND": null, "CMA_PRES": null, "HKO_LAT": null, "HKO_LON": null, "HKO_CAT": null, "HKO_WIND": null, "HKO_PRES": null, "KMA_LAT": null, "KMA_LON": null, "KMA_CAT": null, "KMA_WIND": null, "KMA_PRES": null, "KMA_R50_DR": null, "KMA_R50_L": null, "KMA_R50_S": null, "KMA_R30_DR": null, "KMA_R30_L": null, "KMA_R30_S": null, "NEW_LAT": null, "NEW_LON": null, "NEW_GRADE": null, "NEW_WIND": null, "NEW_PRES": null, "NEW_CI": -999.9, "NEW_DP": null, "NEW_POCI": null, "REU_LAT": null, "REU_LON": null, "REU_TYPE": null, "REU_WIND": null, "REU_PRES": null, "REU_TNUM": -999.9, "REU_CI": -999.9, "REU_RMW": null, "REU_R34_NE": null, "REU_R34_SE": null, "REU_R34_SW": null, "REU_R34_NW": null, "REU_R50_NE": null, "REU_R50_SE": null, "REU_R50_SW": null, "REU_R50_NW": null, "REU_R64_NE": null, "REU_R64_SE": null, "REU_R64_SW": null, "REU_R64_NW": null, "BOM_LAT": null, "BOM_LON": null, "BOM_TYPE": null, "BOM_WIND": null, "BOM_PRES": null, "BOM_TNUM": -999.9, "BOM_CI": -999.9, "BOM_RMW": null, "BOM_R34_NE": null, "BOM_R34_SE": null, "BOM_R34_SW": null, "BOM_R34_NW": null, "BOM_R50_NE": null, "BOM_R50_SE": null, "BOM_R50_SW": null, "BOM_R50_NW": null, "BOM_R64_NE": null, "BOM_R64_SE": null, "BOM_R64_SW": null, "BOM_R64_NW": null, "BOM_ROCI": null, "BOM_POCI": null, "BOM_EYE": null, "BOM_POS_FL": null, "BOM_PRS_FL": null, "NAD_LAT": null, "NAD_LON": null, "NAD_CAT": null, "NAD_WIND": null, "NAD_PRES": null, "WEL_LAT": null, "WEL_LON": null, "WEL_WIND": null, "WEL_PRES": null, "DS8_LAT": null, "DS8_LON": null, "DS8_STAGE": null, "DS8_WIND": null, "DS8_PRES": null, "TD6_LAT": null, "TD6_LON": null, "TD6_STAGE": null, "TD6_WIND": null, "TD6_PRES": null, "TD5_LAT": null, "TD5_LON": null, "TD5_WIND": null, "TD5_PRES": null, "TD5_ROCI": null, "NEU_LAT": null, "NEU_LON": null, "NEU_CLASS": null, "NEU_WIND": null, "NEU_PRES": null, "MLC_LAT": null, "MLC_LON": null, "MLC_CLASS": null, "MLC_WIND": null, "MLC_PRES": null, "USA_GUST": null, "BOM_GUST": null, "BOM_GUSTP": null, "REU_GUST": null, "REU_GUSTP": null, "USA_SEAHGT": 12.0, "USA_SEA_NE": 220.0, "USA_SEA_SE": 480.0, "USA_SEA_SW": 330.0, "USA_SEA_NW": 200.0, "STORM_SPD": 26, "STORM_DR": 40, "year": 2019, "month": 9, "day": 7, "hour": 15, "min": 0 }, "geometry": { "type": "LineString", "coordinates": [ [ -65.699951171875, 41.799999237060547 ], [ -64.5999755859375, 42.799999237060547 ] ] } },
{ "type": "Feature", "properties": { "SID": "2019236N10314", "SEASON": 2019, "NUMBER": 53, "BASIN": "NA", "SUBBASIN": "NA", "NAME": "DORIAN", "ISO_TIME": "2019-09-07 18:00:00", "NATURE": "DS", "LAT": 42.8, "LON": -64.6, "WMO_WIND": 80.0, "WMO_PRES": 954.0, "WMO_AGENCY": "hurdat_atl", "TRACK_TYPE": "main", "DIST2LAND": 96, "LANDFALL": 56, "IFLAG": "O______________", "USA_AGENCY": "hurdat_atl", "USA_ATCFID": "AL052019", "USA_LAT": 42.8, "USA_LON": -64.6, "USA_RECORD": null, "USA_STATUS": "LO", "USA_WIND": 80.0, "USA_PRES": 954.0, "USA_SSHS": -3, "USA_R34_NE": 270.0, "USA_R34_SE": 240.0, "USA_R34_SW": 200.0, "USA_R34_NW": 150.0, "USA_R50_NE": 130.0, "USA_R50_SE": 150.0, "USA_R50_SW": 100.0, "USA_R50_NW": 90.0, "USA_R64_NE": 0.0, "USA_R64_SE": 100.0, "USA_R64_SW": 80.0, "USA_R64_NW": 0.0, "USA_POCI": 1007.0, "USA_ROCI": 320.0, "USA_RMW": 80.0, "USA_EYE": null, "TOK_LAT": null, "TOK_LON": null, "TOK_GRADE": null, "TOK_WIND": null, "TOK_PRES": null, "TOK_R50_DR": null, "TOK_R50_L": null, "TOK_R50_S": null, "TOK_R30_DR": null, "TOK_R30_L": null, "TOK_R30_S": null, "TOK_LAND": null, "CMA_LAT": null, "CMA_LON": null, "CMA_CAT": null, "CMA_WIND": null, "CMA_PRES": null, "HKO_LAT": null, "HKO_LON": null, "HKO_CAT": null, "HKO_WIND": null, "HKO_PRES": null, "KMA_LAT": null, "KMA_LON": null, "KMA_CAT": null, "KMA_WIND": null, "KMA_PRES": null, "KMA_R50_DR": null, "KMA_R50_L": null, "KMA_R50_S": null, "KMA_R30_DR": null, "KMA_R30_L": null, "KMA_R30_S": null, "NEW_LAT": null, "NEW_LON": null, "NEW_GRADE": null, "NEW_WIND": null, "NEW_PRES": null, "NEW_CI": -999.9, "NEW_DP": null, "NEW_POCI": null, "REU_LAT": null, "REU_LON": null, "REU_TYPE": null, "REU_WIND": null, "REU_PRES": null, "REU_TNUM": -999.9, "REU_CI": -999.9, "REU_RMW": null, "REU_R34_NE": null, "REU_R34_SE": null, "REU_R34_SW": null, "REU_R34_NW": null, "REU_R50_NE": null, "REU_R50_SE": null, "REU_R50_SW": null, "REU_R50_NW": null, "REU_R64_NE": null, "REU_R64_SE": null, "REU_R64_SW": null, "REU_R64_NW": null, "BOM_LAT": null, "BOM_LON": null, "BOM_TYPE": null, "BOM_WIND": null, "BOM_PRES": null, "BOM_TNUM": -999.9, "BOM_CI": -999.9, "BOM_RMW": null, "BOM_R34_NE": null, "BOM_R34_SE": null, "BOM_R34_SW": null, "BOM_R34_NW": null, "BOM_R50_NE": null, "BOM_R50_SE": null, "BOM_R50_SW": null, "BOM_R50_NW": null, "BOM_R64_NE": null, "BOM_R64_SE": null, "BOM_R64_SW": null, "BOM_R64_NW": null, "BOM_ROCI": null, "BOM_POCI": null, "BOM_EYE": null, "BOM_POS_FL": null, "BOM_PRS_FL": null, "NAD_LAT": null, "NAD_LON": null, "NAD_CAT": null, "NAD_WIND": null, "NAD_PRES": null, "WEL_LAT": null, "WEL_LON": null, "WEL_WIND": null, "WEL_PRES": null, "DS8_LAT": null, "DS8_LON": null, "DS8_STAGE": null, "DS8_WIND": null, "DS8_PRES": null, "TD6_LAT": null, "TD6_LON": null, "TD6_STAGE": null, "TD6_WIND": null, "TD6_PRES": null, "TD5_LAT": null, "TD5_LON": null, "TD5_WIND": null, "TD5_PRES": null, "TD5_ROCI": null, "NEU_LAT": null, "NEU_LON": null, "NEU_CLASS": null, "NEU_WIND": null, "NEU_PRES": null, "MLC_LAT": null, "MLC_LON": null, "MLC_CLASS": null, "MLC_WIND": null, "MLC_PRES": null, "USA_GUST": 105.0, "BOM_GUST": null, "BOM_GUSTP": null, "REU_GUST": null, "REU_GUSTP": null, "USA_SEAHGT": 12.0, "USA_SEA_NE": 220.0, "USA_SEA_SE": 480.0, "USA_SEA_SW": 330.0, "USA_SEA_NW": 200.0, "STORM_SPD": 27, "STORM_DR": 35, "year": 2019, "month": 9, "day": 7, "hour": 18, "min": 0 }, "geometry": { "type": "LineString", "coordinates": [ [ -64.5999755859375, 42.799999237060547 ], [ -63.699951171875, 44.0 ] ] } },
{ "type": "Feature", "properties": { "SID": "2019236N10314", "SEASON": 2019, "NUMBER": 53, "BASIN": "NA", "SUBBASIN": "NA", "NAME": "DORIAN", "ISO_TIME": "2019-09-07 21:00:00", "NATURE": "DS", "LAT": 44.0, "LON": -63.7, "WMO_WIND": 0.0, "WMO_PRES": null, "WMO_AGENCY": null, "TRACK_TYPE": "main", "DIST2LAND": 45, "LANDFALL": 0, "IFLAG": "P______________", "USA_AGENCY": null, "USA_ATCFID": "AL052019", "USA_LAT": 44.0, "USA_LON": -63.7, "USA_RECORD": null, "USA_STATUS": "LO", "USA_WIND": 80.0, "USA_PRES": 955.0, "USA_SSHS": -3, "USA_R34_NE": 280.0, "USA_R34_SE": 240.0, "USA_R34_SW": 205.0, "USA_R34_NW": 150.0, "USA_R50_NE": 135.0, "USA_R50_SE": 150.0, "USA_R50_SW": 100.0, "USA_R50_NW": 95.0, "USA_R64_NE": 0.0, "USA_R64_SE": 100.0, "USA_R64_SW": 80.0, "USA_R64_NW": 0.0, "USA_POCI": 1007.0, "USA_ROCI": 330.0, "USA_RMW": 80.0, "USA_EYE": null, "TOK_LAT": null, "TOK_LON": null, "TOK_GRADE": null, "TOK_WIND": null, "TOK_PRES": null, "TOK_R50_DR": null, "TOK_R50_L": null, "TOK_R50_S": null, "TOK_R30_DR": null, "TOK_R30_L": null, "TOK_R30_S": null, "TOK_LAND": null, "CMA_LAT": null, "CMA_LON": null, "CMA_CAT": null, "CMA_WIND": null, "CMA_PRES": null, "HKO_LAT": null, "HKO_LON": null, "HKO_CAT": null, "HKO_WIND": null, "HKO_PRES": null, "KMA_LAT": null, "KMA_LON": null, "KMA_CAT": null, "KMA_WIND": null, "KMA_PRES": null, "KMA_R50_DR": null, "KMA_R50_L": null, "KMA_R50_S": null, "KMA_R30_DR": null, "KMA_R30_L": null, "KMA_R30_S": null, "NEW_LAT": null, "NEW_LON": null, "NEW_GRADE": null, "NEW_WIND": null, "NEW_PRES": null, "NEW_CI": -999.9, "NEW_DP": null, "NEW_POCI": null, "REU_LAT": null, "REU_LON": null, "REU_TYPE": null, "REU_WIND": null, "REU_PRES": null, "REU_TNUM": -999.9, "REU_CI": -999.9, "REU_RMW": null, "REU_R34_NE": null, "REU_R34_SE": null, "REU_R34_SW": null, "REU_R34_NW": null, "REU_R50_NE": null, "REU_R50_SE": null, "REU_R50_SW": null, "REU_R50_NW": null, "REU_R64_NE": null, "REU_R64_SE": null, "REU_R64_SW": null, "REU_R64_NW": null, "BOM_LAT": null, "BOM_LON": null, "BOM_TYPE": null, "BOM_WIND": null, "BOM_PRES": null, "BOM_TNUM": -999.9, "BOM_CI": -999.9, "BOM_RMW": null, "BOM_R34_NE": null, "BOM_R34_SE": null, "BOM_R34_SW": null, "BOM_R34_NW": null, "BOM_R50_NE": null, "BOM_R50_SE": null, "BOM_R50_SW": null, "BOM_R50_NW": null, "BOM_R64_NE": null, "BOM_R64_SE": null, "BOM_R64_SW": null, "BOM_R64_NW": null, "BOM_ROCI": null, "BOM_POCI": null, "BOM_EYE": null, "BOM_POS_FL": null, "BOM_PRS_FL": null, "NAD_LAT": null, "NAD_LON": null, "NAD_CAT": null, "NAD_WIND": null, "NAD_PRES": null, "WEL_LAT": null, "WEL_LON": null, "WEL_WIND": null, "WEL_PRES": null, "DS8_LAT": null, "DS8_LON": null, "DS8_STAGE": null, "DS8_WIND": null, "DS8_PRES": null, "TD6_LAT": null, "TD6_LON": null, "TD6_STAGE": null, "TD6_WIND": null, "TD6_PRES": null, "TD5_LAT": null, "TD5_LON": null, "TD5_WIND": null, "TD5_PRES": null, "TD5_ROCI": null, "NEU_LAT": null, "NEU_LON": null, "NEU_CLASS": null, "NEU_WIND": null, "NEU_PRES": null, "MLC_LAT": null, "MLC_LON": null, "MLC_CLASS": null, "MLC_WIND": null, "MLC_PRES": null, "USA_GUST": null, "BOM_GUST": null, "BOM_GUSTP": null, "REU_GUST": null, "REU_GUSTP": null, "USA_SEAHGT": 12.0, "USA_SEA_NE": 290.0, "USA_SEA_SE": 540.0, "USA_SEA_SW": 525.0, "USA_SEA_NW": 220.0, "STORM_SPD": 27, "STORM_DR": 25, "year": 2019, "month": 9, "day": 7, "hour": 21, "min": 0 }, "geometry": { "type": "LineString", "coordinates": [ [ -63.699951171875, 44.0 ], [ -62.9000244140625, 45.200000762939453 ] ] } },
{ "type": "Feature", "properties": { "SID": "2019236N10314", "SEASON": 2019, "NUMBER": 53, "BASIN": "NA", "SUBBASIN": "NA", "NAME": "DORIAN", "ISO_TIME": "2019-09-08 00:00:00", "NATURE": "DS", "LAT": 45.2, "LON": -62.9, "WMO_WIND": 80.0, "WMO_PRES": 956.0, "WMO_AGENCY": "hurdat_atl", "TRACK_TYPE": "main", "DIST2LAND": 0, "LANDFALL": 0, "IFLAG": "O______________", "USA_AGENCY": "hurdat_atl", "USA_ATCFID": "AL052019", "USA_LAT": 45.2, "USA_LON": -62.9, "USA_RECORD": null, "USA_STATUS": "LO", "USA_WIND": 80.0, "USA_PRES": 956.0, "USA_SSHS": -3, "USA_R34_NE": 290.0, "USA_R34_SE": 240.0, "USA_R34_SW": 210.0, "USA_R34_NW": 150.0, "USA_R50_NE": 140.0, "USA_R50_SE": 150.0, "USA_R50_SW": 100.0, "USA_R50_NW": 100.0, "USA_R64_NE": 0.0, "USA_R64_SE": 100.0, "USA_R64_SW": 80.0, "USA_R64_NW": 0.0, "USA_POCI": 1007.0, "USA_ROCI": 340.0, "USA_RMW": 80.0, "USA_EYE": null, "TOK_LAT": null, "TOK_LON": null, "TOK_GRADE": null, "TOK_WIND": null, "TOK_PRES": null, "TOK_R50_DR": null, "TOK_R50_L": null, "TOK_R50_S": null, "TOK_R30_DR": null, "TOK_R30_L": null, "TOK_R30_S": null, "TOK_LAND": null, "CMA_LAT": null, "CMA_LON": null, "CMA_CAT": null, "CMA_WIND": null, "CMA_PRES": null, "HKO_LAT": null, "HKO_LON": null, "HKO_CAT": null, "HKO_WIND": null, "HKO_PRES": null, "KMA_LAT": null, "KMA_LON": null, "KMA_CAT": null, "KMA_WIND": null, "KMA_PRES": null, "KMA_R50_DR": null, "KMA_R50_L": null, "KMA_R50_S": null, "KMA_R30_DR": null, "KMA_R30_L": null, "KMA_R30_S": null, "NEW_LAT": null, "NEW_LON": null, "NEW_GRADE": null, "NEW_WIND": null, "NEW_PRES": null, "NEW_CI": -999.9, "NEW_DP": null, "NEW_POCI": null, "REU_LAT": null, "REU_LON": null, "REU_TYPE": null, "REU_WIND": null, "REU_PRES": null, "REU_TNUM": -999.9, "REU_CI": -999.9, "REU_RMW": null, "REU_R34_NE": null, "REU_R34_SE": null, "REU_R34_SW": null, "REU_R34_NW": null, "REU_R50_NE": null, "REU_R50_SE": null, "REU_R50_SW": null, "REU_R50_NW": null, "REU_R64_NE": null, "REU_R64_SE": null, "REU_R64_SW": null, "REU_R64_NW": null, "BOM_LAT": null, "BOM_LON": null, "BOM_TYPE": null, "BOM_WIND": null, "BOM_PRES": null, "BOM_TNUM": -999.9, "BOM_CI": -999.9, "BOM_RMW": null, "BOM_R34_NE": null, "BOM_R34_SE": null, "BOM_R34_SW": null, "BOM_R34_NW": null, "BOM_R50_NE": null, "BOM_R50_SE": null, "BOM_R50_SW": null, "BOM_R50_NW": null, "BOM_R64_NE": null, "BOM_R64_SE": null, "BOM_R64_SW": null, "BOM_R64_NW": null, "BOM_ROCI": null, "BOM_POCI": null, "BOM_EYE": null, "BOM_POS_FL": null, "BOM_PRS_FL": null, "NAD_LAT": null, "NAD_LON": null, "NAD_CAT": null, "NAD_WIND": null, "NAD_PRES": null, "WEL_LAT": null, "WEL_LON": null, "WEL_WIND": null, "WEL_PRES": null, "DS8_LAT": null, "DS8_LON": null, "DS8_STAGE": null, "DS8_WIND": null, "DS8_PRES": null, "TD6_LAT": null, "TD6_LON": null, "TD6_STAGE": null, "TD6_WIND": null, "TD6_PRES": null, "TD5_LAT": null, "TD5_LON": null, "TD5_WIND": null, "TD5_PRES": null, "TD5_ROCI": null, "NEU_LAT": null, "NEU_LON": null, "NEU_CLASS": null, "NEU_WIND": null, "NEU_PRES": null, "MLC_LAT": null, "MLC_LON": null, "MLC_CLASS": null, "MLC_WIND": null, "MLC_PRES": null, "USA_GUST": 100.0, "BOM_GUST": null, "BOM_GUSTP": null, "REU_GUST": null, "REU_GUSTP": null, "USA_SEAHGT": 12.0, "USA_SEA_NE": 360.0, "USA_SEA_SE": 600.0, "USA_SEA_SW": 720.0, "USA_SEA_NW": 240.0, "STORM_SPD": 26, "STORM_DR": 20, "year": 2019, "month": 9, "day": 8, "hour": 0, "min": 0 }, "geometry": { "type": "LineString", "coordinates": [ [ -62.9000244140625, 45.200000762939453 ], [ -62.4000244140625, 46.400001525878906 ] ] } },
{ "type": "Feature", "properties": { "SID": "2019236N10314", "SEASON": 2019, "NUMBER": 53, "BASIN": "NA", "SUBBASIN": "NA", "NAME": "DORIAN", "ISO_TIME": "2019-09-08 03:00:00", "NATURE": "DS", "LAT": 46.4, "LON": -62.4, "WMO_WIND": 0.0, "WMO_PRES": null, "WMO_AGENCY": null, "TRACK_TYPE": "main", "DIST2LAND": 0, "LANDFALL": 0, "IFLAG": "P______________", "USA_AGENCY": null, "USA_ATCFID": "AL052019", "USA_LAT": 46.4, "USA_LON": -62.4, "USA_RECORD": null, "USA_STATUS": "LO", "USA_WIND": 78.0, "USA_PRES": 958.0, "USA_SSHS": -3, "USA_R34_NE": 295.0, "USA_R34_SE": 270.0, "USA_R34_SW": 210.0, "USA_R34_NW": 155.0, "USA_R50_NE": 140.0, "USA_R50_SE": 150.0, "USA_R50_SW": 100.0, "USA_R50_NW": 100.0, "USA_R64_NE": 0.0, "USA_R64_SE": 90.0, "USA_R64_SW": 80.0, "USA_R64_NW": 0.0, "USA_POCI": 1008.0, "USA_ROCI": 340.0, "USA_RMW": 80.0, "USA_EYE": null, "TOK_LAT": null, "TOK_LON": null, "TOK_GRADE": null, "TOK_WIND": null, "TOK_PRES": null, "TOK_R50_DR": null, "TOK_R50_L": null, "TOK_R50_S": null, "TOK_R30_DR": null, "TOK_R30_L": null, "TOK_R30_S": null, "TOK_LAND": null, "CMA_LAT": null, "CMA_LON": null, "CMA_CAT": null, "CMA_WIND": null, "CMA_PRES": null, "HKO_LAT": null, "HKO_LON": null, "HKO_CAT": null, "HKO_WIND": null, "HKO_PRES": null, "KMA_LAT": null, "KMA_LON": null, "KMA_CAT": null, "KMA_WIND": null, "KMA_PRES": null, "KMA_R50_DR": null, "KMA_R50_L": null, "KMA_R50_S": null, "KMA_R30_DR": null, "KMA_R30_L": null, "KMA_R30_S": null, "NEW_LAT": null, "NEW_LON": null, "NEW_GRADE": null, "NEW_WIND": null, "NEW_PRES": null, "NEW_CI": -999.9, "NEW_DP": null, "NEW_POCI": null, "REU_LAT": null, "REU_LON": null, "REU_TYPE": null, "REU_WIND": null, "REU_PRES": null, "REU_TNUM": -999.9, "REU_CI": -999.9, "REU_RMW": null, "REU_R34_NE": null, "REU_R34_SE": null, "REU_R34_SW": null, "REU_R34_NW": null, "REU_R50_NE": null, "REU_R50_SE": null, "REU_R50_SW": null, "REU_R50_NW": null, "REU_R64_NE": null, "REU_R64_SE": null, "REU_R64_SW": null, "REU_R64_NW": null, "BOM_LAT": null, "BOM_LON": null, "BOM_TYPE": null, "BOM_WIND": null, "BOM_PRES": null, "BOM_TNUM": -999.9, "BOM_CI": -999.9, "BOM_RMW": null, "BOM_R34_NE": null, "BOM_R34_SE": null, "BOM_R34_SW": null, "BOM_R34_NW": null, "BOM_R50_NE": null, "BOM_R50_SE": null, "BOM_R50_SW": null, "BOM_R50_NW": null, "BOM_R64_NE": null, "BOM_R64_SE": null, "BOM_R64_SW": null, "BOM_R64_NW": null, "BOM_ROCI": null, "BOM_POCI": null, "BOM_EYE": null, "BOM_POS_FL": null, "BOM_PRS_FL": null, "NAD_LAT": null, "NAD_LON": null, "NAD_CAT": null, "NAD_WIND": null, "NAD_PRES": null, "WEL_LAT": null, "WEL_LON": null, "WEL_WIND": null, "WEL_PRES": null, "DS8_LAT": null, "DS8_LON": null, "DS8_STAGE": null, "DS8_WIND": null, "DS8_PRES": null, "TD6_LAT": null, "TD6_LON": null, "TD6_STAGE": null, "TD6_WIND": null, "TD6_PRES": null, "TD5_LAT": null, "TD5_LON": null, "TD5_WIND": null, "TD5_PRES": null, "TD5_ROCI": null, "NEU_LAT": null, "NEU_LON": null, "NEU_CLASS": null, "NEU_WIND": null, "NEU_PRES": null, "MLC_LAT": null, "MLC_LON": null, "MLC_CLASS": null, "MLC_WIND": null, "MLC_PRES": null, "USA_GUST": null, "BOM_GUST": null, "BOM_GUSTP": null, "REU_GUST": null, "REU_GUSTP": null, "USA_SEAHGT": 12.0, "USA_SEA_NE": 340.0, "USA_SEA_SE": 600.0, "USA_SEA_SW": 690.0, "USA_SEA_NW": 240.0, "STORM_SPD": 25, "STORM_DR": 15, "year": 2019, "month": 9, "day": 8, "hour": 3, "min": 0 }, "geometry": { "type": "LineString", "coordinates": [ [ -62.4000244140625, 46.400001525878906 ], [ -61.9000244140625, 47.599998474121094 ] ] } },
{ "type": "Feature", "properties": { "SID": "2019236N10314", "SEASON": 2019, "NUMBER": 53, "BASIN": "NA", "SUBBASIN": "NA", "NAME": "DORIAN", "ISO_TIME": "2019-09-08 06:00:00", "NATURE": "ET", "LAT": 47.6, "LON": -61.9, "WMO_WIND": 75.0, "WMO_PRES": 960.0, "WMO_AGENCY": "hurdat_atl", "TRACK_TYPE": "main", "DIST2LAND": 119, "LANDFALL": 72, "IFLAG": "O______________", "USA_AGENCY": "hurdat_atl", "USA_ATCFID": "AL052019", "USA_LAT": 47.6, "USA_LON": -61.9, "USA_RECORD": null, "USA_STATUS": "EX", "USA_WIND": 75.0, "USA_PRES": 960.0, "USA_SSHS": -4, "USA_R34_NE": 300.0, "USA_R34_SE": 300.0, "USA_R34_SW": 210.0, "USA_R34_NW": 160.0, "USA_R50_NE": 140.0, "USA_R50_SE": 150.0, "USA_R50_SW": 100.0, "USA_R50_NW": 100.0, "USA_R64_NE": 0.0, "USA_R64_SE": 80.0, "USA_R64_SW": 80.0, "USA_R64_NW": 0.0, "USA_POCI": 1008.0, "USA_ROCI": 340.0, "USA_RMW": 80.0, "USA_EYE": null, "TOK_LAT": null, "TOK_LON": null, "TOK_GRADE": null, "TOK_WIND": null, "TOK_PRES": null, "TOK_R50_DR": null, "TOK_R50_L": null, "TOK_R50_S": null, "TOK_R30_DR": null, "TOK_R30_L": null, "TOK_R30_S": null, "TOK_LAND": null, "CMA_LAT": null, "CMA_LON": null, "CMA_CAT": null, "CMA_WIND": null, "CMA_PRES": null, "HKO_LAT": null, "HKO_LON": null, "HKO_CAT": null, "HKO_WIND": null, "HKO_PRES": null, "KMA_LAT": null, "KMA_LON": null, "KMA_CAT": null, "KMA_WIND": null, "KMA_PRES": null, "KMA_R50_DR": null, "KMA_R50_L": null, "KMA_R50_S": null, "KMA_R30_DR": null, "KMA_R30_L": null, "KMA_R30_S": null, "NEW_LAT": null, "NEW_LON": null, "NEW_GRADE": null, "NEW_WIND": null, "NEW_PRES": null, "NEW_CI": -999.9, "NEW_DP": null, "NEW_POCI": null, "REU_LAT": null, "REU_LON": null, "REU_TYPE": null, "REU_WIND": null, "REU_PRES": null, "REU_TNUM": -999.9, "REU_CI": -999.9, "REU_RMW": null, "REU_R34_NE": null, "REU_R34_SE": null, "REU_R34_SW": null, "REU_R34_NW": null, "REU_R50_NE": null, "REU_R50_SE": null, "REU_R50_SW": null, "REU_R50_NW": null, "REU_R64_NE": null, "REU_R64_SE": null, "REU_R64_SW": null, "REU_R64_NW": null, "BOM_LAT": null, "BOM_LON": null, "BOM_TYPE": null, "BOM_WIND": null, "BOM_PRES": null, "BOM_TNUM": -999.9, "BOM_CI": -999.9, "BOM_RMW": null, "BOM_R34_NE": null, "BOM_R34_SE": null, "BOM_R34_SW": null, "BOM_R34_NW": null, "BOM_R50_NE": null, "BOM_R50_SE": null, "BOM_R50_SW": null, "BOM_R50_NW": null, "BOM_R64_NE": null, "BOM_R64_SE": null, "BOM_R64_SW": null, "BOM_R64_NW": null, "BOM_ROCI": null, "BOM_POCI": null, "BOM_EYE": null, "BOM_POS_FL": null, "BOM_PRS_FL": null, "NAD_LAT": null, "NAD_LON": null, "NAD_CAT": null, "NAD_WIND": null, "NAD_PRES": null, "WEL_LAT": null, "WEL_LON": null, "WEL_WIND": null, "WEL_PRES": null, "DS8_LAT": null, "DS8_LON": null, "DS8_STAGE": null, "DS8_WIND": null, "DS8_PRES": null, "TD6_LAT": null, "TD6_LON": null, "TD6_STAGE": null, "TD6_WIND": null, "TD6_PRES": null, "TD5_LAT": null, "TD5_LON": null, "TD5_WIND": null, "TD5_PRES": null, "TD5_ROCI": null, "NEU_LAT": null, "NEU_LON": null, "NEU_CLASS": null, "NEU_WIND": null, "NEU_PRES": null, "MLC_LAT": null, "MLC_LON": null, "MLC_CLASS": null, "MLC_WIND": null, "MLC_PRES": null, "USA_GUST": 90.0, "BOM_GUST": null, "BOM_GUSTP": null, "REU_GUST": null, "REU_GUSTP": null, "USA_SEAHGT": 12.0, "USA_SEA_NE": 320.0, "USA_SEA_SE": 600.0, "USA_SEA_SW": 660.0, "USA_SEA_NW": 240.0, "STORM_SPD": 23, "STORM_DR": 20, "year": 2019, "month": 9, "day": 8, "hour": 6, "min": 0 }, "geometry": { "type": "LineString", "coordinates": [ [ -61.9000244140625, 47.599998474121094 ], [ -61.300048828125, 48.599998474121094 ] ] } },
{ "type": "Feature", "properties": { "SID": "2019236N10314", "SEASON": 2019, "NUMBER": 53, "BASIN": "NA", "SUBBASIN": "NA", "NAME": "DORIAN", "ISO_TIME": "2019-09-08 09:00:00", "NATURE": "ET", "LAT": 48.6, "LON": -61.3, "WMO_WIND": 0.0, "WMO_PRES": null, "WMO_AGENCY": null, "TRACK_TYPE": "main", "DIST2LAND": 62, "LANDFALL": 54, "IFLAG": "P______________", "USA_AGENCY": null, "USA_ATCFID": "AL052019", "USA_LAT": 48.6, "USA_LON": -61.3, "USA_RECORD": null, "USA_STATUS": "EX", "USA_WIND": 73.0, "USA_PRES": 961.0, "USA_SSHS": -4, "USA_R34_NE": 300.0, "USA_R34_SE": 300.0, "USA_R34_SW": 210.0, "USA_R34_NW": 160.0, "USA_R50_NE": 140.0, "USA_R50_SE": 150.0, "USA_R50_SW": 100.0, "USA_R50_NW": 100.0, "USA_R64_NE": 0.0, "USA_R64_SE": 80.0, "USA_R64_SW": 80.0, "USA_R64_NW": 0.0, "USA_POCI": 1008.0, "USA_ROCI": 345.0, "USA_RMW": 80.0, "USA_EYE": null, "TOK_LAT": null, "TOK_LON": null, "TOK_GRADE": null, "TOK_WIND": null, "TOK_PRES": null, "TOK_R50_DR": null, "TOK_R50_L": null, "TOK_R50_S": null, "TOK_R30_DR": null, "TOK_R30_L": null, "TOK_R30_S": null, "TOK_LAND": null, "CMA_LAT": null, "CMA_LON": null, "CMA_CAT": null, "CMA_WIND": null, "CMA_PRES": null, "HKO_LAT": null, "HKO_LON": null, "HKO_CAT": null, "HKO_WIND": null, "HKO_PRES": null, "KMA_LAT": null, "KMA_LON": null, "KMA_CAT": null, "KMA_WIND": null, "KMA_PRES": null, "KMA_R50_DR": null, "KMA_R50_L": null, "KMA_R50_S": null, "KMA_R30_DR": null, "KMA_R30_L": null, "KMA_R30_S": null, "NEW_LAT": null, "NEW_LON": null, "NEW_GRADE": null, "NEW_WIND": null, "NEW_PRES": null, "NEW_CI": -999.9, "NEW_DP": null, "NEW_POCI": null, "REU_LAT": null, "REU_LON": null, "REU_TYPE": null, "REU_WIND": null, "REU_PRES": null, "REU_TNUM": -999.9, "REU_CI": -999.9, "REU_RMW": null, "REU_R34_NE": null, "REU_R34_SE": null, "REU_R34_SW": null, "REU_R34_NW": null, "REU_R50_NE": null, "REU_R50_SE": null, "REU_R50_SW": null, "REU_R50_NW": null, "REU_R64_NE": null, "REU_R64_SE": null, "REU_R64_SW": null, "REU_R64_NW": null, "BOM_LAT": null, "BOM_LON": null, "BOM_TYPE": null, "BOM_WIND": null, "BOM_PRES": null, "BOM_TNUM": -999.9, "BOM_CI": -999.9, "BOM_RMW": null, "BOM_R34_NE": null, "BOM_R34_SE": null, "BOM_R34_SW": null, "BOM_R34_NW": null, "BOM_R50_NE": null, "BOM_R50_SE": null, "BOM_R50_SW": null, "BOM_R50_NW": null, "BOM_R64_NE": null, "BOM_R64_SE": null, "BOM_R64_SW": null, "BOM_R64_NW": null, "BOM_ROCI": null, "BOM_POCI": null, "BOM_EYE": null, "BOM_POS_FL": null, "BOM_PRS_FL": null, "NAD_LAT": null, "NAD_LON": null, "NAD_CAT": null, "NAD_WIND": null, "NAD_PRES": null, "WEL_LAT": null, "WEL_LON": null, "WEL_WIND": null, "WEL_PRES": null, "DS8_LAT": null, "DS8_LON": null, "DS8_STAGE": null, "DS8_WIND": null, "DS8_PRES": null, "TD6_LAT": null, "TD6_LON": null, "TD6_STAGE": null, "TD6_WIND": null, "TD6_PRES": null, "TD5_LAT": null, "TD5_LON": null, "TD5_WIND": null, "TD5_PRES": null, "TD5_ROCI": null, "NEU_LAT": null, "NEU_LON": null, "NEU_CLASS": null, "NEU_WIND": null, "NEU_PRES": null, "MLC_LAT": null, "MLC_LON": null, "MLC_CLASS": null, "MLC_WIND": null, "MLC_PRES": null, "USA_GUST": null, "BOM_GUST": null, "BOM_GUSTP": null, "REU_GUST": null, "REU_GUSTP": null, "USA_SEAHGT": 12.0, "USA_SEA_NE": 340.0, "USA_SEA_SE": 600.0, "USA_SEA_SW": 660.0, "USA_SEA_NW": 230.0, "STORM_SPD": 21, "STORM_DR": 30, "year": 2019, "month": 9, "day": 8, "hour": 9, "min": 0 }, "geometry": { "type": "LineString", "coordinates": [ [ -61.300048828125, 48.599998474121094 ], [ -60.4000244140625, 49.400001525878906 ] ] } },
{ "type": "Feature", "properties": { "SID": "2019236N10314", "SEASON": 2019, "NUMBER": 53, "BASIN": "NA", "SUBBASIN": "NA", "NAME": "DORIAN", "ISO_TIME": "2019-09-08 12:00:00", "NATURE": "ET", "LAT": 49.4, "LON": -60.4, "WMO_WIND": 70.0, "WMO_PRES": 962.0, "WMO_AGENCY": "hurdat_atl", "TRACK_TYPE": "main", "DIST2LAND": 89, "LANDFALL": 30, "IFLAG": "O______________", "USA_AGENCY": "hurdat_atl", "USA_ATCFID": "AL052019", "USA_LAT": 49.4, "USA_LON": -60.4, "USA_RECORD": null, "USA_STATUS": "EX", "USA_WIND": 70.0, "USA_PRES": 962.0, "USA_SSHS": -4, "USA_R34_NE": 300.0, "USA_R34_SE": 300.0, "USA_R34_SW": 210.0, "USA_R34_NW": 160.0, "USA_R50_NE": 140.0, "USA_R50_SE": 150.0, "USA_R50_SW": 100.0, "USA_R50_NW": 100.0, "USA_R64_NE": 0.0, "USA_R64_SE": 80.0, "USA_R64_SW": 80.0, "USA_R64_NW": 0.0, "USA_POCI": 1008.0, "USA_ROCI": 350.0, "USA_RMW": 80.0, "USA_EYE": null, "TOK_LAT": null, "TOK_LON": null, "TOK_GRADE": null, "TOK_WIND": null, "TOK_PRES": null, "TOK_R50_DR": null, "TOK_R50_L": null, "TOK_R50_S": null, "TOK_R30_DR": null, "TOK_R30_L": null, "TOK_R30_S": null, "TOK_LAND": null, "CMA_LAT": null, "CMA_LON": null, "CMA_CAT": null, "CMA_WIND": null, "CMA_PRES": null, "HKO_LAT": null, "HKO_LON": null, "HKO_CAT": null, "HKO_WIND": null, "HKO_PRES": null, "KMA_LAT": null, "KMA_LON": null, "KMA_CAT": null, "KMA_WIND": null, "KMA_PRES": null, "KMA_R50_DR": null, "KMA_R50_L": null, "KMA_R50_S": null, "KMA_R30_DR": null, "KMA_R30_L": null, "KMA_R30_S": null, "NEW_LAT": null, "NEW_LON": null, "NEW_GRADE": null, "NEW_WIND": null, "NEW_PRES": null, "NEW_CI": -999.9, "NEW_DP": null, "NEW_POCI": null, "REU_LAT": null, "REU_LON": null, "REU_TYPE": null, "REU_WIND": null, "REU_PRES": null, "REU_TNUM": -999.9, "REU_CI": -999.9, "REU_RMW": null, "REU_R34_NE": null, "REU_R34_SE": null, "REU_R34_SW": null, "REU_R34_NW": null, "REU_R50_NE": null, "REU_R50_SE": null, "REU_R50_SW": null, "REU_R50_NW": null, "REU_R64_NE": null, "REU_R64_SE": null, "REU_R64_SW": null, "REU_R64_NW": null, "BOM_LAT": null, "BOM_LON": null, "BOM_TYPE": null, "BOM_WIND": null, "BOM_PRES": null, "BOM_TNUM": -999.9, "BOM_CI": -999.9, "BOM_RMW": null, "BOM_R34_NE": null, "BOM_R34_SE": null, "BOM_R34_SW": null, "BOM_R34_NW": null, "BOM_R50_NE": null, "BOM_R50_SE": null, "BOM_R50_SW": null, "BOM_R50_NW": null, "BOM_R64_NE": null, "BOM_R64_SE": null, "BOM_R64_SW": null, "BOM_R64_NW": null, "BOM_ROCI": null, "BOM_POCI": null, "BOM_EYE": null, "BOM_POS_FL": null, "BOM_PRS_FL": null, "NAD_LAT": null, "NAD_LON": null, "NAD_CAT": null, "NAD_WIND": null, "NAD_PRES": null, "WEL_LAT": null, "WEL_LON": null, "WEL_WIND": null, "WEL_PRES": null, "DS8_LAT": null, "DS8_LON": null, "DS8_STAGE": null, "DS8_WIND": null, "DS8_PRES": null, "TD6_LAT": null, "TD6_LON": null, "TD6_STAGE": null, "TD6_WIND": null, "TD6_PRES": null, "TD5_LAT": null, "TD5_LON": null, "TD5_WIND": null, "TD5_PRES": null, "TD5_ROCI": null, "NEU_LAT": null, "NEU_LON": null, "NEU_CLASS": null, "NEU_WIND": null, "NEU_PRES": null, "MLC_LAT": null, "MLC_LON": null, "MLC_CLASS": null, "MLC_WIND": null, "MLC_PRES": null, "USA_GUST": 85.0, "BOM_GUST": null, "BOM_GUSTP": null, "REU_GUST": null, "REU_GUSTP": null, "USA_SEAHGT": 12.0, "USA_SEA_NE": 360.0, "USA_SEA_SE": 600.0, "USA_SEA_SW": 660.0, "USA_SEA_NW": 220.0, "STORM_SPD": 21, "STORM_DR": 40, "year": 2019, "month": 9, "day": 8, "hour": 12, "min": 0 }, "geometry": { "type": "LineString", "coordinates": [ [ -60.4000244140625, 49.400001525878906 ], [ -59.300048828125, 50.200000762939453 ] ] } },
{ "type": "Feature", "properties": { "SID": "2019236N10314", "SEASON": 2019, "NUMBER": 53, "BASIN": "NA", "SUBBASIN": "NA", "NAME": "DORIAN", "ISO_TIME": "2019-09-08 15:00:00", "NATURE": "ET", "LAT": 50.2, "LON": -59.3, "WMO_WIND": 0.0, "WMO_PRES": null, "WMO_AGENCY": null, "TRACK_TYPE": "main", "DIST2LAND": 34, "LANDFALL": 30, "IFLAG": "P______________", "USA_AGENCY": null, "USA_ATCFID": "AL052019", "USA_LAT": 50.2, "USA_LON": -59.3, "USA_RECORD": null, "USA_STATUS": "EX", "USA_WIND": 65.0, "USA_PRES": 964.0, "USA_SSHS": -4, "USA_R34_NE": 300.0, "USA_R34_SE": 305.0, "USA_R34_SW": 210.0, "USA_R34_NW": 120.0, "USA_R50_NE": 70.0, "USA_R50_SE": 120.0, "USA_R50_SW": 95.0, "USA_R50_NW": 50.0, "USA_R64_NE": null, "USA_R64_SE": 40.0, "USA_R64_SW": 40.0, "USA_R64_NW": null, "USA_POCI": 1008.0, "USA_ROCI": 355.0, "USA_RMW": 80.0, "USA_EYE": null, "TOK_LAT": null, "TOK_LON": null, "TOK_GRADE": null, "TOK_WIND": null, "TOK_PRES": null, "TOK_R50_DR": null, "TOK_R50_L": null, "TOK_R50_S": null, "TOK_R30_DR": null, "TOK_R30_L": null, "TOK_R30_S": null, "TOK_LAND": null, "CMA_LAT": null, "CMA_LON": null, "CMA_CAT": null, "CMA_WIND": null, "CMA_PRES": null, "HKO_LAT": null, "HKO_LON": null, "HKO_CAT": null, "HKO_WIND": null, "HKO_PRES": null, "KMA_LAT": null, "KMA_LON": null, "KMA_CAT": null, "KMA_WIND": null, "KMA_PRES": null, "KMA_R50_DR": null, "KMA_R50_L": null, "KMA_R50_S": null, "KMA_R30_DR": null, "KMA_R30_L": null, "KMA_R30_S": null, "NEW_LAT": null, "NEW_LON": null, "NEW_GRADE": null, "NEW_WIND": null, "NEW_PRES": null, "NEW_CI": -999.9, "NEW_DP": null, "NEW_POCI": null, "REU_LAT": null, "REU_LON": null, "REU_TYPE": null, "REU_WIND": null, "REU_PRES": null, "REU_TNUM": -999.9, "REU_CI": -999.9, "REU_RMW": null, "REU_R34_NE": null, "REU_R34_SE": null, "REU_R34_SW": null, "REU_R34_NW": null, "REU_R50_NE": null, "REU_R50_SE": null, "REU_R50_SW": null, "REU_R50_NW": null, "REU_R64_NE": null, "REU_R64_SE": null, "REU_R64_SW": null, "REU_R64_NW": null, "BOM_LAT": null, "BOM_LON": null, "BOM_TYPE": null, "BOM_WIND": null, "BOM_PRES": null, "BOM_TNUM": -999.9, "BOM_CI": -999.9, "BOM_RMW": null, "BOM_R34_NE": null, "BOM_R34_SE": null, "BOM_R34_SW": null, "BOM_R34_NW": null, "BOM_R50_NE": null, "BOM_R50_SE": null, "BOM_R50_SW": null, "BOM_R50_NW": null, "BOM_R64_NE": null, "BOM_R64_SE": null, "BOM_R64_SW": null, "BOM_R64_NW": null, "BOM_ROCI": null, "BOM_POCI": null, "BOM_EYE": null, "BOM_POS_FL": null, "BOM_PRS_FL": null, "NAD_LAT": null, "NAD_LON": null, "NAD_CAT": null, "NAD_WIND": null, "NAD_PRES": null, "WEL_LAT": null, "WEL_LON": null, "WEL_WIND": null, "WEL_PRES": null, "DS8_LAT": null, "DS8_LON": null, "DS8_STAGE": null, "DS8_WIND": null, "DS8_PRES": null, "TD6_LAT": null, "TD6_LON": null, "TD6_STAGE": null, "TD6_WIND": null, "TD6_PRES": null, "TD5_LAT": null, "TD5_LON": null, "TD5_WIND": null, "TD5_PRES": null, "TD5_ROCI": null, "NEU_LAT": null, "NEU_LON": null, "NEU_CLASS": null, "NEU_WIND": null, "NEU_PRES": null, "MLC_LAT": null, "MLC_LON": null, "MLC_CLASS": null, "MLC_WIND": null, "MLC_PRES": null, "USA_GUST": null, "BOM_GUST": null, "BOM_GUSTP": null, "REU_GUST": null, "REU_GUSTP": null, "USA_SEAHGT": 12.0, "USA_SEA_NE": 360.0, "USA_SEA_SE": null, "USA_SEA_SW": 720.0, "USA_SEA_NW": 220.0, "STORM_SPD": 21, "STORM_DR": 50, "year": 2019, "month": 9, "day": 8, "hour": 15, "min": 0 }, "geometry": { "type": "LineString", "coordinates": [ [ -59.300048828125, 50.200000762939453 ], [ -57.9000244140625, 50.799999237060547 ] ] } },
{ "type": "Feature", "properties": { "SID": "2019236N10314", "SEASON": 2019, "NUMBER": 53, "BASIN": "NA", "SUBBASIN": "NA", "NAME": "DORIAN", "ISO_TIME": "2019-09-08 18:00:00", "NATURE": "ET", "LAT": 50.8, "LON": -57.9, "WMO_WIND": 60.0, "WMO_PRES": 966.0, "WMO_AGENCY": "hurdat_atl", "TRACK_TYPE": "main", "DIST2LAND": 36, "LANDFALL": 0, "IFLAG": "O______________", "USA_AGENCY": "hurdat_atl", "USA_ATCFID": "AL052019", "USA_LAT": 50.8, "USA_LON": -57.9, "USA_RECORD": null, "USA_STATUS": "EX", "USA_WIND": 60.0, "USA_PRES": 966.0, "USA_SSHS": -4, "USA_R34_NE": 300.0, "USA_R34_SE": 310.0, "USA_R34_SW": 210.0, "USA_R34_NW": 80.0, "USA_R50_NE": 0.0, "USA_R50_SE": 90.0, "USA_R50_SW": 90.0, "USA_R50_NW": 0.0, "USA_R64_NE": null, "USA_R64_SE": null, "USA_R64_SW": null, "USA_R64_NW": null, "USA_POCI": 1008.0, "USA_ROCI": 360.0, "USA_RMW": 80.0, "USA_EYE": null, "TOK_LAT": null, "TOK_LON": null, "TOK_GRADE": null, "TOK_WIND": null, "TOK_PRES": null, "TOK_R50_DR": null, "TOK_R50_L": null, "TOK_R50_S": null, "TOK_R30_DR": null, "TOK_R30_L": null, "TOK_R30_S": null, "TOK_LAND": null, "CMA_LAT": null, "CMA_LON": null, "CMA_CAT": null, "CMA_WIND": null, "CMA_PRES": null, "HKO_LAT": null, "HKO_LON": null, "HKO_CAT": null, "HKO_WIND": null, "HKO_PRES": null, "KMA_LAT": null, "KMA_LON": null, "KMA_CAT": null, "KMA_WIND": null, "KMA_PRES": null, "KMA_R50_DR": null, "KMA_R50_L": null, "KMA_R50_S": null, "KMA_R30_DR": null, "KMA_R30_L": null, "KMA_R30_S": null, "NEW_LAT": null, "NEW_LON": null, "NEW_GRADE": null, "NEW_WIND": null, "NEW_PRES": null, "NEW_CI": -999.9, "NEW_DP": null, "NEW_POCI": null, "REU_LAT": null, "REU_LON": null, "REU_TYPE": null, "REU_WIND": null, "REU_PRES": null, "REU_TNUM": -999.9, "REU_CI": -999.9, "REU_RMW": null, "REU_R34_NE": null, "REU_R34_SE": null, "REU_R34_SW": null, "REU_R34_NW": null, "REU_R50_NE": null, "REU_R50_SE": null, "REU_R50_SW": null, "REU_R50_NW": null, "REU_R64_NE": null, "REU_R64_SE": null, "REU_R64_SW": null, "REU_R64_NW": null, "BOM_LAT": null, "BOM_LON": null, "BOM_TYPE": null, "BOM_WIND": null, "BOM_PRES": null, "BOM_TNUM": -999.9, "BOM_CI": -999.9, "BOM_RMW": null, "BOM_R34_NE": null, "BOM_R34_SE": null, "BOM_R34_SW": null, "BOM_R34_NW": null, "BOM_R50_NE": null, "BOM_R50_SE": null, "BOM_R50_SW": null, "BOM_R50_NW": null, "BOM_R64_NE": null, "BOM_R64_SE": null, "BOM_R64_SW": null, "BOM_R64_NW": null, "BOM_ROCI": null, "BOM_POCI": null, "BOM_EYE": null, "BOM_POS_FL": null, "BOM_PRS_FL": null, "NAD_LAT": null, "NAD_LON": null, "NAD_CAT": null, "NAD_WIND": null, "NAD_PRES": null, "WEL_LAT": null, "WEL_LON": null, "WEL_WIND": null, "WEL_PRES": null, "DS8_LAT": null, "DS8_LON": null, "DS8_STAGE": null, "DS8_WIND": null, "DS8_PRES": null, "TD6_LAT": null, "TD6_LON": null, "TD6_STAGE": null, "TD6_WIND": null, "TD6_PRES": null, "TD5_LAT": null, "TD5_LON": null, "TD5_WIND": null, "TD5_PRES": null, "TD5_ROCI": null, "NEU_LAT": null, "NEU_LON": null, "NEU_CLASS": null, "NEU_WIND": null, "NEU_PRES": null, "MLC_LAT": null, "MLC_LON": null, "MLC_CLASS": null, "MLC_WIND": null, "MLC_PRES": null, "USA_GUST": 75.0, "BOM_GUST": null, "BOM_GUSTP": null, "REU_GUST": null, "REU_GUSTP": null, "USA_SEAHGT": 12.0, "USA_SEA_NE": 360.0, "USA_SEA_SE": null, "USA_SEA_SW": 780.0, "USA_SEA_NW": 220.0, "STORM_SPD": 21, "STORM_DR": 60, "year": 2019, "month": 9, "day": 8, "hour": 18, "min": 0 }, "geometry": { "type": "LineString", "coordinates": [ [ -57.9000244140625, 50.799999237060547 ], [ -56.4000244140625, 51.299999237060547 ] ] } },
{ "type": "Feature", "properties": { "SID": "2019236N10314", "SEASON": 2019, "NUMBER": 53, "BASIN": "NA", "SUBBASIN": "NA", "NAME": "DORIAN", "ISO_TIME": "2019-09-08 21:00:00", "NATURE": "ET", "LAT": 51.3, "LON": -56.4, "WMO_WIND": 0.0, "WMO_PRES": null, "WMO_AGENCY": null, "TRACK_TYPE": "main", "DIST2LAND": 0, "LANDFALL": 0, "IFLAG": "P______________", "USA_AGENCY": null, "USA_ATCFID": "AL052019", "USA_LAT": 51.3, "USA_LON": -56.4, "USA_RECORD": null, "USA_STATUS": "EX", "USA_WIND": 55.0, "USA_PRES": 973.0, "USA_SSHS": -4, "USA_R34_NE": 300.0, "USA_R34_SE": 310.0, "USA_R34_SW": 210.0, "USA_R34_NW": 80.0, "USA_R50_NE": 0.0, "USA_R50_SE": 90.0, "USA_R50_SW": 90.0, "USA_R50_NW": 0.0, "USA_R64_NE": null, "USA_R64_SE": null, "USA_R64_SW": null, "USA_R64_NW": null, "USA_POCI": 1008.0, "USA_ROCI": 360.0, "USA_RMW": 85.0, "USA_EYE": null, "TOK_LAT": null, "TOK_LON": null, "TOK_GRADE": null, "TOK_WIND": null, "TOK_PRES": null, "TOK_R50_DR": null, "TOK_R50_L": null, "TOK_R50_S": null, "TOK_R30_DR": null, "TOK_R30_L": null, "TOK_R30_S": null, "TOK_LAND": null, "CMA_LAT": null, "CMA_LON": null, "CMA_CAT": null, "CMA_WIND": null, "CMA_PRES": null, "HKO_LAT": null, "HKO_LON": null, "HKO_CAT": null, "HKO_WIND": null, "HKO_PRES": null, "KMA_LAT": null, "KMA_LON": null, "KMA_CAT": null, "KMA_WIND": null, "KMA_PRES": null, "KMA_R50_DR": null, "KMA_R50_L": null, "KMA_R50_S": null, "KMA_R30_DR": null, "KMA_R30_L": null, "KMA_R30_S": null, "NEW_LAT": null, "NEW_LON": null, "NEW_GRADE": null, "NEW_WIND": null, "NEW_PRES": null, "NEW_CI": -999.9, "NEW_DP": null, "NEW_POCI": null, "REU_LAT": null, "REU_LON": null, "REU_TYPE": null, "REU_WIND": null, "REU_PRES": null, "REU_TNUM": -999.9, "REU_CI": -999.9, "REU_RMW": null, "REU_R34_NE": null, "REU_R34_SE": null, "REU_R34_SW": null, "REU_R34_NW": null, "REU_R50_NE": null, "REU_R50_SE": null, "REU_R50_SW": null, "REU_R50_NW": null, "REU_R64_NE": null, "REU_R64_SE": null, "REU_R64_SW": null, "REU_R64_NW": null, "BOM_LAT": null, "BOM_LON": null, "BOM_TYPE": null, "BOM_WIND": null, "BOM_PRES": null, "BOM_TNUM": -999.9, "BOM_CI": -999.9, "BOM_RMW": null, "BOM_R34_NE": null, "BOM_R34_SE": null, "BOM_R34_SW": null, "BOM_R34_NW": null, "BOM_R50_NE": null, "BOM_R50_SE": null, "BOM_R50_SW": null, "BOM_R50_NW": null, "BOM_R64_NE": null, "BOM_R64_SE": null, "BOM_R64_SW": null, "BOM_R64_NW": null, "BOM_ROCI": null, "BOM_POCI": null, "BOM_EYE": null, "BOM_POS_FL": null, "BOM_PRS_FL": null, "NAD_LAT": null, "NAD_LON": null, "NAD_CAT": null, "NAD_WIND": null, "NAD_PRES": null, "WEL_LAT": null, "WEL_LON": null, "WEL_WIND": null, "WEL_PRES": null, "DS8_LAT": null, "DS8_LON": null, "DS8_STAGE": null, "DS8_WIND": null, "DS8_PRES": null, "TD6_LAT": null, "TD6_LON": null, "TD6_STAGE": null, "TD6_WIND": null, "TD6_PRES": null, "TD5_LAT": null, "TD5_LON": null, "TD5_WIND": null, "TD5_PRES": null, "TD5_ROCI": null, "NEU_LAT": null, "NEU_LON": null, "NEU_CLASS": null, "NEU_WIND": null, "NEU_PRES": null, "MLC_LAT": null, "MLC_LON": null, "MLC_CLASS": null, "MLC_WIND": null, "MLC_PRES": null, "USA_GUST": null, "BOM_GUST": null, "BOM_GUSTP": null, "REU_GUST": null, "REU_GUSTP": null, "USA_SEAHGT": 12.0, "USA_SEA_NE": 360.0, "USA_SEA_SE": null, "USA_SEA_SW": 780.0, "USA_SEA_NW": 220.0, "STORM_SPD": 21, "STORM_DR": 70, "year": 2019, "month": 9, "day": 8, "hour": 21, "min": 0 }, "geometry": { "type": "LineString", "coordinates": [ [ -56.4000244140625, 51.299999237060547 ], [ -54.800048828125, 51.599998474121094 ] ] } }
]
}
