{
"type": "FeatureCollection",
"name": "major_hurricanes",
"crs": { "type": "name", "properties": { "name": "urn:ogc:def:crs:OGC:1.3:CRS84" } },
"features": [
{ "type": "Feature", "properties": { "SID": "2001303N13276", "SEASON": 2001, "NUMBER": 88, "BASIN": "NA", "SUBBASIN": "CS", "NAME": "MICHELLE", "ISO_TIME": "2001-11-04 23:00:00", "NATURE": "TS", "LAT": 22.1, "LON": -81.2, "WMO_WIND": 115.0, "WMO_PRES": 950.0, "WMO_AGENCY": "hurdat_atl", "TRACK_TYPE": "main", "DIST2LAND": 0, "LANDFALL": 0, "IFLAG": "O______________", "USA_AGENCY": "hurdat_atl", "USA_ATCFID": "AL152001", "USA_LAT": 22.1, "USA_LON": -81.2, "USA_RECORD": "L", "USA_STATUS": "HU", "USA_WIND": 115.0, "USA_PRES": 950.0, "USA_SSHS": 4, "USA_R34_NE": null, "USA_R34_SE": null, "USA_R34_SW": null, "USA_R34_NW": null, "USA_R50_NE": null, "USA_R50_SE": null, "USA_R50_SW": null, "USA_R50_NW": null, "USA_R64_NE": null, "USA_R64_SE": null, "USA_R64_SW": null, "USA_R64_NW": null, "USA_POCI": null, "USA_ROCI": null, "USA_RMW": null, "USA_EYE": null, "TOK_LAT": null, "TOK_LON": null, "TOK_GRADE": null, "TOK_WIND": null, "TOK_PRES": null, "TOK_R50_DR": null, "TOK_R50_L": null, "TOK_R50_S": null, "TOK_R30_DR": null, "TOK_R30_L": null, "TOK_R30_S": null, "TOK_LAND": null, "CMA_LAT": null, "CMA_LON": null, "CMA_CAT": null, "CMA_WIND": null, "CMA_PRES": null, "HKO_LAT": null, "HKO_LON": null, "HKO_CAT": null, "HKO_WIND": null, "HKO_PRES": null, "KMA_LAT": null, "KMA_LON": null, "KMA_CAT": null, "KMA_WIND": null, "KMA_PRES": null, "KMA_R50_DR": null, "KMA_R50_L": null, "KMA_R50_S": null, "KMA_R30_DR": null, "KMA_R30_L": null, "KMA_R30_S": null, "NEW_LAT": null, "NEW_LON": null, "NEW_GRADE": null, "NEW_WIND": null, "NEW_PRES": null, "NEW_CI": -999.9, "NEW_DP": null, "NEW_POCI": null, "REU_LAT": null, "REU_LON": null, "REU_TYPE": null, "REU_WIND": null, "REU_PRES": null, "REU_TNUM": -999.9, "REU_CI": -999.9, "REU_RMW": null, "REU_R34_NE": null, "REU_R34_SE": null, "REU_R34_SW": null, "REU_R34_NW": null, "REU_R50_NE": null, "REU_R50_SE": null, "REU_R50_SW": null, "REU_R50_NW": null, "REU_R64_NE": null, "REU_R64_SE": null, "REU_R64_SW": null, "REU_R64_NW": null, "BOM_LAT": null, "BOM_LON": null, "BOM_TYPE": null, "BOM_WIND": null, "BOM_PRES": null, "BOM_TNUM": -999.9, "BOM_CI": -999.9, "BOM_RMW": null, "BOM_R34_NE": null, "BOM_R34_SE": null, "BOM_R34_SW": null, "BOM_R34_NW": null, "BOM_R50_NE": null, "BOM_R50_SE": null, "BOM_R50_SW": null, "BOM_R50_NW": null, "BOM_R64_NE": null, "BOM_R64_SE": null, "BOM_R64_SW": null, "BOM_R64_NW": null, "BOM_ROCI": null, "BOM_POCI": null, "BOM_EYE": null, "BOM_POS_FL": null, "BOM_PRS_FL": null, "NAD_LAT": null, "NAD_LON": null, "NAD_CAT": null, "NAD_WIND": null, "NAD_PRES": null, "WEL_LAT": null, "WEL_LON": null, "WEL_WIND": null, "WEL_PRES": null, "DS8_LAT": null, "DS8_LON": null, "DS8_STAGE": null, "DS8_WIND": null, "DS8_PRES": null, "TD6_LAT": null, "TD6_LON": null, "TD6_STAGE": null, "TD6_WIND": null, "TD6_PRES": null, "TD5_LAT": null, "TD5_LON": null, "TD5_WIND": null, "TD5_PRES": null, "TD5_ROCI": null, "NEU_LAT": null, "NEU_LON": null, "NEU_CLASS": null, "NEU_WIND": null, "NEU_PRES": null, "MLC_LAT": null, "MLC_LON": null, "MLC_CLASS": null, "MLC_WIND": null, "MLC_PRES": null, "USA_GUST": null, "BOM_GUST": null, "BOM_GUSTP": null, "REU_GUST": null, "REU_GUSTP": null, "USA_SEAHGT": null, "USA_SEA_NE": null, "USA_SEA_SE": null, "USA_SEA_SW": null, "USA_SEA_NW": null, "STORM_SPD": 16, "STORM_DR": 50, "year": 2001, "month": 11, "day": 4, "hour": 23, "min": 0 }, "geometry": { "type": "LineString", "coordinates": [ [ -81.199951171875, 22.100000381469727 ], [ -80.9000244140625, 22.299999237060547 ] ] } },
{ "type": "Feature", "properties": { "SID": "2001303N13276", "SEASON": 2001, "NUMBER": 88, "BASIN": "NA", "SUBBASIN": "NA", "NAME": "MICHELLE", "ISO_TIME": "2001-11-05 00:00:00", "NATURE": "TS", "LAT": 22.3, "LON": -80.9, "WMO_WIND": 105.0, "WMO_PRES": 953.0, "WMO_AGENCY": "hurdat_atl", "TRACK_TYPE": "main", "DIST2LAND": 0, "LANDFALL": 0, "IFLAG": "O______________", "USA_AGENCY": "hurdat_atl", "USA_ATCFID": "AL152001", "USA_LAT": 22.3, "USA_LON": -80.9, "USA_RECORD": null, "USA_STATUS": "HU", "USA_WIND": 105.0, "USA_PRES": 953.0, "USA_SSHS": 3, "USA_R34_NE": null, "USA_R34_SE": null, "USA_R34_SW": null, "USA_R34_NW": null, "USA_R50_NE": null, "USA_R50_SE": null, "USA_R50_SW": null, "USA_R50_NW": null, "USA_R64_NE": null, "USA_R64_SE": null, "USA_R64_SW": null, "USA_R64_NW": null, "USA_POCI": null, "USA_ROCI": null, "USA_RMW": null, "USA_EYE": null, "TOK_LAT": null, "TOK_LON": null, "TOK_GRADE": null, "TOK_WIND": null, "TOK_PRES": null, "TOK_R50_DR": null, "TOK_R50_L": null, "TOK_R50_S": null, "TOK_R30_DR": null, "TOK_R30_L": null, "TOK_R30_S": null, "TOK_LAND": null, "CMA_LAT": null, "CMA_LON": null, "CMA_CAT": null, "CMA_WIND": null, "CMA_PRES": null, "HKO_LAT": null, "HKO_LON": null, "HKO_CAT": null, "HKO_WIND": null, "HKO_PRES": null, "KMA_LAT": null, "KMA_LON": null, "KMA_CAT": null, "KMA_WIND": null, "KMA_PRES": null, "KMA_R50_DR": null, "KMA_R50_L": null, "KMA_R50_S": null, "KMA_R30_DR": null, "KMA_R30_L": null, "KMA_R30_S": null, "NEW_LAT": null, "NEW_LON": null, "NEW_GRADE": null, "NEW_WIND": null, "NEW_PRES": null, "NEW_CI": -999.9, "NEW_DP": null, "NEW_POCI": null, "REU_LAT": null, "REU_LON": null, "REU_TYPE": null, "REU_WIND": null, "REU_PRES": null, "REU_TNUM": -999.9, "REU_CI": -999.9, "REU_RMW": null, "REU_R34_NE": null, "REU_R34_SE": null, "REU_R34_SW": null, "REU_R34_NW": null, "REU_R50_NE": null, "REU_R50_SE": null, "REU_R50_SW": null, "REU_R50_NW": null, "REU_R64_NE": null, "REU_R64_SE": null, "REU_R64_SW": null, "REU_R64_NW": null, "BOM_LAT": null, "BOM_LON": null, "BOM_TYPE": null, "BOM_WIND": null, "BOM_PRES": null, "BOM_TNUM": -999.9, "BOM_CI": -999.9, "BOM_RMW": null, "BOM_R34_NE": null, "BOM_R34_SE": null, "BOM_R34_SW": null, "BOM_R34_NW": null, "BOM_R50_NE": null, "BOM_R50_SE": null, "BOM_R50_SW": null, "BOM_R50_NW": null, "BOM_R64_NE": null, "BOM_R64_SE": null, "BOM_R64_SW": null, "BOM_R64_NW": null, "BOM_ROCI": null, "BOM_POCI": null, "BOM_EYE": null, "BOM_POS_FL": null, "BOM_PRS_FL": null, "NAD_LAT": null, "NAD_LON": null, "NAD_CAT": null, "NAD_WIND": null, "NAD_PRES": null, "WEL_LAT": null, "WEL_LON": null, "WEL_WIND": null, "WEL_PRES": null, "DS8_LAT": null, "DS8_LON": null, "DS8_STAGE": null, "DS8_WIND": null, "DS8_PRES": null, "TD6_LAT": null, "TD6_LON": null, "TD6_STAGE": null, "TD6_WIND": null, "TD6_PRES": null, "TD5_LAT": null, "TD5_LON": null, "TD5_WIND": null, "TD5_PRES": null, "TD5_ROCI": null, "NEU_LAT": null, "NEU_LON": null, "NEU_CLASS": null, "NEU_WIND": null, "NEU_PRES": null, "MLC_LAT": null, "MLC_LON": null, "MLC_CLASS": null, "MLC_WIND": null, "MLC_PRES": null, "USA_GUST": null, "BOM_GUST": null, "BOM_GUSTP": null, "REU_GUST": null, "REU_GUSTP": null, "USA_SEAHGT": null, "USA_SEA_NE": null, "USA_SEA_SE": null, "USA_SEA_SW": null, "USA_SEA_NW": null, "STORM_SPD": 16, "STORM_DR": 55, "year": 2001, "month": 11, "day": 5, "hour": 0, "min": 0 }, "geometry": { "type": "LineString", "coordinates": [ [ -80.9000244140625, 22.299999237060547 ], [ -80.199951171875, 22.700000762939453 ] ] } },
{ "type": "Feature", "properties": { "SID": "2003249N14329", "SEASON": 2003, "NUMBER": 69, "BASIN": "NA", "SUBBASIN": "NA", "NAME": "ISABEL", "ISO_TIME": "2003-09-15 18:00:00", "NATURE": "TS", "LAT": 25.3, "LON": -69.8, "WMO_WIND": 115.0, "WMO_PRES": 949.0, "WMO_AGENCY": "hurdat_atl", "TRACK_TYPE": "main", "DIST2LAND": 562, "LANDFALL": 560, "IFLAG": "O______________", "USA_AGENCY": "hurdat_atl", "USA_ATCFID": "AL132003", "USA_LAT": 25.3, "USA_LON": -69.8, "USA_RECORD": null, "USA_STATUS": "HU", "USA_WIND": 115.0, "USA_PRES": 949.0, "USA_SSHS": 4, "USA_R34_NE": 180.0, "USA_R34_SE": 180.0, "USA_R34_SW": 140.0, "USA_R34_NW": 140.0, "USA_R50_NE": null, "USA_R50_SE": null, "USA_R50_SW": null, "USA_R50_NW": null, "USA_R64_NE": null, "USA_R64_SE": null, "USA_R64_SW": null, "USA_R64_NW": null, "USA_POCI": 1011.0, "USA_ROCI": 240.0, "USA_RMW": 30.0, "USA_EYE": null, "TOK_LAT": null, "TOK_LON": null, "TOK_GRADE": null, "TOK_WIND": null, "TOK_PRES": null, "TOK_R50_DR": null, "TOK_R50_L": null, "TOK_R50_S": null, "TOK_R30_DR": null, "TOK_R30_L": null, "TOK_R30_S": null, "TOK_LAND": null, "CMA_LAT": null, "CMA_LON": null, "CMA_CAT": null, "CMA_WIND": null, "CMA_PRES": null, "HKO_LAT": null, "HKO_LON": null, "HKO_CAT": null, "HKO_WIND": null, "HKO_PRES": null, "KMA_LAT": null, "KMA_LON": null, "KMA_CAT": null, "KMA_WIND": null, "KMA_PRES": null, "KMA_R50_DR": null, "KMA_R50_L": null, "KMA_R50_S": null, "KMA_R30_DR": null, "KMA_R30_L": null, "KMA_R30_S": null, "NEW_LAT": null, "NEW_LON": null, "NEW_GRADE": null, "NEW_WIND": null, "NEW_PRES": null, "NEW_CI": -999.9, "NEW_DP": null, "NEW_POCI": null, "REU_LAT": null, "REU_LON": null, "REU_TYPE": null, "REU_WIND": null, "REU_PRES": null, "REU_TNUM": -999.9, "REU_CI": -999.9, "REU_RMW": null, "REU_R34_NE": null, "REU_R34_SE": null, "REU_R34_SW": null, "REU_R34_NW": null, "REU_R50_NE": null, "REU_R50_SE": null, "REU_R50_SW": null, "REU_R50_NW": null, "REU_R64_NE": null, "REU_R64_SE": null, "REU_R64_SW": null, "REU_R64_NW": null, "BOM_LAT": null, "BOM_LON": null, "BOM_TYPE": null, "BOM_WIND": null, "BOM_PRES": null, "BOM_TNUM": -999.9, "BOM_CI": -999.9, "BOM_RMW": null, "BOM_R34_NE": null, "BOM_R34_SE": null, "BOM_R34_SW": null, "BOM_R34_NW": null, "BOM_R50_NE": null, "BOM_R50_SE": null, "BOM_R50_SW": null, "BOM_R50_NW": null, "BOM_R64_NE": null, "BOM_R64_SE": null, "BOM_R64_SW": null, "BOM_R64_NW": null, "BOM_ROCI": null, "BOM_POCI": null, "BOM_EYE": null, "BOM_POS_FL": null, "BOM_PRS_FL": null, "NAD_LAT": null, "NAD_LON": null, "NAD_CAT": null, "NAD_WIND": null, "NAD_PRES": null, "WEL_LAT": null, "WEL_LON": null, "WEL_WIND": null, "WEL_PRES": null, "DS8_LAT": null, "DS8_LON": null, "DS8_STAGE": null, "DS8_WIND": null, "DS8_PRES": null, "TD6_LAT": null, "TD6_LON": null, "TD6_STAGE": null, "TD6_WIND": null, "TD6_PRES": null, "TD5_LAT": null, "TD5_LON": null, "TD5_WIND": null, "TD5_PRES": null, "TD5_ROCI": null, "NEU_LAT": null, "NEU_LON": null, "NEU_CLASS": null, "NEU_WIND": null, "NEU_PRES": null, "MLC_LAT": null, "MLC_LON": null, "MLC_CLASS": null, "MLC_WIND": null, "MLC_PRES": null, "USA_GUST": null, "BOM_GUST": null, "BOM_GUSTP": null, "REU_GUST": null, "REU_GUSTP": null, "USA_SEAHGT": null, "USA_SEA_NE": null, "USA_SEA_SE": null, "USA_SEA_SW": null, "USA_SEA_NW": null, "STORM_SPD": 6, "STORM_DR": 320, "year": 2003, "month": 9, "day": 15, "hour": 18, "min": 0 }, "geometry": { "type": "LineString", "coordinates": [ [ -69.800048828125, 25.299999237060547 ], [ -70.0, 25.5 ] ] } },
{ "type": "Feature", "properties": { "SID": "2003249N14329", "SEASON": 2003, "NUMBER": 69, "BASIN": "NA", "SUBBASIN": "NA", "NAME": "ISABEL", "ISO_TIME": "2003-09-15 21:00:00", "NATURE": "TS", "LAT": 25.5, "LON": -70.0, "WMO_WIND": 0.0, "WMO_PRES": null, "WMO_AGENCY": null, "TRACK_TYPE": "main", "DIST2LAND": 569, "LANDFALL": 564, "IFLAG": "P______________", "USA_AGENCY": null, "USA_ATCFID": "AL132003", "USA_LAT": 25.5, "USA_LON": -70.0, "USA_RECORD": null, "USA_STATUS": "HU", "USA_WIND": 110.0, "USA_PRES": 951.0, "USA_SSHS": 3, "USA_R34_NE": 178.0, "USA_R34_SE": 165.0, "USA_R34_SW": 145.0, "USA_R34_NW": 145.0, "USA_R50_NE": null, "USA_R50_SE": null, "USA_R50_SW": null, "USA_R50_NW": null, "USA_R64_NE": null, "USA_R64_SE": null, "USA_R64_SW": null, "USA_R64_NW": null, "USA_POCI": 1011.0, "USA_ROCI": 258.0, "USA_RMW": 30.0, "USA_EYE": null, "TOK_LAT": null, "TOK_LON": null, "TOK_GRADE": null, "TOK_WIND": null, "TOK_PRES": null, "TOK_R50_DR": null, "TOK_R50_L": null, "TOK_R50_S": null, "TOK_R30_DR": null, "TOK_R30_L": null, "TOK_R30_S": null, "TOK_LAND": null, "CMA_LAT": null, "CMA_LON": null, "CMA_CAT": null, "CMA_WIND": null, "CMA_PRES": null, "HKO_LAT": null, "HKO_LON": null, "HKO_CAT": null, "HKO_WIND": null, "HKO_PRES": null, "KMA_LAT": null, "KMA_LON": null, "KMA_CAT": null, "KMA_WIND": null, "KMA_PRES": null, "KMA_R50_DR": null, "KMA_R50_L": null, "KMA_R50_S": null, "KMA_R30_DR": null, "KMA_R30_L": null, "KMA_R30_S": null, "NEW_LAT": null, "NEW_LON": null, "NEW_GRADE": null, "NEW_WIND": null, "NEW_PRES": null, "NEW_CI": -999.9, "NEW_DP": null, "NEW_POCI": null, "REU_LAT": null, "REU_LON": null, "REU_TYPE": null, "REU_WIND": null, "REU_PRES": null, "REU_TNUM": -999.9, "REU_CI": -999.9, "REU_RMW": null, "REU_R34_NE": null, "REU_R34_SE": null, "REU_R34_SW": null, "REU_R34_NW": null, "REU_R50_NE": null, "REU_R50_SE": null, "REU_R50_SW": null, "REU_R50_NW": null, "REU_R64_NE": null, "REU_R64_SE": null, "REU_R64_SW": null, "REU_R64_NW": null, "BOM_LAT": null, "BOM_LON": null, "BOM_TYPE": null, "BOM_WIND": null, "BOM_PRES": null, "BOM_TNUM": -999.9, "BOM_CI": -999.9, "BOM_RMW": null, "BOM_R34_NE": null, "BOM_R34_SE": null, "BOM_R34_SW": null, "BOM_R34_NW": null, "BOM_R50_NE": null, "BOM_R50_SE": null, "BOM_R50_SW": null, "BOM_R50_NW": null, "BOM_R64_NE": null, "BOM_R64_SE": null, "BOM_R64_SW": null, "BOM_R64_NW": null, "BOM_ROCI": null, "BOM_POCI": null, "BOM_EYE": null, "BOM_POS_FL": null, "BOM_PRS_FL": null, "NAD_LAT": null, "NAD_LON": null, "NAD_CAT": null, "NAD_WIND": null, "NAD_PRES": null, "WEL_LAT": null, "WEL_LON": null, "WEL_WIND": null, "WEL_PRES": null, "DS8_LAT": null, "DS8_LON": null, "DS8_STAGE": null, "DS8_WIND": null, "DS8_PRES": null, "TD6_LAT": null, "TD6_LON": null, "TD6_STAGE": null, "TD6_WIND": null, "TD6_PRES": null, "TD5_LAT": null, "TD5_LON": null, "TD5_WIND": null, "TD5_PRES": null, "TD5_ROCI": null, "NEU_LAT": null, "NEU_LON": null, "NEU_CLASS": null, "NEU_WIND": null, "NEU_PRES": null, "MLC_LAT": null, "MLC_LON": null, "MLC_CLASS": null, "MLC_WIND": null, "MLC_PRES": null, "USA_GUST": null, "BOM_GUST": null, "BOM_GUSTP": null, "REU_GUST": null, "REU_GUSTP": null, "USA_SEAHGT": null, "USA_SEA_NE": null, "USA_SEA_SE": null, "USA_SEA_SW": null, "USA_SEA_NW": null, "STORM_SPD": 5, "STORM_DR": 320, "year": 2003, "month": 9, "day": 15, "hour": 21, "min": 0 }, "geometry": { "type": "LineString", "coordinates": [ [ -70.0, 25.5 ], [ -70.199951171875, 25.700000762939453 ] ] } },
{ "type": "Feature", "properties": { "SID": "2003249N14329", "SEASON": 2003, "NUMBER": 69, "BASIN": "NA", "SUBBASIN": "NA", "NAME": "ISABEL", "ISO_TIME": "2003-09-16 00:00:00", "NATURE": "TS", "LAT": 25.7, "LON": -70.2, "WMO_WIND": 105.0, "WMO_PRES": 952.0, "WMO_AGENCY": "hurdat_atl", "TRACK_TYPE": "main", "DIST2LAND": 578, "LANDFALL": 578, "IFLAG": "O______________", "USA_AGENCY": "hurdat_atl", "USA_ATCFID": "AL132003", "USA_LAT": 25.7, "USA_LON": -70.2, "USA_RECORD": null, "USA_STATUS": "HU", "USA_WIND": 105.0, "USA_PRES": 952.0, "USA_SSHS": 3, "USA_R34_NE": 175.0, "USA_R34_SE": 150.0, "USA_R34_SW": 150.0, "USA_R34_NW": 150.0, "USA_R50_NE": null, "USA_R50_SE": null, "USA_R50_SW": null, "USA_R50_NW": null, "USA_R64_NE": null, "USA_R64_SE": null, "USA_R64_SW": null, "USA_R64_NW": null, "USA_POCI": 1011.0, "USA_ROCI": 275.0, "USA_RMW": 30.0, "USA_EYE": null, "TOK_LAT": null, "TOK_LON": null, "TOK_GRADE": null, "TOK_WIND": null, "TOK_PRES": null, "TOK_R50_DR": null, "TOK_R50_L": null, "TOK_R50_S": null, "TOK_R30_DR": null, "TOK_R30_L": null, "TOK_R30_S": null, "TOK_LAND": null, "CMA_LAT": null, "CMA_LON": null, "CMA_CAT": null, "CMA_WIND": null, "CMA_PRES": null, "HKO_LAT": null, "HKO_LON": null, "HKO_CAT": null, "HKO_WIND": null, "HKO_PRES": null, "KMA_LAT": null, "KMA_LON": null, "KMA_CAT": null, "KMA_WIND": null, "KMA_PRES": null, "KMA_R50_DR": null, "KMA_R50_L": null, "KMA_R50_S": null, "KMA_R30_DR": null, "KMA_R30_L": null, "KMA_R30_S": null, "NEW_LAT": null, "NEW_LON": null, "NEW_GRADE": null, "NEW_WIND": null, "NEW_PRES": null, "NEW_CI": -999.9, "NEW_DP": null, "NEW_POCI": null, "REU_LAT": null, "REU_LON": null, "REU_TYPE": null, "REU_WIND": null, "REU_PRES": null, "REU_TNUM": -999.9, "REU_CI": -999.9, "REU_RMW": null, "REU_R34_NE": null, "REU_R34_SE": null, "REU_R34_SW": null, "REU_R34_NW": null, "REU_R50_NE": null, "REU_R50_SE": null, "REU_R50_SW": null, "REU_R50_NW": null, "REU_R64_NE": null, "REU_R64_SE": null, "REU_R64_SW": null, "REU_R64_NW": null, "BOM_LAT": null, "BOM_LON": null, "BOM_TYPE": null, "BOM_WIND": null, "BOM_PRES": null, "BOM_TNUM": -999.9, "BOM_CI": -999.9, "BOM_RMW": null, "BOM_R34_NE": null, "BOM_R34_SE": null, "BOM_R34_SW": null, "BOM_R34_NW": null, "BOM_R50_NE": null, "BOM_R50_SE": null, "BOM_R50_SW": null, "BOM_R50_NW": null, "BOM_R64_NE": null, "BOM_R64_SE": null, "BOM_R64_SW": null, "BOM_R64_NW": null, "BOM_ROCI": null, "BOM_POCI": null, "BOM_EYE": null, "BOM_POS_FL": null, "BOM_PRS_FL": null, "NAD_LAT": null, "NAD_LON": null, "NAD_CAT": null, "NAD_WIND": null, "NAD_PRES": null, "WEL_LAT": null, "WEL_LON": null, "WEL_WIND": null, "WEL_PRES": null, "DS8_LAT": null, "DS8_LON": null, "DS8_STAGE": null, "DS8_WIND": null, "DS8_PRES": null, "TD6_LAT": null, "TD6_LON": null, "TD6_STAGE": null, "TD6_WIND": null, "TD6_PRES": null, "TD5_LAT": null, "TD5_LON": null, "TD5_WIND": null, "TD5_PRES": null, "TD5_ROCI": null, "NEU_LAT": null, "NEU_LON": null, "NEU_CLASS": null, "NEU_WIND": null, "NEU_PRES": null, "MLC_LAT": null, "MLC_LON": null, "MLC_CLASS": null, "MLC_WIND": null, "MLC_PRES": null, "USA_GUST": null, "BOM_GUST": null, "BOM_GUSTP": null, "REU_GUST": null, "REU_GUSTP": null, "USA_SEAHGT": null, "USA_SEA_NE": null, "USA_SEA_SE": null, "USA_SEA_SW": null, "USA_SEA_NW": null, "STORM_SPD": 6, "STORM_DR": 330, "year": 2003, "month": 9, "day": 16, "hour": 0, "min": 0 }, "geometry": { "type": "LineString", "coordinates": [ [ -70.199951171875, 25.700000762939453 ], [ -70.4000244140625, 26.0 ] ] } },
{ "type": "Feature", "properties": { "SID": "2003249N14329", "SEASON": 2003, "NUMBER": 69, "BASIN": "NA", "SUBBASIN": "NA", "NAME": "ISABEL", "ISO_TIME": "2003-09-16 03:00:00", "NATURE": "TS", "LAT": 26.0, "LON": -70.4, "WMO_WIND": 0.0, "WMO_PRES": null, "WMO_AGENCY": null, "TRACK_TYPE": "main", "DIST2LAND": 598, "LANDFALL": 598, "IFLAG": "P______________", "USA_AGENCY": null, "USA_ATCFID": "AL132003", "USA_LAT": 26.0, "USA_LON": -70.4, "USA_RECORD": null, "USA_STATUS": "HU", "USA_WIND": 103.0, "USA_PRES": 954.0, "USA_SSHS": 3, "USA_R34_NE": 175.0, "USA_R34_SE": 150.0, "USA_R34_SW": 150.0, "USA_R34_NW": 150.0, "USA_R50_NE": null, "USA_R50_SE": null, "USA_R50_SW": null, "USA_R50_NW": null, "USA_R64_NE": null, "USA_R64_SE": null, "USA_R64_SW": null, "USA_R64_NW": null, "USA_POCI": 1011.0, "USA_ROCI": 275.0, "USA_RMW": 35.0, "USA_EYE": null, "TOK_LAT": null, "TOK_LON": null, "TOK_GRADE": null, "TOK_WIND": null, "TOK_PRES": null, "TOK_R50_DR": null, "TOK_R50_L": null, "TOK_R50_S": null, "TOK_R30_DR": null, "TOK_R30_L": null, "TOK_R30_S": null, "TOK_LAND": null, "CMA_LAT": null, "CMA_LON": null, "CMA_CAT": null, "CMA_WIND": null, "CMA_PRES": null, "HKO_LAT": null, "HKO_LON": null, "HKO_CAT": null, "HKO_WIND": null, "HKO_PRES": null, "KMA_LAT": null, "KMA_LON": null, "KMA_CAT": null, "KMA_WIND": null, "KMA_PRES": null, "KMA_R50_DR": null, "KMA_R50_L": null, "KMA_R50_S": null, "KMA_R30_DR": null, "KMA_R30_L": null, "KMA_R30_S": null, "NEW_LAT": null, "NEW_LON": null, "NEW_GRADE": null, "NEW_WIND": null, "NEW_PRES": null, "NEW_CI": -999.9, "NEW_DP": null, "NEW_POCI": null, "REU_LAT": null, "REU_LON": null, "REU_TYPE": null, "REU_WIND": null, "REU_PRES": null, "REU_TNUM": -999.9, "REU_CI": -999.9, "REU_RMW": null, "REU_R34_NE": null, "REU_R34_SE": null, "REU_R34_SW": null, "REU_R34_NW": null, "REU_R50_NE": null, "REU_R50_SE": null, "REU_R50_SW": null, "REU_R50_NW": null, "REU_R64_NE": null, "REU_R64_SE": null, "REU_R64_SW": null, "REU_R64_NW": null, "BOM_LAT": null, "BOM_LON": null, "BOM_TYPE": null, "BOM_WIND": null, "BOM_PRES": null, "BOM_TNUM": -999.9, "BOM_CI": -999.9, "BOM_RMW": null, "BOM_R34_NE": null, "BOM_R34_SE": null, "BOM_R34_SW": null, "BOM_R34_NW": null, "BOM_R50_NE": null, "BOM_R50_SE": null, "BOM_R50_SW": null, "BOM_R50_NW": null, "BOM_R64_NE": null, "BOM_R64_SE": null, "BOM_R64_SW": null, "BOM_R64_NW": null, "BOM_ROCI": null, "BOM_POCI": null, "BOM_EYE": null, "BOM_POS_FL": null, "BOM_PRS_FL": null, "NAD_LAT": null, "NAD_LON": null, "NAD_CAT": null, "NAD_WIND": null, "NAD_PRES": null, "WEL_LAT": null, "WEL_LON": null, "WEL_WIND": null, "WEL_PRES": null, "DS8_LAT": null, "DS8_LON": null, "DS8_STAGE": null, "DS8_WIND": null, "DS8_PRES": null, "TD6_LAT": null, "TD6_LON": null, "TD6_STAGE": null, "TD6_WIND": null, "TD6_PRES": null, "TD5_LAT": null, "TD5_LON": null, "TD5_WIND": null, "TD5_PRES": null, "TD5_ROCI": null, "NEU_LAT": null, "NEU_LON": null, "NEU_CLASS": null, "NEU_WIND": null, "NEU_PRES": null, "MLC_LAT": null, "MLC_LON": null, "MLC_CLASS": null, "MLC_WIND": null, "MLC_PRES": null, "USA_GUST": null, "BOM_GUST": null, "BOM_GUSTP": null, "REU_GUST": null, "REU_GUSTP": null, "USA_SEAHGT": null, "USA_SEA_NE": null, "USA_SEA_SE": null, "USA_SEA_SW": null, "USA_SEA_NW": null, "STORM_SPD": 7, "STORM_DR": 335, "year": 2003, "month": 9, "day": 16, "hour": 3, "min": 0 }, "geometry": { "type": "LineString", "coordinates": [ [ -70.4000244140625, 26.0 ], [ -70.5, 26.299999237060547 ] ] } },
{ "type": "Feature", "properties": { "SID": "2003249N14329", "SEASON": 2003, "NUMBER": 69, "BASIN": "NA", "SUBBASIN": "NA", "NAME": "ISABEL", "ISO_TIME": "2003-09-16 06:00:00", "NATURE": "TS", "LAT": 26.3, "LON": -70.5, "WMO_WIND": 100.0, "WMO_PRES": 955.0, "WMO_AGENCY": "hurdat_atl", "TRACK_TYPE": "main", "DIST2LAND": 624, "LANDFALL": 624, "IFLAG": "O______________", "USA_AGENCY": "hurdat_atl", "USA_ATCFID": "AL132003", "USA_LAT": 26.3, "USA_LON": -70.5, "USA_RECORD": null, "USA_STATUS": "HU", "USA_WIND": 100.0, "USA_PRES": 955.0, "USA_SSHS": 3, "USA_R34_NE": 175.0, "USA_R34_SE": 150.0, "USA_R34_SW": 150.0, "USA_R34_NW": 150.0, "USA_R50_NE": null, "USA_R50_SE": null, "USA_R50_SW": null, "USA_R50_NW": null, "USA_R64_NE": null, "USA_R64_SE": null, "USA_R64_SW": null, "USA_R64_NW": null, "USA_POCI": 1010.0, "USA_ROCI": 275.0, "USA_RMW": 40.0, "USA_EYE": null, "TOK_LAT": null, "TOK_LON": null, "TOK_GRADE": null, "TOK_WIND": null, "TOK_PRES": null, "TOK_R50_DR": null, "TOK_R50_L": null, "TOK_R50_S": null, "TOK_R30_DR": null, "TOK_R30_L": null, "TOK_R30_S": null, "TOK_LAND": null, "CMA_LAT": null, "CMA_LON": null, "CMA_CAT": null, "CMA_WIND": null, "CMA_PRES": null, "HKO_LAT": null, "HKO_LON": null, "HKO_CAT": null, "HKO_WIND": null, "HKO_PRES": null, "KMA_LAT": null, "KMA_LON": null, "KMA_CAT": null, "KMA_WIND": null, "KMA_PRES": null, "KMA_R50_DR": null, "KMA_R50_L": null, "KMA_R50_S": null, "KMA_R30_DR": null, "KMA_R30_L": null, "KMA_R30_S": null, "NEW_LAT": null, "NEW_LON": null, "NEW_GRADE": null, "NEW_WIND": null, "NEW_PRES": null, "NEW_CI": -999.9, "NEW_DP": null, "NEW_POCI": null, "REU_LAT": null, "REU_LON": null, "REU_TYPE": null, "REU_WIND": null, "REU_PRES": null, "REU_TNUM": -999.9, "REU_CI": -999.9, "REU_RMW": null, "REU_R34_NE": null, "REU_R34_SE": null, "REU_R34_SW": null, "REU_R34_NW": null, "REU_R50_NE": null, "REU_R50_SE": null, "REU_R50_SW": null, "REU_R50_NW": null, "REU_R64_NE": null, "REU_R64_SE": null, "REU_R64_SW": null, "REU_R64_NW": null, "BOM_LAT": null, "BOM_LON": null, "BOM_TYPE": null, "BOM_WIND": null, "BOM_PRES": null, "BOM_TNUM": -999.9, "BOM_CI": -999.9, "BOM_RMW": null, "BOM_R34_NE": null, "BOM_R34_SE": null, "BOM_R34_SW": null, "BOM_R34_NW": null, "BOM_R50_NE": null, "BOM_R50_SE": null, "BOM_R50_SW": null, "BOM_R50_NW": null, "BOM_R64_NE": null, "BOM_R64_SE": null, "BOM_R64_SW": null, "BOM_R64_NW": null, "BOM_ROCI": null, "BOM_POCI": null, "BOM_EYE": null, "BOM_POS_FL": null, "BOM_PRS_FL": null, "NAD_LAT": null, "NAD_LON": null, "NAD_CAT": null, "NAD_WIND": null, "NAD_PRES": null, "WEL_LAT": null, "WEL_LON": null, "WEL_WIND": null, "WEL_PRES": null, "DS8_LAT": null, "DS8_LON": null, "DS8_STAGE": null, "DS8_WIND": null, "DS8_PRES": null, "TD6_LAT": null, "TD6_LON": null, "TD6_STAGE": null, "TD6_WIND": null, "TD6_PRES": null, "TD5_LAT": null, "TD5_LON": null, "TD5_WIND": null, "TD5_PRES": null, "TD5_ROCI": null, "NEU_LAT": null, "NEU_LON": null, "NEU_CLASS": null, "NEU_WIND": null, "NEU_PRES": null, "MLC_LAT": null, "MLC_LON": null, "MLC_CLASS": null, "MLC_WIND": null, "MLC_PRES": null, "USA_GUST": null, "BOM_GUST": null, "BOM_GUSTP": null, "REU_GUST": null, "REU_GUSTP": null, "USA_SEAHGT": null, "USA_SEA_NE": null, "USA_SEA_SE": null, "USA_SEA_SW": null, "USA_SEA_NW": null, "STORM_SPD": 6, "STORM_DR": 330, "year": 2003, "month": 9, "day": 16, "hour": 6, "min": 0 }, "geometry": { "type": "LineString", "coordinates": [ [ -70.5, 26.299999237060547 ], [ -70.699951171875, 26.600000381469727 ] ] } },
{ "type": "Feature", "properties": { "SID": "2003249N14329", "SEASON": 2003, "NUMBER": 69, "BASIN": "NA", "SUBBASIN": "NA", "NAME": "ISABEL", "ISO_TIME": "2003-09-16 09:00:00", "NATURE": "TS", "LAT": 26.6, "LON": -70.7, "WMO_WIND": 0.0, "WMO_PRES": null, "WMO_AGENCY": null, "TRACK_TYPE": "main", "DIST2LAND": 647, "LANDFALL": 643, "IFLAG": "P______________", "USA_AGENCY": null, "USA_ATCFID": "AL132003", "USA_LAT": 26.6, "USA_LON": -70.7, "USA_RECORD": null, "USA_STATUS": "HU", "USA_WIND": 98.0, "USA_PRES": 957.0, "USA_SSHS": 3, "USA_R34_NE": 188.0, "USA_R34_SE": 175.0, "USA_R34_SW": 125.0, "USA_R34_NW": 150.0, "USA_R50_NE": null, "USA_R50_SE": null, "USA_R50_SW": null, "USA_R50_NW": null, "USA_R64_NE": null, "USA_R64_SE": null, "USA_R64_SW": null, "USA_R64_NW": null, "USA_POCI": 1010.0, "USA_ROCI": 288.0, "USA_RMW": 45.0, "USA_EYE": null, "TOK_LAT": null, "TOK_LON": null, "TOK_GRADE": null, "TOK_WIND": null, "TOK_PRES": null, "TOK_R50_DR": null, "TOK_R50_L": null, "TOK_R50_S": null, "TOK_R30_DR": null, "TOK_R30_L": null, "TOK_R30_S": null, "TOK_LAND": null, "CMA_LAT": null, "CMA_LON": null, "CMA_CAT": null, "CMA_WIND": null, "CMA_PRES": null, "HKO_LAT": null, "HKO_LON": null, "HKO_CAT": null, "HKO_WIND": null, "HKO_PRES": null, "KMA_LAT": null, "KMA_LON": null, "KMA_CAT": null, "KMA_WIND": null, "KMA_PRES": null, "KMA_R50_DR": null, "KMA_R50_L": null, "KMA_R50_S": null, "KMA_R30_DR": null, "KMA_R30_L": null, "KMA_R30_S": null, "NEW_LAT": null, "NEW_LON": null, "NEW_GRADE": null, "NEW_WIND": null, "NEW_PRES": null, "NEW_CI": -999.9, "NEW_DP": null, "NEW_POCI": null, "REU_LAT": null, "REU_LON": null, "REU_TYPE": null, "REU_WIND": null, "REU_PRES": null, "REU_TNUM": -999.9, "REU_CI": -999.9, "REU_RMW": null, "REU_R34_NE": null, "REU_R34_SE": null, "REU_R34_SW": null, "REU_R34_NW": null, "REU_R50_NE": null, "REU_R50_SE": null, "REU_R50_SW": null, "REU_R50_NW": null, "REU_R64_NE": null, "REU_R64_SE": null, "REU_R64_SW": null, "REU_R64_NW": null, "BOM_LAT": null, "BOM_LON": null, "BOM_TYPE": null, "BOM_WIND": null, "BOM_PRES": null, "BOM_TNUM": -999.9, "BOM_CI": -999.9, "BOM_RMW": null, "BOM_R34_NE": null, "BOM_R34_SE": null, "BOM_R34_SW": null, "BOM_R34_NW": null, "BOM_R50_NE": null, "BOM_R50_SE": null, "BOM_R50_SW": null, "BOM_R50_NW": null, "BOM_R64_NE": null, "BOM_R64_SE": null, "BOM_R64_SW": null, "BOM_R64_NW": null, "BOM_ROCI": null, "BOM_POCI": null, "BOM_EYE": null, "BOM_POS_FL": null, "BOM_PRS_FL": null, "NAD_LAT": null, "NAD_LON": null, "NAD_CAT": null, "NAD_WIND": null, "NAD_PRES": null, "WEL_LAT": null, "WEL_LON": null, "WEL_WIND": null, "WEL_PRES": null, "DS8_LAT": null, "DS8_LON": null, "DS8_STAGE": null, "DS8_WIND": null, "DS8_PRES": null, "TD6_LAT": null, "TD6_LON": null, "TD6_STAGE": null, "TD6_WIND": null, "TD6_PRES": null, "TD5_LAT": null, "TD5_LON": null, "TD5_WIND": null, "TD5_PRES": null, "TD5_ROCI": null, "NEU_LAT": null, "NEU_LON": null, "NEU_CLASS": null, "NEU_WIND": null, "NEU_PRES": null, "MLC_LAT": null, "MLC_LON": null, "MLC_CLASS": null, "MLC_WIND": null, "MLC_PRES": null, "USA_GUST": null, "BOM_GUST": null, "BOM_GUSTP": null, "REU_GUST": null, "REU_GUSTP": null, "USA_SEAHGT": null, "USA_SEA_NE": null, "USA_SEA_SE": null, "USA_SEA_SW": null, "USA_SEA_NW": null, "STORM_SPD": 6, "STORM_DR": 325, "year": 2003, "month": 9, "day": 16, "hour": 9, "min": 0 }, "geometry": { "type": "LineString", "coordinates": [ [ -70.699951171875, 26.600000381469727 ], [ -70.9000244140625, 26.799999237060547 ] ] } },
{ "type": "Feature", "properties": { "SID": "2004238N11325", "SEASON": 2004, "NUMBER": 58, "BASIN": "NA", "SUBBASIN": "NA", "NAME": "FRANCES", "ISO_TIME": "2004-09-01 15:00:00", "NATURE": "TS", "LAT": 21.6, "LON": -69.8, "WMO_WIND": 0.0, "WMO_PRES": null, "WMO_AGENCY": null, "TRACK_TYPE": "main", "DIST2LAND": 217, "LANDFALL": 214, "IFLAG": "P______________", "USA_AGENCY": null, "USA_ATCFID": "AL062004", "USA_LAT": 21.6, "USA_LON": -69.8, "USA_RECORD": null, "USA_STATUS": "HU", "USA_WIND": 120.0, "USA_PRES": 939.0, "USA_SSHS": 4, "USA_R34_NE": 160.0, "USA_R34_SE": 130.0, "USA_R34_SW": 120.0, "USA_R34_NW": 160.0, "USA_R50_NE": 120.0, "USA_R50_SE": 100.0, "USA_R50_SW": 75.0, "USA_R50_NW": 100.0, "USA_R64_NE": 70.0, "USA_R64_SE": 55.0, "USA_R64_SW": 45.0, "USA_R64_NW": 60.0, "USA_POCI": null, "USA_ROCI": null, "USA_RMW": null, "USA_EYE": null, "TOK_LAT": null, "TOK_LON": null, "TOK_GRADE": null, "TOK_WIND": null, "TOK_PRES": null, "TOK_R50_DR": null, "TOK_R50_L": null, "TOK_R50_S": null, "TOK_R30_DR": null, "TOK_R30_L": null, "TOK_R30_S": null, "TOK_LAND": null, "CMA_LAT": null, "CMA_LON": null, "CMA_CAT": null, "CMA_WIND": null, "CMA_PRES": null, "HKO_LAT": null, "HKO_LON": null, "HKO_CAT": null, "HKO_WIND": null, "HKO_PRES": null, "KMA_LAT": null, "KMA_LON": null, "KMA_CAT": null, "KMA_WIND": null, "KMA_PRES": null, "KMA_R50_DR": null, "KMA_R50_L": null, "KMA_R50_S": null, "KMA_R30_DR": null, "KMA_R30_L": null, "KMA_R30_S": null, "NEW_LAT": null, "NEW_LON": null, "NEW_GRADE": null, "NEW_WIND": null, "NEW_PRES": null, "NEW_CI": -999.9, "NEW_DP": null, "NEW_POCI": null, "REU_LAT": null, "REU_LON": null, "REU_TYPE": null, "REU_WIND": null, "REU_PRES": null, "REU_TNUM": -999.9, "REU_CI": -999.9, "REU_RMW": null, "REU_R34_NE": null, "REU_R34_SE": null, "REU_R34_SW": null, "REU_R34_NW": null, "REU_R50_NE": null, "REU_R50_SE": null, "REU_R50_SW": null, "REU_R50_NW": null, "REU_R64_NE": null, "REU_R64_SE": null, "REU_R64_SW": null, "REU_R64_NW": null, "BOM_LAT": null, "BOM_LON": null, "BOM_TYPE": null, "BOM_WIND": null, "BOM_PRES": null, "BOM_TNUM": -999.9, "BOM_CI": -999.9, "BOM_RMW": null, "BOM_R34_NE": null, "BOM_R34_SE": null, "BOM_R34_SW": null, "BOM_R34_NW": null, "BOM_R50_NE": null, "BOM_R50_SE": null, "BOM_R50_SW": null, "BOM_R50_NW": null, "BOM_R64_NE": null, "BOM_R64_SE": null, "BOM_R64_SW": null, "BOM_R64_NW": null, "BOM_ROCI": null, "BOM_POCI": null, "BOM_EYE": null, "BOM_POS_FL": null, "BOM_PRS_FL": null, "NAD_LAT": null, "NAD_LON": null, "NAD_CAT": null, "NAD_WIND": null, "NAD_PRES": null, "WEL_LAT": null, "WEL_LON": null, "WEL_WIND": null, "WEL_PRES": null, "DS8_LAT": null, "DS8_LON": null, "DS8_STAGE": null, "DS8_WIND": null, "DS8_PRES": null, "TD6_LAT": null, "TD6_LON": null, "TD6_STAGE": null, "TD6_WIND": null, "TD6_PRES": null, "TD5_LAT": null, "TD5_LON": null, "TD5_WIND": null, "TD5_PRES": null, "TD5_ROCI": null, "NEU_LAT": null, "NEU_LON": null, "NEU_CLASS": null, "NEU_WIND": null, "NEU_PRES": null, "MLC_LAT": null, "MLC_LON": null, "MLC_CLASS": null, "MLC_WIND": null, "MLC_PRES": null, "USA_GUST": null, "BOM_GUST": null, "BOM_GUSTP": null, "REU_GUST": null, "REU_GUSTP": null, "USA_SEAHGT": null, "USA_SEA_NE": null, "USA_SEA_SE": null, "USA_SEA_SW": null, "USA_SEA_NW": null, "STORM_SPD": 13, "STORM_DR": 290, "year": 2004, "month": 9, "day": 1, "hour": 15, "min": 0 }, "geometry": { "type": "LineString", "coordinates": [ [ -69.800048828125, 21.600000381469727 ], [ -70.4000244140625, 21.799999237060547 ] ] } },
{ "type": "Feature", "properties": { "SID": "2004238N11325", "SEASON": 2004, "NUMBER": 58, "BASIN": "NA", "SUBBASIN": "NA", "NAME": "FRANCES", "ISO_TIME": "2004-09-01 18:00:00", "NATURE": "TS", "LAT": 21.8, "LON": -70.4, "WMO_WIND": 120.0, "WMO_PRES": 941.0, "WMO_AGENCY": "hurdat_atl", "TRACK_TYPE": "main", "DIST2LAND": 224, "LANDFALL": 223, "IFLAG": "O______________", "USA_AGENCY": "hurdat_atl", "USA_ATCFID": "AL062004", "USA_LAT": 21.8, "USA_LON": -70.4, "USA_RECORD": null, "USA_STATUS": "HU", "USA_WIND": 120.0, "USA_PRES": 941.0, "USA_SSHS": 4, "USA_R34_NE": 160.0, "USA_R34_SE": 130.0, "USA_R34_SW": 120.0, "USA_R34_NW": 160.0, "USA_R50_NE": 120.0, "USA_R50_SE": 100.0, "USA_R50_SW": 75.0, "USA_R50_NW": 100.0, "USA_R64_NE": 70.0, "USA_R64_SE": 55.0, "USA_R64_SW": 45.0, "USA_R64_NW": 60.0, "USA_POCI": null, "USA_ROCI": null, "USA_RMW": null, "USA_EYE": null, "TOK_LAT": null, "TOK_LON": null, "TOK_GRADE": null, "TOK_WIND": null, "TOK_PRES": null, "TOK_R50_DR": null, "TOK_R50_L": null, "TOK_R50_S": null, "TOK_R30_DR": null, "TOK_R30_L": null, "TOK_R30_S": null, "TOK_LAND": null, "CMA_LAT": null, "CMA_LON": null, "CMA_CAT": null, "CMA_WIND": null, "CMA_PRES": null, "HKO_LAT": null, "HKO_LON": null, "HKO_CAT": null, "HKO_WIND": null, "HKO_PRES": null, "KMA_LAT": null, "KMA_LON": null, "KMA_CAT": null, "KMA_WIND": null, "KMA_PRES": null, "KMA_R50_DR": null, "KMA_R50_L": null, "KMA_R50_S": null, "KMA_R30_DR": null, "KMA_R30_L": null, "KMA_R30_S": null, "NEW_LAT": null, "NEW_LON": null, "NEW_GRADE": null, "NEW_WIND": null, "NEW_PRES": null, "NEW_CI": -999.9, "NEW_DP": null, "NEW_POCI": null, "REU_LAT": null, "REU_LON": null, "REU_TYPE": null, "REU_WIND": null, "REU_PRES": null, "REU_TNUM": -999.9, "REU_CI": -999.9, "REU_RMW": null, "REU_R34_NE": null, "REU_R34_SE": null, "REU_R34_SW": null, "REU_R34_NW": null, "REU_R50_NE": null, "REU_R50_SE": null, "REU_R50_SW": null, "REU_R50_NW": null, "REU_R64_NE": null, "REU_R64_SE": null, "REU_R64_SW": null, "REU_R64_NW": null, "BOM_LAT": null, "BOM_LON": null, "BOM_TYPE": null, "BOM_WIND": null, "BOM_PRES": null, "BOM_TNUM": -999.9, "BOM_CI": -999.9, "BOM_RMW": null, "BOM_R34_NE": null, "BOM_R34_SE": null, "BOM_R34_SW": null, "BOM_R34_NW": null, "BOM_R50_NE": null, "BOM_R50_SE": null, "BOM_R50_SW": null, "BOM_R50_NW": null, "BOM_R64_NE": null, "BOM_R64_SE": null, "BOM_R64_SW": null, "BOM_R64_NW": null, "BOM_ROCI": null, "BOM_POCI": null, "BOM_EYE": null, "BOM_POS_FL": null, "BOM_PRS_FL": null, "NAD_LAT": null, "NAD_LON": null, "NAD_CAT": null, "NAD_WIND": null, "NAD_PRES": null, "WEL_LAT": null, "WEL_LON": null, "WEL_WIND": null, "WEL_PRES": null, "DS8_LAT": null, "DS8_LON": null, "DS8_STAGE": null, "DS8_WIND": null, "DS8_PRES": null, "TD6_LAT": null, "TD6_LON": null, "TD6_STAGE": null, "TD6_WIND": null, "TD6_PRES": null, "TD5_LAT": null, "TD5_LON": null, "TD5_WIND": null, "TD5_PRES": null, "TD5_ROCI": null, "NEU_LAT": null, "NEU_LON": null, "NEU_CLASS": null, "NEU_WIND": null, "NEU_PRES": null, "MLC_LAT": null, "MLC_LON": null, "MLC_CLASS": null, "MLC_WIND": null, "MLC_PRES": null, "USA_GUST": 145.0, "BOM_GUST": null, "BOM_GUSTP": null, "REU_GUST": null, "REU_GUSTP": null, "USA_SEAHGT": null, "USA_SEA_NE": null, "USA_SEA_SE": null, "USA_SEA_SW": null, "USA_SEA_NW": null, "STORM_SPD": 11, "STORM_DR": 290, "year": 2004, "month": 9, "day": 1, "hour": 18, "min": 0 }, "geometry": { "type": "LineString", "coordinates": [ [ -70.4000244140625, 21.799999237060547 ], [ -70.9000244140625, 22.0 ] ] } },
{ "type": "Feature", "properties": { "SID": "2004238N11325", "SEASON": 2004, "NUMBER": 58, "BASIN": "NA", "SUBBASIN": "NA", "NAME": "FRANCES", "ISO_TIME": "2004-09-01 21:00:00", "NATURE": "TS", "LAT": 22.0, "LON": -70.9, "WMO_WIND": 0.0, "WMO_PRES": null, "WMO_AGENCY": null, "TRACK_TYPE": "main", "DIST2LAND": 234, "LANDFALL": 199, "IFLAG": "P______________", "USA_AGENCY": null, "USA_ATCFID": "AL062004", "USA_LAT": 22.0, "USA_LON": -70.9, "USA_RECORD": null, "USA_STATUS": "HU", "USA_WIND": 120.0, "USA_PRES": 940.0, "USA_SSHS": 4, "USA_R34_NE": 160.0, "USA_R34_SE": 130.0, "USA_R34_SW": 120.0, "USA_R34_NW": 160.0, "USA_R50_NE": 120.0, "USA_R50_SE": 100.0, "USA_R50_SW": 75.0, "USA_R50_NW": 100.0, "USA_R64_NE": 70.0, "USA_R64_SE": 58.0, "USA_R64_SW": 45.0, "USA_R64_NW": 60.0, "USA_POCI": null, "USA_ROCI": null, "USA_RMW": null, "USA_EYE": null, "TOK_LAT": null, "TOK_LON": null, "TOK_GRADE": null, "TOK_WIND": null, "TOK_PRES": null, "TOK_R50_DR": null, "TOK_R50_L": null, "TOK_R50_S": null, "TOK_R30_DR": null, "TOK_R30_L": null, "TOK_R30_S": null, "TOK_LAND": null, "CMA_LAT": null, "CMA_LON": null, "CMA_CAT": null, "CMA_WIND": null, "CMA_PRES": null, "HKO_LAT": null, "HKO_LON": null, "HKO_CAT": null, "HKO_WIND": null, "HKO_PRES": null, "KMA_LAT": null, "KMA_LON": null, "KMA_CAT": null, "KMA_WIND": null, "KMA_PRES": null, "KMA_R50_DR": null, "KMA_R50_L": null, "KMA_R50_S": null, "KMA_R30_DR": null, "KMA_R30_L": null, "KMA_R30_S": null, "NEW_LAT": null, "NEW_LON": null, "NEW_GRADE": null, "NEW_WIND": null, "NEW_PRES": null, "NEW_CI": -999.9, "NEW_DP": null, "NEW_POCI": null, "REU_LAT": null, "REU_LON": null, "REU_TYPE": null, "REU_WIND": null, "REU_PRES": null, "REU_TNUM": -999.9, "REU_CI": -999.9, "REU_RMW": null, "REU_R34_NE": null, "REU_R34_SE": null, "REU_R34_SW": null, "REU_R34_NW": null, "REU_R50_NE": null, "REU_R50_SE": null, "REU_R50_SW": null, "REU_R50_NW": null, "REU_R64_NE": null, "REU_R64_SE": null, "REU_R64_SW": null, "REU_R64_NW": null, "BOM_LAT": null, "BOM_LON": null, "BOM_TYPE": null, "BOM_WIND": null, "BOM_PRES": null, "BOM_TNUM": -999.9, "BOM_CI": -999.9, "BOM_RMW": null, "BOM_R34_NE": null, "BOM_R34_SE": null, "BOM_R34_SW": null, "BOM_R34_NW": null, "BOM_R50_NE": null, "BOM_R50_SE": null, "BOM_R50_SW": null, "BOM_R50_NW": null, "BOM_R64_NE": null, "BOM_R64_SE": null, "BOM_R64_SW": null, "BOM_R64_NW": null, "BOM_ROCI": null, "BOM_POCI": null, "BOM_EYE": null, "BOM_POS_FL": null, "BOM_PRS_FL": null, "NAD_LAT": null, "NAD_LON": null, "NAD_CAT": null, "NAD_WIND": null, "NAD_PRES": null, "WEL_LAT": null, "WEL_LON": null, "WEL_WIND": null, "WEL_PRES": null, "DS8_LAT": null, "DS8_LON": null, "DS8_STAGE": null, "DS8_WIND": null, "DS8_PRES": null, "TD6_LAT": null, "TD6_LON": null, "TD6_STAGE": null, "TD6_WIND": null, "TD6_PRES": null, "TD5_LAT": null, "TD5_LON": null, "TD5_WIND": null, "TD5_PRES": null, "TD5_ROCI": null, "NEU_LAT": null, "NEU_LON": null, "NEU_CLASS": null, "NEU_WIND": null, "NEU_PRES": null, "MLC_LAT": null, "MLC_LON": null, "MLC_CLASS": null, "MLC_WIND": null, "MLC_PRES": null, "USA_GUST": null, "BOM_GUST": null, "BOM_GUSTP": null, "REU_GUST": null, "REU_GUSTP": null, "USA_SEAHGT": null, "USA_SEA_NE": null, "USA_SEA_SE": null, "USA_SEA_SW": null, "USA_SEA_NW": null, "STORM_SPD": 10, "STORM_DR": 295, "year": 2004, "month": 9, "day": 1, "hour": 21, "min": 0 }, "geometry": { "type": "LineString", "coordinates": [ [ -70.9000244140625, 22.0 ], [ -71.4000244140625, 22.200000762939453 ] ] } },
{ "type": "Feature", "properties": { "SID": "2004238N11325", "SEASON": 2004, "NUMBER": 58, "BASIN": "NA", "SUBBASIN": "NA", "NAME": "FRANCES", "ISO_TIME": "2004-09-02 00:00:00", "NATURE": "TS", "LAT": 22.2, "LON": -71.4, "WMO_WIND": 120.0, "WMO_PRES": 939.0, "WMO_AGENCY": "hurdat_atl", "TRACK_TYPE": "main", "DIST2LAND": 199, "LANDFALL": 175, "IFLAG": "O______________", "USA_AGENCY": "hurdat_atl", "USA_ATCFID": "AL062004", "USA_LAT": 22.2, "USA_LON": -71.4, "USA_RECORD": null, "USA_STATUS": "HU", "USA_WIND": 120.0, "USA_PRES": 939.0, "USA_SSHS": 4, "USA_R34_NE": 160.0, "USA_R34_SE": 130.0, "USA_R34_SW": 120.0, "USA_R34_NW": 160.0, "USA_R50_NE": 120.0, "USA_R50_SE": 100.0, "USA_R50_SW": 75.0, "USA_R50_NW": 100.0, "USA_R64_NE": 70.0, "USA_R64_SE": 60.0, "USA_R64_SW": 45.0, "USA_R64_NW": 60.0, "USA_POCI": null, "USA_ROCI": null, "USA_RMW": null, "USA_EYE": null, "TOK_LAT": null, "TOK_LON": null, "TOK_GRADE": null, "TOK_WIND": null, "TOK_PRES": null, "TOK_R50_DR": null, "TOK_R50_L": null, "TOK_R50_S": null, "TOK_R30_DR": null, "TOK_R30_L": null, "TOK_R30_S": null, "TOK_LAND": null, "CMA_LAT": null, "CMA_LON": null, "CMA_CAT": null, "CMA_WIND": null, "CMA_PRES": null, "HKO_LAT": null, "HKO_LON": null, "HKO_CAT": null, "HKO_WIND": null, "HKO_PRES": null, "KMA_LAT": null, "KMA_LON": null, "KMA_CAT": null, "KMA_WIND": null, "KMA_PRES": null, "KMA_R50_DR": null, "KMA_R50_L": null, "KMA_R50_S": null, "KMA_R30_DR": null, "KMA_R30_L": null, "KMA_R30_S": null, "NEW_LAT": null, "NEW_LON": null, "NEW_GRADE": null, "NEW_WIND": null, "NEW_PRES": null, "NEW_CI": -999.9, "NEW_DP": null, "NEW_POCI": null, "REU_LAT": null, "REU_LON": null, "REU_TYPE": null, "REU_WIND": null, "REU_PRES": null, "REU_TNUM": -999.9, "REU_CI": -999.9, "REU_RMW": null, "REU_R34_NE": null, "REU_R34_SE": null, "REU_R34_SW": null, "REU_R34_NW": null, "REU_R50_NE": null, "REU_R50_SE": null, "REU_R50_SW": null, "REU_R50_NW": null, "REU_R64_NE": null, "REU_R64_SE": null, "REU_R64_SW": null, "REU_R64_NW": null, "BOM_LAT": null, "BOM_LON": null, "BOM_TYPE": null, "BOM_WIND": null, "BOM_PRES": null, "BOM_TNUM": -999.9, "BOM_CI": -999.9, "BOM_RMW": null, "BOM_R34_NE": null, "BOM_R34_SE": null, "BOM_R34_SW": null, "BOM_R34_NW": null, "BOM_R50_NE": null, "BOM_R50_SE": null, "BOM_R50_SW": null, "BOM_R50_NW": null, "BOM_R64_NE": null, "BOM_R64_SE": null, "BOM_R64_SW": null, "BOM_R64_NW": null, "BOM_ROCI": null, "BOM_POCI": null, "BOM_EYE": null, "BOM_POS_FL": null, "BOM_PRS_FL": null, "NAD_LAT": null, "NAD_LON": null, "NAD_CAT": null, "NAD_WIND": null, "NAD_PRES": null, "WEL_LAT": null, "WEL_LON": null, "WEL_WIND": null, "WEL_PRES": null, "DS8_LAT": null, "DS8_LON": null, "DS8_STAGE": null, "DS8_WIND": null, "DS8_PRES": null, "TD6_LAT": null, "TD6_LON": null, "TD6_STAGE": null, "TD6_WIND": null, "TD6_PRES": null, "TD5_LAT": null, "TD5_LON": null, "TD5_WIND": null, "TD5_PRES": null, "TD5_ROCI": null, "NEU_LAT": null, "NEU_LON": null, "NEU_CLASS": null, "NEU_WIND": null, "NEU_PRES": null, "MLC_LAT": null, "MLC_LON": null, "MLC_CLASS": null, "MLC_WIND": null, "MLC_PRES": null, "USA_GUST": 145.0, "BOM_GUST": null, "BOM_GUSTP": null, "REU_GUST": null, "REU_GUSTP": null, "USA_SEAHGT": null, "USA_SEA_NE": null, "USA_SEA_SE": null, "USA_SEA_SW": null, "USA_SEA_NW": null, "STORM_SPD": 11, "STORM_DR": 295, "year": 2004, "month": 9, "day": 2, "hour": 0, "min": 0 }, "geometry": { "type": "LineString", "coordinates": [ [ -71.4000244140625, 22.200000762939453 ], [ -71.9000244140625, 22.5 ] ] } },
{ "type": "Feature", "properties": { "SID": "2004238N11325", "SEASON": 2004, "NUMBER": 58, "BASIN": "NA", "SUBBASIN": "NA", "NAME": "FRANCES", "ISO_TIME": "2004-09-02 03:00:00", "NATURE": "TS", "LAT": 22.5, "LON": -71.9, "WMO_WIND": 0.0, "WMO_PRES": null, "WMO_AGENCY": null, "TRACK_TYPE": "main", "DIST2LAND": 184, "LANDFALL": 172, "IFLAG": "P______________", "USA_AGENCY": null, "USA_ATCFID": "AL062004", "USA_LAT": 22.5, "USA_LON": -71.9, "USA_RECORD": null, "USA_STATUS": "HU", "USA_WIND": 123.0, "USA_PRES": 938.0, "USA_SSHS": 4, "USA_R34_NE": 160.0, "USA_R34_SE": 130.0, "USA_R34_SW": 120.0, "USA_R34_NW": 160.0, "USA_R50_NE": 120.0, "USA_R50_SE": 100.0, "USA_R50_SW": 75.0, "USA_R50_NW": 100.0, "USA_R64_NE": 70.0, "USA_R64_SE": 60.0, "USA_R64_SW": 45.0, "USA_R64_NW": 60.0, "USA_POCI": null, "USA_ROCI": null, "USA_RMW": null, "USA_EYE": null, "TOK_LAT": null, "TOK_LON": null, "TOK_GRADE": null, "TOK_WIND": null, "TOK_PRES": null, "TOK_R50_DR": null, "TOK_R50_L": null, "TOK_R50_S": null, "TOK_R30_DR": null, "TOK_R30_L": null, "TOK_R30_S": null, "TOK_LAND": null, "CMA_LAT": null, "CMA_LON": null, "CMA_CAT": null, "CMA_WIND": null, "CMA_PRES": null, "HKO_LAT": null, "HKO_LON": null, "HKO_CAT": null, "HKO_WIND": null, "HKO_PRES": null, "KMA_LAT": null, "KMA_LON": null, "KMA_CAT": null, "KMA_WIND": null, "KMA_PRES": null, "KMA_R50_DR": null, "KMA_R50_L": null, "KMA_R50_S": null, "KMA_R30_DR": null, "KMA_R30_L": null, "KMA_R30_S": null, "NEW_LAT": null, "NEW_LON": null, "NEW_GRADE": null, "NEW_WIND": null, "NEW_PRES": null, "NEW_CI": -999.9, "NEW_DP": null, "NEW_POCI": null, "REU_LAT": null, "REU_LON": null, "REU_TYPE": null, "REU_WIND": null, "REU_PRES": null, "REU_TNUM": -999.9, "REU_CI": -999.9, "REU_RMW": null, "REU_R34_NE": null, "REU_R34_SE": null, "REU_R34_SW": null, "REU_R34_NW": null, "REU_R50_NE": null, "REU_R50_SE": null, "REU_R50_SW": null, "REU_R50_NW": null, "REU_R64_NE": null, "REU_R64_SE": null, "REU_R64_SW": null, "REU_R64_NW": null, "BOM_LAT": null, "BOM_LON": null, "BOM_TYPE": null, "BOM_WIND": null, "BOM_PRES": null, "BOM_TNUM": -999.9, "BOM_CI": -999.9, "BOM_RMW": null, "BOM_R34_NE": null, "BOM_R34_SE": null, "BOM_R34_SW": null, "BOM_R34_NW": null, "BOM_R50_NE": null, "BOM_R50_SE": null, "BOM_R50_SW": null, "BOM_R50_NW": null, "BOM_R64_NE": null, "BOM_R64_SE": null, "BOM_R64_SW": null, "BOM_R64_NW": null, "BOM_ROCI": null, "BOM_POCI": null, "BOM_EYE": null, "BOM_POS_FL": null, "BOM_PRS_FL": null, "NAD_LAT": null, "NAD_LON": null, "NAD_CAT": null, "NAD_WIND": null, "NAD_PRES": null, "WEL_LAT": null, "WEL_LON": null, "WEL_WIND": null, "WEL_PRES": null, "DS8_LAT": null, "DS8_LON": null, "DS8_STAGE": null, "DS8_WIND": null, "DS8_PRES": null, "TD6_LAT": null, "TD6_LON": null, "TD6_STAGE": null, "TD6_WIND": null, "TD6_PRES": null, "TD5_LAT": null, "TD5_LON": null, "TD5_WIND": null, "TD5_PRES": null, "TD5_ROCI": null, "NEU_LAT": null, "NEU_LON": null, "NEU_CLASS": null, "NEU_WIND": null, "NEU_PRES": null, "MLC_LAT": null, "MLC_LON": null, "MLC_CLASS": null, "MLC_WIND": null, "MLC_PRES": null, "USA_GUST": null, "BOM_GUST": null, "BOM_GUSTP": null, "REU_GUST": null, "REU_GUSTP": null, "USA_SEAHGT": null, "USA_SEA_NE": null, "USA_SEA_SE": null, "USA_SEA_SW": null, "USA_SEA_NW": null, "STORM_SPD": 11, "STORM_DR": 295, "year": 2004, "month": 9, "day": 2, "hour": 3, "min": 0 }, "geometry": { "type": "LineString", "coordinates": [ [ -71.9000244140625, 22.5 ], [ -72.5, 22.700000762939453 ] ] } },
{ "type": "Feature", "properties": { "SID": "2004238N11325", "SEASON": 2004, "NUMBER": 58, "BASIN": "NA", "SUBBASIN": "NA", "NAME": "FRANCES", "ISO_TIME": "2004-09-02 06:00:00", "NATURE": "TS", "LAT": 22.7, "LON": -72.5, "WMO_WIND": 125.0, "WMO_PRES": 937.0, "WMO_AGENCY": "hurdat_atl", "TRACK_TYPE": "main", "DIST2LAND": 175, "LANDFALL": 172, "IFLAG": "O______________", "USA_AGENCY": "hurdat_atl", "USA_ATCFID": "AL062004", "USA_LAT": 22.7, "USA_LON": -72.5, "USA_RECORD": null, "USA_STATUS": "HU", "USA_WIND": 125.0, "USA_PRES": 937.0, "USA_SSHS": 4, "USA_R34_NE": 160.0, "USA_R34_SE": 130.0, "USA_R34_SW": 120.0, "USA_R34_NW": 160.0, "USA_R50_NE": 120.0, "USA_R50_SE": 100.0, "USA_R50_SW": 75.0, "USA_R50_NW": 100.0, "USA_R64_NE": 70.0, "USA_R64_SE": 60.0, "USA_R64_SW": 45.0, "USA_R64_NW": 60.0, "USA_POCI": null, "USA_ROCI": null, "USA_RMW": null, "USA_EYE": null, "TOK_LAT": null, "TOK_LON": null, "TOK_GRADE": null, "TOK_WIND": null, "TOK_PRES": null, "TOK_R50_DR": null, "TOK_R50_L": null, "TOK_R50_S": null, "TOK_R30_DR": null, "TOK_R30_L": null, "TOK_R30_S": null, "TOK_LAND": null, "CMA_LAT": null, "CMA_LON": null, "CMA_CAT": null, "CMA_WIND": null, "CMA_PRES": null, "HKO_LAT": null, "HKO_LON": null, "HKO_CAT": null, "HKO_WIND": null, "HKO_PRES": null, "KMA_LAT": null, "KMA_LON": null, "KMA_CAT": null, "KMA_WIND": null, "KMA_PRES": null, "KMA_R50_DR": null, "KMA_R50_L": null, "KMA_R50_S": null, "KMA_R30_DR": null, "KMA_R30_L": null, "KMA_R30_S": null, "NEW_LAT": null, "NEW_LON": null, "NEW_GRADE": null, "NEW_WIND": null, "NEW_PRES": null, "NEW_CI": -999.9, "NEW_DP": null, "NEW_POCI": null, "REU_LAT": null, "REU_LON": null, "REU_TYPE": null, "REU_WIND": null, "REU_PRES": null, "REU_TNUM": -999.9, "REU_CI": -999.9, "REU_RMW": null, "REU_R34_NE": null, "REU_R34_SE": null, "REU_R34_SW": null, "REU_R34_NW": null, "REU_R50_NE": null, "REU_R50_SE": null, "REU_R50_SW": null, "REU_R50_NW": null, "REU_R64_NE": null, "REU_R64_SE": null, "REU_R64_SW": null, "REU_R64_NW": null, "BOM_LAT": null, "BOM_LON": null, "BOM_TYPE": null, "BOM_WIND": null, "BOM_PRES": null, "BOM_TNUM": -999.9, "BOM_CI": -999.9, "BOM_RMW": null, "BOM_R34_NE": null, "BOM_R34_SE": null, "BOM_R34_SW": null, "BOM_R34_NW": null, "BOM_R50_NE": null, "BOM_R50_SE": null, "BOM_R50_SW": null, "BOM_R50_NW": null, "BOM_R64_NE": null, "BOM_R64_SE": null, "BOM_R64_SW": null, "BOM_R64_NW": null, "BOM_ROCI": null, "BOM_POCI": null, "BOM_EYE": null, "BOM_POS_FL": null, "BOM_PRS_FL": null, "NAD_LAT": null, "NAD_LON": null, "NAD_CAT": null, "NAD_WIND": null, "NAD_PRES": null, "WEL_LAT": null, "WEL_LON": null, "WEL_WIND": null, "WEL_PRES": null, "DS8_LAT": null, "DS8_LON": null, "DS8_STAGE": null, "DS8_WIND": null, "DS8_PRES": null, "TD6_LAT": null, "TD6_LON": null, "TD6_STAGE": null, "TD6_WIND": null, "TD6_PRES": null, "TD5_LAT": null, "TD5_LON": null, "TD5_WIND": null, "TD5_PRES": null, "TD5_ROCI": null, "NEU_LAT": null, "NEU_LON": null, "NEU_CLASS": null, "NEU_WIND": null, "NEU_PRES": null, "MLC_LAT": null, "MLC_LON": null, "MLC_CLASS": null, "MLC_WIND": null, "MLC_PRES": null, "USA_GUST": 155.0, "BOM_GUST": null, "BOM_GUSTP": null, "REU_GUST": null, "REU_GUSTP": null, "USA_SEAHGT": null, "USA_SEA_NE": null, "USA_SEA_SE": null, "USA_SEA_SW": null, "USA_SEA_NW": null, "STORM_SPD": 12, "STORM_DR": 295, "year": 2004, "month": 9, "day": 2, "hour": 6, "min": 0 }, "geometry": { "type": "LineString", "coordinates": [ [ -72.5, 22.700000762939453 ], [ -72.800048828125, 22.799999237060547 ] ] } },
{ "type": "Feature", "properties": { "SID": "2004238N11325", "SEASON": 2004, "NUMBER": 58, "BASIN": "NA", "SUBBASIN": "NA", "NAME": "FRANCES", "ISO_TIME": "2004-09-02 07:30:00", "NATURE": "TS", "LAT": 22.8, "LON": -72.8, "WMO_WIND": 125.0, "WMO_PRES": 936.0, "WMO_AGENCY": "hurdat_atl", "TRACK_TYPE": "main", "DIST2LAND": 180, "LANDFALL": 179, "IFLAG": "V______________", "USA_AGENCY": "hurdat_atl", "USA_ATCFID": "AL062004", "USA_LAT": 22.8, "USA_LON": -72.8, "USA_RECORD": "W", "USA_STATUS": "HU", "USA_WIND": 125.0, "USA_PRES": 936.0, "USA_SSHS": 4, "USA_R34_NE": 160.0, "USA_R34_SE": 130.0, "USA_R34_SW": 120.0, "USA_R34_NW": 160.0, "USA_R50_NE": 120.0, "USA_R50_SE": 100.0, "USA_R50_SW": 75.0, "USA_R50_NW": 100.0, "USA_R64_NE": 70.0, "USA_R64_SE": 60.0, "USA_R64_SW": 45.0, "USA_R64_NW": 60.0, "USA_POCI": null, "USA_ROCI": null, "USA_RMW": null, "USA_EYE": null, "TOK_LAT": null, "TOK_LON": null, "TOK_GRADE": null, "TOK_WIND": null, "TOK_PRES": null, "TOK_R50_DR": null, "TOK_R50_L": null, "TOK_R50_S": null, "TOK_R30_DR": null, "TOK_R30_L": null, "TOK_R30_S": null, "TOK_LAND": null, "CMA_LAT": null, "CMA_LON": null, "CMA_CAT": null, "CMA_WIND": null, "CMA_PRES": null, "HKO_LAT": null, "HKO_LON": null, "HKO_CAT": null, "HKO_WIND": null, "HKO_PRES": null, "KMA_LAT": null, "KMA_LON": null, "KMA_CAT": null, "KMA_WIND": null, "KMA_PRES": null, "KMA_R50_DR": null, "KMA_R50_L": null, "KMA_R50_S": null, "KMA_R30_DR": null, "KMA_R30_L": null, "KMA_R30_S": null, "NEW_LAT": null, "NEW_LON": null, "NEW_GRADE": null, "NEW_WIND": null, "NEW_PRES": null, "NEW_CI": -999.9, "NEW_DP": null, "NEW_POCI": null, "REU_LAT": null, "REU_LON": null, "REU_TYPE": null, "REU_WIND": null, "REU_PRES": null, "REU_TNUM": -999.9, "REU_CI": -999.9, "REU_RMW": null, "REU_R34_NE": null, "REU_R34_SE": null, "REU_R34_SW": null, "REU_R34_NW": null, "REU_R50_NE": null, "REU_R50_SE": null, "REU_R50_SW": null, "REU_R50_NW": null, "REU_R64_NE": null, "REU_R64_SE": null, "REU_R64_SW": null, "REU_R64_NW": null, "BOM_LAT": null, "BOM_LON": null, "BOM_TYPE": null, "BOM_WIND": null, "BOM_PRES": null, "BOM_TNUM": -999.9, "BOM_CI": -999.9, "BOM_RMW": null, "BOM_R34_NE": null, "BOM_R34_SE": null, "BOM_R34_SW": null, "BOM_R34_NW": null, "BOM_R50_NE": null, "BOM_R50_SE": null, "BOM_R50_SW": null, "BOM_R50_NW": null, "BOM_R64_NE": null, "BOM_R64_SE": null, "BOM_R64_SW": null, "BOM_R64_NW": null, "BOM_ROCI": null, "BOM_POCI": null, "BOM_EYE": null, "BOM_POS_FL": null, "BOM_PRS_FL": null, "NAD_LAT": null, "NAD_LON": null, "NAD_CAT": null, "NAD_WIND": null, "NAD_PRES": null, "WEL_LAT": null, "WEL_LON": null, "WEL_WIND": null, "WEL_PRES": null, "DS8_LAT": null, "DS8_LON": null, "DS8_STAGE": null, "DS8_WIND": null, "DS8_PRES": null, "TD6_LAT": null, "TD6_LON": null, "TD6_STAGE": null, "TD6_WIND": null, "TD6_PRES": null, "TD5_LAT": null, "TD5_LON": null, "TD5_WIND": null, "TD5_PRES": null, "TD5_ROCI": null, "NEU_LAT": null, "NEU_LON": null, "NEU_CLASS": null, "NEU_WIND": null, "NEU_PRES": null, "MLC_LAT": null, "MLC_LON": null, "MLC_CLASS": null, "MLC_WIND": null, "MLC_PRES": null, "USA_GUST": null, "BOM_GUST": null, "BOM_GUSTP": null, "REU_GUST": null, "REU_GUSTP": null, "USA_SEAHGT": null, "USA_SEA_NE": null, "USA_SEA_SE": null, "USA_SEA_SW": null, "USA_SEA_NW": null, "STORM_SPD": 11, "STORM_DR": 295, "year": 2004, "month": 9, "day": 2, "hour": 7, "min": 30 }, "geometry": { "type": "LineString", "coordinates": [ [ -72.800048828125, 22.799999237060547 ], [ -73.0999755859375, 22.899999618530273 ] ] } },
{ "type": "Feature", "properties": { "SID": "2004238N11325", "SEASON": 2004, "NUMBER": 58, "BASIN": "NA", "SUBBASIN": "NA", "NAME": "FRANCES", "ISO_TIME": "2004-09-02 09:00:00", "NATURE": "TS", "LAT": 22.9, "LON": -73.1, "WMO_WIND": 0.0, "WMO_PRES": null, "WMO_AGENCY": null, "TRACK_TYPE": "main", "DIST2LAND": 190, "LANDFALL": 190, "IFLAG": "P______________", "USA_AGENCY": null, "USA_ATCFID": "AL062004", "USA_LAT": 22.9, "USA_LON": -73.1, "USA_RECORD": null, "USA_STATUS": "HU", "USA_WIND": 123.0, "USA_PRES": 937.0, "USA_SSHS": 4, "USA_R34_NE": 160.0, "USA_R34_SE": 130.0, "USA_R34_SW": 120.0, "USA_R34_NW": 160.0, "USA_R50_NE": 120.0, "USA_R50_SE": 100.0, "USA_R50_SW": 75.0, "USA_R50_NW": 100.0, "USA_R64_NE": 70.0, "USA_R64_SE": 60.0, "USA_R64_SW": 45.0, "USA_R64_NW": 60.0, "USA_POCI": null, "USA_ROCI": null, "USA_RMW": null, "USA_EYE": null, "TOK_LAT": null, "TOK_LON": null, "TOK_GRADE": null, "TOK_WIND": null, "TOK_PRES": null, "TOK_R50_DR": null, "TOK_R50_L": null, "TOK_R50_S": null, "TOK_R30_DR": null, "TOK_R30_L": null, "TOK_R30_S": null, "TOK_LAND": null, "CMA_LAT": null, "CMA_LON": null, "CMA_CAT": null, "CMA_WIND": null, "CMA_PRES": null, "HKO_LAT": null, "HKO_LON": null, "HKO_CAT": null, "HKO_WIND": null, "HKO_PRES": null, "KMA_LAT": null, "KMA_LON": null, "KMA_CAT": null, "KMA_WIND": null, "KMA_PRES": null, "KMA_R50_DR": null, "KMA_R50_L": null, "KMA_R50_S": null, "KMA_R30_DR": null, "KMA_R30_L": null, "KMA_R30_S": null, "NEW_LAT": null, "NEW_LON": null, "NEW_GRADE": null, "NEW_WIND": null, "NEW_PRES": null, "NEW_CI": -999.9, "NEW_DP": null, "NEW_POCI": null, "REU_LAT": null, "REU_LON": null, "REU_TYPE": null, "REU_WIND": null, "REU_PRES": null, "REU_TNUM": -999.9, "REU_CI": -999.9, "REU_RMW": null, "REU_R34_NE": null, "REU_R34_SE": null, "REU_R34_SW": null, "REU_R34_NW": null, "REU_R50_NE": null, "REU_R50_SE": null, "REU_R50_SW": null, "REU_R50_NW": null, "REU_R64_NE": null, "REU_R64_SE": null, "REU_R64_SW": null, "REU_R64_NW": null, "BOM_LAT": null, "BOM_LON": null, "BOM_TYPE": null, "BOM_WIND": null, "BOM_PRES": null, "BOM_TNUM": -999.9, "BOM_CI": -999.9, "BOM_RMW": null, "BOM_R34_NE": null, "BOM_R34_SE": null, "BOM_R34_SW": null, "BOM_R34_NW": null, "BOM_R50_NE": null, "BOM_R50_SE": null, "BOM_R50_SW": null, "BOM_R50_NW": null, "BOM_R64_NE": null, "BOM_R64_SE": null, "BOM_R64_SW": null, "BOM_R64_NW": null, "BOM_ROCI": null, "BOM_POCI": null, "BOM_EYE": null, "BOM_POS_FL": null, "BOM_PRS_FL": null, "NAD_LAT": null, "NAD_LON": null, "NAD_CAT": null, "NAD_WIND": null, "NAD_PRES": null, "WEL_LAT": null, "WEL_LON": null, "WEL_WIND": null, "WEL_PRES": null, "DS8_LAT": null, "DS8_LON": null, "DS8_STAGE": null, "DS8_WIND": null, "DS8_PRES": null, "TD6_LAT": null, "TD6_LON": null, "TD6_STAGE": null, "TD6_WIND": null, "TD6_PRES": null, "TD5_LAT": null, "TD5_LON": null, "TD5_WIND": null, "TD5_PRES": null, "TD5_ROCI": null, "NEU_LAT": null, "NEU_LON": null, "NEU_CLASS": null, "NEU_WIND": null, "NEU_PRES": null, "MLC_LAT": null, "MLC_LON": null, "MLC_CLASS": null, "MLC_WIND": null, "MLC_PRES": null, "USA_GUST": null, "BOM_GUST": null, "BOM_GUSTP": null, "REU_GUST": null, "REU_GUSTP": null, "USA_SEAHGT": null, "USA_SEA_NE": null, "USA_SEA_SE": null, "USA_SEA_SW": null, "USA_SEA_NW": null, "STORM_SPD": 10, "STORM_DR": 300, "year": 2004, "month": 9, "day": 2, "hour": 9, "min": 0 }, "geometry": { "type": "LineString", "coordinates": [ [ -73.0999755859375, 22.899999618530273 ], [ -73.5, 23.200000762939453 ] ] } },
{ "type": "Feature", "properties": { "SID": "2004238N11325", "SEASON": 2004, "NUMBER": 58, "BASIN": "NA", "SUBBASIN": "NA", "NAME": "FRANCES", "ISO_TIME": "2004-09-02 12:00:00", "NATURE": "TS", "LAT": 23.2, "LON": -73.5, "WMO_WIND": 120.0, "WMO_PRES": 939.0, "WMO_AGENCY": "hurdat_atl", "TRACK_TYPE": "main", "DIST2LAND": 225, "LANDFALL": 225, "IFLAG": "O______________", "USA_AGENCY": "hurdat_atl", "USA_ATCFID": "AL062004", "USA_LAT": 23.2, "USA_LON": -73.5, "USA_RECORD": null, "USA_STATUS": "HU", "USA_WIND": 120.0, "USA_PRES": 939.0, "USA_SSHS": 4, "USA_R34_NE": 160.0, "USA_R34_SE": 130.0, "USA_R34_SW": 120.0, "USA_R34_NW": 160.0, "USA_R50_NE": 120.0, "USA_R50_SE": 100.0, "USA_R50_SW": 75.0, "USA_R50_NW": 100.0, "USA_R64_NE": 70.0, "USA_R64_SE": 60.0, "USA_R64_SW": 45.0, "USA_R64_NW": 60.0, "USA_POCI": null, "USA_ROCI": null, "USA_RMW": null, "USA_EYE": null, "TOK_LAT": null, "TOK_LON": null, "TOK_GRADE": null, "TOK_WIND": null, "TOK_PRES": null, "TOK_R50_DR": null, "TOK_R50_L": null, "TOK_R50_S": null, "TOK_R30_DR": null, "TOK_R30_L": null, "TOK_R30_S": null, "TOK_LAND": null, "CMA_LAT": null, "CMA_LON": null, "CMA_CAT": null, "CMA_WIND": null, "CMA_PRES": null, "HKO_LAT": null, "HKO_LON": null, "HKO_CAT": null, "HKO_WIND": null, "HKO_PRES": null, "KMA_LAT": null, "KMA_LON": null, "KMA_CAT": null, "KMA_WIND": null, "KMA_PRES": null, "KMA_R50_DR": null, "KMA_R50_L": null, "KMA_R50_S": null, "KMA_R30_DR": null, "KMA_R30_L": null, "KMA_R30_S": null, "NEW_LAT": null, "NEW_LON": null, "NEW_GRADE": null, "NEW_WIND": null, "NEW_PRES": null, "NEW_CI": -999.9, "NEW_DP": null, "NEW_POCI": null, "REU_LAT": null, "REU_LON": null, "REU_TYPE": null, "REU_WIND": null, "REU_PRES": null, "REU_TNUM": -999.9, "REU_CI": -999.9, "REU_RMW": null, "REU_R34_NE": null, "REU_R34_SE": null, "REU_R34_SW": null, "REU_R34_NW": null, "REU_R50_NE": null, "REU_R50_SE": null, "REU_R50_SW": null, "REU_R50_NW": null, "REU_R64_NE": null, "REU_R64_SE": null, "REU_R64_SW": null, "REU_R64_NW": null, "BOM_LAT": null, "BOM_LON": null, "BOM_TYPE": null, "BOM_WIND": null, "BOM_PRES": null, "BOM_TNUM": -999.9, "BOM_CI": -999.9, "BOM_RMW": null, "BOM_R34_NE": null, "BOM_R34_SE": null, "BOM_R34_SW": null, "BOM_R34_NW": null, "BOM_R50_NE": null, "BOM_R50_SE": null, "BOM_R50_SW": null, "BOM_R50_NW": null, "BOM_R64_NE": null, "BOM_R64_SE": null, "BOM_R64_SW": null, "BOM_R64_NW": null, "BOM_ROCI": null, "BOM_POCI": null, "BOM_EYE": null, "BOM_POS_FL": null, "BOM_PRS_FL": null, "NAD_LAT": null, "NAD_LON": null, "NAD_CAT": null, "NAD_WIND": null, "NAD_PRES": null, "WEL_LAT": null, "WEL_LON": null, "WEL_WIND": null, "WEL_PRES": null, "DS8_LAT": null, "DS8_LON": null, "DS8_STAGE": null, "DS8_WIND": null, "DS8_PRES": null, "TD6_LAT": null, "TD6_LON": null, "TD6_STAGE": null, "TD6_WIND": null, "TD6_PRES": null, "TD5_LAT": null, "TD5_LON": null, "TD5_WIND": null, "TD5_PRES": null, "TD5_ROCI": null, "NEU_LAT": null, "NEU_LON": null, "NEU_CLASS": null, "NEU_WIND": null, "NEU_PRES": null, "MLC_LAT": null, "MLC_LON": null, "MLC_CLASS": null, "MLC_WIND": null, "MLC_PRES": null, "USA_GUST": 155.0, "BOM_GUST": null, "BOM_GUSTP": null, "REU_GUST": null, "REU_GUSTP": null, "USA_SEAHGT": null, "USA_SEA_NE": null, "USA_SEA_SE": null, "USA_SEA_SW": null, "USA_SEA_NW": null, "STORM_SPD": 10, "STORM_DR": 305, "year": 2004, "month": 9, "day": 2, "hour": 12, "min": 0 }, "geometry": { "type": "LineString", "coordinates": [ [ -73.5, 23.200000762939453 ], [ -73.9000244140625, 23.5 ] ] } },
{ "type": "Feature", "properties": { "SID": "2004238N11325", "SEASON": 2004, "NUMBER": 58, "BASIN": "NA", "SUBBASIN": "NA", "NAME": "FRANCES", "ISO_TIME": "2004-09-02 15:00:00", "NATURE": "TS", "LAT": 23.5, "LON": -73.9, "WMO_WIND": 0.0, "WMO_PRES": null, "WMO_AGENCY": null, "TRACK_TYPE": "main", "DIST2LAND": 267, "LANDFALL": 267, "IFLAG": "P______________", "USA_AGENCY": null, "USA_ATCFID": "AL062004", "USA_LAT": 23.5, "USA_LON": -73.9, "USA_RECORD": null, "USA_STATUS": "HU", "USA_WIND": 118.0, "USA_PRES": 944.0, "USA_SSHS": 4, "USA_R34_NE": 160.0, "USA_R34_SE": 135.0, "USA_R34_SW": 120.0, "USA_R34_NW": 160.0, "USA_R50_NE": 120.0, "USA_R50_SE": 100.0, "USA_R50_SW": 75.0, "USA_R50_NW": 100.0, "USA_R64_NE": 70.0, "USA_R64_SE": 60.0, "USA_R64_SW": 45.0, "USA_R64_NW": 60.0, "USA_POCI": null, "USA_ROCI": null, "USA_RMW": null, "USA_EYE": null, "TOK_LAT": null, "TOK_LON": null, "TOK_GRADE": null, "TOK_WIND": null, "TOK_PRES": null, "TOK_R50_DR": null, "TOK_R50_L": null, "TOK_R50_S": null, "TOK_R30_DR": null, "TOK_R30_L": null, "TOK_R30_S": null, "TOK_LAND": null, "CMA_LAT": null, "CMA_LON": null, "CMA_CAT": null, "CMA_WIND": null, "CMA_PRES": null, "HKO_LAT": null, "HKO_LON": null, "HKO_CAT": null, "HKO_WIND": null, "HKO_PRES": null, "KMA_LAT": null, "KMA_LON": null, "KMA_CAT": null, "KMA_WIND": null, "KMA_PRES": null, "KMA_R50_DR": null, "KMA_R50_L": null, "KMA_R50_S": null, "KMA_R30_DR": null, "KMA_R30_L": null, "KMA_R30_S": null, "NEW_LAT": null, "NEW_LON": null, "NEW_GRADE": null, "NEW_WIND": null, "NEW_PRES": null, "NEW_CI": -999.9, "NEW_DP": null, "NEW_POCI": null, "REU_LAT": null, "REU_LON": null, "REU_TYPE": null, "REU_WIND": null, "REU_PRES": null, "REU_TNUM": -999.9, "REU_CI": -999.9, "REU_RMW": null, "REU_R34_NE": null, "REU_R34_SE": null, "REU_R34_SW": null, "REU_R34_NW": null, "REU_R50_NE": null, "REU_R50_SE": null, "REU_R50_SW": null, "REU_R50_NW": null, "REU_R64_NE": null, "REU_R64_SE": null, "REU_R64_SW": null, "REU_R64_NW": null, "BOM_LAT": null, "BOM_LON": null, "BOM_TYPE": null, "BOM_WIND": null, "BOM_PRES": null, "BOM_TNUM": -999.9, "BOM_CI": -999.9, "BOM_RMW": null, "BOM_R34_NE": null, "BOM_R34_SE": null, "BOM_R34_SW": null, "BOM_R34_NW": null, "BOM_R50_NE": null, "BOM_R50_SE": null, "BOM_R50_SW": null, "BOM_R50_NW": null, "BOM_R64_NE": null, "BOM_R64_SE": null, "BOM_R64_SW": null, "BOM_R64_NW": null, "BOM_ROCI": null, "BOM_POCI": null, "BOM_EYE": null, "BOM_POS_FL": null, "BOM_PRS_FL": null, "NAD_LAT": null, "NAD_LON": null, "NAD_CAT": null, "NAD_WIND": null, "NAD_PRES": null, "WEL_LAT": null, "WEL_LON": null, "WEL_WIND": null, "WEL_PRES": null, "DS8_LAT": null, "DS8_LON": null, "DS8_STAGE": null, "DS8_WIND": null, "DS8_PRES": null, "TD6_LAT": null, "TD6_LON": null, "TD6_STAGE": null, "TD6_WIND": null, "TD6_PRES": null, "TD5_LAT": null, "TD5_LON": null, "TD5_WIND": null, "TD5_PRES": null, "TD5_ROCI": null, "NEU_LAT": null, "NEU_LON": null, "NEU_CLASS": null, "NEU_WIND": null, "NEU_PRES": null, "MLC_LAT": null, "MLC_LON": null, "MLC_CLASS": null, "MLC_WIND": null, "MLC_PRES": null, "USA_GUST": null, "BOM_GUST": null, "BOM_GUSTP": null, "REU_GUST": null, "REU_GUSTP": null, "USA_SEAHGT": null, "USA_SEA_NE": null, "USA_SEA_SE": null, "USA_SEA_SW": null, "USA_SEA_NW": null, "STORM_SPD": 10, "STORM_DR": 310, "year": 2004, "month": 9, "day": 2, "hour": 15, "min": 0 }, "geometry": { "type": "LineString", "coordinates": [ [ -73.9000244140625, 23.5 ], [ -74.300048828125, 23.799999237060547 ] ] } },
{ "type": "Feature", "properties": { "SID": "2004238N11325", "SEASON": 2004, "NUMBER": 58, "BASIN": "NA", "SUBBASIN": "NA", "NAME": "FRANCES", "ISO_TIME": "2004-09-02 18:00:00", "NATURE": "TS", "LAT": 23.8, "LON": -74.3, "WMO_WIND": 115.0, "WMO_PRES": 948.0, "WMO_AGENCY": "hurdat_atl", "TRACK_TYPE": "main", "DIST2LAND": 308, "LANDFALL": 308, "IFLAG": "O______________", "USA_AGENCY": "hurdat_atl", "USA_ATCFID": "AL062004", "USA_LAT": 23.8, "USA_LON": -74.3, "USA_RECORD": null, "USA_STATUS": "HU", "USA_WIND": 115.0, "USA_PRES": 948.0, "USA_SSHS": 4, "USA_R34_NE": 160.0, "USA_R34_SE": 140.0, "USA_R34_SW": 120.0, "USA_R34_NW": 160.0, "USA_R50_NE": 120.0, "USA_R50_SE": 100.0, "USA_R50_SW": 75.0, "USA_R50_NW": 100.0, "USA_R64_NE": 70.0, "USA_R64_SE": 60.0, "USA_R64_SW": 45.0, "USA_R64_NW": 60.0, "USA_POCI": null, "USA_ROCI": null, "USA_RMW": null, "USA_EYE": null, "TOK_LAT": null, "TOK_LON": null, "TOK_GRADE": null, "TOK_WIND": null, "TOK_PRES": null, "TOK_R50_DR": null, "TOK_R50_L": null, "TOK_R50_S": null, "TOK_R30_DR": null, "TOK_R30_L": null, "TOK_R30_S": null, "TOK_LAND": null, "CMA_LAT": null, "CMA_LON": null, "CMA_CAT": null, "CMA_WIND": null, "CMA_PRES": null, "HKO_LAT": null, "HKO_LON": null, "HKO_CAT": null, "HKO_WIND": null, "HKO_PRES": null, "KMA_LAT": null, "KMA_LON": null, "KMA_CAT": null, "KMA_WIND": null, "KMA_PRES": null, "KMA_R50_DR": null, "KMA_R50_L": null, "KMA_R50_S": null, "KMA_R30_DR": null, "KMA_R30_L": null, "KMA_R30_S": null, "NEW_LAT": null, "NEW_LON": null, "NEW_GRADE": null, "NEW_WIND": null, "NEW_PRES": null, "NEW_CI": -999.9, "NEW_DP": null, "NEW_POCI": null, "REU_LAT": null, "REU_LON": null, "REU_TYPE": null, "REU_WIND": null, "REU_PRES": null, "REU_TNUM": -999.9, "REU_CI": -999.9, "REU_RMW": null, "REU_R34_NE": null, "REU_R34_SE": null, "REU_R34_SW": null, "REU_R34_NW": null, "REU_R50_NE": null, "REU_R50_SE": null, "REU_R50_SW": null, "REU_R50_NW": null, "REU_R64_NE": null, "REU_R64_SE": null, "REU_R64_SW": null, "REU_R64_NW": null, "BOM_LAT": null, "BOM_LON": null, "BOM_TYPE": null, "BOM_WIND": null, "BOM_PRES": null, "BOM_TNUM": -999.9, "BOM_CI": -999.9, "BOM_RMW": null, "BOM_R34_NE": null, "BOM_R34_SE": null, "BOM_R34_SW": null, "BOM_R34_NW": null, "BOM_R50_NE": null, "BOM_R50_SE": null, "BOM_R50_SW": null, "BOM_R50_NW": null, "BOM_R64_NE": null, "BOM_R64_SE": null, "BOM_R64_SW": null, "BOM_R64_NW": null, "BOM_ROCI": null, "BOM_POCI": null, "BOM_EYE": null, "BOM_POS_FL": null, "BOM_PRS_FL": null, "NAD_LAT": null, "NAD_LON": null, "NAD_CAT": null, "NAD_WIND": null, "NAD_PRES": null, "WEL_LAT": null, "WEL_LON": null, "WEL_WIND": null, "WEL_PRES": null, "DS8_LAT": null, "DS8_LON": null, "DS8_STAGE": null, "DS8_WIND": null, "DS8_PRES": null, "TD6_LAT": null, "TD6_LON": null, "TD6_STAGE": null, "TD6_WIND": null, "TD6_PRES": null, "TD5_LAT": null, "TD5_LON": null, "TD5_WIND": null, "TD5_PRES": null, "TD5_ROCI": null, "NEU_LAT": null, "NEU_LON": null, "NEU_CLASS": null, "NEU_WIND": null, "NEU_PRES": null, "MLC_LAT": null, "MLC_LON": null, "MLC_CLASS": null, "MLC_WIND": null, "MLC_PRES": null, "USA_GUST": 145.0, "BOM_GUST": null, "BOM_GUSTP": null, "REU_GUST": null, "REU_GUSTP": null, "USA_SEAHGT": null, "USA_SEA_NE": null, "USA_SEA_SE": null, "USA_SEA_SW": null, "USA_SEA_NW": null, "STORM_SPD": 10, "STORM_DR": 315, "year": 2004, "month": 9, "day": 2, "hour": 18, "min": 0 }, "geometry": { "type": "LineString", "coordinates": [ [ -74.300048828125, 23.799999237060547 ], [ -74.5, 24.0 ] ] } },
{ "type": "Feature", "properties": { "SID": "2004238N11325", "SEASON": 2004, "NUMBER": 58, "BASIN": "NA", "SUBBASIN": "NA", "NAME": "FRANCES", "ISO_TIME": "2004-09-02 19:30:00", "NATURE": "TS", "LAT": 24.0, "LON": -74.5, "WMO_WIND": 110.0, "WMO_PRES": 948.0, "WMO_AGENCY": "hurdat_atl", "TRACK_TYPE": "main", "DIST2LAND": 329, "LANDFALL": 307, "IFLAG": "V______________", "USA_AGENCY": "hurdat_atl", "USA_ATCFID": "AL062004", "USA_LAT": 24.0, "USA_LON": -74.5, "USA_RECORD": "L", "USA_STATUS": "HU", "USA_WIND": 110.0, "USA_PRES": 948.0, "USA_SSHS": 3, "USA_R34_NE": 160.0, "USA_R34_SE": 143.0, "USA_R34_SW": 120.0, "USA_R34_NW": 160.0, "USA_R50_NE": 120.0, "USA_R50_SE": 100.0, "USA_R50_SW": 75.0, "USA_R50_NW": 100.0, "USA_R64_NE": 70.0, "USA_R64_SE": 60.0, "USA_R64_SW": 45.0, "USA_R64_NW": 60.0, "USA_POCI": null, "USA_ROCI": null, "USA_RMW": null, "USA_EYE": null, "TOK_LAT": null, "TOK_LON": null, "TOK_GRADE": null, "TOK_WIND": null, "TOK_PRES": null, "TOK_R50_DR": null, "TOK_R50_L": null, "TOK_R50_S": null, "TOK_R30_DR": null, "TOK_R30_L": null, "TOK_R30_S": null, "TOK_LAND": null, "CMA_LAT": null, "CMA_LON": null, "CMA_CAT": null, "CMA_WIND": null, "CMA_PRES": null, "HKO_LAT": null, "HKO_LON": null, "HKO_CAT": null, "HKO_WIND": null, "HKO_PRES": null, "KMA_LAT": null, "KMA_LON": null, "KMA_CAT": null, "KMA_WIND": null, "KMA_PRES": null, "KMA_R50_DR": null, "KMA_R50_L": null, "KMA_R50_S": null, "KMA_R30_DR": null, "KMA_R30_L": null, "KMA_R30_S": null, "NEW_LAT": null, "NEW_LON": null, "NEW_GRADE": null, "NEW_WIND": null, "NEW_PRES": null, "NEW_CI": -999.9, "NEW_DP": null, "NEW_POCI": null, "REU_LAT": null, "REU_LON": null, "REU_TYPE": null, "REU_WIND": null, "REU_PRES": null, "REU_TNUM": -999.9, "REU_CI": -999.9, "REU_RMW": null, "REU_R34_NE": null, "REU_R34_SE": null, "REU_R34_SW": null, "REU_R34_NW": null, "REU_R50_NE": null, "REU_R50_SE": null, "REU_R50_SW": null, "REU_R50_NW": null, "REU_R64_NE": null, "REU_R64_SE": null, "REU_R64_SW": null, "REU_R64_NW": null, "BOM_LAT": null, "BOM_LON": null, "BOM_TYPE": null, "BOM_WIND": null, "BOM_PRES": null, "BOM_TNUM": -999.9, "BOM_CI": -999.9, "BOM_RMW": null, "BOM_R34_NE": null, "BOM_R34_SE": null, "BOM_R34_SW": null, "BOM_R34_NW": null, "BOM_R50_NE": null, "BOM_R50_SE": null, "BOM_R50_SW": null, "BOM_R50_NW": null, "BOM_R64_NE": null, "BOM_R64_SE": null, "BOM_R64_SW": null, "BOM_R64_NW": null, "BOM_ROCI": null, "BOM_POCI": null, "BOM_EYE": null, "BOM_POS_FL": null, "BOM_PRS_FL": null, "NAD_LAT": null, "NAD_LON": null, "NAD_CAT": null, "NAD_WIND": null, "NAD_PRES": null, "WEL_LAT": null, "WEL_LON": null, "WEL_WIND": null, "WEL_PRES": null, "DS8_LAT": null, "DS8_LON": null, "DS8_STAGE": null, "DS8_WIND": null, "DS8_PRES": null, "TD6_LAT": null, "TD6_LON": null, "TD6_STAGE": null, "TD6_WIND": null, "TD6_PRES": null, "TD5_LAT": null, "TD5_LON": null, "TD5_WIND": null, "TD5_PRES": null, "TD5_ROCI": null, "NEU_LAT": null, "NEU_LON": null, "NEU_CLASS": null, "NEU_WIND": null, "NEU_PRES": null, "MLC_LAT": null, "MLC_LON": null, "MLC_CLASS": null, "MLC_WIND": null, "MLC_PRES": null, "USA_GUST": null, "BOM_GUST": null, "BOM_GUSTP": null, "REU_GUST": null, "REU_GUSTP": null, "USA_SEAHGT": null, "USA_SEA_NE": null, "USA_SEA_SE": null, "USA_SEA_SW": null, "USA_SEA_NW": null, "STORM_SPD": 9, "STORM_DR": 310, "year": 2004, "month": 9, "day": 2, "hour": 19, "min": 30 }, "geometry": { "type": "LineString", "coordinates": [ [ -74.5, 24.0 ], [ -74.699951171875, 24.100000381469727 ] ] } },
{ "type": "Feature", "properties": { "SID": "2004238N11325", "SEASON": 2004, "NUMBER": 58, "BASIN": "NA", "SUBBASIN": "NA", "NAME": "FRANCES", "ISO_TIME": "2004-09-02 21:00:00", "NATURE": "TS", "LAT": 24.1, "LON": -74.7, "WMO_WIND": 0.0, "WMO_PRES": null, "WMO_AGENCY": null, "TRACK_TYPE": "main", "DIST2LAND": 307, "LANDFALL": 275, "IFLAG": "P______________", "USA_AGENCY": null, "USA_ATCFID": "AL062004", "USA_LAT": 24.1, "USA_LON": -74.7, "USA_RECORD": null, "USA_STATUS": "HU", "USA_WIND": 108.0, "USA_PRES": 948.0, "USA_SSHS": 3, "USA_R34_NE": 160.0, "USA_R34_SE": 145.0, "USA_R34_SW": 120.0, "USA_R34_NW": 160.0, "USA_R50_NE": 120.0, "USA_R50_SE": 100.0, "USA_R50_SW": 75.0, "USA_R50_NW": 100.0, "USA_R64_NE": 70.0, "USA_R64_SE": 60.0, "USA_R64_SW": 45.0, "USA_R64_NW": 60.0, "USA_POCI": null, "USA_ROCI": null, "USA_RMW": null, "USA_EYE": null, "TOK_LAT": null, "TOK_LON": null, "TOK_GRADE": null, "TOK_WIND": null, "TOK_PRES": null, "TOK_R50_DR": null, "TOK_R50_L": null, "TOK_R50_S": null, "TOK_R30_DR": null, "TOK_R30_L": null, "TOK_R30_S": null, "TOK_LAND": null, "CMA_LAT": null, "CMA_LON": null, "CMA_CAT": null, "CMA_WIND": null, "CMA_PRES": null, "HKO_LAT": null, "HKO_LON": null, "HKO_CAT": null, "HKO_WIND": null, "HKO_PRES": null, "KMA_LAT": null, "KMA_LON": null, "KMA_CAT": null, "KMA_WIND": null, "KMA_PRES": null, "KMA_R50_DR": null, "KMA_R50_L": null, "KMA_R50_S": null, "KMA_R30_DR": null, "KMA_R30_L": null, "KMA_R30_S": null, "NEW_LAT": null, "NEW_LON": null, "NEW_GRADE": null, "NEW_WIND": null, "NEW_PRES": null, "NEW_CI": -999.9, "NEW_DP": null, "NEW_POCI": null, "REU_LAT": null, "REU_LON": null, "REU_TYPE": null, "REU_WIND": null, "REU_PRES": null, "REU_TNUM": -999.9, "REU_CI": -999.9, "REU_RMW": null, "REU_R34_NE": null, "REU_R34_SE": null, "REU_R34_SW": null, "REU_R34_NW": null, "REU_R50_NE": null, "REU_R50_SE": null, "REU_R50_SW": null, "REU_R50_NW": null, "REU_R64_NE": null, "REU_R64_SE": null, "REU_R64_SW": null, "REU_R64_NW": null, "BOM_LAT": null, "BOM_LON": null, "BOM_TYPE": null, "BOM_WIND": null, "BOM_PRES": null, "BOM_TNUM": -999.9, "BOM_CI": -999.9, "BOM_RMW": null, "BOM_R34_NE": null, "BOM_R34_SE": null, "BOM_R34_SW": null, "BOM_R34_NW": null, "BOM_R50_NE": null, "BOM_R50_SE": null, "BOM_R50_SW": null, "BOM_R50_NW": null, "BOM_R64_NE": null, "BOM_R64_SE": null, "BOM_R64_SW": null, "BOM_R64_NW": null, "BOM_ROCI": null, "BOM_POCI": null, "BOM_EYE": null, "BOM_POS_FL": null, "BOM_PRS_FL": null, "NAD_LAT": null, "NAD_LON": null, "NAD_CAT": null, "NAD_WIND": null, "NAD_PRES": null, "WEL_LAT": null, "WEL_LON": null, "WEL_WIND": null, "WEL_PRES": null, "DS8_LAT": null, "DS8_LON": null, "DS8_STAGE": null, "DS8_WIND": null, "DS8_PRES": null, "TD6_LAT": null, "TD6_LON": null, "TD6_STAGE": null, "TD6_WIND": null, "TD6_PRES": null, "TD5_LAT": null, "TD5_LON": null, "TD5_WIND": null, "TD5_PRES": null, "TD5_ROCI": null, "NEU_LAT": null, "NEU_LON": null, "NEU_CLASS": null, "NEU_WIND": null, "NEU_PRES": null, "MLC_LAT": null, "MLC_LON": null, "MLC_CLASS": null, "MLC_WIND": null, "MLC_PRES": null, "USA_GUST": null, "BOM_GUST": null, "BOM_GUSTP": null, "REU_GUST": null, "REU_GUSTP": null, "USA_SEAHGT": null, "USA_SEA_NE": null, "USA_SEA_SE": null, "USA_SEA_SW": null, "USA_SEA_NW": null, "STORM_SPD": 7, "STORM_DR": 295, "year": 2004, "month": 9, "day": 2, "hour": 21, "min": 0 }, "geometry": { "type": "LineString", "coordinates": [ [ -74.699951171875, 24.100000381469727 ], [ -75.0, 24.200000762939453 ] ] } },
{ "type": "Feature", "properties": { "SID": "2004238N11325", "SEASON": 2004, "NUMBER": 58, "BASIN": "NA", "SUBBASIN": "NA", "NAME": "FRANCES", "ISO_TIME": "2004-09-03 00:00:00", "NATURE": "TS", "LAT": 24.2, "LON": -75.0, "WMO_WIND": 105.0, "WMO_PRES": 948.0, "WMO_AGENCY": "hurdat_atl", "TRACK_TYPE": "main", "DIST2LAND": 275, "LANDFALL": 253, "IFLAG": "O______________", "USA_AGENCY": "hurdat_atl", "USA_ATCFID": "AL062004", "USA_LAT": 24.2, "USA_LON": -75.0, "USA_RECORD": null, "USA_STATUS": "HU", "USA_WIND": 105.0, "USA_PRES": 948.0, "USA_SSHS": 3, "USA_R34_NE": 160.0, "USA_R34_SE": 150.0, "USA_R34_SW": 120.0, "USA_R34_NW": 160.0, "USA_R50_NE": 120.0, "USA_R50_SE": 100.0, "USA_R50_SW": 75.0, "USA_R50_NW": 100.0, "USA_R64_NE": 70.0, "USA_R64_SE": 60.0, "USA_R64_SW": 45.0, "USA_R64_NW": 60.0, "USA_POCI": null, "USA_ROCI": null, "USA_RMW": null, "USA_EYE": null, "TOK_LAT": null, "TOK_LON": null, "TOK_GRADE": null, "TOK_WIND": null, "TOK_PRES": null, "TOK_R50_DR": null, "TOK_R50_L": null, "TOK_R50_S": null, "TOK_R30_DR": null, "TOK_R30_L": null, "TOK_R30_S": null, "TOK_LAND": null, "CMA_LAT": null, "CMA_LON": null, "CMA_CAT": null, "CMA_WIND": null, "CMA_PRES": null, "HKO_LAT": null, "HKO_LON": null, "HKO_CAT": null, "HKO_WIND": null, "HKO_PRES": null, "KMA_LAT": null, "KMA_LON": null, "KMA_CAT": null, "KMA_WIND": null, "KMA_PRES": null, "KMA_R50_DR": null, "KMA_R50_L": null, "KMA_R50_S": null, "KMA_R30_DR": null, "KMA_R30_L": null, "KMA_R30_S": null, "NEW_LAT": null, "NEW_LON": null, "NEW_GRADE": null, "NEW_WIND": null, "NEW_PRES": null, "NEW_CI": -999.9, "NEW_DP": null, "NEW_POCI": null, "REU_LAT": null, "REU_LON": null, "REU_TYPE": null, "REU_WIND": null, "REU_PRES": null, "REU_TNUM": -999.9, "REU_CI": -999.9, "REU_RMW": null, "REU_R34_NE": null, "REU_R34_SE": null, "REU_R34_SW": null, "REU_R34_NW": null, "REU_R50_NE": null, "REU_R50_SE": null, "REU_R50_SW": null, "REU_R50_NW": null, "REU_R64_NE": null, "REU_R64_SE": null, "REU_R64_SW": null, "REU_R64_NW": null, "BOM_LAT": null, "BOM_LON": null, "BOM_TYPE": null, "BOM_WIND": null, "BOM_PRES": null, "BOM_TNUM": -999.9, "BOM_CI": -999.9, "BOM_RMW": null, "BOM_R34_NE": null, "BOM_R34_SE": null, "BOM_R34_SW": null, "BOM_R34_NW": null, "BOM_R50_NE": null, "BOM_R50_SE": null, "BOM_R50_SW": null, "BOM_R50_NW": null, "BOM_R64_NE": null, "BOM_R64_SE": null, "BOM_R64_SW": null, "BOM_R64_NW": null, "BOM_ROCI": null, "BOM_POCI": null, "BOM_EYE": null, "BOM_POS_FL": null, "BOM_PRS_FL": null, "NAD_LAT": null, "NAD_LON": null, "NAD_CAT": null, "NAD_WIND": null, "NAD_PRES": null, "WEL_LAT": null, "WEL_LON": null, "WEL_WIND": null, "WEL_PRES": null, "DS8_LAT": null, "DS8_LON": null, "DS8_STAGE": null, "DS8_WIND": null, "DS8_PRES": null, "TD6_LAT": null, "TD6_LON": null, "TD6_STAGE": null, "TD6_WIND": null, "TD6_PRES": null, "TD5_LAT": null, "TD5_LON": null, "TD5_WIND": null, "TD5_PRES": null, "TD5_ROCI": null, "NEU_LAT": null, "NEU_LON": null, "NEU_CLASS": null, "NEU_WIND": null, "NEU_PRES": null, "MLC_LAT": null, "MLC_LON": null, "MLC_CLASS": null, "MLC_WIND": null, "MLC_PRES": null, "USA_GUST": 140.0, "BOM_GUST": null, "BOM_GUSTP": null, "REU_GUST": null, "REU_GUSTP": null, "USA_SEAHGT": null, "USA_SEA_NE": null, "USA_SEA_SE": null, "USA_SEA_SW": null, "USA_SEA_NW": null, "STORM_SPD": 6, "STORM_DR": 290, "year": 2004, "month": 9, "day": 3, "hour": 0, "min": 0 }, "geometry": { "type": "LineString", "coordinates": [ [ -75.0, 24.200000762939453 ], [ -75.300048828125, 24.299999237060547 ] ] } },
{ "type": "Feature", "properties": { "SID": "2004238N11325", "SEASON": 2004, "NUMBER": 58, "BASIN": "NA", "SUBBASIN": "NA", "NAME": "FRANCES", "ISO_TIME": "2004-09-03 03:00:00", "NATURE": "TS", "LAT": 24.3, "LON": -75.3, "WMO_WIND": 0.0, "WMO_PRES": null, "WMO_AGENCY": null, "TRACK_TYPE": "main", "DIST2LAND": 243, "LANDFALL": 212, "IFLAG": "P______________", "USA_AGENCY": null, "USA_ATCFID": "AL062004", "USA_LAT": 24.3, "USA_LON": -75.3, "USA_RECORD": null, "USA_STATUS": "HU", "USA_WIND": 102.0, "USA_PRES": 951.0, "USA_SSHS": 3, "USA_R34_NE": 160.0, "USA_R34_SE": 150.0, "USA_R34_SW": 120.0, "USA_R34_NW": 155.0, "USA_R50_NE": 120.0, "USA_R50_SE": 100.0, "USA_R50_SW": 75.0, "USA_R50_NW": 100.0, "USA_R64_NE": 70.0, "USA_R64_SE": 63.0, "USA_R64_SW": 45.0, "USA_R64_NW": 63.0, "USA_POCI": null, "USA_ROCI": null, "USA_RMW": null, "USA_EYE": null, "TOK_LAT": null, "TOK_LON": null, "TOK_GRADE": null, "TOK_WIND": null, "TOK_PRES": null, "TOK_R50_DR": null, "TOK_R50_L": null, "TOK_R50_S": null, "TOK_R30_DR": null, "TOK_R30_L": null, "TOK_R30_S": null, "TOK_LAND": null, "CMA_LAT": null, "CMA_LON": null, "CMA_CAT": null, "CMA_WIND": null, "CMA_PRES": null, "HKO_LAT": null, "HKO_LON": null, "HKO_CAT": null, "HKO_WIND": null, "HKO_PRES": null, "KMA_LAT": null, "KMA_LON": null, "KMA_CAT": null, "KMA_WIND": null, "KMA_PRES": null, "KMA_R50_DR": null, "KMA_R50_L": null, "KMA_R50_S": null, "KMA_R30_DR": null, "KMA_R30_L": null, "KMA_R30_S": null, "NEW_LAT": null, "NEW_LON": null, "NEW_GRADE": null, "NEW_WIND": null, "NEW_PRES": null, "NEW_CI": -999.9, "NEW_DP": null, "NEW_POCI": null, "REU_LAT": null, "REU_LON": null, "REU_TYPE": null, "REU_WIND": null, "REU_PRES": null, "REU_TNUM": -999.9, "REU_CI": -999.9, "REU_RMW": null, "REU_R34_NE": null, "REU_R34_SE": null, "REU_R34_SW": null, "REU_R34_NW": null, "REU_R50_NE": null, "REU_R50_SE": null, "REU_R50_SW": null, "REU_R50_NW": null, "REU_R64_NE": null, "REU_R64_SE": null, "REU_R64_SW": null, "REU_R64_NW": null, "BOM_LAT": null, "BOM_LON": null, "BOM_TYPE": null, "BOM_WIND": null, "BOM_PRES": null, "BOM_TNUM": -999.9, "BOM_CI": -999.9, "BOM_RMW": null, "BOM_R34_NE": null, "BOM_R34_SE": null, "BOM_R34_SW": null, "BOM_R34_NW": null, "BOM_R50_NE": null, "BOM_R50_SE": null, "BOM_R50_SW": null, "BOM_R50_NW": null, "BOM_R64_NE": null, "BOM_R64_SE": null, "BOM_R64_SW": null, "BOM_R64_NW": null, "BOM_ROCI": null, "BOM_POCI": null, "BOM_EYE": null, "BOM_POS_FL": null, "BOM_PRS_FL": null, "NAD_LAT": null, "NAD_LON": null, "NAD_CAT": null, "NAD_WIND": null, "NAD_PRES": null, "WEL_LAT": null, "WEL_LON": null, "WEL_WIND": null, "WEL_PRES": null, "DS8_LAT": null, "DS8_LON": null, "DS8_STAGE": null, "DS8_WIND": null, "DS8_PRES": null, "TD6_LAT": null, "TD6_LON": null, "TD6_STAGE": null, "TD6_WIND": null, "TD6_PRES": null, "TD5_LAT": null, "TD5_LON": null, "TD5_WIND": null, "TD5_PRES": null, "TD5_ROCI": null, "NEU_LAT": null, "NEU_LON": null, "NEU_CLASS": null, "NEU_WIND": null, "NEU_PRES": null, "MLC_LAT": null, "MLC_LON": null, "MLC_CLASS": null, "MLC_WIND": null, "MLC_PRES": null, "USA_GUST": null, "BOM_GUST": null, "BOM_GUSTP": null, "REU_GUST": null, "REU_GUSTP": null, "USA_SEAHGT": null, "USA_SEA_NE": null, "USA_SEA_SE": null, "USA_SEA_SW": null, "USA_SEA_NW": null, "STORM_SPD": 7, "STORM_DR": 305, "year": 2004, "month": 9, "day": 3, "hour": 3, "min": 0 }, "geometry": { "type": "LineString", "coordinates": [ [ -75.300048828125, 24.299999237060547 ], [ -75.5999755859375, 24.600000381469727 ] ] } },
{ "type": "Feature", "properties": { "SID": "2004238N11325", "SEASON": 2004, "NUMBER": 58, "BASIN": "NA", "SUBBASIN": "NA", "NAME": "FRANCES", "ISO_TIME": "2004-09-03 05:30:00", "NATURE": "TS", "LAT": 24.6, "LON": -75.6, "WMO_WIND": 100.0, "WMO_PRES": 954.0, "WMO_AGENCY": "hurdat_atl", "TRACK_TYPE": "main", "DIST2LAND": 212, "LANDFALL": 203, "IFLAG": "V______________", "USA_AGENCY": "hurdat_atl", "USA_ATCFID": "AL062004", "USA_LAT": 24.6, "USA_LON": -75.6, "USA_RECORD": "L", "USA_STATUS": "HU", "USA_WIND": 100.0, "USA_PRES": 954.0, "USA_SSHS": 3, "USA_R34_NE": 160.0, "USA_R34_SE": 150.0, "USA_R34_SW": 120.0, "USA_R34_NW": 151.0, "USA_R50_NE": 120.0, "USA_R50_SE": 100.0, "USA_R50_SW": 75.0, "USA_R50_NW": 100.0, "USA_R64_NE": 70.0, "USA_R64_SE": 65.0, "USA_R64_SW": 45.0, "USA_R64_NW": 65.0, "USA_POCI": null, "USA_ROCI": null, "USA_RMW": null, "USA_EYE": null, "TOK_LAT": null, "TOK_LON": null, "TOK_GRADE": null, "TOK_WIND": null, "TOK_PRES": null, "TOK_R50_DR": null, "TOK_R50_L": null, "TOK_R50_S": null, "TOK_R30_DR": null, "TOK_R30_L": null, "TOK_R30_S": null, "TOK_LAND": null, "CMA_LAT": null, "CMA_LON": null, "CMA_CAT": null, "CMA_WIND": null, "CMA_PRES": null, "HKO_LAT": null, "HKO_LON": null, "HKO_CAT": null, "HKO_WIND": null, "HKO_PRES": null, "KMA_LAT": null, "KMA_LON": null, "KMA_CAT": null, "KMA_WIND": null, "KMA_PRES": null, "KMA_R50_DR": null, "KMA_R50_L": null, "KMA_R50_S": null, "KMA_R30_DR": null, "KMA_R30_L": null, "KMA_R30_S": null, "NEW_LAT": null, "NEW_LON": null, "NEW_GRADE": null, "NEW_WIND": null, "NEW_PRES": null, "NEW_CI": -999.9, "NEW_DP": null, "NEW_POCI": null, "REU_LAT": null, "REU_LON": null, "REU_TYPE": null, "REU_WIND": null, "REU_PRES": null, "REU_TNUM": -999.9, "REU_CI": -999.9, "REU_RMW": null, "REU_R34_NE": null, "REU_R34_SE": null, "REU_R34_SW": null, "REU_R34_NW": null, "REU_R50_NE": null, "REU_R50_SE": null, "REU_R50_SW": null, "REU_R50_NW": null, "REU_R64_NE": null, "REU_R64_SE": null, "REU_R64_SW": null, "REU_R64_NW": null, "BOM_LAT": null, "BOM_LON": null, "BOM_TYPE": null, "BOM_WIND": null, "BOM_PRES": null, "BOM_TNUM": -999.9, "BOM_CI": -999.9, "BOM_RMW": null, "BOM_R34_NE": null, "BOM_R34_SE": null, "BOM_R34_SW": null, "BOM_R34_NW": null, "BOM_R50_NE": null, "BOM_R50_SE": null, "BOM_R50_SW": null, "BOM_R50_NW": null, "BOM_R64_NE": null, "BOM_R64_SE": null, "BOM_R64_SW": null, "BOM_R64_NW": null, "BOM_ROCI": null, "BOM_POCI": null, "BOM_EYE": null, "BOM_POS_FL": null, "BOM_PRS_FL": null, "NAD_LAT": null, "NAD_LON": null, "NAD_CAT": null, "NAD_WIND": null, "NAD_PRES": null, "WEL_LAT": null, "WEL_LON": null, "WEL_WIND": null, "WEL_PRES": null, "DS8_LAT": null, "DS8_LON": null, "DS8_STAGE": null, "DS8_WIND": null, "DS8_PRES": null, "TD6_LAT": null, "TD6_LON": null, "TD6_STAGE": null, "TD6_WIND": null, "TD6_PRES": null, "TD5_LAT": null, "TD5_LON": null, "TD5_WIND": null, "TD5_PRES": null, "TD5_ROCI": null, "NEU_LAT": null, "NEU_LON": null, "NEU_CLASS": null, "NEU_WIND": null, "NEU_PRES": null, "MLC_LAT": null, "MLC_LON": null, "MLC_CLASS": null, "MLC_WIND": null, "MLC_PRES": null, "USA_GUST": null, "BOM_GUST": null, "BOM_GUSTP": null, "REU_GUST": null, "REU_GUSTP": null, "USA_SEAHGT": null, "USA_SEA_NE": null, "USA_SEA_SE": null, "USA_SEA_SW": null, "USA_SEA_NW": null, "STORM_SPD": 11, "STORM_DR": 315, "year": 2004, "month": 9, "day": 3, "hour": 5, "min": 30 }, "geometry": { "type": "LineString", "coordinates": [ [ -75.5999755859375, 24.600000381469727 ], [ -75.699951171875, 24.700000762939453 ] ] } },
{ "type": "Feature", "properties": { "SID": "2004238N11325", "SEASON": 2004, "NUMBER": 58, "BASIN": "NA", "SUBBASIN": "NA", "NAME": "FRANCES", "ISO_TIME": "2004-09-03 06:00:00", "NATURE": "TS", "LAT": 24.7, "LON": -75.7, "WMO_WIND": 100.0, "WMO_PRES": 954.0, "WMO_AGENCY": "hurdat_atl", "TRACK_TYPE": "main", "DIST2LAND": 203, "LANDFALL": 180, "IFLAG": "O______________", "USA_AGENCY": "hurdat_atl", "USA_ATCFID": "AL062004", "USA_LAT": 24.7, "USA_LON": -75.7, "USA_RECORD": null, "USA_STATUS": "HU", "USA_WIND": 100.0, "USA_PRES": 954.0, "USA_SSHS": 3, "USA_R34_NE": 160.0, "USA_R34_SE": 150.0, "USA_R34_SW": 120.0, "USA_R34_NW": 150.0, "USA_R50_NE": 120.0, "USA_R50_SE": 100.0, "USA_R50_SW": 75.0, "USA_R50_NW": 100.0, "USA_R64_NE": 70.0, "USA_R64_SE": 65.0, "USA_R64_SW": 45.0, "USA_R64_NW": 65.0, "USA_POCI": null, "USA_ROCI": null, "USA_RMW": null, "USA_EYE": null, "TOK_LAT": null, "TOK_LON": null, "TOK_GRADE": null, "TOK_WIND": null, "TOK_PRES": null, "TOK_R50_DR": null, "TOK_R50_L": null, "TOK_R50_S": null, "TOK_R30_DR": null, "TOK_R30_L": null, "TOK_R30_S": null, "TOK_LAND": null, "CMA_LAT": null, "CMA_LON": null, "CMA_CAT": null, "CMA_WIND": null, "CMA_PRES": null, "HKO_LAT": null, "HKO_LON": null, "HKO_CAT": null, "HKO_WIND": null, "HKO_PRES": null, "KMA_LAT": null, "KMA_LON": null, "KMA_CAT": null, "KMA_WIND": null, "KMA_PRES": null, "KMA_R50_DR": null, "KMA_R50_L": null, "KMA_R50_S": null, "KMA_R30_DR": null, "KMA_R30_L": null, "KMA_R30_S": null, "NEW_LAT": null, "NEW_LON": null, "NEW_GRADE": null, "NEW_WIND": null, "NEW_PRES": null, "NEW_CI": -999.9, "NEW_DP": null, "NEW_POCI": null, "REU_LAT": null, "REU_LON": null, "REU_TYPE": null, "REU_WIND": null, "REU_PRES": null, "REU_TNUM": -999.9, "REU_CI": -999.9, "REU_RMW": null, "REU_R34_NE": null, "REU_R34_SE": null, "REU_R34_SW": null, "REU_R34_NW": null, "REU_R50_NE": null, "REU_R50_SE": null, "REU_R50_SW": null, "REU_R50_NW": null, "REU_R64_NE": null, "REU_R64_SE": null, "REU_R64_SW": null, "REU_R64_NW": null, "BOM_LAT": null, "BOM_LON": null, "BOM_TYPE": null, "BOM_WIND": null, "BOM_PRES": null, "BOM_TNUM": -999.9, "BOM_CI": -999.9, "BOM_RMW": null, "BOM_R34_NE": null, "BOM_R34_SE": null, "BOM_R34_SW": null, "BOM_R34_NW": null, "BOM_R50_NE": null, "BOM_R50_SE": null, "BOM_R50_SW": null, "BOM_R50_NW": null, "BOM_R64_NE": null, "BOM_R64_SE": null, "BOM_R64_SW": null, "BOM_R64_NW": null, "BOM_ROCI": null, "BOM_POCI": null, "BOM_EYE": null, "BOM_POS_FL": null, "BOM_PRS_FL": null, "NAD_LAT": null, "NAD_LON": null, "NAD_CAT": null, "NAD_WIND": null, "NAD_PRES": null, "WEL_LAT": null, "WEL_LON": null, "WEL_WIND": null, "WEL_PRES": null, "DS8_LAT": null, "DS8_LON": null, "DS8_STAGE": null, "DS8_WIND": null, "DS8_PRES": null, "TD6_LAT": null, "TD6_LON": null, "TD6_STAGE": null, "TD6_WIND": null, "TD6_PRES": null, "TD5_LAT": null, "TD5_LON": null, "TD5_WIND": null, "TD5_PRES": null, "TD5_ROCI": null, "NEU_LAT": null, "NEU_LON": null, "NEU_CLASS": null, "NEU_WIND": null, "NEU_PRES": null, "MLC_LAT": null, "MLC_LON": null, "MLC_CLASS": null, "MLC_WIND": null, "MLC_PRES": null, "USA_GUST": 130.0, "BOM_GUST": null, "BOM_GUSTP": null, "REU_GUST": null, "REU_GUSTP": null, "USA_SEAHGT": null, "USA_SEA_NE": null, "USA_SEA_SE": null, "USA_SEA_SW": null, "USA_SEA_NW": null, "STORM_SPD": 10, "STORM_DR": 320, "year": 2004, "month": 9, "day": 3, "hour": 6, "min": 0 }, "geometry": { "type": "LineString", "coordinates": [ [ -75.699951171875, 24.700000762939453 ], [ -76.0, 25.0 ] ] } },
{ "type": "Feature", "properties": { "SID": "2004238N11325", "SEASON": 2004, "NUMBER": 58, "BASIN": "NA", "SUBBASIN": "NA", "NAME": "FRANCES", "ISO_TIME": "2004-09-03 09:00:00", "NATURE": "TS", "LAT": 25.0, "LON": -76.0, "WMO_WIND": 0.0, "WMO_PRES": null, "WMO_AGENCY": null, "TRACK_TYPE": "main", "DIST2LAND": 180, "LANDFALL": 174, "IFLAG": "P______________", "USA_AGENCY": null, "USA_ATCFID": "AL062004", "USA_LAT": 25.0, "USA_LON": -76.0, "USA_RECORD": null, "USA_STATUS": "HU", "USA_WIND": 96.0, "USA_PRES": 955.0, "USA_SSHS": 3, "USA_R34_NE": 163.0, "USA_R34_SE": 150.0, "USA_R34_SW": 120.0, "USA_R34_NW": 155.0, "USA_R50_NE": 120.0, "USA_R50_SE": 100.0, "USA_R50_SW": 75.0, "USA_R50_NW": 100.0, "USA_R64_NE": 70.0, "USA_R64_SE": 68.0, "USA_R64_SW": 45.0, "USA_R64_NW": 68.0, "USA_POCI": null, "USA_ROCI": null, "USA_RMW": null, "USA_EYE": null, "TOK_LAT": null, "TOK_LON": null, "TOK_GRADE": null, "TOK_WIND": null, "TOK_PRES": null, "TOK_R50_DR": null, "TOK_R50_L": null, "TOK_R50_S": null, "TOK_R30_DR": null, "TOK_R30_L": null, "TOK_R30_S": null, "TOK_LAND": null, "CMA_LAT": null, "CMA_LON": null, "CMA_CAT": null, "CMA_WIND": null, "CMA_PRES": null, "HKO_LAT": null, "HKO_LON": null, "HKO_CAT": null, "HKO_WIND": null, "HKO_PRES": null, "KMA_LAT": null, "KMA_LON": null, "KMA_CAT": null, "KMA_WIND": null, "KMA_PRES": null, "KMA_R50_DR": null, "KMA_R50_L": null, "KMA_R50_S": null, "KMA_R30_DR": null, "KMA_R30_L": null, "KMA_R30_S": null, "NEW_LAT": null, "NEW_LON": null, "NEW_GRADE": null, "NEW_WIND": null, "NEW_PRES": null, "NEW_CI": -999.9, "NEW_DP": null, "NEW_POCI": null, "REU_LAT": null, "REU_LON": null, "REU_TYPE": null, "REU_WIND": null, "REU_PRES": null, "REU_TNUM": -999.9, "REU_CI": -999.9, "REU_RMW": null, "REU_R34_NE": null, "REU_R34_SE": null, "REU_R34_SW": null, "REU_R34_NW": null, "REU_R50_NE": null, "REU_R50_SE": null, "REU_R50_SW": null, "REU_R50_NW": null, "REU_R64_NE": null, "REU_R64_SE": null, "REU_R64_SW": null, "REU_R64_NW": null, "BOM_LAT": null, "BOM_LON": null, "BOM_TYPE": null, "BOM_WIND": null, "BOM_PRES": null, "BOM_TNUM": -999.9, "BOM_CI": -999.9, "BOM_RMW": null, "BOM_R34_NE": null, "BOM_R34_SE": null, "BOM_R34_SW": null, "BOM_R34_NW": null, "BOM_R50_NE": null, "BOM_R50_SE": null, "BOM_R50_SW": null, "BOM_R50_NW": null, "BOM_R64_NE": null, "BOM_R64_SE": null, "BOM_R64_SW": null, "BOM_R64_NW": null, "BOM_ROCI": null, "BOM_POCI": null, "BOM_EYE": null, "BOM_POS_FL": null, "BOM_PRS_FL": null, "NAD_LAT": null, "NAD_LON": null, "NAD_CAT": null, "NAD_WIND": null, "NAD_PRES": null, "WEL_LAT": null, "WEL_LON": null, "WEL_WIND": null, "WEL_PRES": null, "DS8_LAT": null, "DS8_LON": null, "DS8_STAGE": null, "DS8_WIND": null, "DS8_PRES": null, "TD6_LAT": null, "TD6_LON": null, "TD6_STAGE": null, "TD6_WIND": null, "TD6_PRES": null, "TD5_LAT": null, "TD5_LON": null, "TD5_WIND": null, "TD5_PRES": null, "TD5_ROCI": null, "NEU_LAT": null, "NEU_LON": null, "NEU_CLASS": null, "NEU_WIND": null, "NEU_PRES": null, "MLC_LAT": null, "MLC_LON": null, "MLC_CLASS": null, "MLC_WIND": null, "MLC_PRES": null, "USA_GUST": null, "BOM_GUST": null, "BOM_GUSTP": null, "REU_GUST": null, "REU_GUSTP": null, "USA_SEAHGT": null, "USA_SEA_NE": null, "USA_SEA_SE": null, "USA_SEA_SW": null, "USA_SEA_NW": null, "STORM_SPD": 8, "STORM_DR": 320, "year": 2004, "month": 9, "day": 3, "hour": 9, "min": 0 }, "geometry": { "type": "LineString", "coordinates": [ [ -76.0, 25.0 ], [ -76.0999755859375, 25.100000381469727 ] ] } },
{ "type": "Feature", "properties": { "SID": "2004258N16300", "SEASON": 2004, "NUMBER": 73, "BASIN": "NA", "SUBBASIN": "NA", "NAME": "JEANNE", "ISO_TIME": "2004-09-25 12:00:00", "NATURE": "TS", "LAT": 26.6, "LON": -76.9, "WMO_WIND": 100.0, "WMO_PRES": 957.0, "WMO_AGENCY": "hurdat_atl", "TRACK_TYPE": "main", "DIST2LAND": 200, "LANDFALL": 190, "IFLAG": "O______________", "USA_AGENCY": "hurdat_atl", "USA_ATCFID": "AL112004", "USA_LAT": 26.6, "USA_LON": -76.9, "USA_RECORD": null, "USA_STATUS": "HU", "USA_WIND": 100.0, "USA_PRES": 957.0, "USA_SSHS": 3, "USA_R34_NE": 180.0, "USA_R34_SE": 120.0, "USA_R34_SW": 75.0, "USA_R34_NW": 130.0, "USA_R50_NE": 100.0, "USA_R50_SE": 70.0, "USA_R50_SW": 50.0, "USA_R50_NW": 90.0, "USA_R64_NE": 60.0, "USA_R64_SE": 45.0, "USA_R64_SW": 30.0, "USA_R64_NW": 60.0, "USA_POCI": null, "USA_ROCI": null, "USA_RMW": null, "USA_EYE": null, "TOK_LAT": null, "TOK_LON": null, "TOK_GRADE": null, "TOK_WIND": null, "TOK_PRES": null, "TOK_R50_DR": null, "TOK_R50_L": null, "TOK_R50_S": null, "TOK_R30_DR": null, "TOK_R30_L": null, "TOK_R30_S": null, "TOK_LAND": null, "CMA_LAT": null, "CMA_LON": null, "CMA_CAT": null, "CMA_WIND": null, "CMA_PRES": null, "HKO_LAT": null, "HKO_LON": null, "HKO_CAT": null, "HKO_WIND": null, "HKO_PRES": null, "KMA_LAT": null, "KMA_LON": null, "KMA_CAT": null, "KMA_WIND": null, "KMA_PRES": null, "KMA_R50_DR": null, "KMA_R50_L": null, "KMA_R50_S": null, "KMA_R30_DR": null, "KMA_R30_L": null, "KMA_R30_S": null, "NEW_LAT": null, "NEW_LON": null, "NEW_GRADE": null, "NEW_WIND": null, "NEW_PRES": null, "NEW_CI": -999.9, "NEW_DP": null, "NEW_POCI": null, "REU_LAT": null, "REU_LON": null, "REU_TYPE": null, "REU_WIND": null, "REU_PRES": null, "REU_TNUM": -999.9, "REU_CI": -999.9, "REU_RMW": null, "REU_R34_NE": null, "REU_R34_SE": null, "REU_R34_SW": null, "REU_R34_NW": null, "REU_R50_NE": null, "REU_R50_SE": null, "REU_R50_SW": null, "REU_R50_NW": null, "REU_R64_NE": null, "REU_R64_SE": null, "REU_R64_SW": null, "REU_R64_NW": null, "BOM_LAT": null, "BOM_LON": null, "BOM_TYPE": null, "BOM_WIND": null, "BOM_PRES": null, "BOM_TNUM": -999.9, "BOM_CI": -999.9, "BOM_RMW": null, "BOM_R34_NE": null, "BOM_R34_SE": null, "BOM_R34_SW": null, "BOM_R34_NW": null, "BOM_R50_NE": null, "BOM_R50_SE": null, "BOM_R50_SW": null, "BOM_R50_NW": null, "BOM_R64_NE": null, "BOM_R64_SE": null, "BOM_R64_SW": null, "BOM_R64_NW": null, "BOM_ROCI": null, "BOM_POCI": null, "BOM_EYE": null, "BOM_POS_FL": null, "BOM_PRS_FL": null, "NAD_LAT": null, "NAD_LON": null, "NAD_CAT": null, "NAD_WIND": null, "NAD_PRES": null, "WEL_LAT": null, "WEL_LON": null, "WEL_WIND": null, "WEL_PRES": null, "DS8_LAT": null, "DS8_LON": null, "DS8_STAGE": null, "DS8_WIND": null, "DS8_PRES": null, "TD6_LAT": null, "TD6_LON": null, "TD6_STAGE": null, "TD6_WIND": null, "TD6_PRES": null, "TD5_LAT": null, "TD5_LON": null, "TD5_WIND": null, "TD5_PRES": null, "TD5_ROCI": null, "NEU_LAT": null, "NEU_LON": null, "NEU_CLASS": null, "NEU_WIND": null, "NEU_PRES": null, "MLC_LAT": null, "MLC_LON": null, "MLC_CLASS": null, "MLC_WIND": null, "MLC_PRES": null, "USA_GUST": 110.0, "BOM_GUST": null, "BOM_GUSTP": null, "REU_GUST": null, "REU_GUSTP": null, "USA_SEAHGT": null, "USA_SEA_NE": null, "USA_SEA_SE": null, "USA_SEA_SW": null, "USA_SEA_NW": null, "STORM_SPD": 11, "STORM_DR": 280, "year": 2004, "month": 9, "day": 25, "hour": 12, "min": 0 }, "geometry": { "type": "LineString", "coordinates": [ [ -76.9000244140625, 26.600000381469727 ], [ -77.300048828125, 26.700000762939453 ] ] } },
{ "type": "Feature", "properties": { "SID": "2004258N16300", "SEASON": 2004, "NUMBER": 73, "BASIN": "NA", "SUBBASIN": "NA", "NAME": "JEANNE", "ISO_TIME": "2004-09-25 14:00:00", "NATURE": "TS", "LAT": 26.7, "LON": -77.3, "WMO_WIND": 100.0, "WMO_PRES": 956.0, "WMO_AGENCY": "hurdat_atl", "TRACK_TYPE": "main", "DIST2LAND": 191, "LANDFALL": 185, "IFLAG": "V______________", "USA_AGENCY": "hurdat_atl", "USA_ATCFID": "AL112004", "USA_LAT": 26.7, "USA_LON": -77.3, "USA_RECORD": "L", "USA_STATUS": "HU", "USA_WIND": 100.0, "USA_PRES": 956.0, "USA_SSHS": 3, "USA_R34_NE": 180.0, "USA_R34_SE": 120.0, "USA_R34_SW": 78.0, "USA_R34_NW": 137.0, "USA_R50_NE": 100.0, "USA_R50_SE": 70.0, "USA_R50_SW": 50.0, "USA_R50_NW": 90.0, "USA_R64_NE": 60.0, "USA_R64_SE": 45.0, "USA_R64_SW": 30.0, "USA_R64_NW": 60.0, "USA_POCI": null, "USA_ROCI": null, "USA_RMW": null, "USA_EYE": null, "TOK_LAT": null, "TOK_LON": null, "TOK_GRADE": null, "TOK_WIND": null, "TOK_PRES": null, "TOK_R50_DR": null, "TOK_R50_L": null, "TOK_R50_S": null, "TOK_R30_DR": null, "TOK_R30_L": null, "TOK_R30_S": null, "TOK_LAND": null, "CMA_LAT": null, "CMA_LON": null, "CMA_CAT": null, "CMA_WIND": null, "CMA_PRES": null, "HKO_LAT": null, "HKO_LON": null, "HKO_CAT": null, "HKO_WIND": null, "HKO_PRES": null, "KMA_LAT": null, "KMA_LON": null, "KMA_CAT": null, "KMA_WIND": null, "KMA_PRES": null, "KMA_R50_DR": null, "KMA_R50_L": null, "KMA_R50_S": null, "KMA_R30_DR": null, "KMA_R30_L": null, "KMA_R30_S": null, "NEW_LAT": null, "NEW_LON": null, "NEW_GRADE": null, "NEW_WIND": null, "NEW_PRES": null, "NEW_CI": -999.9, "NEW_DP": null, "NEW_POCI": null, "REU_LAT": null, "REU_LON": null, "REU_TYPE": null, "REU_WIND": null, "REU_PRES": null, "REU_TNUM": -999.9, "REU_CI": -999.9, "REU_RMW": null, "REU_R34_NE": null, "REU_R34_SE": null, "REU_R34_SW": null, "REU_R34_NW": null, "REU_R50_NE": null, "REU_R50_SE": null, "REU_R50_SW": null, "REU_R50_NW": null, "REU_R64_NE": null, "REU_R64_SE": null, "REU_R64_SW": null, "REU_R64_NW": null, "BOM_LAT": null, "BOM_LON": null, "BOM_TYPE": null, "BOM_WIND": null, "BOM_PRES": null, "BOM_TNUM": -999.9, "BOM_CI": -999.9, "BOM_RMW": null, "BOM_R34_NE": null, "BOM_R34_SE": null, "BOM_R34_SW": null, "BOM_R34_NW": null, "BOM_R50_NE": null, "BOM_R50_SE": null, "BOM_R50_SW": null, "BOM_R50_NW": null, "BOM_R64_NE": null, "BOM_R64_SE": null, "BOM_R64_SW": null, "BOM_R64_NW": null, "BOM_ROCI": null, "BOM_POCI": null, "BOM_EYE": null, "BOM_POS_FL": null, "BOM_PRS_FL": null, "NAD_LAT": null, "NAD_LON": null, "NAD_CAT": null, "NAD_WIND": null, "NAD_PRES": null, "WEL_LAT": null, "WEL_LON": null, "WEL_WIND": null, "WEL_PRES": null, "DS8_LAT": null, "DS8_LON": null, "DS8_STAGE": null, "DS8_WIND": null, "DS8_PRES": null, "TD6_LAT": null, "TD6_LON": null, "TD6_STAGE": null, "TD6_WIND": null, "TD6_PRES": null, "TD5_LAT": null, "TD5_LON": null, "TD5_WIND": null, "TD5_PRES": null, "TD5_ROCI": null, "NEU_LAT": null, "NEU_LON": null, "NEU_CLASS": null, "NEU_WIND": null, "NEU_PRES": null, "MLC_LAT": null, "MLC_LON": null, "MLC_CLASS": null, "MLC_WIND": null, "MLC_PRES": null, "USA_GUST": null, "BOM_GUST": null, "BOM_GUSTP": null, "REU_GUST": null, "REU_GUSTP": null, "USA_SEAHGT": null, "USA_SEA_NE": null, "USA_SEA_SE": null, "USA_SEA_SW": null, "USA_SEA_NW": null, "STORM_SPD": 11, "STORM_DR": 285, "year": 2004, "month": 9, "day": 25, "hour": 14, "min": 0 }, "geometry": { "type": "LineString", "coordinates": [ [ -77.300048828125, 26.700000762939453 ], [ -77.5, 26.799999237060547 ] ] } },
{ "type": "Feature", "properties": { "SID": "2004258N16300", "SEASON": 2004, "NUMBER": 73, "BASIN": "NA", "SUBBASIN": "NA", "NAME": "JEANNE", "ISO_TIME": "2004-09-25 15:00:00", "NATURE": "TS", "LAT": 26.8, "LON": -77.5, "WMO_WIND": 0.0, "WMO_PRES": null, "WMO_AGENCY": null, "TRACK_TYPE": "main", "DIST2LAND": 196, "LANDFALL": 178, "IFLAG": "P______________", "USA_AGENCY": null, "USA_ATCFID": "AL112004", "USA_LAT": 26.8, "USA_LON": -77.5, "USA_RECORD": null, "USA_STATUS": "HU", "USA_WIND": 101.0, "USA_PRES": 955.0, "USA_SSHS": 3, "USA_R34_NE": 180.0, "USA_R34_SE": 120.0, "USA_R34_SW": 80.0, "USA_R34_NW": 140.0, "USA_R50_NE": 100.0, "USA_R50_SE": 70.0, "USA_R50_SW": 50.0, "USA_R50_NW": 90.0, "USA_R64_NE": 60.0, "USA_R64_SE": 45.0, "USA_R64_SW": 30.0, "USA_R64_NW": 60.0, "USA_POCI": null, "USA_ROCI": null, "USA_RMW": null, "USA_EYE": null, "TOK_LAT": null, "TOK_LON": null, "TOK_GRADE": null, "TOK_WIND": null, "TOK_PRES": null, "TOK_R50_DR": null, "TOK_R50_L": null, "TOK_R50_S": null, "TOK_R30_DR": null, "TOK_R30_L": null, "TOK_R30_S": null, "TOK_LAND": null, "CMA_LAT": null, "CMA_LON": null, "CMA_CAT": null, "CMA_WIND": null, "CMA_PRES": null, "HKO_LAT": null, "HKO_LON": null, "HKO_CAT": null, "HKO_WIND": null, "HKO_PRES": null, "KMA_LAT": null, "KMA_LON": null, "KMA_CAT": null, "KMA_WIND": null, "KMA_PRES": null, "KMA_R50_DR": null, "KMA_R50_L": null, "KMA_R50_S": null, "KMA_R30_DR": null, "KMA_R30_L": null, "KMA_R30_S": null, "NEW_LAT": null, "NEW_LON": null, "NEW_GRADE": null, "NEW_WIND": null, "NEW_PRES": null, "NEW_CI": -999.9, "NEW_DP": null, "NEW_POCI": null, "REU_LAT": null, "REU_LON": null, "REU_TYPE": null, "REU_WIND": null, "REU_PRES": null, "REU_TNUM": -999.9, "REU_CI": -999.9, "REU_RMW": null, "REU_R34_NE": null, "REU_R34_SE": null, "REU_R34_SW": null, "REU_R34_NW": null, "REU_R50_NE": null, "REU_R50_SE": null, "REU_R50_SW": null, "REU_R50_NW": null, "REU_R64_NE": null, "REU_R64_SE": null, "REU_R64_SW": null, "REU_R64_NW": null, "BOM_LAT": null, "BOM_LON": null, "BOM_TYPE": null, "BOM_WIND": null, "BOM_PRES": null, "BOM_TNUM": -999.9, "BOM_CI": -999.9, "BOM_RMW": null, "BOM_R34_NE": null, "BOM_R34_SE": null, "BOM_R34_SW": null, "BOM_R34_NW": null, "BOM_R50_NE": null, "BOM_R50_SE": null, "BOM_R50_SW": null, "BOM_R50_NW": null, "BOM_R64_NE": null, "BOM_R64_SE": null, "BOM_R64_SW": null, "BOM_R64_NW": null, "BOM_ROCI": null, "BOM_POCI": null, "BOM_EYE": null, "BOM_POS_FL": null, "BOM_PRS_FL": null, "NAD_LAT": null, "NAD_LON": null, "NAD_CAT": null, "NAD_WIND": null, "NAD_PRES": null, "WEL_LAT": null, "WEL_LON": null, "WEL_WIND": null, "WEL_PRES": null, "DS8_LAT": null, "DS8_LON": null, "DS8_STAGE": null, "DS8_WIND": null, "DS8_PRES": null, "TD6_LAT": null, "TD6_LON": null, "TD6_STAGE": null, "TD6_WIND": null, "TD6_PRES": null, "TD5_LAT": null, "TD5_LON": null, "TD5_WIND": null, "TD5_PRES": null, "TD5_ROCI": null, "NEU_LAT": null, "NEU_LON": null, "NEU_CLASS": null, "NEU_WIND": null, "NEU_PRES": null, "MLC_LAT": null, "MLC_LON": null, "MLC_CLASS": null, "MLC_WIND": null, "MLC_PRES": null, "USA_GUST": null, "BOM_GUST": null, "BOM_GUSTP": null, "REU_GUST": null, "REU_GUSTP": null, "USA_SEAHGT": null, "USA_SEA_NE": null, "USA_SEA_SE": null, "USA_SEA_SW": null, "USA_SEA_NW": null, "STORM_SPD": 12, "STORM_DR": 285, "year": 2004, "month": 9, "day": 25, "hour": 15, "min": 0 }, "geometry": { "type": "LineString", "coordinates": [ [ -77.5, 26.799999237060547 ], [ -78.199951171875, 26.899999618530273 ] ] } },
{ "type": "Feature", "properties": { "SID": "2004258N16300", "SEASON": 2004, "NUMBER": 73, "BASIN": "NA", "SUBBASIN": "NA", "NAME": "JEANNE", "ISO_TIME": "2004-09-25 18:00:00", "NATURE": "TS", "LAT": 26.9, "LON": -78.2, "WMO_WIND": 105.0, "WMO_PRES": 952.0, "WMO_AGENCY": "hurdat_atl", "TRACK_TYPE": "main", "DIST2LAND": 178, "LANDFALL": 120, "IFLAG": "O______________", "USA_AGENCY": "hurdat_atl", "USA_ATCFID": "AL112004", "USA_LAT": 26.9, "USA_LON": -78.2, "USA_RECORD": null, "USA_STATUS": "HU", "USA_WIND": 105.0, "USA_PRES": 952.0, "USA_SSHS": 3, "USA_R34_NE": 180.0, "USA_R34_SE": 120.0, "USA_R34_SW": 85.0, "USA_R34_NW": 150.0, "USA_R50_NE": 100.0, "USA_R50_SE": 70.0, "USA_R50_SW": 50.0, "USA_R50_NW": 90.0, "USA_R64_NE": 60.0, "USA_R64_SE": 45.0, "USA_R64_SW": 30.0, "USA_R64_NW": 60.0, "USA_POCI": null, "USA_ROCI": null, "USA_RMW": null, "USA_EYE": null, "TOK_LAT": null, "TOK_LON": null, "TOK_GRADE": null, "TOK_WIND": null, "TOK_PRES": null, "TOK_R50_DR": null, "TOK_R50_L": null, "TOK_R50_S": null, "TOK_R30_DR": null, "TOK_R30_L": null, "TOK_R30_S": null, "TOK_LAND": null, "CMA_LAT": null, "CMA_LON": null, "CMA_CAT": null, "CMA_WIND": null, "CMA_PRES": null, "HKO_LAT": null, "HKO_LON": null, "HKO_CAT": null, "HKO_WIND": null, "HKO_PRES": null, "KMA_LAT": null, "KMA_LON": null, "KMA_CAT": null, "KMA_WIND": null, "KMA_PRES": null, "KMA_R50_DR": null, "KMA_R50_L": null, "KMA_R50_S": null, "KMA_R30_DR": null, "KMA_R30_L": null, "KMA_R30_S": null, "NEW_LAT": null, "NEW_LON": null, "NEW_GRADE": null, "NEW_WIND": null, "NEW_PRES": null, "NEW_CI": -999.9, "NEW_DP": null, "NEW_POCI": null, "REU_LAT": null, "REU_LON": null, "REU_TYPE": null, "REU_WIND": null, "REU_PRES": null, "REU_TNUM": -999.9, "REU_CI": -999.9, "REU_RMW": null, "REU_R34_NE": null, "REU_R34_SE": null, "REU_R34_SW": null, "REU_R34_NW": null, "REU_R50_NE": null, "REU_R50_SE": null, "REU_R50_SW": null, "REU_R50_NW": null, "REU_R64_NE": null, "REU_R64_SE": null, "REU_R64_SW": null, "REU_R64_NW": null, "BOM_LAT": null, "BOM_LON": null, "BOM_TYPE": null, "BOM_WIND": null, "BOM_PRES": null, "BOM_TNUM": -999.9, "BOM_CI": -999.9, "BOM_RMW": null, "BOM_R34_NE": null, "BOM_R34_SE": null, "BOM_R34_SW": null, "BOM_R34_NW": null, "BOM_R50_NE": null, "BOM_R50_SE": null, "BOM_R50_SW": null, "BOM_R50_NW": null, "BOM_R64_NE": null, "BOM_R64_SE": null, "BOM_R64_SW": null, "BOM_R64_NW": null, "BOM_ROCI": null, "BOM_POCI": null, "BOM_EYE": null, "BOM_POS_FL": null, "BOM_PRS_FL": null, "NAD_LAT": null, "NAD_LON": null, "NAD_CAT": null, "NAD_WIND": null, "NAD_PRES": null, "WEL_LAT": null, "WEL_LON": null, "WEL_WIND": null, "WEL_PRES": null, "DS8_LAT": null, "DS8_LON": null, "DS8_STAGE": null, "DS8_WIND": null, "DS8_PRES": null, "TD6_LAT": null, "TD6_LON": null, "TD6_STAGE": null, "TD6_WIND": null, "TD6_PRES": null, "TD5_LAT": null, "TD5_LON": null, "TD5_WIND": null, "TD5_PRES": null, "TD5_ROCI": null, "NEU_LAT": null, "NEU_LON": null, "NEU_CLASS": null, "NEU_WIND": null, "NEU_PRES": null, "MLC_LAT": null, "MLC_LON": null, "MLC_CLASS": null, "MLC_WIND": null, "MLC_PRES": null, "USA_GUST": 120.0, "BOM_GUST": null, "BOM_GUSTP": null, "REU_GUST": null, "REU_GUSTP": null, "USA_SEAHGT": null, "USA_SEA_NE": null, "USA_SEA_SE": null, "USA_SEA_SW": null, "USA_SEA_NW": null, "STORM_SPD": 12, "STORM_DR": 285, "year": 2004, "month": 9, "day": 25, "hour": 18, "min": 0 }, "geometry": { "type": "LineString", "coordinates": [ [ -78.199951171875, 26.899999618530273 ], [ -78.800048828125, 27.0 ] ] } },
{ "type": "Feature", "properties": { "SID": "2004258N16300", "SEASON": 2004, "NUMBER": 73, "BASIN": "NA", "SUBBASIN": "NA", "NAME": "JEANNE", "ISO_TIME": "2004-09-25 21:00:00", "NATURE": "TS", "LAT": 27.0, "LON": -78.8, "WMO_WIND": 0.0, "WMO_PRES": null, "WMO_AGENCY": null, "TRACK_TYPE": "main", "DIST2LAND": 120, "LANDFALL": 68, "IFLAG": "P______________", "USA_AGENCY": null, "USA_ATCFID": "AL112004", "USA_LAT": 27.0, "USA_LON": -78.8, "USA_RECORD": null, "USA_STATUS": "HU", "USA_WIND": 105.0, "USA_PRES": 952.0, "USA_SSHS": 3, "USA_R34_NE": 180.0, "USA_R34_SE": 135.0, "USA_R34_SW": 105.0, "USA_R34_NW": 150.0, "USA_R50_NE": 100.0, "USA_R50_SE": 80.0, "USA_R50_SW": 60.0, "USA_R50_NW": 90.0, "USA_R64_NE": 60.0, "USA_R64_SE": 53.0, "USA_R64_SW": 40.0, "USA_R64_NW": 60.0, "USA_POCI": null, "USA_ROCI": null, "USA_RMW": null, "USA_EYE": null, "TOK_LAT": null, "TOK_LON": null, "TOK_GRADE": null, "TOK_WIND": null, "TOK_PRES": null, "TOK_R50_DR": null, "TOK_R50_L": null, "TOK_R50_S": null, "TOK_R30_DR": null, "TOK_R30_L": null, "TOK_R30_S": null, "TOK_LAND": null, "CMA_LAT": null, "CMA_LON": null, "CMA_CAT": null, "CMA_WIND": null, "CMA_PRES": null, "HKO_LAT": null, "HKO_LON": null, "HKO_CAT": null, "HKO_WIND": null, "HKO_PRES": null, "KMA_LAT": null, "KMA_LON": null, "KMA_CAT": null, "KMA_WIND": null, "KMA_PRES": null, "KMA_R50_DR": null, "KMA_R50_L": null, "KMA_R50_S": null, "KMA_R30_DR": null, "KMA_R30_L": null, "KMA_R30_S": null, "NEW_LAT": null, "NEW_LON": null, "NEW_GRADE": null, "NEW_WIND": null, "NEW_PRES": null, "NEW_CI": -999.9, "NEW_DP": null, "NEW_POCI": null, "REU_LAT": null, "REU_LON": null, "REU_TYPE": null, "REU_WIND": null, "REU_PRES": null, "REU_TNUM": -999.9, "REU_CI": -999.9, "REU_RMW": null, "REU_R34_NE": null, "REU_R34_SE": null, "REU_R34_SW": null, "REU_R34_NW": null, "REU_R50_NE": null, "REU_R50_SE": null, "REU_R50_SW": null, "REU_R50_NW": null, "REU_R64_NE": null, "REU_R64_SE": null, "REU_R64_SW": null, "REU_R64_NW": null, "BOM_LAT": null, "BOM_LON": null, "BOM_TYPE": null, "BOM_WIND": null, "BOM_PRES": null, "BOM_TNUM": -999.9, "BOM_CI": -999.9, "BOM_RMW": null, "BOM_R34_NE": null, "BOM_R34_SE": null, "BOM_R34_SW": null, "BOM_R34_NW": null, "BOM_R50_NE": null, "BOM_R50_SE": null, "BOM_R50_SW": null, "BOM_R50_NW": null, "BOM_R64_NE": null, "BOM_R64_SE": null, "BOM_R64_SW": null, "BOM_R64_NW": null, "BOM_ROCI": null, "BOM_POCI": null, "BOM_EYE": null, "BOM_POS_FL": null, "BOM_PRS_FL": null, "NAD_LAT": null, "NAD_LON": null, "NAD_CAT": null, "NAD_WIND": null, "NAD_PRES": null, "WEL_LAT": null, "WEL_LON": null, "WEL_WIND": null, "WEL_PRES": null, "DS8_LAT": null, "DS8_LON": null, "DS8_STAGE": null, "DS8_WIND": null, "DS8_PRES": null, "TD6_LAT": null, "TD6_LON": null, "TD6_STAGE": null, "TD6_WIND": null, "TD6_PRES": null, "TD5_LAT": null, "TD5_LON": null, "TD5_WIND": null, "TD5_PRES": null, "TD5_ROCI": null, "NEU_LAT": null, "NEU_LON": null, "NEU_CLASS": null, "NEU_WIND": null, "NEU_PRES": null, "MLC_LAT": null, "MLC_LON": null, "MLC_CLASS": null, "MLC_WIND": null, "MLC_PRES": null, "USA_GUST": null, "BOM_GUST": null, "BOM_GUSTP": null, "REU_GUST": null, "REU_GUSTP": null, "USA_SEAHGT": null, "USA_SEA_NE": null, "USA_SEA_SE": null, "USA_SEA_SW": null, "USA_SEA_NW": null, "STORM_SPD": 11, "STORM_DR": 280, "year": 2004, "month": 9, "day": 25, "hour": 21, "min": 0 }, "geometry": { "type": "LineString", "coordinates": [ [ -78.800048828125, 27.0 ], [ -79.4000244140625, 27.100000381469727 ] ] } },
{ "type": "Feature", "properties": { "SID": "2004258N16300", "SEASON": 2004, "NUMBER": 73, "BASIN": "NA", "SUBBASIN": "NA", "NAME": "JEANNE", "ISO_TIME": "2004-09-26 00:00:00", "NATURE": "TS", "LAT": 27.1, "LON": -79.4, "WMO_WIND": 105.0, "WMO_PRES": 951.0, "WMO_AGENCY": "hurdat_atl", "TRACK_TYPE": "main", "DIST2LAND": 68, "LANDFALL": 19, "IFLAG": "O______________", "USA_AGENCY": "hurdat_atl", "USA_ATCFID": "AL112004", "USA_LAT": 27.1, "USA_LON": -79.4, "USA_RECORD": null, "USA_STATUS": "HU", "USA_WIND": 105.0, "USA_PRES": 951.0, "USA_SSHS": 3, "USA_R34_NE": 180.0, "USA_R34_SE": 150.0, "USA_R34_SW": 125.0, "USA_R34_NW": 150.0, "USA_R50_NE": 100.0, "USA_R50_SE": 90.0, "USA_R50_SW": 70.0, "USA_R50_NW": 90.0, "USA_R64_NE": 60.0, "USA_R64_SE": 60.0, "USA_R64_SW": 50.0, "USA_R64_NW": 60.0, "USA_POCI": null, "USA_ROCI": null, "USA_RMW": null, "USA_EYE": null, "TOK_LAT": null, "TOK_LON": null, "TOK_GRADE": null, "TOK_WIND": null, "TOK_PRES": null, "TOK_R50_DR": null, "TOK_R50_L": null, "TOK_R50_S": null, "TOK_R30_DR": null, "TOK_R30_L": null, "TOK_R30_S": null, "TOK_LAND": null, "CMA_LAT": null, "CMA_LON": null, "CMA_CAT": null, "CMA_WIND": null, "CMA_PRES": null, "HKO_LAT": null, "HKO_LON": null, "HKO_CAT": null, "HKO_WIND": null, "HKO_PRES": null, "KMA_LAT": null, "KMA_LON": null, "KMA_CAT": null, "KMA_WIND": null, "KMA_PRES": null, "KMA_R50_DR": null, "KMA_R50_L": null, "KMA_R50_S": null, "KMA_R30_DR": null, "KMA_R30_L": null, "KMA_R30_S": null, "NEW_LAT": null, "NEW_LON": null, "NEW_GRADE": null, "NEW_WIND": null, "NEW_PRES": null, "NEW_CI": -999.9, "NEW_DP": null, "NEW_POCI": null, "REU_LAT": null, "REU_LON": null, "REU_TYPE": null, "REU_WIND": null, "REU_PRES": null, "REU_TNUM": -999.9, "REU_CI": -999.9, "REU_RMW": null, "REU_R34_NE": null, "REU_R34_SE": null, "REU_R34_SW": null, "REU_R34_NW": null, "REU_R50_NE": null, "REU_R50_SE": null, "REU_R50_SW": null, "REU_R50_NW": null, "REU_R64_NE": null, "REU_R64_SE": null, "REU_R64_SW": null, "REU_R64_NW": null, "BOM_LAT": null, "BOM_LON": null, "BOM_TYPE": null, "BOM_WIND": null, "BOM_PRES": null, "BOM_TNUM": -999.9, "BOM_CI": -999.9, "BOM_RMW": null, "BOM_R34_NE": null, "BOM_R34_SE": null, "BOM_R34_SW": null, "BOM_R34_NW": null, "BOM_R50_NE": null, "BOM_R50_SE": null, "BOM_R50_SW": null, "BOM_R50_NW": null, "BOM_R64_NE": null, "BOM_R64_SE": null, "BOM_R64_SW": null, "BOM_R64_NW": null, "BOM_ROCI": null, "BOM_POCI": null, "BOM_EYE": null, "BOM_POS_FL": null, "BOM_PRS_FL": null, "NAD_LAT": null, "NAD_LON": null, "NAD_CAT": null, "NAD_WIND": null, "NAD_PRES": null, "WEL_LAT": null, "WEL_LON": null, "WEL_WIND": null, "WEL_PRES": null, "DS8_LAT": null, "DS8_LON": null, "DS8_STAGE": null, "DS8_WIND": null, "DS8_PRES": null, "TD6_LAT": null, "TD6_LON": null, "TD6_STAGE": null, "TD6_WIND": null, "TD6_PRES": null, "TD5_LAT": null, "TD5_LON": null, "TD5_WIND": null, "TD5_PRES": null, "TD5_ROCI": null, "NEU_LAT": null, "NEU_LON": null, "NEU_CLASS": null, "NEU_WIND": null, "NEU_PRES": null, "MLC_LAT": null, "MLC_LON": null, "MLC_CLASS": null, "MLC_WIND": null, "MLC_PRES": null, "USA_GUST": 120.0, "BOM_GUST": null, "BOM_GUSTP": null, "REU_GUST": null, "REU_GUSTP": null, "USA_SEAHGT": null, "USA_SEA_NE": null, "USA_SEA_SE": null, "USA_SEA_SW": null, "USA_SEA_NW": null, "STORM_SPD": 11, "STORM_DR": 280, "year": 2004, "month": 9, "day": 26, "hour": 0, "min": 0 }, "geometry": { "type": "LineString", "coordinates": [ [ -79.4000244140625, 27.100000381469727 ], [ -80.0, 27.200000762939453 ] ] } },
{ "type": "Feature", "properties": { "SID": "2004258N16300", "SEASON": 2004, "NUMBER": 73, "BASIN": "NA", "SUBBASIN": "NA", "NAME": "JEANNE", "ISO_TIME": "2004-09-26 03:00:00", "NATURE": "TS", "LAT": 27.2, "LON": -80.0, "WMO_WIND": 0.0, "WMO_PRES": null, "WMO_AGENCY": null, "TRACK_TYPE": "main", "DIST2LAND": 19, "LANDFALL": 0, "IFLAG": "P______________", "USA_AGENCY": null, "USA_ATCFID": "AL112004", "USA_LAT": 27.2, "USA_LON": -80.0, "USA_RECORD": null, "USA_STATUS": "HU", "USA_WIND": 105.0, "USA_PRES": 950.0, "USA_SSHS": 3, "USA_R34_NE": 180.0, "USA_R34_SE": 138.0, "USA_R34_SW": 125.0, "USA_R34_NW": 150.0, "USA_R50_NE": 100.0, "USA_R50_SE": 83.0, "USA_R50_SW": 65.0, "USA_R50_NW": 83.0, "USA_R64_NE": 60.0, "USA_R64_SE": 55.0, "USA_R64_SW": 45.0, "USA_R64_NW": 55.0, "USA_POCI": null, "USA_ROCI": null, "USA_RMW": null, "USA_EYE": null, "TOK_LAT": null, "TOK_LON": null, "TOK_GRADE": null, "TOK_WIND": null, "TOK_PRES": null, "TOK_R50_DR": null, "TOK_R50_L": null, "TOK_R50_S": null, "TOK_R30_DR": null, "TOK_R30_L": null, "TOK_R30_S": null, "TOK_LAND": null, "CMA_LAT": null, "CMA_LON": null, "CMA_CAT": null, "CMA_WIND": null, "CMA_PRES": null, "HKO_LAT": null, "HKO_LON": null, "HKO_CAT": null, "HKO_WIND": null, "HKO_PRES": null, "KMA_LAT": null, "KMA_LON": null, "KMA_CAT": null, "KMA_WIND": null, "KMA_PRES": null, "KMA_R50_DR": null, "KMA_R50_L": null, "KMA_R50_S": null, "KMA_R30_DR": null, "KMA_R30_L": null, "KMA_R30_S": null, "NEW_LAT": null, "NEW_LON": null, "NEW_GRADE": null, "NEW_WIND": null, "NEW_PRES": null, "NEW_CI": -999.9, "NEW_DP": null, "NEW_POCI": null, "REU_LAT": null, "REU_LON": null, "REU_TYPE": null, "REU_WIND": null, "REU_PRES": null, "REU_TNUM": -999.9, "REU_CI": -999.9, "REU_RMW": null, "REU_R34_NE": null, "REU_R34_SE": null, "REU_R34_SW": null, "REU_R34_NW": null, "REU_R50_NE": null, "REU_R50_SE": null, "REU_R50_SW": null, "REU_R50_NW": null, "REU_R64_NE": null, "REU_R64_SE": null, "REU_R64_SW": null, "REU_R64_NW": null, "BOM_LAT": null, "BOM_LON": null, "BOM_TYPE": null, "BOM_WIND": null, "BOM_PRES": null, "BOM_TNUM": -999.9, "BOM_CI": -999.9, "BOM_RMW": null, "BOM_R34_NE": null, "BOM_R34_SE": null, "BOM_R34_SW": null, "BOM_R34_NW": null, "BOM_R50_NE": null, "BOM_R50_SE": null, "BOM_R50_SW": null, "BOM_R50_NW": null, "BOM_R64_NE": null, "BOM_R64_SE": null, "BOM_R64_SW": null, "BOM_R64_NW": null, "BOM_ROCI": null, "BOM_POCI": null, "BOM_EYE": null, "BOM_POS_FL": null, "BOM_PRS_FL": null, "NAD_LAT": null, "NAD_LON": null, "NAD_CAT": null, "NAD_WIND": null, "NAD_PRES": null, "WEL_LAT": null, "WEL_LON": null, "WEL_WIND": null, "WEL_PRES": null, "DS8_LAT": null, "DS8_LON": null, "DS8_STAGE": null, "DS8_WIND": null, "DS8_PRES": null, "TD6_LAT": null, "TD6_LON": null, "TD6_STAGE": null, "TD6_WIND": null, "TD6_PRES": null, "TD5_LAT": null, "TD5_LON": null, "TD5_WIND": null, "TD5_PRES": null, "TD5_ROCI": null, "NEU_LAT": null, "NEU_LON": null, "NEU_CLASS": null, "NEU_WIND": null, "NEU_PRES": null, "MLC_LAT": null, "MLC_LON": null, "MLC_CLASS": null, "MLC_WIND": null, "MLC_PRES": null, "USA_GUST": null, "BOM_GUST": null, "BOM_GUSTP": null, "REU_GUST": null, "REU_GUSTP": null, "USA_SEAHGT": null, "USA_SEA_NE": null, "USA_SEA_SE": null, "USA_SEA_SW": null, "USA_SEA_NW": null, "STORM_SPD": 11, "STORM_DR": 280, "year": 2004, "month": 9, "day": 26, "hour": 3, "min": 0 }, "geometry": { "type": "LineString", "coordinates": [ [ -80.0, 27.200000762939453 ], [ -80.199951171875, 27.200000762939453 ] ] } },
{ "type": "Feature", "properties": { "SID": "2004258N16300", "SEASON": 2004, "NUMBER": 73, "BASIN": "NA", "SUBBASIN": "NA", "NAME": "JEANNE", "ISO_TIME": "2004-09-26 04:00:00", "NATURE": "TS", "LAT": 27.2, "LON": -80.2, "WMO_WIND": 105.0, "WMO_PRES": 950.0, "WMO_AGENCY": "hurdat_atl", "TRACK_TYPE": "main", "DIST2LAND": 0, "LANDFALL": 0, "IFLAG": "V______________", "USA_AGENCY": "hurdat_atl", "USA_ATCFID": "AL112004", "USA_LAT": 27.2, "USA_LON": -80.2, "USA_RECORD": "L", "USA_STATUS": "HU", "USA_WIND": 105.0, "USA_PRES": 950.0, "USA_SSHS": 3, "USA_R34_NE": 180.0, "USA_R34_SE": 133.0, "USA_R34_SW": 125.0, "USA_R34_NW": 150.0, "USA_R50_NE": 100.0, "USA_R50_SE": 80.0, "USA_R50_SW": 63.0, "USA_R50_NW": 80.0, "USA_R64_NE": 60.0, "USA_R64_SE": 53.0, "USA_R64_SW": 43.0, "USA_R64_NW": 53.0, "USA_POCI": null, "USA_ROCI": null, "USA_RMW": 45.0, "USA_EYE": null, "TOK_LAT": null, "TOK_LON": null, "TOK_GRADE": null, "TOK_WIND": null, "TOK_PRES": null, "TOK_R50_DR": null, "TOK_R50_L": null, "TOK_R50_S": null, "TOK_R30_DR": null, "TOK_R30_L": null, "TOK_R30_S": null, "TOK_LAND": null, "CMA_LAT": null, "CMA_LON": null, "CMA_CAT": null, "CMA_WIND": null, "CMA_PRES": null, "HKO_LAT": null, "HKO_LON": null, "HKO_CAT": null, "HKO_WIND": null, "HKO_PRES": null, "KMA_LAT": null, "KMA_LON": null, "KMA_CAT": null, "KMA_WIND": null, "KMA_PRES": null, "KMA_R50_DR": null, "KMA_R50_L": null, "KMA_R50_S": null, "KMA_R30_DR": null, "KMA_R30_L": null, "KMA_R30_S": null, "NEW_LAT": null, "NEW_LON": null, "NEW_GRADE": null, "NEW_WIND": null, "NEW_PRES": null, "NEW_CI": -999.9, "NEW_DP": null, "NEW_POCI": null, "REU_LAT": null, "REU_LON": null, "REU_TYPE": null, "REU_WIND": null, "REU_PRES": null, "REU_TNUM": -999.9, "REU_CI": -999.9, "REU_RMW": null, "REU_R34_NE": null, "REU_R34_SE": null, "REU_R34_SW": null, "REU_R34_NW": null, "REU_R50_NE": null, "REU_R50_SE": null, "REU_R50_SW": null, "REU_R50_NW": null, "REU_R64_NE": null, "REU_R64_SE": null, "REU_R64_SW": null, "REU_R64_NW": null, "BOM_LAT": null, "BOM_LON": null, "BOM_TYPE": null, "BOM_WIND": null, "BOM_PRES": null, "BOM_TNUM": -999.9, "BOM_CI": -999.9, "BOM_RMW": null, "BOM_R34_NE": null, "BOM_R34_SE": null, "BOM_R34_SW": null, "BOM_R34_NW": null, "BOM_R50_NE": null, "BOM_R50_SE": null, "BOM_R50_SW": null, "BOM_R50_NW": null, "BOM_R64_NE": null, "BOM_R64_SE": null, "BOM_R64_SW": null, "BOM_R64_NW": null, "BOM_ROCI": null, "BOM_POCI": null, "BOM_EYE": null, "BOM_POS_FL": null, "BOM_PRS_FL": null, "NAD_LAT": null, "NAD_LON": null, "NAD_CAT": null, "NAD_WIND": null, "NAD_PRES": null, "WEL_LAT": null, "WEL_LON": null, "WEL_WIND": null, "WEL_PRES": null, "DS8_LAT": null, "DS8_LON": null, "DS8_STAGE": null, "DS8_WIND": null, "DS8_PRES": null, "TD6_LAT": null, "TD6_LON": null, "TD6_STAGE": null, "TD6_WIND": null, "TD6_PRES": null, "TD5_LAT": null, "TD5_LON": null, "TD5_WIND": null, "TD5_PRES": null, "TD5_ROCI": null, "NEU_LAT": null, "NEU_LON": null, "NEU_CLASS": null, "NEU_WIND": null, "NEU_PRES": null, "MLC_LAT": null, "MLC_LON": null, "MLC_CLASS": null, "MLC_WIND": null, "MLC_PRES": null, "USA_GUST": null, "BOM_GUST": null, "BOM_GUSTP": null, "REU_GUST": null, "REU_GUSTP": null, "USA_SEAHGT": null, "USA_SEA_NE": null, "USA_SEA_SE": null, "USA_SEA_SW": null, "USA_SEA_NW": null, "STORM_SPD": 11, "STORM_DR": 285, "year": 2004, "month": 9, "day": 26, "hour": 4, "min": 0 }, "geometry": { "type": "LineString", "coordinates": [ [ -80.199951171875, 27.200000762939453 ], [ -80.5999755859375, 27.299999237060547 ] ] } },
{ "type": "Feature", "properties": { "SID": "2005186N12299", "SEASON": 2005, "NUMBER": 39, "BASIN": "NA", "SUBBASIN": "CS", "NAME": "DENNIS", "ISO_TIME": "2005-07-08 03:00:00", "NATURE": "TS", "LAT": 19.9, "LON": -77.7, "WMO_WIND": 0.0, "WMO_PRES": null, "WMO_AGENCY": null, "TRACK_TYPE": "main", "DIST2LAND": 10, "LANDFALL": 10, "IFLAG": "P______________", "USA_AGENCY": null, "USA_ATCFID": "AL042005", "USA_LAT": 19.9, "USA_LON": -77.7, "USA_RECORD": null, "USA_STATUS": "HU", "USA_WIND": 119.0, "USA_PRES": 956.0, "USA_SSHS": 4, "USA_R34_NE": 120.0, "USA_R34_SE": 110.0, "USA_R34_SW": 75.0, "USA_R34_NW": 100.0, "USA_R50_NE": 75.0, "USA_R50_SE": 73.0, "USA_R50_SW": 25.0, "USA_R50_NW": 50.0, "USA_R64_NE": 45.0, "USA_R64_SE": 30.0, "USA_R64_SW": 20.0, "USA_R64_NW": 30.0, "USA_POCI": 1010.0, "USA_ROCI": 240.0, "USA_RMW": 10.0, "USA_EYE": null, "TOK_LAT": null, "TOK_LON": null, "TOK_GRADE": null, "TOK_WIND": null, "TOK_PRES": null, "TOK_R50_DR": null, "TOK_R50_L": null, "TOK_R50_S": null, "TOK_R30_DR": null, "TOK_R30_L": null, "TOK_R30_S": null, "TOK_LAND": null, "CMA_LAT": null, "CMA_LON": null, "CMA_CAT": null, "CMA_WIND": null, "CMA_PRES": null, "HKO_LAT": null, "HKO_LON": null, "HKO_CAT": null, "HKO_WIND": null, "HKO_PRES": null, "KMA_LAT": null, "KMA_LON": null, "KMA_CAT": null, "KMA_WIND": null, "KMA_PRES": null, "KMA_R50_DR": null, "KMA_R50_L": null, "KMA_R50_S": null, "KMA_R30_DR": null, "KMA_R30_L": null, "KMA_R30_S": null, "NEW_LAT": null, "NEW_LON": null, "NEW_GRADE": null, "NEW_WIND": null, "NEW_PRES": null, "NEW_CI": -999.9, "NEW_DP": null, "NEW_POCI": null, "REU_LAT": null, "REU_LON": null, "REU_TYPE": null, "REU_WIND": null, "REU_PRES": null, "REU_TNUM": -999.9, "REU_CI": -999.9, "REU_RMW": null, "REU_R34_NE": null, "REU_R34_SE": null, "REU_R34_SW": null, "REU_R34_NW": null, "REU_R50_NE": null, "REU_R50_SE": null, "REU_R50_SW": null, "REU_R50_NW": null, "REU_R64_NE": null, "REU_R64_SE": null, "REU_R64_SW": null, "REU_R64_NW": null, "BOM_LAT": null, "BOM_LON": null, "BOM_TYPE": null, "BOM_WIND": null, "BOM_PRES": null, "BOM_TNUM": -999.9, "BOM_CI": -999.9, "BOM_RMW": null, "BOM_R34_NE": null, "BOM_R34_SE": null, "BOM_R34_SW": null, "BOM_R34_NW": null, "BOM_R50_NE": null, "BOM_R50_SE": null, "BOM_R50_SW": null, "BOM_R50_NW": null, "BOM_R64_NE": null, "BOM_R64_SE": null, "BOM_R64_SW": null, "BOM_R64_NW": null, "BOM_ROCI": null, "BOM_POCI": null, "BOM_EYE": null, "BOM_POS_FL": null, "BOM_PRS_FL": null, "NAD_LAT": null, "NAD_LON": null, "NAD_CAT": null, "NAD_WIND": null, "NAD_PRES": null, "WEL_LAT": null, "WEL_LON": null, "WEL_WIND": null, "WEL_PRES": null, "DS8_LAT": null, "DS8_LON": null, "DS8_STAGE": null, "DS8_WIND": null, "DS8_PRES": null, "TD6_LAT": null, "TD6_LON": null, "TD6_STAGE": null, "TD6_WIND": null, "TD6_PRES": null, "TD5_LAT": null, "TD5_LON": null, "TD5_WIND": null, "TD5_PRES": null, "TD5_ROCI": null, "NEU_LAT": null, "NEU_LON": null, "NEU_CLASS": null, "NEU_WIND": null, "NEU_PRES": null, "MLC_LAT": null, "MLC_LON": null, "MLC_CLASS": null, "MLC_WIND": null, "MLC_PRES": null, "USA_GUST": null, "BOM_GUST": null, "BOM_GUSTP": null, "REU_GUST": null, "REU_GUSTP": null, "USA_SEAHGT": null, "USA_SEA_NE": null, "USA_SEA_SE": null, "USA_SEA_SW": null, "USA_SEA_NW": null, "STORM_SPD": 16, "STORM_DR": 300, "year": 2005, "month": 7, "day": 8, "hour": 3, "min": 0 }, "geometry": { "type": "LineString", "coordinates": [ [ -77.699951171875, 19.899999618530273 ], [ -78.4000244140625, 20.299999237060547 ] ] } },
{ "type": "Feature", "properties": { "SID": "2005186N12299", "SEASON": 2005, "NUMBER": 39, "BASIN": "NA", "SUBBASIN": "CS", "NAME": "DENNIS", "ISO_TIME": "2005-07-08 06:00:00", "NATURE": "TS", "LAT": 20.3, "LON": -78.4, "WMO_WIND": 110.0, "WMO_PRES": 953.0, "WMO_AGENCY": "hurdat_atl", "TRACK_TYPE": "main", "DIST2LAND": 61, "LANDFALL": 59, "IFLAG": "O______________", "USA_AGENCY": "hurdat_atl", "USA_ATCFID": "AL042005", "USA_LAT": 20.3, "USA_LON": -78.4, "USA_RECORD": null, "USA_STATUS": "HU", "USA_WIND": 110.0, "USA_PRES": 953.0, "USA_SSHS": 3, "USA_R34_NE": 120.0, "USA_R34_SE": 110.0, "USA_R34_SW": 75.0, "USA_R34_NW": 100.0, "USA_R50_NE": 75.0, "USA_R50_SE": 75.0, "USA_R50_SW": 25.0, "USA_R50_NW": 50.0, "USA_R64_NE": 45.0, "USA_R64_SE": 30.0, "USA_R64_SW": 20.0, "USA_R64_NW": 30.0, "USA_POCI": 1010.0, "USA_ROCI": 240.0, "USA_RMW": 10.0, "USA_EYE": null, "TOK_LAT": null, "TOK_LON": null, "TOK_GRADE": null, "TOK_WIND": null, "TOK_PRES": null, "TOK_R50_DR": null, "TOK_R50_L": null, "TOK_R50_S": null, "TOK_R30_DR": null, "TOK_R30_L": null, "TOK_R30_S": null, "TOK_LAND": null, "CMA_LAT": null, "CMA_LON": null, "CMA_CAT": null, "CMA_WIND": null, "CMA_PRES": null, "HKO_LAT": null, "HKO_LON": null, "HKO_CAT": null, "HKO_WIND": null, "HKO_PRES": null, "KMA_LAT": null, "KMA_LON": null, "KMA_CAT": null, "KMA_WIND": null, "KMA_PRES": null, "KMA_R50_DR": null, "KMA_R50_L": null, "KMA_R50_S": null, "KMA_R30_DR": null, "KMA_R30_L": null, "KMA_R30_S": null, "NEW_LAT": null, "NEW_LON": null, "NEW_GRADE": null, "NEW_WIND": null, "NEW_PRES": null, "NEW_CI": -999.9, "NEW_DP": null, "NEW_POCI": null, "REU_LAT": null, "REU_LON": null, "REU_TYPE": null, "REU_WIND": null, "REU_PRES": null, "REU_TNUM": -999.9, "REU_CI": -999.9, "REU_RMW": null, "REU_R34_NE": null, "REU_R34_SE": null, "REU_R34_SW": null, "REU_R34_NW": null, "REU_R50_NE": null, "REU_R50_SE": null, "REU_R50_SW": null, "REU_R50_NW": null, "REU_R64_NE": null, "REU_R64_SE": null, "REU_R64_SW": null, "REU_R64_NW": null, "BOM_LAT": null, "BOM_LON": null, "BOM_TYPE": null, "BOM_WIND": null, "BOM_PRES": null, "BOM_TNUM": -999.9, "BOM_CI": -999.9, "BOM_RMW": null, "BOM_R34_NE": null, "BOM_R34_SE": null, "BOM_R34_SW": null, "BOM_R34_NW": null, "BOM_R50_NE": null, "BOM_R50_SE": null, "BOM_R50_SW": null, "BOM_R50_NW": null, "BOM_R64_NE": null, "BOM_R64_SE": null, "BOM_R64_SW": null, "BOM_R64_NW": null, "BOM_ROCI": null, "BOM_POCI": null, "BOM_EYE": null, "BOM_POS_FL": null, "BOM_PRS_FL": null, "NAD_LAT": null, "NAD_LON": null, "NAD_CAT": null, "NAD_WIND": null, "NAD_PRES": null, "WEL_LAT": null, "WEL_LON": null, "WEL_WIND": null, "WEL_PRES": null, "DS8_LAT": null, "DS8_LON": null, "DS8_STAGE": null, "DS8_WIND": null, "DS8_PRES": null, "TD6_LAT": null, "TD6_LON": null, "TD6_STAGE": null, "TD6_WIND": null, "TD6_PRES": null, "TD5_LAT": null, "TD5_LON": null, "TD5_WIND": null, "TD5_PRES": null, "TD5_ROCI": null, "NEU_LAT": null, "NEU_LON": null, "NEU_CLASS": null, "NEU_WIND": null, "NEU_PRES": null, "MLC_LAT": null, "MLC_LON": null, "MLC_CLASS": null, "MLC_WIND": null, "MLC_PRES": null, "USA_GUST": 140.0, "BOM_GUST": null, "BOM_GUSTP": null, "REU_GUST": null, "REU_GUSTP": null, "USA_SEAHGT": null, "USA_SEA_NE": null, "USA_SEA_SE": null, "USA_SEA_SW": null, "USA_SEA_NW": null, "STORM_SPD": 14, "STORM_DR": 295, "year": 2005, "month": 7, "day": 8, "hour": 6, "min": 0 }, "geometry": { "type": "LineString", "coordinates": [ [ -78.4000244140625, 20.299999237060547 ], [ -79.0, 20.600000381469727 ] ] } },
{ "type": "Feature", "properties": { "SID": "2005186N12299", "SEASON": 2005, "NUMBER": 39, "BASIN": "NA", "SUBBASIN": "CS", "NAME": "DENNIS", "ISO_TIME": "2005-07-08 09:00:00", "NATURE": "TS", "LAT": 20.6, "LON": -79.0, "WMO_WIND": 0.0, "WMO_PRES": null, "WMO_AGENCY": null, "TRACK_TYPE": "main", "DIST2LAND": 68, "LANDFALL": 68, "IFLAG": "P______________", "USA_AGENCY": null, "USA_ATCFID": "AL042005", "USA_LAT": 20.6, "USA_LON": -79.0, "USA_RECORD": null, "USA_STATUS": "HU", "USA_WIND": 120.0, "USA_PRES": 946.0, "USA_SSHS": 4, "USA_R34_NE": 130.0, "USA_R34_SE": 115.0, "USA_R34_SW": 75.0, "USA_R34_NW": 100.0, "USA_R50_NE": 75.0, "USA_R50_SE": 75.0, "USA_R50_SW": 25.0, "USA_R50_NW": 50.0, "USA_R64_NE": 45.0, "USA_R64_SE": 30.0, "USA_R64_SW": 20.0, "USA_R64_NW": 30.0, "USA_POCI": 1011.0, "USA_ROCI": 240.0, "USA_RMW": 10.0, "USA_EYE": null, "TOK_LAT": null, "TOK_LON": null, "TOK_GRADE": null, "TOK_WIND": null, "TOK_PRES": null, "TOK_R50_DR": null, "TOK_R50_L": null, "TOK_R50_S": null, "TOK_R30_DR": null, "TOK_R30_L": null, "TOK_R30_S": null, "TOK_LAND": null, "CMA_LAT": null, "CMA_LON": null, "CMA_CAT": null, "CMA_WIND": null, "CMA_PRES": null, "HKO_LAT": null, "HKO_LON": null, "HKO_CAT": null, "HKO_WIND": null, "HKO_PRES": null, "KMA_LAT": null, "KMA_LON": null, "KMA_CAT": null, "KMA_WIND": null, "KMA_PRES": null, "KMA_R50_DR": null, "KMA_R50_L": null, "KMA_R50_S": null, "KMA_R30_DR": null, "KMA_R30_L": null, "KMA_R30_S": null, "NEW_LAT": null, "NEW_LON": null, "NEW_GRADE": null, "NEW_WIND": null, "NEW_PRES": null, "NEW_CI": -999.9, "NEW_DP": null, "NEW_POCI": null, "REU_LAT": null, "REU_LON": null, "REU_TYPE": null, "REU_WIND": null, "REU_PRES": null, "REU_TNUM": -999.9, "REU_CI": -999.9, "REU_RMW": null, "REU_R34_NE": null, "REU_R34_SE": null, "REU_R34_SW": null, "REU_R34_NW": null, "REU_R50_NE": null, "REU_R50_SE": null, "REU_R50_SW": null, "REU_R50_NW": null, "REU_R64_NE": null, "REU_R64_SE": null, "REU_R64_SW": null, "REU_R64_NW": null, "BOM_LAT": null, "BOM_LON": null, "BOM_TYPE": null, "BOM_WIND": null, "BOM_PRES": null, "BOM_TNUM": -999.9, "BOM_CI": -999.9, "BOM_RMW": null, "BOM_R34_NE": null, "BOM_R34_SE": null, "BOM_R34_SW": null, "BOM_R34_NW": null, "BOM_R50_NE": null, "BOM_R50_SE": null, "BOM_R50_SW": null, "BOM_R50_NW": null, "BOM_R64_NE": null, "BOM_R64_SE": null, "BOM_R64_SW": null, "BOM_R64_NW": null, "BOM_ROCI": null, "BOM_POCI": null, "BOM_EYE": null, "BOM_POS_FL": null, "BOM_PRS_FL": null, "NAD_LAT": null, "NAD_LON": null, "NAD_CAT": null, "NAD_WIND": null, "NAD_PRES": null, "WEL_LAT": null, "WEL_LON": null, "WEL_WIND": null, "WEL_PRES": null, "DS8_LAT": null, "DS8_LON": null, "DS8_STAGE": null, "DS8_WIND": null, "DS8_PRES": null, "TD6_LAT": null, "TD6_LON": null, "TD6_STAGE": null, "TD6_WIND": null, "TD6_PRES": null, "TD5_LAT": null, "TD5_LON": null, "TD5_WIND": null, "TD5_PRES": null, "TD5_ROCI": null, "NEU_LAT": null, "NEU_LON": null, "NEU_CLASS": null, "NEU_WIND": null, "NEU_PRES": null, "MLC_LAT": null, "MLC_LON": null, "MLC_CLASS": null, "MLC_WIND": null, "MLC_PRES": null, "USA_GUST": null, "BOM_GUST": null, "BOM_GUSTP": null, "REU_GUST": null, "REU_GUSTP": null, "USA_SEAHGT": null, "USA_SEA_NE": null, "USA_SEA_SE": null, "USA_SEA_SW": null, "USA_SEA_NW": null, "STORM_SPD": 12, "STORM_DR": 300, "year": 2005, "month": 7, "day": 8, "hour": 9, "min": 0 }, "geometry": { "type": "LineString", "coordinates": [ [ -79.0, 20.600000381469727 ], [ -79.5, 20.899999618530273 ] ] } },
{ "type": "Feature", "properties": { "SID": "2005186N12299", "SEASON": 2005, "NUMBER": 39, "BASIN": "NA", "SUBBASIN": "CS", "NAME": "DENNIS", "ISO_TIME": "2005-07-08 12:00:00", "NATURE": "TS", "LAT": 20.9, "LON": -79.5, "WMO_WIND": 130.0, "WMO_PRES": 938.0, "WMO_AGENCY": "hurdat_atl", "TRACK_TYPE": "main", "DIST2LAND": 73, "LANDFALL": 33, "IFLAG": "O______________", "USA_AGENCY": "hurdat_atl", "USA_ATCFID": "AL042005", "USA_LAT": 20.9, "USA_LON": -79.5, "USA_RECORD": null, "USA_STATUS": "HU", "USA_WIND": 130.0, "USA_PRES": 938.0, "USA_SSHS": 4, "USA_R34_NE": 140.0, "USA_R34_SE": 120.0, "USA_R34_SW": 75.0, "USA_R34_NW": 100.0, "USA_R50_NE": 75.0, "USA_R50_SE": 75.0, "USA_R50_SW": 25.0, "USA_R50_NW": 50.0, "USA_R64_NE": 45.0, "USA_R64_SE": 30.0, "USA_R64_SW": 20.0, "USA_R64_NW": 30.0, "USA_POCI": 1011.0, "USA_ROCI": 240.0, "USA_RMW": 10.0, "USA_EYE": null, "TOK_LAT": null, "TOK_LON": null, "TOK_GRADE": null, "TOK_WIND": null, "TOK_PRES": null, "TOK_R50_DR": null, "TOK_R50_L": null, "TOK_R50_S": null, "TOK_R30_DR": null, "TOK_R30_L": null, "TOK_R30_S": null, "TOK_LAND": null, "CMA_LAT": null, "CMA_LON": null, "CMA_CAT": null, "CMA_WIND": null, "CMA_PRES": null, "HKO_LAT": null, "HKO_LON": null, "HKO_CAT": null, "HKO_WIND": null, "HKO_PRES": null, "KMA_LAT": null, "KMA_LON": null, "KMA_CAT": null, "KMA_WIND": null, "KMA_PRES": null, "KMA_R50_DR": null, "KMA_R50_L": null, "KMA_R50_S": null, "KMA_R30_DR": null, "KMA_R30_L": null, "KMA_R30_S": null, "NEW_LAT": null, "NEW_LON": null, "NEW_GRADE": null, "NEW_WIND": null, "NEW_PRES": null, "NEW_CI": -999.9, "NEW_DP": null, "NEW_POCI": null, "REU_LAT": null, "REU_LON": null, "REU_TYPE": null, "REU_WIND": null, "REU_PRES": null, "REU_TNUM": -999.9, "REU_CI": -999.9, "REU_RMW": null, "REU_R34_NE": null, "REU_R34_SE": null, "REU_R34_SW": null, "REU_R34_NW": null, "REU_R50_NE": null, "REU_R50_SE": null, "REU_R50_SW": null, "REU_R50_NW": null, "REU_R64_NE": null, "REU_R64_SE": null, "REU_R64_SW": null, "REU_R64_NW": null, "BOM_LAT": null, "BOM_LON": null, "BOM_TYPE": null, "BOM_WIND": null, "BOM_PRES": null, "BOM_TNUM": -999.9, "BOM_CI": -999.9, "BOM_RMW": null, "BOM_R34_NE": null, "BOM_R34_SE": null, "BOM_R34_SW": null, "BOM_R34_NW": null, "BOM_R50_NE": null, "BOM_R50_SE": null, "BOM_R50_SW": null, "BOM_R50_NW": null, "BOM_R64_NE": null, "BOM_R64_SE": null, "BOM_R64_SW": null, "BOM_R64_NW": null, "BOM_ROCI": null, "BOM_POCI": null, "BOM_EYE": null, "BOM_POS_FL": null, "BOM_PRS_FL": null, "NAD_LAT": null, "NAD_LON": null, "NAD_CAT": null, "NAD_WIND": null, "NAD_PRES": null, "WEL_LAT": null, "WEL_LON": null, "WEL_WIND": null, "WEL_PRES": null, "DS8_LAT": null, "DS8_LON": null, "DS8_STAGE": null, "DS8_WIND": null, "DS8_PRES": null, "TD6_LAT": null, "TD6_LON": null, "TD6_STAGE": null, "TD6_WIND": null, "TD6_PRES": null, "TD5_LAT": null, "TD5_LON": null, "TD5_WIND": null, "TD5_PRES": null, "TD5_ROCI": null, "NEU_LAT": null, "NEU_LON": null, "NEU_CLASS": null, "NEU_WIND": null, "NEU_PRES": null, "MLC_LAT": null, "MLC_LON": null, "MLC_CLASS": null, "MLC_WIND": null, "MLC_PRES": null, "USA_GUST": 150.0, "BOM_GUST": null, "BOM_GUSTP": null, "REU_GUST": null, "REU_GUSTP": null, "USA_SEAHGT": null, "USA_SEA_NE": null, "USA_SEA_SE": null, "USA_SEA_SW": null, "USA_SEA_NW": null, "STORM_SPD": 14, "STORM_DR": 310, "year": 2005, "month": 7, "day": 8, "hour": 12, "min": 0 }, "geometry": { "type": "LineString", "coordinates": [ [ -79.5, 20.899999618530273 ], [ -80.0999755859375, 21.5 ] ] } },
{ "type": "Feature", "properties": { "SID": "2005186N12299", "SEASON": 2005, "NUMBER": 39, "BASIN": "NA", "SUBBASIN": "CS", "NAME": "DENNIS", "ISO_TIME": "2005-07-08 15:00:00", "NATURE": "TS", "LAT": 21.5, "LON": -80.1, "WMO_WIND": 0.0, "WMO_PRES": null, "WMO_AGENCY": null, "TRACK_TYPE": "main", "DIST2LAND": 24, "LANDFALL": 11, "IFLAG": "P______________", "USA_AGENCY": null, "USA_ATCFID": "AL042005", "USA_LAT": 21.5, "USA_LON": -80.1, "USA_RECORD": null, "USA_STATUS": "HU", "USA_WIND": 125.0, "USA_PRES": 940.0, "USA_SSHS": 4, "USA_R34_NE": 140.0, "USA_R34_SE": 130.0, "USA_R34_SW": 75.0, "USA_R34_NW": 110.0, "USA_R50_NE": 83.0, "USA_R50_SE": 75.0, "USA_R50_SW": 28.0, "USA_R50_NW": 53.0, "USA_R64_NE": 50.0, "USA_R64_SE": 33.0, "USA_R64_SW": 20.0, "USA_R64_NW": 30.0, "USA_POCI": 1011.0, "USA_ROCI": 240.0, "USA_RMW": 10.0, "USA_EYE": null, "TOK_LAT": null, "TOK_LON": null, "TOK_GRADE": null, "TOK_WIND": null, "TOK_PRES": null, "TOK_R50_DR": null, "TOK_R50_L": null, "TOK_R50_S": null, "TOK_R30_DR": null, "TOK_R30_L": null, "TOK_R30_S": null, "TOK_LAND": null, "CMA_LAT": null, "CMA_LON": null, "CMA_CAT": null, "CMA_WIND": null, "CMA_PRES": null, "HKO_LAT": null, "HKO_LON": null, "HKO_CAT": null, "HKO_WIND": null, "HKO_PRES": null, "KMA_LAT": null, "KMA_LON": null, "KMA_CAT": null, "KMA_WIND": null, "KMA_PRES": null, "KMA_R50_DR": null, "KMA_R50_L": null, "KMA_R50_S": null, "KMA_R30_DR": null, "KMA_R30_L": null, "KMA_R30_S": null, "NEW_LAT": null, "NEW_LON": null, "NEW_GRADE": null, "NEW_WIND": null, "NEW_PRES": null, "NEW_CI": -999.9, "NEW_DP": null, "NEW_POCI": null, "REU_LAT": null, "REU_LON": null, "REU_TYPE": null, "REU_WIND": null, "REU_PRES": null, "REU_TNUM": -999.9, "REU_CI": -999.9, "REU_RMW": null, "REU_R34_NE": null, "REU_R34_SE": null, "REU_R34_SW": null, "REU_R34_NW": null, "REU_R50_NE": null, "REU_R50_SE": null, "REU_R50_SW": null, "REU_R50_NW": null, "REU_R64_NE": null, "REU_R64_SE": null, "REU_R64_SW": null, "REU_R64_NW": null, "BOM_LAT": null, "BOM_LON": null, "BOM_TYPE": null, "BOM_WIND": null, "BOM_PRES": null, "BOM_TNUM": -999.9, "BOM_CI": -999.9, "BOM_RMW": null, "BOM_R34_NE": null, "BOM_R34_SE": null, "BOM_R34_SW": null, "BOM_R34_NW": null, "BOM_R50_NE": null, "BOM_R50_SE": null, "BOM_R50_SW": null, "BOM_R50_NW": null, "BOM_R64_NE": null, "BOM_R64_SE": null, "BOM_R64_SW": null, "BOM_R64_NW": null, "BOM_ROCI": null, "BOM_POCI": null, "BOM_EYE": null, "BOM_POS_FL": null, "BOM_PRS_FL": null, "NAD_LAT": null, "NAD_LON": null, "NAD_CAT": null, "NAD_WIND": null, "NAD_PRES": null, "WEL_LAT": null, "WEL_LON": null, "WEL_WIND": null, "WEL_PRES": null, "DS8_LAT": null, "DS8_LON": null, "DS8_STAGE": null, "DS8_WIND": null, "DS8_PRES": null, "TD6_LAT": null, "TD6_LON": null, "TD6_STAGE": null, "TD6_WIND": null, "TD6_PRES": null, "TD5_LAT": null, "TD5_LON": null, "TD5_WIND": null, "TD5_PRES": null, "TD5_ROCI": null, "NEU_LAT": null, "NEU_LON": null, "NEU_CLASS": null, "NEU_WIND": null, "NEU_PRES": null, "MLC_LAT": null, "MLC_LON": null, "MLC_CLASS": null, "MLC_WIND": null, "MLC_PRES": null, "USA_GUST": null, "BOM_GUST": null, "BOM_GUSTP": null, "REU_GUST": null, "REU_GUSTP": null, "USA_SEAHGT": null, "USA_SEA_NE": null, "USA_SEA_SE": null, "USA_SEA_SW": null, "USA_SEA_NW": null, "STORM_SPD": 15, "STORM_DR": 315, "year": 2005, "month": 7, "day": 8, "hour": 15, "min": 0 }, "geometry": { "type": "LineString", "coordinates": [ [ -80.0999755859375, 21.5 ], [ -80.5999755859375, 22.0 ] ] } },
{ "type": "Feature", "properties": { "SID": "2005186N12299", "SEASON": 2005, "NUMBER": 39, "BASIN": "NA", "SUBBASIN": "CS", "NAME": "DENNIS", "ISO_TIME": "2005-07-08 18:00:00", "NATURE": "TS", "LAT": 22.0, "LON": -80.6, "WMO_WIND": 120.0, "WMO_PRES": 941.0, "WMO_AGENCY": "hurdat_atl", "TRACK_TYPE": "main", "DIST2LAND": 11, "LANDFALL": 0, "IFLAG": "O______________", "USA_AGENCY": "hurdat_atl", "USA_ATCFID": "AL042005", "USA_LAT": 22.0, "USA_LON": -80.6, "USA_RECORD": null, "USA_STATUS": "HU", "USA_WIND": 120.0, "USA_PRES": 941.0, "USA_SSHS": 4, "USA_R34_NE": 140.0, "USA_R34_SE": 140.0, "USA_R34_SW": 75.0, "USA_R34_NW": 120.0, "USA_R50_NE": 90.0, "USA_R50_SE": 75.0, "USA_R50_SW": 30.0, "USA_R50_NW": 55.0, "USA_R64_NE": 55.0, "USA_R64_SE": 35.0, "USA_R64_SW": 20.0, "USA_R64_NW": 30.0, "USA_POCI": 1011.0, "USA_ROCI": 240.0, "USA_RMW": 10.0, "USA_EYE": null, "TOK_LAT": null, "TOK_LON": null, "TOK_GRADE": null, "TOK_WIND": null, "TOK_PRES": null, "TOK_R50_DR": null, "TOK_R50_L": null, "TOK_R50_S": null, "TOK_R30_DR": null, "TOK_R30_L": null, "TOK_R30_S": null, "TOK_LAND": null, "CMA_LAT": null, "CMA_LON": null, "CMA_CAT": null, "CMA_WIND": null, "CMA_PRES": null, "HKO_LAT": null, "HKO_LON": null, "HKO_CAT": null, "HKO_WIND": null, "HKO_PRES": null, "KMA_LAT": null, "KMA_LON": null, "KMA_CAT": null, "KMA_WIND": null, "KMA_PRES": null, "KMA_R50_DR": null, "KMA_R50_L": null, "KMA_R50_S": null, "KMA_R30_DR": null, "KMA_R30_L": null, "KMA_R30_S": null, "NEW_LAT": null, "NEW_LON": null, "NEW_GRADE": null, "NEW_WIND": null, "NEW_PRES": null, "NEW_CI": -999.9, "NEW_DP": null, "NEW_POCI": null, "REU_LAT": null, "REU_LON": null, "REU_TYPE": null, "REU_WIND": null, "REU_PRES": null, "REU_TNUM": -999.9, "REU_CI": -999.9, "REU_RMW": null, "REU_R34_NE": null, "REU_R34_SE": null, "REU_R34_SW": null, "REU_R34_NW": null, "REU_R50_NE": null, "REU_R50_SE": null, "REU_R50_SW": null, "REU_R50_NW": null, "REU_R64_NE": null, "REU_R64_SE": null, "REU_R64_SW": null, "REU_R64_NW": null, "BOM_LAT": null, "BOM_LON": null, "BOM_TYPE": null, "BOM_WIND": null, "BOM_PRES": null, "BOM_TNUM": -999.9, "BOM_CI": -999.9, "BOM_RMW": null, "BOM_R34_NE": null, "BOM_R34_SE": null, "BOM_R34_SW": null, "BOM_R34_NW": null, "BOM_R50_NE": null, "BOM_R50_SE": null, "BOM_R50_SW": null, "BOM_R50_NW": null, "BOM_R64_NE": null, "BOM_R64_SE": null, "BOM_R64_SW": null, "BOM_R64_NW": null, "BOM_ROCI": null, "BOM_POCI": null, "BOM_EYE": null, "BOM_POS_FL": null, "BOM_PRS_FL": null, "NAD_LAT": null, "NAD_LON": null, "NAD_CAT": null, "NAD_WIND": null, "NAD_PRES": null, "WEL_LAT": null, "WEL_LON": null, "WEL_WIND": null, "WEL_PRES": null, "DS8_LAT": null, "DS8_LON": null, "DS8_STAGE": null, "DS8_WIND": null, "DS8_PRES": null, "TD6_LAT": null, "TD6_LON": null, "TD6_STAGE": null, "TD6_WIND": null, "TD6_PRES": null, "TD5_LAT": null, "TD5_LON": null, "TD5_WIND": null, "TD5_PRES": null, "TD5_ROCI": null, "NEU_LAT": null, "NEU_LON": null, "NEU_CLASS": null, "NEU_WIND": null, "NEU_PRES": null, "MLC_LAT": null, "MLC_LON": null, "MLC_CLASS": null, "MLC_WIND": null, "MLC_PRES": null, "USA_GUST": 155.0, "BOM_GUST": null, "BOM_GUSTP": null, "REU_GUST": null, "REU_GUSTP": null, "USA_SEAHGT": null, "USA_SEA_NE": null, "USA_SEA_SE": null, "USA_SEA_SW": null, "USA_SEA_NW": null, "STORM_SPD": 14, "STORM_DR": 320, "year": 2005, "month": 7, "day": 8, "hour": 18, "min": 0 }, "geometry": { "type": "LineString", "coordinates": [ [ -80.5999755859375, 22.0 ], [ -80.699951171875, 22.100000381469727 ] ] } },
{ "type": "Feature", "properties": { "SID": "2005186N12299", "SEASON": 2005, "NUMBER": 39, "BASIN": "NA", "SUBBASIN": "NA", "NAME": "DENNIS", "ISO_TIME": "2005-07-08 18:45:00", "NATURE": "TS", "LAT": 22.1, "LON": -80.7, "WMO_WIND": 120.0, "WMO_PRES": 941.0, "WMO_AGENCY": "hurdat_atl", "TRACK_TYPE": "main", "DIST2LAND": 0, "LANDFALL": 0, "IFLAG": "V______________", "USA_AGENCY": "hurdat_atl", "USA_ATCFID": "AL042005", "USA_LAT": 22.1, "USA_LON": -80.7, "USA_RECORD": "L", "USA_STATUS": "HU", "USA_WIND": 120.0, "USA_PRES": 941.0, "USA_SSHS": 4, "USA_R34_NE": 141.0, "USA_R34_SE": 141.0, "USA_R34_SW": 75.0, "USA_R34_NW": 123.0, "USA_R50_NE": 90.0, "USA_R50_SE": 75.0, "USA_R50_SW": 30.0, "USA_R50_NW": 55.0, "USA_R64_NE": 55.0, "USA_R64_SE": 35.0, "USA_R64_SW": 20.0, "USA_R64_NW": 30.0, "USA_POCI": 1011.0, "USA_ROCI": 240.0, "USA_RMW": 10.0, "USA_EYE": null, "TOK_LAT": null, "TOK_LON": null, "TOK_GRADE": null, "TOK_WIND": null, "TOK_PRES": null, "TOK_R50_DR": null, "TOK_R50_L": null, "TOK_R50_S": null, "TOK_R30_DR": null, "TOK_R30_L": null, "TOK_R30_S": null, "TOK_LAND": null, "CMA_LAT": null, "CMA_LON": null, "CMA_CAT": null, "CMA_WIND": null, "CMA_PRES": null, "HKO_LAT": null, "HKO_LON": null, "HKO_CAT": null, "HKO_WIND": null, "HKO_PRES": null, "KMA_LAT": null, "KMA_LON": null, "KMA_CAT": null, "KMA_WIND": null, "KMA_PRES": null, "KMA_R50_DR": null, "KMA_R50_L": null, "KMA_R50_S": null, "KMA_R30_DR": null, "KMA_R30_L": null, "KMA_R30_S": null, "NEW_LAT": null, "NEW_LON": null, "NEW_GRADE": null, "NEW_WIND": null, "NEW_PRES": null, "NEW_CI": -999.9, "NEW_DP": null, "NEW_POCI": null, "REU_LAT": null, "REU_LON": null, "REU_TYPE": null, "REU_WIND": null, "REU_PRES": null, "REU_TNUM": -999.9, "REU_CI": -999.9, "REU_RMW": null, "REU_R34_NE": null, "REU_R34_SE": null, "REU_R34_SW": null, "REU_R34_NW": null, "REU_R50_NE": null, "REU_R50_SE": null, "REU_R50_SW": null, "REU_R50_NW": null, "REU_R64_NE": null, "REU_R64_SE": null, "REU_R64_SW": null, "REU_R64_NW": null, "BOM_LAT": null, "BOM_LON": null, "BOM_TYPE": null, "BOM_WIND": null, "BOM_PRES": null, "BOM_TNUM": -999.9, "BOM_CI": -999.9, "BOM_RMW": null, "BOM_R34_NE": null, "BOM_R34_SE": null, "BOM_R34_SW": null, "BOM_R34_NW": null, "BOM_R50_NE": null, "BOM_R50_SE": null, "BOM_R50_SW": null, "BOM_R50_NW": null, "BOM_R64_NE": null, "BOM_R64_SE": null, "BOM_R64_SW": null, "BOM_R64_NW": null, "BOM_ROCI": null, "BOM_POCI": null, "BOM_EYE": null, "BOM_POS_FL": null, "BOM_PRS_FL": null, "NAD_LAT": null, "NAD_LON": null, "NAD_CAT": null, "NAD_WIND": null, "NAD_PRES": null, "WEL_LAT": null, "WEL_LON": null, "WEL_WIND": null, "WEL_PRES": null, "DS8_LAT": null, "DS8_LON": null, "DS8_STAGE": null, "DS8_WIND": null, "DS8_PRES": null, "TD6_LAT": null, "TD6_LON": null, "TD6_STAGE": null, "TD6_WIND": null, "TD6_PRES": null, "TD5_LAT": null, "TD5_LON": null, "TD5_WIND": null, "TD5_PRES": null, "TD5_ROCI": null, "NEU_LAT": null, "NEU_LON": null, "NEU_CLASS": null, "NEU_WIND": null, "NEU_PRES": null, "MLC_LAT": null, "MLC_LON": null, "MLC_CLASS": null, "MLC_WIND": null, "MLC_PRES": null, "USA_GUST": null, "BOM_GUST": null, "BOM_GUSTP": null, "REU_GUST": null, "REU_GUSTP": null, "USA_SEAHGT": null, "USA_SEA_NE": null, "USA_SEA_SE": null, "USA_SEA_SW": null, "USA_SEA_NW": null, "STORM_SPD": 11, "STORM_DR": 310, "year": 2005, "month": 7, "day": 8, "hour": 18, "min": 45 }, "geometry": { "type": "LineString", "coordinates": [ [ -80.699951171875, 22.100000381469727 ], [ -81.0999755859375, 22.399999618530273 ] ] } },
{ "type": "Feature", "properties": { "SID": "2005289N18282", "SEASON": 2005, "NUMBER": 97, "BASIN": "NA", "SUBBASIN": "GM", "NAME": "WILMA", "ISO_TIME": "2005-10-24 10:30:00", "NATURE": "TS", "LAT": 25.9, "LON": -81.7, "WMO_WIND": 105.0, "WMO_PRES": 950.0, "WMO_AGENCY": "hurdat_atl", "TRACK_TYPE": "main", "DIST2LAND": 0, "LANDFALL": 0, "IFLAG": "V______________", "USA_AGENCY": "hurdat_atl", "USA_ATCFID": "AL252005", "USA_LAT": 25.9, "USA_LON": -81.7, "USA_RECORD": "L", "USA_STATUS": "HU", "USA_WIND": 105.0, "USA_PRES": 950.0, "USA_SSHS": 3, "USA_R34_NE": 200.0, "USA_R34_SE": 219.0, "USA_R34_SW": 194.0, "USA_R34_NW": 150.0, "USA_R50_NE": 125.0, "USA_R50_SE": 144.0, "USA_R50_SW": 100.0, "USA_R50_NW": 90.0, "USA_R64_NE": 75.0, "USA_R64_SE": 88.0, "USA_R64_SW": 75.0, "USA_R64_NW": 43.0, "USA_POCI": 1005.0, "USA_ROCI": 300.0, "USA_RMW": 25.0, "USA_EYE": null, "TOK_LAT": null, "TOK_LON": null, "TOK_GRADE": null, "TOK_WIND": null, "TOK_PRES": null, "TOK_R50_DR": null, "TOK_R50_L": null, "TOK_R50_S": null, "TOK_R30_DR": null, "TOK_R30_L": null, "TOK_R30_S": null, "TOK_LAND": null, "CMA_LAT": null, "CMA_LON": null, "CMA_CAT": null, "CMA_WIND": null, "CMA_PRES": null, "HKO_LAT": null, "HKO_LON": null, "HKO_CAT": null, "HKO_WIND": null, "HKO_PRES": null, "KMA_LAT": null, "KMA_LON": null, "KMA_CAT": null, "KMA_WIND": null, "KMA_PRES": null, "KMA_R50_DR": null, "KMA_R50_L": null, "KMA_R50_S": null, "KMA_R30_DR": null, "KMA_R30_L": null, "KMA_R30_S": null, "NEW_LAT": null, "NEW_LON": null, "NEW_GRADE": null, "NEW_WIND": null, "NEW_PRES": null, "NEW_CI": -999.9, "NEW_DP": null, "NEW_POCI": null, "REU_LAT": null, "REU_LON": null, "REU_TYPE": null, "REU_WIND": null, "REU_PRES": null, "REU_TNUM": -999.9, "REU_CI": -999.9, "REU_RMW": null, "REU_R34_NE": null, "REU_R34_SE": null, "REU_R34_SW": null, "REU_R34_NW": null, "REU_R50_NE": null, "REU_R50_SE": null, "REU_R50_SW": null, "REU_R50_NW": null, "REU_R64_NE": null, "REU_R64_SE": null, "REU_R64_SW": null, "REU_R64_NW": null, "BOM_LAT": null, "BOM_LON": null, "BOM_TYPE": null, "BOM_WIND": null, "BOM_PRES": null, "BOM_TNUM": -999.9, "BOM_CI": -999.9, "BOM_RMW": null, "BOM_R34_NE": null, "BOM_R34_SE": null, "BOM_R34_SW": null, "BOM_R34_NW": null, "BOM_R50_NE": null, "BOM_R50_SE": null, "BOM_R50_SW": null, "BOM_R50_NW": null, "BOM_R64_NE": null, "BOM_R64_SE": null, "BOM_R64_SW": null, "BOM_R64_NW": null, "BOM_ROCI": null, "BOM_POCI": null, "BOM_EYE": null, "BOM_POS_FL": null, "BOM_PRS_FL": null, "NAD_LAT": null, "NAD_LON": null, "NAD_CAT": null, "NAD_WIND": null, "NAD_PRES": null, "WEL_LAT": null, "WEL_LON": null, "WEL_WIND": null, "WEL_PRES": null, "DS8_LAT": null, "DS8_LON": null, "DS8_STAGE": null, "DS8_WIND": null, "DS8_PRES": null, "TD6_LAT": null, "TD6_LON": null, "TD6_STAGE": null, "TD6_WIND": null, "TD6_PRES": null, "TD5_LAT": null, "TD5_LON": null, "TD5_WIND": null, "TD5_PRES": null, "TD5_ROCI": null, "NEU_LAT": null, "NEU_LON": null, "NEU_CLASS": null, "NEU_WIND": null, "NEU_PRES": null, "MLC_LAT": null, "MLC_LON": null, "MLC_CLASS": null, "MLC_WIND": null, "MLC_PRES": null, "USA_GUST": null, "BOM_GUST": null, "BOM_GUSTP": null, "REU_GUST": null, "REU_GUSTP": null, "USA_SEAHGT": null, "USA_SEA_NE": null, "USA_SEA_SE": null, "USA_SEA_SW": null, "USA_SEA_NW": null, "STORM_SPD": 26, "STORM_DR": 60, "year": 2005, "month": 10, "day": 24, "hour": 10, "min": 30 }, "geometry": { "type": "LineString", "coordinates": [ [ -81.699951171875, 25.899999618530273 ], [ -81.0, 26.200000762939453 ] ] } },
{ "type": "Feature", "properties": { "SID": "2005289N18282", "SEASON": 2005, "NUMBER": 97, "BASIN": "NA", "SUBBASIN": "NA", "NAME": "WILMA", "ISO_TIME": "2005-10-24 15:00:00", "NATURE": "TS", "LAT": 27.0, "LON": -79.9, "WMO_WIND": 0.0, "WMO_PRES": null, "WMO_AGENCY": null, "TRACK_TYPE": "main", "DIST2LAND": 19, "LANDFALL": 19, "IFLAG": "P______________", "USA_AGENCY": null, "USA_ATCFID": "AL252005", "USA_LAT": 27.0, "USA_LON": -79.9, "USA_RECORD": null, "USA_STATUS": "HU", "USA_WIND": 100.0, "USA_PRES": 953.0, "USA_SSHS": 3, "USA_R34_NE": 200.0, "USA_R34_SE": 225.0, "USA_R34_SW": 200.0, "USA_R34_NW": 150.0, "USA_R50_NE": 125.0, "USA_R50_SE": 150.0, "USA_R50_SW": 100.0, "USA_R50_NW": 90.0, "USA_R64_NE": 75.0, "USA_R64_SE": 90.0, "USA_R64_SW": 75.0, "USA_R64_NW": 40.0, "USA_POCI": 1005.0, "USA_ROCI": 300.0, "USA_RMW": 33.0, "USA_EYE": null, "TOK_LAT": null, "TOK_LON": null, "TOK_GRADE": null, "TOK_WIND": null, "TOK_PRES": null, "TOK_R50_DR": null, "TOK_R50_L": null, "TOK_R50_S": null, "TOK_R30_DR": null, "TOK_R30_L": null, "TOK_R30_S": null, "TOK_LAND": null, "CMA_LAT": null, "CMA_LON": null, "CMA_CAT": null, "CMA_WIND": null, "CMA_PRES": null, "HKO_LAT": null, "HKO_LON": null, "HKO_CAT": null, "HKO_WIND": null, "HKO_PRES": null, "KMA_LAT": null, "KMA_LON": null, "KMA_CAT": null, "KMA_WIND": null, "KMA_PRES": null, "KMA_R50_DR": null, "KMA_R50_L": null, "KMA_R50_S": null, "KMA_R30_DR": null, "KMA_R30_L": null, "KMA_R30_S": null, "NEW_LAT": null, "NEW_LON": null, "NEW_GRADE": null, "NEW_WIND": null, "NEW_PRES": null, "NEW_CI": -999.9, "NEW_DP": null, "NEW_POCI": null, "REU_LAT": null, "REU_LON": null, "REU_TYPE": null, "REU_WIND": null, "REU_PRES": null, "REU_TNUM": -999.9, "REU_CI": -999.9, "REU_RMW": null, "REU_R34_NE": null, "REU_R34_SE": null, "REU_R34_SW": null, "REU_R34_NW": null, "REU_R50_NE": null, "REU_R50_SE": null, "REU_R50_SW": null, "REU_R50_NW": null, "REU_R64_NE": null, "REU_R64_SE": null, "REU_R64_SW": null, "REU_R64_NW": null, "BOM_LAT": null, "BOM_LON": null, "BOM_TYPE": null, "BOM_WIND": null, "BOM_PRES": null, "BOM_TNUM": -999.9, "BOM_CI": -999.9, "BOM_RMW": null, "BOM_R34_NE": null, "BOM_R34_SE": null, "BOM_R34_SW": null, "BOM_R34_NW": null, "BOM_R50_NE": null, "BOM_R50_SE": null, "BOM_R50_SW": null, "BOM_R50_NW": null, "BOM_R64_NE": null, "BOM_R64_SE": null, "BOM_R64_SW": null, "BOM_R64_NW": null, "BOM_ROCI": null, "BOM_POCI": null, "BOM_EYE": null, "BOM_POS_FL": null, "BOM_PRS_FL": null, "NAD_LAT": null, "NAD_LON": null, "NAD_CAT": null, "NAD_WIND": null, "NAD_PRES": null, "WEL_LAT": null, "WEL_LON": null, "WEL_WIND": null, "WEL_PRES": null, "DS8_LAT": null, "DS8_LON": null, "DS8_STAGE": null, "DS8_WIND": null, "DS8_PRES": null, "TD6_LAT": null, "TD6_LON": null, "TD6_STAGE": null, "TD6_WIND": null, "TD6_PRES": null, "TD5_LAT": null, "TD5_LON": null, "TD5_WIND": null, "TD5_PRES": null, "TD5_ROCI": null, "NEU_LAT": null, "NEU_LON": null, "NEU_CLASS": null, "NEU_WIND": null, "NEU_PRES": null, "MLC_LAT": null, "MLC_LON": null, "MLC_CLASS": null, "MLC_WIND": null, "MLC_PRES": null, "USA_GUST": null, "BOM_GUST": null, "BOM_GUSTP": null, "REU_GUST": null, "REU_GUSTP": null, "USA_SEAHGT": null, "USA_SEA_NE": null, "USA_SEA_SE": null, "USA_SEA_SW": null, "USA_SEA_NW": null, "STORM_SPD": 27, "STORM_DR": 45, "year": 2005, "month": 10, "day": 24, "hour": 15, "min": 0 }, "geometry": { "type": "LineString", "coordinates": [ [ -79.9000244140625, 27.0 ], [ -78.800048828125, 28.0 ] ] } },
{ "type": "Feature", "properties": { "SID": "2005289N18282", "SEASON": 2005, "NUMBER": 97, "BASIN": "NA", "SUBBASIN": "NA", "NAME": "WILMA", "ISO_TIME": "2005-10-24 18:00:00", "NATURE": "TS", "LAT": 28.0, "LON": -78.8, "WMO_WIND": 105.0, "WMO_PRES": 955.0, "WMO_AGENCY": "hurdat_atl", "TRACK_TYPE": "main", "DIST2LAND": 162, "LANDFALL": 162, "IFLAG": "O______________", "USA_AGENCY": "hurdat_atl", "USA_ATCFID": "AL252005", "USA_LAT": 28.0, "USA_LON": -78.8, "USA_RECORD": null, "USA_STATUS": "HU", "USA_WIND": 105.0, "USA_PRES": 955.0, "USA_SSHS": 3, "USA_R34_NE": 200.0, "USA_R34_SE": 225.0, "USA_R34_SW": 200.0, "USA_R34_NW": 150.0, "USA_R50_NE": 125.0, "USA_R50_SE": 150.0, "USA_R50_SW": 100.0, "USA_R50_NW": 90.0, "USA_R64_NE": 75.0, "USA_R64_SE": 90.0, "USA_R64_SW": 75.0, "USA_R64_NW": 40.0, "USA_POCI": 1005.0, "USA_ROCI": 300.0, "USA_RMW": 35.0, "USA_EYE": null, "TOK_LAT": null, "TOK_LON": null, "TOK_GRADE": null, "TOK_WIND": null, "TOK_PRES": null, "TOK_R50_DR": null, "TOK_R50_L": null, "TOK_R50_S": null, "TOK_R30_DR": null, "TOK_R30_L": null, "TOK_R30_S": null, "TOK_LAND": null, "CMA_LAT": null, "CMA_LON": null, "CMA_CAT": null, "CMA_WIND": null, "CMA_PRES": null, "HKO_LAT": null, "HKO_LON": null, "HKO_CAT": null, "HKO_WIND": null, "HKO_PRES": null, "KMA_LAT": null, "KMA_LON": null, "KMA_CAT": null, "KMA_WIND": null, "KMA_PRES": null, "KMA_R50_DR": null, "KMA_R50_L": null, "KMA_R50_S": null, "KMA_R30_DR": null, "KMA_R30_L": null, "KMA_R30_S": null, "NEW_LAT": null, "NEW_LON": null, "NEW_GRADE": null, "NEW_WIND": null, "NEW_PRES": null, "NEW_CI": -999.9, "NEW_DP": null, "NEW_POCI": null, "REU_LAT": null, "REU_LON": null, "REU_TYPE": null, "REU_WIND": null, "REU_PRES": null, "REU_TNUM": -999.9, "REU_CI": -999.9, "REU_RMW": null, "REU_R34_NE": null, "REU_R34_SE": null, "REU_R34_SW": null, "REU_R34_NW": null, "REU_R50_NE": null, "REU_R50_SE": null, "REU_R50_SW": null, "REU_R50_NW": null, "REU_R64_NE": null, "REU_R64_SE": null, "REU_R64_SW": null, "REU_R64_NW": null, "BOM_LAT": null, "BOM_LON": null, "BOM_TYPE": null, "BOM_WIND": null, "BOM_PRES": null, "BOM_TNUM": -999.9, "BOM_CI": -999.9, "BOM_RMW": null, "BOM_R34_NE": null, "BOM_R34_SE": null, "BOM_R34_SW": null, "BOM_R34_NW": null, "BOM_R50_NE": null, "BOM_R50_SE": null, "BOM_R50_SW": null, "BOM_R50_NW": null, "BOM_R64_NE": null, "BOM_R64_SE": null, "BOM_R64_SW": null, "BOM_R64_NW": null, "BOM_ROCI": null, "BOM_POCI": null, "BOM_EYE": null, "BOM_POS_FL": null, "BOM_PRS_FL": null, "NAD_LAT": null, "NAD_LON": null, "NAD_CAT": null, "NAD_WIND": null, "NAD_PRES": null, "WEL_LAT": null, "WEL_LON": null, "WEL_WIND": null, "WEL_PRES": null, "DS8_LAT": null, "DS8_LON": null, "DS8_STAGE": null, "DS8_WIND": null, "DS8_PRES": null, "TD6_LAT": null, "TD6_LON": null, "TD6_STAGE": null, "TD6_WIND": null, "TD6_PRES": null, "TD5_LAT": null, "TD5_LON": null, "TD5_WIND": null, "TD5_PRES": null, "TD5_ROCI": null, "NEU_LAT": null, "NEU_LON": null, "NEU_CLASS": null, "NEU_WIND": null, "NEU_PRES": null, "MLC_LAT": null, "MLC_LON": null, "MLC_CLASS": null, "MLC_WIND": null, "MLC_PRES": null, "USA_GUST": 120.0, "BOM_GUST": null, "BOM_GUSTP": null, "REU_GUST": null, "REU_GUSTP": null, "USA_SEAHGT": null, "USA_SEA_NE": null, "USA_SEA_SE": null, "USA_SEA_SW": null, "USA_SEA_NW": null, "STORM_SPD": 28, "STORM_DR": 45, "year": 2005, "month": 10, "day": 24, "hour": 18, "min": 0 }, "geometry": { "type": "LineString", "coordinates": [ [ -78.800048828125, 28.0 ], [ -77.5, 28.899999618530273 ] ] } },
{ "type": "Feature", "properties": { "SID": "2008245N17323", "SEASON": 2008, "NUMBER": 59, "BASIN": "NA", "SUBBASIN": "NA", "NAME": "IKE", "ISO_TIME": "2008-09-06 21:00:00", "NATURE": "TS", "LAT": 21.3, "LON": -69.6, "WMO_WIND": 0.0, "WMO_PRES": null, "WMO_AGENCY": null, "TRACK_TYPE": "main", "DIST2LAND": 194, "LANDFALL": 159, "IFLAG": "P______________", "USA_AGENCY": null, "USA_ATCFID": "AL092008", "USA_LAT": 21.3, "USA_LON": -69.6, "USA_RECORD": null, "USA_STATUS": "HU", "USA_WIND": 115.0, "USA_PRES": 949.0, "USA_SSHS": 4, "USA_R34_NE": 118.0, "USA_R34_SE": 98.0, "USA_R34_SW": 100.0, "USA_R34_NW": 125.0, "USA_R50_NE": 68.0, "USA_R50_SE": 73.0, "USA_R50_SW": 48.0, "USA_R50_NW": 60.0, "USA_R64_NE": 40.0, "USA_R64_SE": 38.0, "USA_R64_SW": 30.0, "USA_R64_NW": 35.0, "USA_POCI": 1013.0, "USA_ROCI": 175.0, "USA_RMW": 15.0, "USA_EYE": null, "TOK_LAT": null, "TOK_LON": null, "TOK_GRADE": null, "TOK_WIND": null, "TOK_PRES": null, "TOK_R50_DR": null, "TOK_R50_L": null, "TOK_R50_S": null, "TOK_R30_DR": null, "TOK_R30_L": null, "TOK_R30_S": null, "TOK_LAND": null, "CMA_LAT": null, "CMA_LON": null, "CMA_CAT": null, "CMA_WIND": null, "CMA_PRES": null, "HKO_LAT": null, "HKO_LON": null, "HKO_CAT": null, "HKO_WIND": null, "HKO_PRES": null, "KMA_LAT": null, "KMA_LON": null, "KMA_CAT": null, "KMA_WIND": null, "KMA_PRES": null, "KMA_R50_DR": null, "KMA_R50_L": null, "KMA_R50_S": null, "KMA_R30_DR": null, "KMA_R30_L": null, "KMA_R30_S": null, "NEW_LAT": null, "NEW_LON": null, "NEW_GRADE": null, "NEW_WIND": null, "NEW_PRES": null, "NEW_CI": -999.9, "NEW_DP": null, "NEW_POCI": null, "REU_LAT": null, "REU_LON": null, "REU_TYPE": null, "REU_WIND": null, "REU_PRES": null, "REU_TNUM": -999.9, "REU_CI": -999.9, "REU_RMW": null, "REU_R34_NE": null, "REU_R34_SE": null, "REU_R34_SW": null, "REU_R34_NW": null, "REU_R50_NE": null, "REU_R50_SE": null, "REU_R50_SW": null, "REU_R50_NW": null, "REU_R64_NE": null, "REU_R64_SE": null, "REU_R64_SW": null, "REU_R64_NW": null, "BOM_LAT": null, "BOM_LON": null, "BOM_TYPE": null, "BOM_WIND": null, "BOM_PRES": null, "BOM_TNUM": -999.9, "BOM_CI": -999.9, "BOM_RMW": null, "BOM_R34_NE": null, "BOM_R34_SE": null, "BOM_R34_SW": null, "BOM_R34_NW": null, "BOM_R50_NE": null, "BOM_R50_SE": null, "BOM_R50_SW": null, "BOM_R50_NW": null, "BOM_R64_NE": null, "BOM_R64_SE": null, "BOM_R64_SW": null, "BOM_R64_NW": null, "BOM_ROCI": null, "BOM_POCI": null, "BOM_EYE": null, "BOM_POS_FL": null, "BOM_PRS_FL": null, "NAD_LAT": null, "NAD_LON": null, "NAD_CAT": null, "NAD_WIND": null, "NAD_PRES": null, "WEL_LAT": null, "WEL_LON": null, "WEL_WIND": null, "WEL_PRES": null, "DS8_LAT": null, "DS8_LON": null, "DS8_STAGE": null, "DS8_WIND": null, "DS8_PRES": null, "TD6_LAT": null, "TD6_LON": null, "TD6_STAGE": null, "TD6_WIND": null, "TD6_PRES": null, "TD5_LAT": null, "TD5_LON": null, "TD5_WIND": null, "TD5_PRES": null, "TD5_ROCI": null, "NEU_LAT": null, "NEU_LON": null, "NEU_CLASS": null, "NEU_WIND": null, "NEU_PRES": null, "MLC_LAT": null, "MLC_LON": null, "MLC_CLASS": null, "MLC_WIND": null, "MLC_PRES": null, "USA_GUST": null, "BOM_GUST": null, "BOM_GUSTP": null, "REU_GUST": null, "REU_GUSTP": null, "USA_SEAHGT": 12.0, "USA_SEA_NE": 315.0, "USA_SEA_SE": 135.0, "USA_SEA_SW": 90.0, "USA_SEA_NW": 300.0, "STORM_SPD": 12, "STORM_DR": 255, "year": 2008, "month": 9, "day": 6, "hour": 21, "min": 0 }, "geometry": { "type": "LineString", "coordinates": [ [ -69.5999755859375, 21.299999237060547 ], [ -70.300048828125, 21.200000762939453 ] ] } },
{ "type": "Feature", "properties": { "SID": "2008245N17323", "SEASON": 2008, "NUMBER": 59, "BASIN": "NA", "SUBBASIN": "NA", "NAME": "IKE", "ISO_TIME": "2008-09-07 00:00:00", "NATURE": "TS", "LAT": 21.2, "LON": -70.3, "WMO_WIND": 115.0, "WMO_PRES": 947.0, "WMO_AGENCY": "hurdat_atl", "TRACK_TYPE": "main", "DIST2LAND": 159, "LANDFALL": 145, "IFLAG": "O______________", "USA_AGENCY": "hurdat_atl", "USA_ATCFID": "AL092008", "USA_LAT": 21.2, "USA_LON": -70.3, "USA_RECORD": null, "USA_STATUS": "HU", "USA_WIND": 115.0, "USA_PRES": 947.0, "USA_SSHS": 4, "USA_R34_NE": 120.0, "USA_R34_SE": 100.0, "USA_R34_SW": 100.0, "USA_R34_NW": 125.0, "USA_R50_NE": 75.0, "USA_R50_SE": 75.0, "USA_R50_SW": 50.0, "USA_R50_NW": 60.0, "USA_R64_NE": 40.0, "USA_R64_SE": 40.0, "USA_R64_SW": 30.0, "USA_R64_NW": 35.0, "USA_POCI": 1013.0, "USA_ROCI": 175.0, "USA_RMW": 15.0, "USA_EYE": null, "TOK_LAT": null, "TOK_LON": null, "TOK_GRADE": null, "TOK_WIND": null, "TOK_PRES": null, "TOK_R50_DR": null, "TOK_R50_L": null, "TOK_R50_S": null, "TOK_R30_DR": null, "TOK_R30_L": null, "TOK_R30_S": null, "TOK_LAND": null, "CMA_LAT": null, "CMA_LON": null, "CMA_CAT": null, "CMA_WIND": null, "CMA_PRES": null, "HKO_LAT": null, "HKO_LON": null, "HKO_CAT": null, "HKO_WIND": null, "HKO_PRES": null, "KMA_LAT": null, "KMA_LON": null, "KMA_CAT": null, "KMA_WIND": null, "KMA_PRES": null, "KMA_R50_DR": null, "KMA_R50_L": null, "KMA_R50_S": null, "KMA_R30_DR": null, "KMA_R30_L": null, "KMA_R30_S": null, "NEW_LAT": null, "NEW_LON": null, "NEW_GRADE": null, "NEW_WIND": null, "NEW_PRES": null, "NEW_CI": -999.9, "NEW_DP": null, "NEW_POCI": null, "REU_LAT": null, "REU_LON": null, "REU_TYPE": null, "REU_WIND": null, "REU_PRES": null, "REU_TNUM": -999.9, "REU_CI": -999.9, "REU_RMW": null, "REU_R34_NE": null, "REU_R34_SE": null, "REU_R34_SW": null, "REU_R34_NW": null, "REU_R50_NE": null, "REU_R50_SE": null, "REU_R50_SW": null, "REU_R50_NW": null, "REU_R64_NE": null, "REU_R64_SE": null, "REU_R64_SW": null, "REU_R64_NW": null, "BOM_LAT": null, "BOM_LON": null, "BOM_TYPE": null, "BOM_WIND": null, "BOM_PRES": null, "BOM_TNUM": -999.9, "BOM_CI": -999.9, "BOM_RMW": null, "BOM_R34_NE": null, "BOM_R34_SE": null, "BOM_R34_SW": null, "BOM_R34_NW": null, "BOM_R50_NE": null, "BOM_R50_SE": null, "BOM_R50_SW": null, "BOM_R50_NW": null, "BOM_R64_NE": null, "BOM_R64_SE": null, "BOM_R64_SW": null, "BOM_R64_NW": null, "BOM_ROCI": null, "BOM_POCI": null, "BOM_EYE": null, "BOM_POS_FL": null, "BOM_PRS_FL": null, "NAD_LAT": null, "NAD_LON": null, "NAD_CAT": null, "NAD_WIND": null, "NAD_PRES": null, "WEL_LAT": null, "WEL_LON": null, "WEL_WIND": null, "WEL_PRES": null, "DS8_LAT": null, "DS8_LON": null, "DS8_STAGE": null, "DS8_WIND": null, "DS8_PRES": null, "TD6_LAT": null, "TD6_LON": null, "TD6_STAGE": null, "TD6_WIND": null, "TD6_PRES": null, "TD5_LAT": null, "TD5_LON": null, "TD5_WIND": null, "TD5_PRES": null, "TD5_ROCI": null, "NEU_LAT": null, "NEU_LON": null, "NEU_CLASS": null, "NEU_WIND": null, "NEU_PRES": null, "MLC_LAT": null, "MLC_LON": null, "MLC_CLASS": null, "MLC_WIND": null, "MLC_PRES": null, "USA_GUST": 140.0, "BOM_GUST": null, "BOM_GUSTP": null, "REU_GUST": null, "REU_GUSTP": null, "USA_SEAHGT": 12.0, "USA_SEA_NE": 300.0, "USA_SEA_SE": 120.0, "USA_SEA_SW": 90.0, "USA_SEA_NW": 300.0, "STORM_SPD": 12, "STORM_DR": 260, "year": 2008, "month": 9, "day": 7, "hour": 0, "min": 0 }, "geometry": { "type": "LineString", "coordinates": [ [ -70.300048828125, 21.200000762939453 ], [ -71.0, 21.100000381469727 ] ] } },
{ "type": "Feature", "properties": { "SID": "2008245N17323", "SEASON": 2008, "NUMBER": 59, "BASIN": "NA", "SUBBASIN": "NA", "NAME": "IKE", "ISO_TIME": "2008-09-07 03:00:00", "NATURE": "TS", "LAT": 21.1, "LON": -71.0, "WMO_WIND": 0.0, "WMO_PRES": null, "WMO_AGENCY": null, "TRACK_TYPE": "main", "DIST2LAND": 145, "LANDFALL": 145, "IFLAG": "P______________", "USA_AGENCY": null, "USA_ATCFID": "AL092008", "USA_LAT": 21.1, "USA_LON": -71.0, "USA_RECORD": null, "USA_STATUS": "HU", "USA_WIND": 115.0, "USA_PRES": 947.0, "USA_SSHS": 4, "USA_R34_NE": 125.0, "USA_R34_SE": 105.0, "USA_R34_SW": 100.0, "USA_R34_NW": 125.0, "USA_R50_NE": 75.0, "USA_R50_SE": 75.0, "USA_R50_SW": 50.0, "USA_R50_NW": 68.0, "USA_R64_NE": 40.0, "USA_R64_SE": 40.0, "USA_R64_SW": 30.0, "USA_R64_NW": 38.0, "USA_POCI": 1013.0, "USA_ROCI": 175.0, "USA_RMW": 15.0, "USA_EYE": null, "TOK_LAT": null, "TOK_LON": null, "TOK_GRADE": null, "TOK_WIND": null, "TOK_PRES": null, "TOK_R50_DR": null, "TOK_R50_L": null, "TOK_R50_S": null, "TOK_R30_DR": null, "TOK_R30_L": null, "TOK_R30_S": null, "TOK_LAND": null, "CMA_LAT": null, "CMA_LON": null, "CMA_CAT": null, "CMA_WIND": null, "CMA_PRES": null, "HKO_LAT": null, "HKO_LON": null, "HKO_CAT": null, "HKO_WIND": null, "HKO_PRES": null, "KMA_LAT": null, "KMA_LON": null, "KMA_CAT": null, "KMA_WIND": null, "KMA_PRES": null, "KMA_R50_DR": null, "KMA_R50_L": null, "KMA_R50_S": null, "KMA_R30_DR": null, "KMA_R30_L": null, "KMA_R30_S": null, "NEW_LAT": null, "NEW_LON": null, "NEW_GRADE": null, "NEW_WIND": null, "NEW_PRES": null, "NEW_CI": -999.9, "NEW_DP": null, "NEW_POCI": null, "REU_LAT": null, "REU_LON": null, "REU_TYPE": null, "REU_WIND": null, "REU_PRES": null, "REU_TNUM": -999.9, "REU_CI": -999.9, "REU_RMW": null, "REU_R34_NE": null, "REU_R34_SE": null, "REU_R34_SW": null, "REU_R34_NW": null, "REU_R50_NE": null, "REU_R50_SE": null, "REU_R50_SW": null, "REU_R50_NW": null, "REU_R64_NE": null, "REU_R64_SE": null, "REU_R64_SW": null, "REU_R64_NW": null, "BOM_LAT": null, "BOM_LON": null, "BOM_TYPE": null, "BOM_WIND": null, "BOM_PRES": null, "BOM_TNUM": -999.9, "BOM_CI": -999.9, "BOM_RMW": null, "BOM_R34_NE": null, "BOM_R34_SE": null, "BOM_R34_SW": null, "BOM_R34_NW": null, "BOM_R50_NE": null, "BOM_R50_SE": null, "BOM_R50_SW": null, "BOM_R50_NW": null, "BOM_R64_NE": null, "BOM_R64_SE": null, "BOM_R64_SW": null, "BOM_R64_NW": null, "BOM_ROCI": null, "BOM_POCI": null, "BOM_EYE": null, "BOM_POS_FL": null, "BOM_PRS_FL": null, "NAD_LAT": null, "NAD_LON": null, "NAD_CAT": null, "NAD_WIND": null, "NAD_PRES": null, "WEL_LAT": null, "WEL_LON": null, "WEL_WIND": null, "WEL_PRES": null, "DS8_LAT": null, "DS8_LON": null, "DS8_STAGE": null, "DS8_WIND": null, "DS8_PRES": null, "TD6_LAT": null, "TD6_LON": null, "TD6_STAGE": null, "TD6_WIND": null, "TD6_PRES": null, "TD5_LAT": null, "TD5_LON": null, "TD5_WIND": null, "TD5_PRES": null, "TD5_ROCI": null, "NEU_LAT": null, "NEU_LON": null, "NEU_CLASS": null, "NEU_WIND": null, "NEU_PRES": null, "MLC_LAT": null, "MLC_LON": null, "MLC_CLASS": null, "MLC_WIND": null, "MLC_PRES": null, "USA_GUST": null, "BOM_GUST": null, "BOM_GUSTP": null, "REU_GUST": null, "REU_GUSTP": null, "USA_SEAHGT": 12.0, "USA_SEA_NE": 315.0, "USA_SEA_SE": 120.0, "USA_SEA_SW": 90.0, "USA_SEA_NW": 300.0, "STORM_SPD": 12, "STORM_DR": 265, "year": 2008, "month": 9, "day": 7, "hour": 3, "min": 0 }, "geometry": { "type": "LineString", "coordinates": [ [ -71.0, 21.100000381469727 ], [ -71.5999755859375, 21.100000381469727 ] ] } },
{ "type": "Feature", "properties": { "SID": "2008245N17323", "SEASON": 2008, "NUMBER": 59, "BASIN": "NA", "SUBBASIN": "NA", "NAME": "IKE", "ISO_TIME": "2008-09-07 06:00:00", "NATURE": "TS", "LAT": 21.1, "LON": -71.6, "WMO_WIND": 115.0, "WMO_PRES": 947.0, "WMO_AGENCY": "hurdat_atl", "TRACK_TYPE": "main", "DIST2LAND": 145, "LANDFALL": 106, "IFLAG": "O______________", "USA_AGENCY": "hurdat_atl", "USA_ATCFID": "AL092008", "USA_LAT": 21.1, "USA_LON": -71.6, "USA_RECORD": null, "USA_STATUS": "HU", "USA_WIND": 115.0, "USA_PRES": 947.0, "USA_SSHS": 4, "USA_R34_NE": 130.0, "USA_R34_SE": 110.0, "USA_R34_SW": 100.0, "USA_R34_NW": 125.0, "USA_R50_NE": 75.0, "USA_R50_SE": 75.0, "USA_R50_SW": 50.0, "USA_R50_NW": 75.0, "USA_R64_NE": 40.0, "USA_R64_SE": 40.0, "USA_R64_SW": 30.0, "USA_R64_NW": 40.0, "USA_POCI": 1012.0, "USA_ROCI": 175.0, "USA_RMW": 15.0, "USA_EYE": null, "TOK_LAT": null, "TOK_LON": null, "TOK_GRADE": null, "TOK_WIND": null, "TOK_PRES": null, "TOK_R50_DR": null, "TOK_R50_L": null, "TOK_R50_S": null, "TOK_R30_DR": null, "TOK_R30_L": null, "TOK_R30_S": null, "TOK_LAND": null, "CMA_LAT": null, "CMA_LON": null, "CMA_CAT": null, "CMA_WIND": null, "CMA_PRES": null, "HKO_LAT": null, "HKO_LON": null, "HKO_CAT": null, "HKO_WIND": null, "HKO_PRES": null, "KMA_LAT": null, "KMA_LON": null, "KMA_CAT": null, "KMA_WIND": null, "KMA_PRES": null, "KMA_R50_DR": null, "KMA_R50_L": null, "KMA_R50_S": null, "KMA_R30_DR": null, "KMA_R30_L": null, "KMA_R30_S": null, "NEW_LAT": null, "NEW_LON": null, "NEW_GRADE": null, "NEW_WIND": null, "NEW_PRES": null, "NEW_CI": -999.9, "NEW_DP": null, "NEW_POCI": null, "REU_LAT": null, "REU_LON": null, "REU_TYPE": null, "REU_WIND": null, "REU_PRES": null, "REU_TNUM": -999.9, "REU_CI": -999.9, "REU_RMW": null, "REU_R34_NE": null, "REU_R34_SE": null, "REU_R34_SW": null, "REU_R34_NW": null, "REU_R50_NE": null, "REU_R50_SE": null, "REU_R50_SW": null, "REU_R50_NW": null, "REU_R64_NE": null, "REU_R64_SE": null, "REU_R64_SW": null, "REU_R64_NW": null, "BOM_LAT": null, "BOM_LON": null, "BOM_TYPE": null, "BOM_WIND": null, "BOM_PRES": null, "BOM_TNUM": -999.9, "BOM_CI": -999.9, "BOM_RMW": null, "BOM_R34_NE": null, "BOM_R34_SE": null, "BOM_R34_SW": null, "BOM_R34_NW": null, "BOM_R50_NE": null, "BOM_R50_SE": null, "BOM_R50_SW": null, "BOM_R50_NW": null, "BOM_R64_NE": null, "BOM_R64_SE": null, "BOM_R64_SW": null, "BOM_R64_NW": null, "BOM_ROCI": null, "BOM_POCI": null, "BOM_EYE": null, "BOM_POS_FL": null, "BOM_PRS_FL": null, "NAD_LAT": null, "NAD_LON": null, "NAD_CAT": null, "NAD_WIND": null, "NAD_PRES": null, "WEL_LAT": null, "WEL_LON": null, "WEL_WIND": null, "WEL_PRES": null, "DS8_LAT": null, "DS8_LON": null, "DS8_STAGE": null, "DS8_WIND": null, "DS8_PRES": null, "TD6_LAT": null, "TD6_LON": null, "TD6_STAGE": null, "TD6_WIND": null, "TD6_PRES": null, "TD5_LAT": null, "TD5_LON": null, "TD5_WIND": null, "TD5_PRES": null, "TD5_ROCI": null, "NEU_LAT": null, "NEU_LON": null, "NEU_CLASS": null, "NEU_WIND": null, "NEU_PRES": null, "MLC_LAT": null, "MLC_LON": null, "MLC_CLASS": null, "MLC_WIND": null, "MLC_PRES": null, "USA_GUST": 140.0, "BOM_GUST": null, "BOM_GUSTP": null, "REU_GUST": null, "REU_GUSTP": null, "USA_SEAHGT": 12.0, "USA_SEA_NE": 330.0, "USA_SEA_SE": 120.0, "USA_SEA_SW": 90.0, "USA_SEA_NW": 300.0, "STORM_SPD": 10, "STORM_DR": 265, "year": 2008, "month": 9, "day": 7, "hour": 6, "min": 0 }, "geometry": { "type": "LineString", "coordinates": [ [ -71.5999755859375, 21.100000381469727 ], [ -72.0, 21.0 ] ] } },
{ "type": "Feature", "properties": { "SID": "2008245N17323", "SEASON": 2008, "NUMBER": 59, "BASIN": "NA", "SUBBASIN": "NA", "NAME": "IKE", "ISO_TIME": "2008-09-07 09:00:00", "NATURE": "TS", "LAT": 21.0, "LON": -72.0, "WMO_WIND": 0.0, "WMO_PRES": null, "WMO_AGENCY": null, "TRACK_TYPE": "main", "DIST2LAND": 106, "LANDFALL": 38, "IFLAG": "P______________", "USA_AGENCY": null, "USA_ATCFID": "AL092008", "USA_LAT": 21.0, "USA_LON": -72.0, "USA_RECORD": null, "USA_STATUS": "HU", "USA_WIND": 113.0, "USA_PRES": 947.0, "USA_SSHS": 4, "USA_R34_NE": 135.0, "USA_R34_SE": 115.0, "USA_R34_SW": 100.0, "USA_R34_NW": 125.0, "USA_R50_NE": 83.0, "USA_R50_SE": 75.0, "USA_R50_SW": 50.0, "USA_R50_NW": 75.0, "USA_R64_NE": 45.0, "USA_R64_SE": 40.0, "USA_R64_SW": 30.0, "USA_R64_NW": 45.0, "USA_POCI": 1012.0, "USA_ROCI": 188.0, "USA_RMW": 15.0, "USA_EYE": null, "TOK_LAT": null, "TOK_LON": null, "TOK_GRADE": null, "TOK_WIND": null, "TOK_PRES": null, "TOK_R50_DR": null, "TOK_R50_L": null, "TOK_R50_S": null, "TOK_R30_DR": null, "TOK_R30_L": null, "TOK_R30_S": null, "TOK_LAND": null, "CMA_LAT": null, "CMA_LON": null, "CMA_CAT": null, "CMA_WIND": null, "CMA_PRES": null, "HKO_LAT": null, "HKO_LON": null, "HKO_CAT": null, "HKO_WIND": null, "HKO_PRES": null, "KMA_LAT": null, "KMA_LON": null, "KMA_CAT": null, "KMA_WIND": null, "KMA_PRES": null, "KMA_R50_DR": null, "KMA_R50_L": null, "KMA_R50_S": null, "KMA_R30_DR": null, "KMA_R30_L": null, "KMA_R30_S": null, "NEW_LAT": null, "NEW_LON": null, "NEW_GRADE": null, "NEW_WIND": null, "NEW_PRES": null, "NEW_CI": -999.9, "NEW_DP": null, "NEW_POCI": null, "REU_LAT": null, "REU_LON": null, "REU_TYPE": null, "REU_WIND": null, "REU_PRES": null, "REU_TNUM": -999.9, "REU_CI": -999.9, "REU_RMW": null, "REU_R34_NE": null, "REU_R34_SE": null, "REU_R34_SW": null, "REU_R34_NW": null, "REU_R50_NE": null, "REU_R50_SE": null, "REU_R50_SW": null, "REU_R50_NW": null, "REU_R64_NE": null, "REU_R64_SE": null, "REU_R64_SW": null, "REU_R64_NW": null, "BOM_LAT": null, "BOM_LON": null, "BOM_TYPE": null, "BOM_WIND": null, "BOM_PRES": null, "BOM_TNUM": -999.9, "BOM_CI": -999.9, "BOM_RMW": null, "BOM_R34_NE": null, "BOM_R34_SE": null, "BOM_R34_SW": null, "BOM_R34_NW": null, "BOM_R50_NE": null, "BOM_R50_SE": null, "BOM_R50_SW": null, "BOM_R50_NW": null, "BOM_R64_NE": null, "BOM_R64_SE": null, "BOM_R64_SW": null, "BOM_R64_NW": null, "BOM_ROCI": null, "BOM_POCI": null, "BOM_EYE": null, "BOM_POS_FL": null, "BOM_PRS_FL": null, "NAD_LAT": null, "NAD_LON": null, "NAD_CAT": null, "NAD_WIND": null, "NAD_PRES": null, "WEL_LAT": null, "WEL_LON": null, "WEL_WIND": null, "WEL_PRES": null, "DS8_LAT": null, "DS8_LON": null, "DS8_STAGE": null, "DS8_WIND": null, "DS8_PRES": null, "TD6_LAT": null, "TD6_LON": null, "TD6_STAGE": null, "TD6_WIND": null, "TD6_PRES": null, "TD5_LAT": null, "TD5_LON": null, "TD5_WIND": null, "TD5_PRES": null, "TD5_ROCI": null, "NEU_LAT": null, "NEU_LON": null, "NEU_CLASS": null, "NEU_WIND": null, "NEU_PRES": null, "MLC_LAT": null, "MLC_LON": null, "MLC_CLASS": null, "MLC_WIND": null, "MLC_PRES": null, "USA_GUST": null, "BOM_GUST": null, "BOM_GUSTP": null, "REU_GUST": null, "REU_GUSTP": null, "USA_SEAHGT": 12.0, "USA_SEA_NE": 330.0, "USA_SEA_SE": 120.0, "USA_SEA_SW": 90.0, "USA_SEA_NW": 300.0, "STORM_SPD": 11, "STORM_DR": 265, "year": 2008, "month": 9, "day": 7, "hour": 9, "min": 0 }, "geometry": { "type": "LineString", "coordinates": [ [ -72.0, 21.0 ], [ -72.800048828125, 21.0 ] ] } },
{ "type": "Feature", "properties": { "SID": "2008245N17323", "SEASON": 2008, "NUMBER": 59, "BASIN": "NA", "SUBBASIN": "NA", "NAME": "IKE", "ISO_TIME": "2008-09-07 12:00:00", "NATURE": "TS", "LAT": 21.0, "LON": -72.8, "WMO_WIND": 110.0, "WMO_PRES": 947.0, "WMO_AGENCY": "hurdat_atl", "TRACK_TYPE": "main", "DIST2LAND": 30, "LANDFALL": 0, "IFLAG": "O______________", "USA_AGENCY": "hurdat_atl", "USA_ATCFID": "AL092008", "USA_LAT": 21.0, "USA_LON": -72.8, "USA_RECORD": null, "USA_STATUS": "HU", "USA_WIND": 110.0, "USA_PRES": 947.0, "USA_SSHS": 3, "USA_R34_NE": 140.0, "USA_R34_SE": 120.0, "USA_R34_SW": 100.0, "USA_R34_NW": 125.0, "USA_R50_NE": 90.0, "USA_R50_SE": 75.0, "USA_R50_SW": 50.0, "USA_R50_NW": 75.0, "USA_R64_NE": 50.0, "USA_R64_SE": 40.0, "USA_R64_SW": 30.0, "USA_R64_NW": 50.0, "USA_POCI": 1012.0, "USA_ROCI": 200.0, "USA_RMW": 15.0, "USA_EYE": null, "TOK_LAT": null, "TOK_LON": null, "TOK_GRADE": null, "TOK_WIND": null, "TOK_PRES": null, "TOK_R50_DR": null, "TOK_R50_L": null, "TOK_R50_S": null, "TOK_R30_DR": null, "TOK_R30_L": null, "TOK_R30_S": null, "TOK_LAND": null, "CMA_LAT": null, "CMA_LON": null, "CMA_CAT": null, "CMA_WIND": null, "CMA_PRES": null, "HKO_LAT": null, "HKO_LON": null, "HKO_CAT": null, "HKO_WIND": null, "HKO_PRES": null, "KMA_LAT": null, "KMA_LON": null, "KMA_CAT": null, "KMA_WIND": null, "KMA_PRES": null, "KMA_R50_DR": null, "KMA_R50_L": null, "KMA_R50_S": null, "KMA_R30_DR": null, "KMA_R30_L": null, "KMA_R30_S": null, "NEW_LAT": null, "NEW_LON": null, "NEW_GRADE": null, "NEW_WIND": null, "NEW_PRES": null, "NEW_CI": -999.9, "NEW_DP": null, "NEW_POCI": null, "REU_LAT": null, "REU_LON": null, "REU_TYPE": null, "REU_WIND": null, "REU_PRES": null, "REU_TNUM": -999.9, "REU_CI": -999.9, "REU_RMW": null, "REU_R34_NE": null, "REU_R34_SE": null, "REU_R34_SW": null, "REU_R34_NW": null, "REU_R50_NE": null, "REU_R50_SE": null, "REU_R50_SW": null, "REU_R50_NW": null, "REU_R64_NE": null, "REU_R64_SE": null, "REU_R64_SW": null, "REU_R64_NW": null, "BOM_LAT": null, "BOM_LON": null, "BOM_TYPE": null, "BOM_WIND": null, "BOM_PRES": null, "BOM_TNUM": -999.9, "BOM_CI": -999.9, "BOM_RMW": null, "BOM_R34_NE": null, "BOM_R34_SE": null, "BOM_R34_SW": null, "BOM_R34_NW": null, "BOM_R50_NE": null, "BOM_R50_SE": null, "BOM_R50_SW": null, "BOM_R50_NW": null, "BOM_R64_NE": null, "BOM_R64_SE": null, "BOM_R64_SW": null, "BOM_R64_NW": null, "BOM_ROCI": null, "BOM_POCI": null, "BOM_EYE": null, "BOM_POS_FL": null, "BOM_PRS_FL": null, "NAD_LAT": null, "NAD_LON": null, "NAD_CAT": null, "NAD_WIND": null, "NAD_PRES": null, "WEL_LAT": null, "WEL_LON": null, "WEL_WIND": null, "WEL_PRES": null, "DS8_LAT": null, "DS8_LON": null, "DS8_STAGE": null, "DS8_WIND": null, "DS8_PRES": null, "TD6_LAT": null, "TD6_LON": null, "TD6_STAGE": null, "TD6_WIND": null, "TD6_PRES": null, "TD5_LAT": null, "TD5_LON": null, "TD5_WIND": null, "TD5_PRES": null, "TD5_ROCI": null, "NEU_LAT": null, "NEU_LON": null, "NEU_CLASS": null, "NEU_WIND": null, "NEU_PRES": null, "MLC_LAT": null, "MLC_LON": null, "MLC_CLASS": null, "MLC_WIND": null, "MLC_PRES": null, "USA_GUST": 140.0, "BOM_GUST": null, "BOM_GUSTP": null, "REU_GUST": null, "REU_GUSTP": null, "USA_SEAHGT": 12.0, "USA_SEA_NE": 330.0, "USA_SEA_SE": 120.0, "USA_SEA_SW": 90.0, "USA_SEA_NW": 300.0, "STORM_SPD": 16, "STORM_DR": 270, "year": 2008, "month": 9, "day": 7, "hour": 12, "min": 0 }, "geometry": { "type": "LineString", "coordinates": [ [ -72.800048828125, 21.0 ], [ -73.199951171875, 21.0 ] ] } },
{ "type": "Feature", "properties": { "SID": "2008245N17323", "SEASON": 2008, "NUMBER": 59, "BASIN": "NA", "SUBBASIN": "NA", "NAME": "IKE", "ISO_TIME": "2008-09-07 13:00:00", "NATURE": "TS", "LAT": 21.0, "LON": -73.2, "WMO_WIND": 110.0, "WMO_PRES": 947.0, "WMO_AGENCY": "hurdat_atl", "TRACK_TYPE": "main", "DIST2LAND": 0, "LANDFALL": 0, "IFLAG": "V______________", "USA_AGENCY": "hurdat_atl", "USA_ATCFID": "AL092008", "USA_LAT": 21.0, "USA_LON": -73.2, "USA_RECORD": "L", "USA_STATUS": "HU", "USA_WIND": 110.0, "USA_PRES": 947.0, "USA_SSHS": 3, "USA_R34_NE": 140.0, "USA_R34_SE": 120.0, "USA_R34_SW": 100.0, "USA_R34_NW": 125.0, "USA_R50_NE": 90.0, "USA_R50_SE": 75.0, "USA_R50_SW": 50.0, "USA_R50_NW": 75.0, "USA_R64_NE": 50.0, "USA_R64_SE": 40.0, "USA_R64_SW": 30.0, "USA_R64_NW": 50.0, "USA_POCI": 1012.0, "USA_ROCI": 200.0, "USA_RMW": 15.0, "USA_EYE": null, "TOK_LAT": null, "TOK_LON": null, "TOK_GRADE": null, "TOK_WIND": null, "TOK_PRES": null, "TOK_R50_DR": null, "TOK_R50_L": null, "TOK_R50_S": null, "TOK_R30_DR": null, "TOK_R30_L": null, "TOK_R30_S": null, "TOK_LAND": null, "CMA_LAT": null, "CMA_LON": null, "CMA_CAT": null, "CMA_WIND": null, "CMA_PRES": null, "HKO_LAT": null, "HKO_LON": null, "HKO_CAT": null, "HKO_WIND": null, "HKO_PRES": null, "KMA_LAT": null, "KMA_LON": null, "KMA_CAT": null, "KMA_WIND": null, "KMA_PRES": null, "KMA_R50_DR": null, "KMA_R50_L": null, "KMA_R50_S": null, "KMA_R30_DR": null, "KMA_R30_L": null, "KMA_R30_S": null, "NEW_LAT": null, "NEW_LON": null, "NEW_GRADE": null, "NEW_WIND": null, "NEW_PRES": null, "NEW_CI": -999.9, "NEW_DP": null, "NEW_POCI": null, "REU_LAT": null, "REU_LON": null, "REU_TYPE": null, "REU_WIND": null, "REU_PRES": null, "REU_TNUM": -999.9, "REU_CI": -999.9, "REU_RMW": null, "REU_R34_NE": null, "REU_R34_SE": null, "REU_R34_SW": null, "REU_R34_NW": null, "REU_R50_NE": null, "REU_R50_SE": null, "REU_R50_SW": null, "REU_R50_NW": null, "REU_R64_NE": null, "REU_R64_SE": null, "REU_R64_SW": null, "REU_R64_NW": null, "BOM_LAT": null, "BOM_LON": null, "BOM_TYPE": null, "BOM_WIND": null, "BOM_PRES": null, "BOM_TNUM": -999.9, "BOM_CI": -999.9, "BOM_RMW": null, "BOM_R34_NE": null, "BOM_R34_SE": null, "BOM_R34_SW": null, "BOM_R34_NW": null, "BOM_R50_NE": null, "BOM_R50_SE": null, "BOM_R50_SW": null, "BOM_R50_NW": null, "BOM_R64_NE": null, "BOM_R64_SE": null, "BOM_R64_SW": null, "BOM_R64_NW": null, "BOM_ROCI": null, "BOM_POCI": null, "BOM_EYE": null, "BOM_POS_FL": null, "BOM_PRS_FL": null, "NAD_LAT": null, "NAD_LON": null, "NAD_CAT": null, "NAD_WIND": null, "NAD_PRES": null, "WEL_LAT": null, "WEL_LON": null, "WEL_WIND": null, "WEL_PRES": null, "DS8_LAT": null, "DS8_LON": null, "DS8_STAGE": null, "DS8_WIND": null, "DS8_PRES": null, "TD6_LAT": null, "TD6_LON": null, "TD6_STAGE": null, "TD6_WIND": null, "TD6_PRES": null, "TD5_LAT": null, "TD5_LON": null, "TD5_WIND": null, "TD5_PRES": null, "TD5_ROCI": null, "NEU_LAT": null, "NEU_LON": null, "NEU_CLASS": null, "NEU_WIND": null, "NEU_PRES": null, "MLC_LAT": null, "MLC_LON": null, "MLC_CLASS": null, "MLC_WIND": null, "MLC_PRES": null, "USA_GUST": null, "BOM_GUST": null, "BOM_GUSTP": null, "REU_GUST": null, "REU_GUSTP": null, "USA_SEAHGT": 12.0, "USA_SEA_NE": 330.0, "USA_SEA_SE": 120.0, "USA_SEA_SW": 90.0, "USA_SEA_NW": 300.0, "STORM_SPD": 16, "STORM_DR": 270, "year": 2008, "month": 9, "day": 7, "hour": 13, "min": 0 }, "geometry": { "type": "LineString", "coordinates": [ [ -73.199951171875, 21.0 ], [ -73.699951171875, 21.0 ] ] } },
{ "type": "Feature", "properties": { "SID": "2008245N17323", "SEASON": 2008, "NUMBER": 59, "BASIN": "NA", "SUBBASIN": "NA", "NAME": "IKE", "ISO_TIME": "2008-09-07 15:00:00", "NATURE": "TS", "LAT": 21.0, "LON": -73.7, "WMO_WIND": 0.0, "WMO_PRES": null, "WMO_AGENCY": null, "TRACK_TYPE": "main", "DIST2LAND": 0, "LANDFALL": 0, "IFLAG": "P______________", "USA_AGENCY": null, "USA_ATCFID": "AL092008", "USA_LAT": 21.0, "USA_LON": -73.7, "USA_RECORD": null, "USA_STATUS": "HU", "USA_WIND": 108.0, "USA_PRES": 947.0, "USA_SSHS": 3, "USA_R34_NE": 142.0, "USA_R34_SE": 122.0, "USA_R34_SW": 100.0, "USA_R34_NW": 125.0, "USA_R50_NE": 90.0, "USA_R50_SE": 81.0, "USA_R50_SW": 50.0, "USA_R50_NW": 75.0, "USA_R64_NE": 50.0, "USA_R64_SE": 40.0, "USA_R64_SW": 30.0, "USA_R64_NW": 50.0, "USA_POCI": 1012.0, "USA_ROCI": 200.0, "USA_RMW": 15.0, "USA_EYE": null, "TOK_LAT": null, "TOK_LON": null, "TOK_GRADE": null, "TOK_WIND": null, "TOK_PRES": null, "TOK_R50_DR": null, "TOK_R50_L": null, "TOK_R50_S": null, "TOK_R30_DR": null, "TOK_R30_L": null, "TOK_R30_S": null, "TOK_LAND": null, "CMA_LAT": null, "CMA_LON": null, "CMA_CAT": null, "CMA_WIND": null, "CMA_PRES": null, "HKO_LAT": null, "HKO_LON": null, "HKO_CAT": null, "HKO_WIND": null, "HKO_PRES": null, "KMA_LAT": null, "KMA_LON": null, "KMA_CAT": null, "KMA_WIND": null, "KMA_PRES": null, "KMA_R50_DR": null, "KMA_R50_L": null, "KMA_R50_S": null, "KMA_R30_DR": null, "KMA_R30_L": null, "KMA_R30_S": null, "NEW_LAT": null, "NEW_LON": null, "NEW_GRADE": null, "NEW_WIND": null, "NEW_PRES": null, "NEW_CI": -999.9, "NEW_DP": null, "NEW_POCI": null, "REU_LAT": null, "REU_LON": null, "REU_TYPE": null, "REU_WIND": null, "REU_PRES": null, "REU_TNUM": -999.9, "REU_CI": -999.9, "REU_RMW": null, "REU_R34_NE": null, "REU_R34_SE": null, "REU_R34_SW": null, "REU_R34_NW": null, "REU_R50_NE": null, "REU_R50_SE": null, "REU_R50_SW": null, "REU_R50_NW": null, "REU_R64_NE": null, "REU_R64_SE": null, "REU_R64_SW": null, "REU_R64_NW": null, "BOM_LAT": null, "BOM_LON": null, "BOM_TYPE": null, "BOM_WIND": null, "BOM_PRES": null, "BOM_TNUM": -999.9, "BOM_CI": -999.9, "BOM_RMW": null, "BOM_R34_NE": null, "BOM_R34_SE": null, "BOM_R34_SW": null, "BOM_R34_NW": null, "BOM_R50_NE": null, "BOM_R50_SE": null, "BOM_R50_SW": null, "BOM_R50_NW": null, "BOM_R64_NE": null, "BOM_R64_SE": null, "BOM_R64_SW": null, "BOM_R64_NW": null, "BOM_ROCI": null, "BOM_POCI": null, "BOM_EYE": null, "BOM_POS_FL": null, "BOM_PRS_FL": null, "NAD_LAT": null, "NAD_LON": null, "NAD_CAT": null, "NAD_WIND": null, "NAD_PRES": null, "WEL_LAT": null, "WEL_LON": null, "WEL_WIND": null, "WEL_PRES": null, "DS8_LAT": null, "DS8_LON": null, "DS8_STAGE": null, "DS8_WIND": null, "DS8_PRES": null, "TD6_LAT": null, "TD6_LON": null, "TD6_STAGE": null, "TD6_WIND": null, "TD6_PRES": null, "TD5_LAT": null, "TD5_LON": null, "TD5_WIND": null, "TD5_PRES": null, "TD5_ROCI": null, "NEU_LAT": null, "NEU_LON": null, "NEU_CLASS": null, "NEU_WIND": null, "NEU_PRES": null, "MLC_LAT": null, "MLC_LON": null, "MLC_CLASS": null, "MLC_WIND": null, "MLC_PRES": null, "USA_GUST": null, "BOM_GUST": null, "BOM_GUSTP": null, "REU_GUST": null, "REU_GUSTP": null, "USA_SEAHGT": 12.0, "USA_SEA_NE": 330.0, "USA_SEA_SE": 120.0, "USA_SEA_SW": 90.0, "USA_SEA_NW": 300.0, "STORM_SPD": 9, "STORM_DR": 270, "year": 2008, "month": 9, "day": 7, "hour": 15, "min": 0 }, "geometry": { "type": "LineString", "coordinates": [ [ -73.699951171875, 21.0 ], [ -74.0, 21.0 ] ] } },
{ "type": "Feature", "properties": { "SID": "2008245N17323", "SEASON": 2008, "NUMBER": 59, "BASIN": "NA", "SUBBASIN": "NA", "NAME": "IKE", "ISO_TIME": "2008-09-07 18:00:00", "NATURE": "TS", "LAT": 21.0, "LON": -74.0, "WMO_WIND": 105.0, "WMO_PRES": 946.0, "WMO_AGENCY": "hurdat_atl", "TRACK_TYPE": "main", "DIST2LAND": 31, "LANDFALL": 31, "IFLAG": "O______________", "USA_AGENCY": "hurdat_atl", "USA_ATCFID": "AL092008", "USA_LAT": 21.0, "USA_LON": -74.0, "USA_RECORD": null, "USA_STATUS": "HU", "USA_WIND": 105.0, "USA_PRES": 946.0, "USA_SSHS": 3, "USA_R34_NE": 145.0, "USA_R34_SE": 125.0, "USA_R34_SW": 100.0, "USA_R34_NW": 125.0, "USA_R50_NE": 90.0, "USA_R50_SE": 90.0, "USA_R50_SW": 50.0, "USA_R50_NW": 75.0, "USA_R64_NE": 50.0, "USA_R64_SE": 40.0, "USA_R64_SW": 30.0, "USA_R64_NW": 50.0, "USA_POCI": 1012.0, "USA_ROCI": 200.0, "USA_RMW": 15.0, "USA_EYE": null, "TOK_LAT": null, "TOK_LON": null, "TOK_GRADE": null, "TOK_WIND": null, "TOK_PRES": null, "TOK_R50_DR": null, "TOK_R50_L": null, "TOK_R50_S": null, "TOK_R30_DR": null, "TOK_R30_L": null, "TOK_R30_S": null, "TOK_LAND": null, "CMA_LAT": null, "CMA_LON": null, "CMA_CAT": null, "CMA_WIND": null, "CMA_PRES": null, "HKO_LAT": null, "HKO_LON": null, "HKO_CAT": null, "HKO_WIND": null, "HKO_PRES": null, "KMA_LAT": null, "KMA_LON": null, "KMA_CAT": null, "KMA_WIND": null, "KMA_PRES": null, "KMA_R50_DR": null, "KMA_R50_L": null, "KMA_R50_S": null, "KMA_R30_DR": null, "KMA_R30_L": null, "KMA_R30_S": null, "NEW_LAT": null, "NEW_LON": null, "NEW_GRADE": null, "NEW_WIND": null, "NEW_PRES": null, "NEW_CI": -999.9, "NEW_DP": null, "NEW_POCI": null, "REU_LAT": null, "REU_LON": null, "REU_TYPE": null, "REU_WIND": null, "REU_PRES": null, "REU_TNUM": -999.9, "REU_CI": -999.9, "REU_RMW": null, "REU_R34_NE": null, "REU_R34_SE": null, "REU_R34_SW": null, "REU_R34_NW": null, "REU_R50_NE": null, "REU_R50_SE": null, "REU_R50_SW": null, "REU_R50_NW": null, "REU_R64_NE": null, "REU_R64_SE": null, "REU_R64_SW": null, "REU_R64_NW": null, "BOM_LAT": null, "BOM_LON": null, "BOM_TYPE": null, "BOM_WIND": null, "BOM_PRES": null, "BOM_TNUM": -999.9, "BOM_CI": -999.9, "BOM_RMW": null, "BOM_R34_NE": null, "BOM_R34_SE": null, "BOM_R34_SW": null, "BOM_R34_NW": null, "BOM_R50_NE": null, "BOM_R50_SE": null, "BOM_R50_SW": null, "BOM_R50_NW": null, "BOM_R64_NE": null, "BOM_R64_SE": null, "BOM_R64_SW": null, "BOM_R64_NW": null, "BOM_ROCI": null, "BOM_POCI": null, "BOM_EYE": null, "BOM_POS_FL": null, "BOM_PRS_FL": null, "NAD_LAT": null, "NAD_LON": null, "NAD_CAT": null, "NAD_WIND": null, "NAD_PRES": null, "WEL_LAT": null, "WEL_LON": null, "WEL_WIND": null, "WEL_PRES": null, "DS8_LAT": null, "DS8_LON": null, "DS8_STAGE": null, "DS8_WIND": null, "DS8_PRES": null, "TD6_LAT": null, "TD6_LON": null, "TD6_STAGE": null, "TD6_WIND": null, "TD6_PRES": null, "TD5_LAT": null, "TD5_LON": null, "TD5_WIND": null, "TD5_PRES": null, "TD5_ROCI": null, "NEU_LAT": null, "NEU_LON": null, "NEU_CLASS": null, "NEU_WIND": null, "NEU_PRES": null, "MLC_LAT": null, "MLC_LON": null, "MLC_CLASS": null, "MLC_WIND": null, "MLC_PRES": null, "USA_GUST": 130.0, "BOM_GUST": null, "BOM_GUSTP": null, "REU_GUST": null, "REU_GUSTP": null, "USA_SEAHGT": 12.0, "USA_SEA_NE": 330.0, "USA_SEA_SE": 120.0, "USA_SEA_SW": 90.0, "USA_SEA_NW": 300.0, "STORM_SPD": 8, "STORM_DR": 275, "year": 2008, "month": 9, "day": 7, "hour": 18, "min": 0 }, "geometry": { "type": "LineString", "coordinates": [ [ -74.0, 21.0 ], [ -74.5, 21.100000381469727 ] ] } },
{ "type": "Feature", "properties": { "SID": "2008245N17323", "SEASON": 2008, "NUMBER": 59, "BASIN": "NA", "SUBBASIN": "NA", "NAME": "IKE", "ISO_TIME": "2008-09-07 21:00:00", "NATURE": "TS", "LAT": 21.1, "LON": -74.5, "WMO_WIND": 0.0, "WMO_PRES": null, "WMO_AGENCY": null, "TRACK_TYPE": "main", "DIST2LAND": 59, "LANDFALL": 42, "IFLAG": "P______________", "USA_AGENCY": null, "USA_ATCFID": "AL092008", "USA_LAT": 21.1, "USA_LON": -74.5, "USA_RECORD": null, "USA_STATUS": "HU", "USA_WIND": 110.0, "USA_PRES": 946.0, "USA_SSHS": 3, "USA_R34_NE": 148.0, "USA_R34_SE": 133.0, "USA_R34_SW": 100.0, "USA_R34_NW": 125.0, "USA_R50_NE": 90.0, "USA_R50_SE": 98.0, "USA_R50_SW": 50.0, "USA_R50_NW": 75.0, "USA_R64_NE": 50.0, "USA_R64_SE": 40.0, "USA_R64_SW": 30.0, "USA_R64_NW": 50.0, "USA_POCI": 1011.0, "USA_ROCI": 200.0, "USA_RMW": 15.0, "USA_EYE": null, "TOK_LAT": null, "TOK_LON": null, "TOK_GRADE": null, "TOK_WIND": null, "TOK_PRES": null, "TOK_R50_DR": null, "TOK_R50_L": null, "TOK_R50_S": null, "TOK_R30_DR": null, "TOK_R30_L": null, "TOK_R30_S": null, "TOK_LAND": null, "CMA_LAT": null, "CMA_LON": null, "CMA_CAT": null, "CMA_WIND": null, "CMA_PRES": null, "HKO_LAT": null, "HKO_LON": null, "HKO_CAT": null, "HKO_WIND": null, "HKO_PRES": null, "KMA_LAT": null, "KMA_LON": null, "KMA_CAT": null, "KMA_WIND": null, "KMA_PRES": null, "KMA_R50_DR": null, "KMA_R50_L": null, "KMA_R50_S": null, "KMA_R30_DR": null, "KMA_R30_L": null, "KMA_R30_S": null, "NEW_LAT": null, "NEW_LON": null, "NEW_GRADE": null, "NEW_WIND": null, "NEW_PRES": null, "NEW_CI": -999.9, "NEW_DP": null, "NEW_POCI": null, "REU_LAT": null, "REU_LON": null, "REU_TYPE": null, "REU_WIND": null, "REU_PRES": null, "REU_TNUM": -999.9, "REU_CI": -999.9, "REU_RMW": null, "REU_R34_NE": null, "REU_R34_SE": null, "REU_R34_SW": null, "REU_R34_NW": null, "REU_R50_NE": null, "REU_R50_SE": null, "REU_R50_SW": null, "REU_R50_NW": null, "REU_R64_NE": null, "REU_R64_SE": null, "REU_R64_SW": null, "REU_R64_NW": null, "BOM_LAT": null, "BOM_LON": null, "BOM_TYPE": null, "BOM_WIND": null, "BOM_PRES": null, "BOM_TNUM": -999.9, "BOM_CI": -999.9, "BOM_RMW": null, "BOM_R34_NE": null, "BOM_R34_SE": null, "BOM_R34_SW": null, "BOM_R34_NW": null, "BOM_R50_NE": null, "BOM_R50_SE": null, "BOM_R50_SW": null, "BOM_R50_NW": null, "BOM_R64_NE": null, "BOM_R64_SE": null, "BOM_R64_SW": null, "BOM_R64_NW": null, "BOM_ROCI": null, "BOM_POCI": null, "BOM_EYE": null, "BOM_POS_FL": null, "BOM_PRS_FL": null, "NAD_LAT": null, "NAD_LON": null, "NAD_CAT": null, "NAD_WIND": null, "NAD_PRES": null, "WEL_LAT": null, "WEL_LON": null, "WEL_WIND": null, "WEL_PRES": null, "DS8_LAT": null, "DS8_LON": null, "DS8_STAGE": null, "DS8_WIND": null, "DS8_PRES": null, "TD6_LAT": null, "TD6_LON": null, "TD6_STAGE": null, "TD6_WIND": null, "TD6_PRES": null, "TD5_LAT": null, "TD5_LON": null, "TD5_WIND": null, "TD5_PRES": null, "TD5_ROCI": null, "NEU_LAT": null, "NEU_LON": null, "NEU_CLASS": null, "NEU_WIND": null, "NEU_PRES": null, "MLC_LAT": null, "MLC_LON": null, "MLC_CLASS": null, "MLC_WIND": null, "MLC_PRES": null, "USA_GUST": null, "BOM_GUST": null, "BOM_GUSTP": null, "REU_GUST": null, "REU_GUSTP": null, "USA_SEAHGT": 12.0, "USA_SEA_NE": 365.0, "USA_SEA_SE": 150.0, "USA_SEA_SW": 75.0, "USA_SEA_NW": 270.0, "STORM_SPD": 11, "STORM_DR": 275, "year": 2008, "month": 9, "day": 7, "hour": 21, "min": 0 }, "geometry": { "type": "LineString", "coordinates": [ [ -74.5, 21.100000381469727 ], [ -75.199951171875, 21.100000381469727 ] ] } },
{ "type": "Feature", "properties": { "SID": "2008245N17323", "SEASON": 2008, "NUMBER": 59, "BASIN": "NA", "SUBBASIN": "NA", "NAME": "IKE", "ISO_TIME": "2008-09-08 00:00:00", "NATURE": "TS", "LAT": 21.1, "LON": -75.2, "WMO_WIND": 115.0, "WMO_PRES": 945.0, "WMO_AGENCY": "hurdat_atl", "TRACK_TYPE": "main", "DIST2LAND": 42, "LANDFALL": 11, "IFLAG": "O______________", "USA_AGENCY": "hurdat_atl", "USA_ATCFID": "AL092008", "USA_LAT": 21.1, "USA_LON": -75.2, "USA_RECORD": null, "USA_STATUS": "HU", "USA_WIND": 115.0, "USA_PRES": 945.0, "USA_SSHS": 4, "USA_R34_NE": 150.0, "USA_R34_SE": 140.0, "USA_R34_SW": 100.0, "USA_R34_NW": 125.0, "USA_R50_NE": 90.0, "USA_R50_SE": 105.0, "USA_R50_SW": 50.0, "USA_R50_NW": 75.0, "USA_R64_NE": 50.0, "USA_R64_SE": 40.0, "USA_R64_SW": 30.0, "USA_R64_NW": 50.0, "USA_POCI": 1009.0, "USA_ROCI": 200.0, "USA_RMW": 15.0, "USA_EYE": null, "TOK_LAT": null, "TOK_LON": null, "TOK_GRADE": null, "TOK_WIND": null, "TOK_PRES": null, "TOK_R50_DR": null, "TOK_R50_L": null, "TOK_R50_S": null, "TOK_R30_DR": null, "TOK_R30_L": null, "TOK_R30_S": null, "TOK_LAND": null, "CMA_LAT": null, "CMA_LON": null, "CMA_CAT": null, "CMA_WIND": null, "CMA_PRES": null, "HKO_LAT": null, "HKO_LON": null, "HKO_CAT": null, "HKO_WIND": null, "HKO_PRES": null, "KMA_LAT": null, "KMA_LON": null, "KMA_CAT": null, "KMA_WIND": null, "KMA_PRES": null, "KMA_R50_DR": null, "KMA_R50_L": null, "KMA_R50_S": null, "KMA_R30_DR": null, "KMA_R30_L": null, "KMA_R30_S": null, "NEW_LAT": null, "NEW_LON": null, "NEW_GRADE": null, "NEW_WIND": null, "NEW_PRES": null, "NEW_CI": -999.9, "NEW_DP": null, "NEW_POCI": null, "REU_LAT": null, "REU_LON": null, "REU_TYPE": null, "REU_WIND": null, "REU_PRES": null, "REU_TNUM": -999.9, "REU_CI": -999.9, "REU_RMW": null, "REU_R34_NE": null, "REU_R34_SE": null, "REU_R34_SW": null, "REU_R34_NW": null, "REU_R50_NE": null, "REU_R50_SE": null, "REU_R50_SW": null, "REU_R50_NW": null, "REU_R64_NE": null, "REU_R64_SE": null, "REU_R64_SW": null, "REU_R64_NW": null, "BOM_LAT": null, "BOM_LON": null, "BOM_TYPE": null, "BOM_WIND": null, "BOM_PRES": null, "BOM_TNUM": -999.9, "BOM_CI": -999.9, "BOM_RMW": null, "BOM_R34_NE": null, "BOM_R34_SE": null, "BOM_R34_SW": null, "BOM_R34_NW": null, "BOM_R50_NE": null, "BOM_R50_SE": null, "BOM_R50_SW": null, "BOM_R50_NW": null, "BOM_R64_NE": null, "BOM_R64_SE": null, "BOM_R64_SW": null, "BOM_R64_NW": null, "BOM_ROCI": null, "BOM_POCI": null, "BOM_EYE": null, "BOM_POS_FL": null, "BOM_PRS_FL": null, "NAD_LAT": null, "NAD_LON": null, "NAD_CAT": null, "NAD_WIND": null, "NAD_PRES": null, "WEL_LAT": null, "WEL_LON": null, "WEL_WIND": null, "WEL_PRES": null, "DS8_LAT": null, "DS8_LON": null, "DS8_STAGE": null, "DS8_WIND": null, "DS8_PRES": null, "TD6_LAT": null, "TD6_LON": null, "TD6_STAGE": null, "TD6_WIND": null, "TD6_PRES": null, "TD5_LAT": null, "TD5_LON": null, "TD5_WIND": null, "TD5_PRES": null, "TD5_ROCI": null, "NEU_LAT": null, "NEU_LON": null, "NEU_CLASS": null, "NEU_WIND": null, "NEU_PRES": null, "MLC_LAT": null, "MLC_LON": null, "MLC_CLASS": null, "MLC_WIND": null, "MLC_PRES": null, "USA_GUST": 130.0, "BOM_GUST": null, "BOM_GUSTP": null, "REU_GUST": null, "REU_GUSTP": null, "USA_SEAHGT": 12.0, "USA_SEA_NE": 400.0, "USA_SEA_SE": 180.0, "USA_SEA_SW": 60.0, "USA_SEA_NW": 240.0, "STORM_SPD": 13, "STORM_DR": 270, "year": 2008, "month": 9, "day": 8, "hour": 0, "min": 0 }, "geometry": { "type": "LineString", "coordinates": [ [ -75.199951171875, 21.100000381469727 ], [ -75.699951171875, 21.100000381469727 ] ] } },
{ "type": "Feature", "properties": { "SID": "2008245N17323", "SEASON": 2008, "NUMBER": 59, "BASIN": "NA", "SUBBASIN": "NA", "NAME": "IKE", "ISO_TIME": "2008-09-08 02:00:00", "NATURE": "TS", "LAT": 21.1, "LON": -75.7, "WMO_WIND": 115.0, "WMO_PRES": 945.0, "WMO_AGENCY": "hurdat_atl", "TRACK_TYPE": "main", "DIST2LAND": 11, "LANDFALL": 10, "IFLAG": "V______________", "USA_AGENCY": "hurdat_atl", "USA_ATCFID": "AL092008", "USA_LAT": 21.1, "USA_LON": -75.7, "USA_RECORD": "L", "USA_STATUS": "HU", "USA_WIND": 115.0, "USA_PRES": 945.0, "USA_SSHS": 4, "USA_R34_NE": 150.0, "USA_R34_SE": 140.0, "USA_R34_SW": 100.0, "USA_R34_NW": 125.0, "USA_R50_NE": 90.0, "USA_R50_SE": 105.0, "USA_R50_SW": 50.0, "USA_R50_NW": 75.0, "USA_R64_NE": 50.0, "USA_R64_SE": 40.0, "USA_R64_SW": 30.0, "USA_R64_NW": 50.0, "USA_POCI": 1009.0, "USA_ROCI": 200.0, "USA_RMW": 15.0, "USA_EYE": null, "TOK_LAT": null, "TOK_LON": null, "TOK_GRADE": null, "TOK_WIND": null, "TOK_PRES": null, "TOK_R50_DR": null, "TOK_R50_L": null, "TOK_R50_S": null, "TOK_R30_DR": null, "TOK_R30_L": null, "TOK_R30_S": null, "TOK_LAND": null, "CMA_LAT": null, "CMA_LON": null, "CMA_CAT": null, "CMA_WIND": null, "CMA_PRES": null, "HKO_LAT": null, "HKO_LON": null, "HKO_CAT": null, "HKO_WIND": null, "HKO_PRES": null, "KMA_LAT": null, "KMA_LON": null, "KMA_CAT": null, "KMA_WIND": null, "KMA_PRES": null, "KMA_R50_DR": null, "KMA_R50_L": null, "KMA_R50_S": null, "KMA_R30_DR": null, "KMA_R30_L": null, "KMA_R30_S": null, "NEW_LAT": null, "NEW_LON": null, "NEW_GRADE": null, "NEW_WIND": null, "NEW_PRES": null, "NEW_CI": -999.9, "NEW_DP": null, "NEW_POCI": null, "REU_LAT": null, "REU_LON": null, "REU_TYPE": null, "REU_WIND": null, "REU_PRES": null, "REU_TNUM": -999.9, "REU_CI": -999.9, "REU_RMW": null, "REU_R34_NE": null, "REU_R34_SE": null, "REU_R34_SW": null, "REU_R34_NW": null, "REU_R50_NE": null, "REU_R50_SE": null, "REU_R50_SW": null, "REU_R50_NW": null, "REU_R64_NE": null, "REU_R64_SE": null, "REU_R64_SW": null, "REU_R64_NW": null, "BOM_LAT": null, "BOM_LON": null, "BOM_TYPE": null, "BOM_WIND": null, "BOM_PRES": null, "BOM_TNUM": -999.9, "BOM_CI": -999.9, "BOM_RMW": null, "BOM_R34_NE": null, "BOM_R34_SE": null, "BOM_R34_SW": null, "BOM_R34_NW": null, "BOM_R50_NE": null, "BOM_R50_SE": null, "BOM_R50_SW": null, "BOM_R50_NW": null, "BOM_R64_NE": null, "BOM_R64_SE": null, "BOM_R64_SW": null, "BOM_R64_NW": null, "BOM_ROCI": null, "BOM_POCI": null, "BOM_EYE": null, "BOM_POS_FL": null, "BOM_PRS_FL": null, "NAD_LAT": null, "NAD_LON": null, "NAD_CAT": null, "NAD_WIND": null, "NAD_PRES": null, "WEL_LAT": null, "WEL_LON": null, "WEL_WIND": null, "WEL_PRES": null, "DS8_LAT": null, "DS8_LON": null, "DS8_STAGE": null, "DS8_WIND": null, "DS8_PRES": null, "TD6_LAT": null, "TD6_LON": null, "TD6_STAGE": null, "TD6_WIND": null, "TD6_PRES": null, "TD5_LAT": null, "TD5_LON": null, "TD5_WIND": null, "TD5_PRES": null, "TD5_ROCI": null, "NEU_LAT": null, "NEU_LON": null, "NEU_CLASS": null, "NEU_WIND": null, "NEU_PRES": null, "MLC_LAT": null, "MLC_LON": null, "MLC_CLASS": null, "MLC_WIND": null, "MLC_PRES": null, "USA_GUST": null, "BOM_GUST": null, "BOM_GUSTP": null, "REU_GUST": null, "REU_GUSTP": null, "USA_SEAHGT": 12.0, "USA_SEA_NE": 400.0, "USA_SEA_SE": 180.0, "USA_SEA_SW": 60.0, "USA_SEA_NW": 240.0, "STORM_SPD": 13, "STORM_DR": 270, "year": 2008, "month": 9, "day": 8, "hour": 2, "min": 0 }, "geometry": { "type": "LineString", "coordinates": [ [ -75.699951171875, 21.100000381469727 ], [ -75.9000244140625, 21.100000381469727 ] ] } },
{ "type": "Feature", "properties": { "SID": "2008245N17323", "SEASON": 2008, "NUMBER": 59, "BASIN": "NA", "SUBBASIN": "NA", "NAME": "IKE", "ISO_TIME": "2008-09-08 03:00:00", "NATURE": "TS", "LAT": 21.1, "LON": -75.9, "WMO_WIND": 0.0, "WMO_PRES": null, "WMO_AGENCY": null, "TRACK_TYPE": "main", "DIST2LAND": 10, "LANDFALL": 0, "IFLAG": "P______________", "USA_AGENCY": null, "USA_ATCFID": "AL092008", "USA_LAT": 21.1, "USA_LON": -75.9, "USA_RECORD": null, "USA_STATUS": "HU", "USA_WIND": 111.0, "USA_PRES": 946.0, "USA_SSHS": 3, "USA_R34_NE": 151.0, "USA_R34_SE": 149.0, "USA_R34_SW": 100.0, "USA_R34_NW": 125.0, "USA_R50_NE": 90.0, "USA_R50_SE": 109.0, "USA_R50_SW": 50.0, "USA_R50_NW": 75.0, "USA_R64_NE": 50.0, "USA_R64_SE": 40.0, "USA_R64_SW": 30.0, "USA_R64_NW": 50.0, "USA_POCI": 1010.0, "USA_ROCI": 200.0, "USA_RMW": 15.0, "USA_EYE": null, "TOK_LAT": null, "TOK_LON": null, "TOK_GRADE": null, "TOK_WIND": null, "TOK_PRES": null, "TOK_R50_DR": null, "TOK_R50_L": null, "TOK_R50_S": null, "TOK_R30_DR": null, "TOK_R30_L": null, "TOK_R30_S": null, "TOK_LAND": null, "CMA_LAT": null, "CMA_LON": null, "CMA_CAT": null, "CMA_WIND": null, "CMA_PRES": null, "HKO_LAT": null, "HKO_LON": null, "HKO_CAT": null, "HKO_WIND": null, "HKO_PRES": null, "KMA_LAT": null, "KMA_LON": null, "KMA_CAT": null, "KMA_WIND": null, "KMA_PRES": null, "KMA_R50_DR": null, "KMA_R50_L": null, "KMA_R50_S": null, "KMA_R30_DR": null, "KMA_R30_L": null, "KMA_R30_S": null, "NEW_LAT": null, "NEW_LON": null, "NEW_GRADE": null, "NEW_WIND": null, "NEW_PRES": null, "NEW_CI": -999.9, "NEW_DP": null, "NEW_POCI": null, "REU_LAT": null, "REU_LON": null, "REU_TYPE": null, "REU_WIND": null, "REU_PRES": null, "REU_TNUM": -999.9, "REU_CI": -999.9, "REU_RMW": null, "REU_R34_NE": null, "REU_R34_SE": null, "REU_R34_SW": null, "REU_R34_NW": null, "REU_R50_NE": null, "REU_R50_SE": null, "REU_R50_SW": null, "REU_R50_NW": null, "REU_R64_NE": null, "REU_R64_SE": null, "REU_R64_SW": null, "REU_R64_NW": null, "BOM_LAT": null, "BOM_LON": null, "BOM_TYPE": null, "BOM_WIND": null, "BOM_PRES": null, "BOM_TNUM": -999.9, "BOM_CI": -999.9, "BOM_RMW": null, "BOM_R34_NE": null, "BOM_R34_SE": null, "BOM_R34_SW": null, "BOM_R34_NW": null, "BOM_R50_NE": null, "BOM_R50_SE": null, "BOM_R50_SW": null, "BOM_R50_NW": null, "BOM_R64_NE": null, "BOM_R64_SE": null, "BOM_R64_SW": null, "BOM_R64_NW": null, "BOM_ROCI": null, "BOM_POCI": null, "BOM_EYE": null, "BOM_POS_FL": null, "BOM_PRS_FL": null, "NAD_LAT": null, "NAD_LON": null, "NAD_CAT": null, "NAD_WIND": null, "NAD_PRES": null, "WEL_LAT": null, "WEL_LON": null, "WEL_WIND": null, "WEL_PRES": null, "DS8_LAT": null, "DS8_LON": null, "DS8_STAGE": null, "DS8_WIND": null, "DS8_PRES": null, "TD6_LAT": null, "TD6_LON": null, "TD6_STAGE": null, "TD6_WIND": null, "TD6_PRES": null, "TD5_LAT": null, "TD5_LON": null, "TD5_WIND": null, "TD5_PRES": null, "TD5_ROCI": null, "NEU_LAT": null, "NEU_LON": null, "NEU_CLASS": null, "NEU_WIND": null, "NEU_PRES": null, "MLC_LAT": null, "MLC_LON": null, "MLC_CLASS": null, "MLC_WIND": null, "MLC_PRES": null, "USA_GUST": null, "BOM_GUST": null, "BOM_GUSTP": null, "REU_GUST": null, "REU_GUSTP": null, "USA_SEAHGT": 12.0, "USA_SEA_NE": 400.0, "USA_SEA_SE": 180.0, "USA_SEA_SW": 60.0, "USA_SEA_NW": 240.0, "STORM_SPD": 11, "STORM_DR": 270, "year": 2008, "month": 9, "day": 8, "hour": 3, "min": 0 }, "geometry": { "type": "LineString", "coordinates": [ [ -75.9000244140625, 21.100000381469727 ], [ -76.5, 21.100000381469727 ] ] } },
{ "type": "Feature", "properties": { "SID": "2008245N17323", "SEASON": 2008, "NUMBER": 59, "BASIN": "NA", "SUBBASIN": "NA", "NAME": "IKE", "ISO_TIME": "2008-09-08 06:00:00", "NATURE": "TS", "LAT": 21.1, "LON": -76.5, "WMO_WIND": 100.0, "WMO_PRES": 950.0, "WMO_AGENCY": "hurdat_atl", "TRACK_TYPE": "main", "DIST2LAND": 0, "LANDFALL": 0, "IFLAG": "O______________", "USA_AGENCY": "hurdat_atl", "USA_ATCFID": "AL092008", "USA_LAT": 21.1, "USA_LON": -76.5, "USA_RECORD": null, "USA_STATUS": "HU", "USA_WIND": 100.0, "USA_PRES": 950.0, "USA_SSHS": 3, "USA_R34_NE": 155.0, "USA_R34_SE": 175.0, "USA_R34_SW": 100.0, "USA_R34_NW": 125.0, "USA_R50_NE": 90.0, "USA_R50_SE": 120.0, "USA_R50_SW": 50.0, "USA_R50_NW": 75.0, "USA_R64_NE": 50.0, "USA_R64_SE": 40.0, "USA_R64_SW": 30.0, "USA_R64_NW": 50.0, "USA_POCI": 1010.0, "USA_ROCI": 200.0, "USA_RMW": 15.0, "USA_EYE": null, "TOK_LAT": null, "TOK_LON": null, "TOK_GRADE": null, "TOK_WIND": null, "TOK_PRES": null, "TOK_R50_DR": null, "TOK_R50_L": null, "TOK_R50_S": null, "TOK_R30_DR": null, "TOK_R30_L": null, "TOK_R30_S": null, "TOK_LAND": null, "CMA_LAT": null, "CMA_LON": null, "CMA_CAT": null, "CMA_WIND": null, "CMA_PRES": null, "HKO_LAT": null, "HKO_LON": null, "HKO_CAT": null, "HKO_WIND": null, "HKO_PRES": null, "KMA_LAT": null, "KMA_LON": null, "KMA_CAT": null, "KMA_WIND": null, "KMA_PRES": null, "KMA_R50_DR": null, "KMA_R50_L": null, "KMA_R50_S": null, "KMA_R30_DR": null, "KMA_R30_L": null, "KMA_R30_S": null, "NEW_LAT": null, "NEW_LON": null, "NEW_GRADE": null, "NEW_WIND": null, "NEW_PRES": null, "NEW_CI": -999.9, "NEW_DP": null, "NEW_POCI": null, "REU_LAT": null, "REU_LON": null, "REU_TYPE": null, "REU_WIND": null, "REU_PRES": null, "REU_TNUM": -999.9, "REU_CI": -999.9, "REU_RMW": null, "REU_R34_NE": null, "REU_R34_SE": null, "REU_R34_SW": null, "REU_R34_NW": null, "REU_R50_NE": null, "REU_R50_SE": null, "REU_R50_SW": null, "REU_R50_NW": null, "REU_R64_NE": null, "REU_R64_SE": null, "REU_R64_SW": null, "REU_R64_NW": null, "BOM_LAT": null, "BOM_LON": null, "BOM_TYPE": null, "BOM_WIND": null, "BOM_PRES": null, "BOM_TNUM": -999.9, "BOM_CI": -999.9, "BOM_RMW": null, "BOM_R34_NE": null, "BOM_R34_SE": null, "BOM_R34_SW": null, "BOM_R34_NW": null, "BOM_R50_NE": null, "BOM_R50_SE": null, "BOM_R50_SW": null, "BOM_R50_NW": null, "BOM_R64_NE": null, "BOM_R64_SE": null, "BOM_R64_SW": null, "BOM_R64_NW": null, "BOM_ROCI": null, "BOM_POCI": null, "BOM_EYE": null, "BOM_POS_FL": null, "BOM_PRS_FL": null, "NAD_LAT": null, "NAD_LON": null, "NAD_CAT": null, "NAD_WIND": null, "NAD_PRES": null, "WEL_LAT": null, "WEL_LON": null, "WEL_WIND": null, "WEL_PRES": null, "DS8_LAT": null, "DS8_LON": null, "DS8_STAGE": null, "DS8_WIND": null, "DS8_PRES": null, "TD6_LAT": null, "TD6_LON": null, "TD6_STAGE": null, "TD6_WIND": null, "TD6_PRES": null, "TD5_LAT": null, "TD5_LON": null, "TD5_WIND": null, "TD5_PRES": null, "TD5_ROCI": null, "NEU_LAT": null, "NEU_LON": null, "NEU_CLASS": null, "NEU_WIND": null, "NEU_PRES": null, "MLC_LAT": null, "MLC_LON": null, "MLC_CLASS": null, "MLC_WIND": null, "MLC_PRES": null, "USA_GUST": 120.0, "BOM_GUST": null, "BOM_GUSTP": null, "REU_GUST": null, "REU_GUSTP": null, "USA_SEAHGT": 12.0, "USA_SEA_NE": 400.0, "USA_SEA_SE": 180.0, "USA_SEA_SW": 60.0, "USA_SEA_NW": 240.0, "STORM_SPD": 11, "STORM_DR": 270, "year": 2008, "month": 9, "day": 8, "hour": 6, "min": 0 }, "geometry": { "type": "LineString", "coordinates": [ [ -76.5, 21.100000381469727 ], [ -77.0999755859375, 21.100000381469727 ] ] } },
{ "type": "Feature", "properties": { "SID": "2008311N14278", "SEASON": 2008, "NUMBER": 88, "BASIN": "NA", "SUBBASIN": "CS", "NAME": "PALOMA", "ISO_TIME": "2008-11-08 12:00:00", "NATURE": "TS", "LAT": 19.8, "LON": -79.6, "WMO_WIND": 125.0, "WMO_PRES": 944.0, "WMO_AGENCY": "hurdat_atl", "TRACK_TYPE": "main", "DIST2LAND": 176, "LANDFALL": 133, "IFLAG": "O______________", "USA_AGENCY": "hurdat_atl", "USA_ATCFID": "AL172008", "USA_LAT": 19.8, "USA_LON": -79.6, "USA_RECORD": null, "USA_STATUS": "HU", "USA_WIND": 125.0, "USA_PRES": 944.0, "USA_SSHS": 4, "USA_R34_NE": 110.0, "USA_R34_SE": 70.0, "USA_R34_SW": 60.0, "USA_R34_NW": 90.0, "USA_R50_NE": 60.0, "USA_R50_SE": 35.0, "USA_R50_SW": 30.0, "USA_R50_NW": 40.0, "USA_R64_NE": 25.0, "USA_R64_SE": 25.0, "USA_R64_SW": 25.0, "USA_R64_NW": 25.0, "USA_POCI": 1011.0, "USA_ROCI": 200.0, "USA_RMW": 10.0, "USA_EYE": null, "TOK_LAT": null, "TOK_LON": null, "TOK_GRADE": null, "TOK_WIND": null, "TOK_PRES": null, "TOK_R50_DR": null, "TOK_R50_L": null, "TOK_R50_S": null, "TOK_R30_DR": null, "TOK_R30_L": null, "TOK_R30_S": null, "TOK_LAND": null, "CMA_LAT": null, "CMA_LON": null, "CMA_CAT": null, "CMA_WIND": null, "CMA_PRES": null, "HKO_LAT": null, "HKO_LON": null, "HKO_CAT": null, "HKO_WIND": null, "HKO_PRES": null, "KMA_LAT": null, "KMA_LON": null, "KMA_CAT": null, "KMA_WIND": null, "KMA_PRES": null, "KMA_R50_DR": null, "KMA_R50_L": null, "KMA_R50_S": null, "KMA_R30_DR": null, "KMA_R30_L": null, "KMA_R30_S": null, "NEW_LAT": null, "NEW_LON": null, "NEW_GRADE": null, "NEW_WIND": null, "NEW_PRES": null, "NEW_CI": -999.9, "NEW_DP": null, "NEW_POCI": null, "REU_LAT": null, "REU_LON": null, "REU_TYPE": null, "REU_WIND": null, "REU_PRES": null, "REU_TNUM": -999.9, "REU_CI": -999.9, "REU_RMW": null, "REU_R34_NE": null, "REU_R34_SE": null, "REU_R34_SW": null, "REU_R34_NW": null, "REU_R50_NE": null, "REU_R50_SE": null, "REU_R50_SW": null, "REU_R50_NW": null, "REU_R64_NE": null, "REU_R64_SE": null, "REU_R64_SW": null, "REU_R64_NW": null, "BOM_LAT": null, "BOM_LON": null, "BOM_TYPE": null, "BOM_WIND": null, "BOM_PRES": null, "BOM_TNUM": -999.9, "BOM_CI": -999.9, "BOM_RMW": null, "BOM_R34_NE": null, "BOM_R34_SE": null, "BOM_R34_SW": null, "BOM_R34_NW": null, "BOM_R50_NE": null, "BOM_R50_SE": null, "BOM_R50_SW": null, "BOM_R50_NW": null, "BOM_R64_NE": null, "BOM_R64_SE": null, "BOM_R64_SW": null, "BOM_R64_NW": null, "BOM_ROCI": null, "BOM_POCI": null, "BOM_EYE": null, "BOM_POS_FL": null, "BOM_PRS_FL": null, "NAD_LAT": null, "NAD_LON": null, "NAD_CAT": null, "NAD_WIND": null, "NAD_PRES": null, "WEL_LAT": null, "WEL_LON": null, "WEL_WIND": null, "WEL_PRES": null, "DS8_LAT": null, "DS8_LON": null, "DS8_STAGE": null, "DS8_WIND": null, "DS8_PRES": null, "TD6_LAT": null, "TD6_LON": null, "TD6_STAGE": null, "TD6_WIND": null, "TD6_PRES": null, "TD5_LAT": null, "TD5_LON": null, "TD5_WIND": null, "TD5_PRES": null, "TD5_ROCI": null, "NEU_LAT": null, "NEU_LON": null, "NEU_CLASS": null, "NEU_WIND": null, "NEU_PRES": null, "MLC_LAT": null, "MLC_LON": null, "MLC_CLASS": null, "MLC_WIND": null, "MLC_PRES": null, "USA_GUST": 145.0, "BOM_GUST": null, "BOM_GUSTP": null, "REU_GUST": null, "REU_GUSTP": null, "USA_SEAHGT": 12.0, "USA_SEA_NE": 100.0, "USA_SEA_SE": 100.0, "USA_SEA_SW": 80.0, "USA_SEA_NW": 100.0, "STORM_SPD": 9, "STORM_DR": 65, "year": 2008, "month": 11, "day": 8, "hour": 12, "min": 0 }, "geometry": { "type": "LineString", "coordinates": [ [ -79.5999755859375, 19.799999237060547 ], [ -79.199951171875, 20.0 ] ] } },
{ "type": "Feature", "properties": { "SID": "2008311N14278", "SEASON": 2008, "NUMBER": 88, "BASIN": "NA", "SUBBASIN": "CS", "NAME": "PALOMA", "ISO_TIME": "2008-11-08 15:00:00", "NATURE": "TS", "LAT": 20.0, "LON": -79.2, "WMO_WIND": 0.0, "WMO_PRES": null, "WMO_AGENCY": null, "TRACK_TYPE": "main", "DIST2LAND": 133, "LANDFALL": 94, "IFLAG": "P______________", "USA_AGENCY": null, "USA_ATCFID": "AL172008", "USA_LAT": 20.0, "USA_LON": -79.2, "USA_RECORD": null, "USA_STATUS": "HU", "USA_WIND": 125.0, "USA_PRES": 948.0, "USA_SSHS": 4, "USA_R34_NE": 105.0, "USA_R34_SE": 70.0, "USA_R34_SW": 55.0, "USA_R34_NW": 85.0, "USA_R50_NE": 55.0, "USA_R50_SE": 35.0, "USA_R50_SW": 30.0, "USA_R50_NW": 40.0, "USA_R64_NE": 25.0, "USA_R64_SE": 25.0, "USA_R64_SW": 25.0, "USA_R64_NW": 25.0, "USA_POCI": 1011.0, "USA_ROCI": 205.0, "USA_RMW": 10.0, "USA_EYE": null, "TOK_LAT": null, "TOK_LON": null, "TOK_GRADE": null, "TOK_WIND": null, "TOK_PRES": null, "TOK_R50_DR": null, "TOK_R50_L": null, "TOK_R50_S": null, "TOK_R30_DR": null, "TOK_R30_L": null, "TOK_R30_S": null, "TOK_LAND": null, "CMA_LAT": null, "CMA_LON": null, "CMA_CAT": null, "CMA_WIND": null, "CMA_PRES": null, "HKO_LAT": null, "HKO_LON": null, "HKO_CAT": null, "HKO_WIND": null, "HKO_PRES": null, "KMA_LAT": null, "KMA_LON": null, "KMA_CAT": null, "KMA_WIND": null, "KMA_PRES": null, "KMA_R50_DR": null, "KMA_R50_L": null, "KMA_R50_S": null, "KMA_R30_DR": null, "KMA_R30_L": null, "KMA_R30_S": null, "NEW_LAT": null, "NEW_LON": null, "NEW_GRADE": null, "NEW_WIND": null, "NEW_PRES": null, "NEW_CI": -999.9, "NEW_DP": null, "NEW_POCI": null, "REU_LAT": null, "REU_LON": null, "REU_TYPE": null, "REU_WIND": null, "REU_PRES": null, "REU_TNUM": -999.9, "REU_CI": -999.9, "REU_RMW": null, "REU_R34_NE": null, "REU_R34_SE": null, "REU_R34_SW": null, "REU_R34_NW": null, "REU_R50_NE": null, "REU_R50_SE": null, "REU_R50_SW": null, "REU_R50_NW": null, "REU_R64_NE": null, "REU_R64_SE": null, "REU_R64_SW": null, "REU_R64_NW": null, "BOM_LAT": null, "BOM_LON": null, "BOM_TYPE": null, "BOM_WIND": null, "BOM_PRES": null, "BOM_TNUM": -999.9, "BOM_CI": -999.9, "BOM_RMW": null, "BOM_R34_NE": null, "BOM_R34_SE": null, "BOM_R34_SW": null, "BOM_R34_NW": null, "BOM_R50_NE": null, "BOM_R50_SE": null, "BOM_R50_SW": null, "BOM_R50_NW": null, "BOM_R64_NE": null, "BOM_R64_SE": null, "BOM_R64_SW": null, "BOM_R64_NW": null, "BOM_ROCI": null, "BOM_POCI": null, "BOM_EYE": null, "BOM_POS_FL": null, "BOM_PRS_FL": null, "NAD_LAT": null, "NAD_LON": null, "NAD_CAT": null, "NAD_WIND": null, "NAD_PRES": null, "WEL_LAT": null, "WEL_LON": null, "WEL_WIND": null, "WEL_PRES": null, "DS8_LAT": null, "DS8_LON": null, "DS8_STAGE": null, "DS8_WIND": null, "DS8_PRES": null, "TD6_LAT": null, "TD6_LON": null, "TD6_STAGE": null, "TD6_WIND": null, "TD6_PRES": null, "TD5_LAT": null, "TD5_LON": null, "TD5_WIND": null, "TD5_PRES": null, "TD5_ROCI": null, "NEU_LAT": null, "NEU_LON": null, "NEU_CLASS": null, "NEU_WIND": null, "NEU_PRES": null, "MLC_LAT": null, "MLC_LON": null, "MLC_CLASS": null, "MLC_WIND": null, "MLC_PRES": null, "USA_GUST": null, "BOM_GUST": null, "BOM_GUSTP": null, "REU_GUST": null, "REU_GUSTP": null, "USA_SEAHGT": 12.0, "USA_SEA_NE": 80.0, "USA_SEA_SE": 95.0, "USA_SEA_SW": 93.0, "USA_SEA_NW": 103.0, "STORM_SPD": 9, "STORM_DR": 60, "year": 2008, "month": 11, "day": 8, "hour": 15, "min": 0 }, "geometry": { "type": "LineString", "coordinates": [ [ -79.199951171875, 20.0 ], [ -78.800048828125, 20.200000762939453 ] ] } },
{ "type": "Feature", "properties": { "SID": "2008311N14278", "SEASON": 2008, "NUMBER": 88, "BASIN": "NA", "SUBBASIN": "CS", "NAME": "PALOMA", "ISO_TIME": "2008-11-08 18:00:00", "NATURE": "TS", "LAT": 20.2, "LON": -78.8, "WMO_WIND": 125.0, "WMO_PRES": 951.0, "WMO_AGENCY": "hurdat_atl", "TRACK_TYPE": "main", "DIST2LAND": 94, "LANDFALL": 38, "IFLAG": "O______________", "USA_AGENCY": "hurdat_atl", "USA_ATCFID": "AL172008", "USA_LAT": 20.2, "USA_LON": -78.8, "USA_RECORD": null, "USA_STATUS": "HU", "USA_WIND": 125.0, "USA_PRES": 951.0, "USA_SSHS": 4, "USA_R34_NE": 100.0, "USA_R34_SE": 70.0, "USA_R34_SW": 50.0, "USA_R34_NW": 80.0, "USA_R50_NE": 50.0, "USA_R50_SE": 35.0, "USA_R50_SW": 30.0, "USA_R50_NW": 40.0, "USA_R64_NE": 25.0, "USA_R64_SE": 25.0, "USA_R64_SW": 25.0, "USA_R64_NW": 25.0, "USA_POCI": 1011.0, "USA_ROCI": 210.0, "USA_RMW": 10.0, "USA_EYE": null, "TOK_LAT": null, "TOK_LON": null, "TOK_GRADE": null, "TOK_WIND": null, "TOK_PRES": null, "TOK_R50_DR": null, "TOK_R50_L": null, "TOK_R50_S": null, "TOK_R30_DR": null, "TOK_R30_L": null, "TOK_R30_S": null, "TOK_LAND": null, "CMA_LAT": null, "CMA_LON": null, "CMA_CAT": null, "CMA_WIND": null, "CMA_PRES": null, "HKO_LAT": null, "HKO_LON": null, "HKO_CAT": null, "HKO_WIND": null, "HKO_PRES": null, "KMA_LAT": null, "KMA_LON": null, "KMA_CAT": null, "KMA_WIND": null, "KMA_PRES": null, "KMA_R50_DR": null, "KMA_R50_L": null, "KMA_R50_S": null, "KMA_R30_DR": null, "KMA_R30_L": null, "KMA_R30_S": null, "NEW_LAT": null, "NEW_LON": null, "NEW_GRADE": null, "NEW_WIND": null, "NEW_PRES": null, "NEW_CI": -999.9, "NEW_DP": null, "NEW_POCI": null, "REU_LAT": null, "REU_LON": null, "REU_TYPE": null, "REU_WIND": null, "REU_PRES": null, "REU_TNUM": -999.9, "REU_CI": -999.9, "REU_RMW": null, "REU_R34_NE": null, "REU_R34_SE": null, "REU_R34_SW": null, "REU_R34_NW": null, "REU_R50_NE": null, "REU_R50_SE": null, "REU_R50_SW": null, "REU_R50_NW": null, "REU_R64_NE": null, "REU_R64_SE": null, "REU_R64_SW": null, "REU_R64_NW": null, "BOM_LAT": null, "BOM_LON": null, "BOM_TYPE": null, "BOM_WIND": null, "BOM_PRES": null, "BOM_TNUM": -999.9, "BOM_CI": -999.9, "BOM_RMW": null, "BOM_R34_NE": null, "BOM_R34_SE": null, "BOM_R34_SW": null, "BOM_R34_NW": null, "BOM_R50_NE": null, "BOM_R50_SE": null, "BOM_R50_SW": null, "BOM_R50_NW": null, "BOM_R64_NE": null, "BOM_R64_SE": null, "BOM_R64_SW": null, "BOM_R64_NW": null, "BOM_ROCI": null, "BOM_POCI": null, "BOM_EYE": null, "BOM_POS_FL": null, "BOM_PRS_FL": null, "NAD_LAT": null, "NAD_LON": null, "NAD_CAT": null, "NAD_WIND": null, "NAD_PRES": null, "WEL_LAT": null, "WEL_LON": null, "WEL_WIND": null, "WEL_PRES": null, "DS8_LAT": null, "DS8_LON": null, "DS8_STAGE": null, "DS8_WIND": null, "DS8_PRES": null, "TD6_LAT": null, "TD6_LON": null, "TD6_STAGE": null, "TD6_WIND": null, "TD6_PRES": null, "TD5_LAT": null, "TD5_LON": null, "TD5_WIND": null, "TD5_PRES": null, "TD5_ROCI": null, "NEU_LAT": null, "NEU_LON": null, "NEU_CLASS": null, "NEU_WIND": null, "NEU_PRES": null, "MLC_LAT": null, "MLC_LON": null, "MLC_CLASS": null, "MLC_WIND": null, "MLC_PRES": null, "USA_GUST": 145.0, "BOM_GUST": null, "BOM_GUSTP": null, "REU_GUST": null, "REU_GUSTP": null, "USA_SEAHGT": 12.0, "USA_SEA_NE": 60.0, "USA_SEA_SE": 90.0, "USA_SEA_SW": 105.0, "USA_SEA_NW": 105.0, "STORM_SPD": 10, "STORM_DR": 60, "year": 2008, "month": 11, "day": 8, "hour": 18, "min": 0 }, "geometry": { "type": "LineString", "coordinates": [ [ -78.800048828125, 20.200000762939453 ], [ -78.300048828125, 20.5 ] ] } },
{ "type": "Feature", "properties": { "SID": "2008311N14278", "SEASON": 2008, "NUMBER": 88, "BASIN": "NA", "SUBBASIN": "CS", "NAME": "PALOMA", "ISO_TIME": "2008-11-08 21:00:00", "NATURE": "TS", "LAT": 20.5, "LON": -78.3, "WMO_WIND": 0.0, "WMO_PRES": null, "WMO_AGENCY": null, "TRACK_TYPE": "main", "DIST2LAND": 38, "LANDFALL": 0, "IFLAG": "P______________", "USA_AGENCY": null, "USA_ATCFID": "AL172008", "USA_LAT": 20.5, "USA_LON": -78.3, "USA_RECORD": null, "USA_STATUS": "HU", "USA_WIND": 108.0, "USA_PRES": 960.0, "USA_SSHS": 3, "USA_R34_NE": 90.0, "USA_R34_SE": 65.0, "USA_R34_SW": 45.0, "USA_R34_NW": 75.0, "USA_R50_NE": 40.0, "USA_R50_SE": 33.0, "USA_R50_SW": 30.0, "USA_R50_NW": 35.0, "USA_R64_NE": 20.0, "USA_R64_SE": 20.0, "USA_R64_SW": 20.0, "USA_R64_NW": 20.0, "USA_POCI": 1011.0, "USA_ROCI": 210.0, "USA_RMW": 13.0, "USA_EYE": null, "TOK_LAT": null, "TOK_LON": null, "TOK_GRADE": null, "TOK_WIND": null, "TOK_PRES": null, "TOK_R50_DR": null, "TOK_R50_L": null, "TOK_R50_S": null, "TOK_R30_DR": null, "TOK_R30_L": null, "TOK_R30_S": null, "TOK_LAND": null, "CMA_LAT": null, "CMA_LON": null, "CMA_CAT": null, "CMA_WIND": null, "CMA_PRES": null, "HKO_LAT": null, "HKO_LON": null, "HKO_CAT": null, "HKO_WIND": null, "HKO_PRES": null, "KMA_LAT": null, "KMA_LON": null, "KMA_CAT": null, "KMA_WIND": null, "KMA_PRES": null, "KMA_R50_DR": null, "KMA_R50_L": null, "KMA_R50_S": null, "KMA_R30_DR": null, "KMA_R30_L": null, "KMA_R30_S": null, "NEW_LAT": null, "NEW_LON": null, "NEW_GRADE": null, "NEW_WIND": null, "NEW_PRES": null, "NEW_CI": -999.9, "NEW_DP": null, "NEW_POCI": null, "REU_LAT": null, "REU_LON": null, "REU_TYPE": null, "REU_WIND": null, "REU_PRES": null, "REU_TNUM": -999.9, "REU_CI": -999.9, "REU_RMW": null, "REU_R34_NE": null, "REU_R34_SE": null, "REU_R34_SW": null, "REU_R34_NW": null, "REU_R50_NE": null, "REU_R50_SE": null, "REU_R50_SW": null, "REU_R50_NW": null, "REU_R64_NE": null, "REU_R64_SE": null, "REU_R64_SW": null, "REU_R64_NW": null, "BOM_LAT": null, "BOM_LON": null, "BOM_TYPE": null, "BOM_WIND": null, "BOM_PRES": null, "BOM_TNUM": -999.9, "BOM_CI": -999.9, "BOM_RMW": null, "BOM_R34_NE": null, "BOM_R34_SE": null, "BOM_R34_SW": null, "BOM_R34_NW": null, "BOM_R50_NE": null, "BOM_R50_SE": null, "BOM_R50_SW": null, "BOM_R50_NW": null, "BOM_R64_NE": null, "BOM_R64_SE": null, "BOM_R64_SW": null, "BOM_R64_NW": null, "BOM_ROCI": null, "BOM_POCI": null, "BOM_EYE": null, "BOM_POS_FL": null, "BOM_PRS_FL": null, "NAD_LAT": null, "NAD_LON": null, "NAD_CAT": null, "NAD_WIND": null, "NAD_PRES": null, "WEL_LAT": null, "WEL_LON": null, "WEL_WIND": null, "WEL_PRES": null, "DS8_LAT": null, "DS8_LON": null, "DS8_STAGE": null, "DS8_WIND": null, "DS8_PRES": null, "TD6_LAT": null, "TD6_LON": null, "TD6_STAGE": null, "TD6_WIND": null, "TD6_PRES": null, "TD5_LAT": null, "TD5_LON": null, "TD5_WIND": null, "TD5_PRES": null, "TD5_ROCI": null, "NEU_LAT": null, "NEU_LON": null, "NEU_CLASS": null, "NEU_WIND": null, "NEU_PRES": null, "MLC_LAT": null, "MLC_LON": null, "MLC_CLASS": null, "MLC_WIND": null, "MLC_PRES": null, "USA_GUST": null, "BOM_GUST": null, "BOM_GUSTP": null, "REU_GUST": null, "REU_GUSTP": null, "USA_SEAHGT": 12.0, "USA_SEA_NE": 53.0, "USA_SEA_SE": 105.0, "USA_SEA_SW": 128.0, "USA_SEA_NW": 98.0, "STORM_SPD": 9, "STORM_DR": 55, "year": 2008, "month": 11, "day": 8, "hour": 21, "min": 0 }, "geometry": { "type": "LineString", "coordinates": [ [ -78.300048828125, 20.5 ], [ -78.0, 20.700000762939453 ] ] } },
{ "type": "Feature", "properties": { "SID": "2010236N12341", "SEASON": 2010, "NUMBER": 47, "BASIN": "NA", "SUBBASIN": "NA", "NAME": "EARL", "ISO_TIME": "2010-09-01 03:00:00", "NATURE": "TS", "LAT": 23.0, "LON": -69.9, "WMO_WIND": 0.0, "WMO_PRES": null, "WMO_AGENCY": null, "TRACK_TYPE": "main", "DIST2LAND": 365, "LANDFALL": 363, "IFLAG": "P______________", "USA_AGENCY": null, "USA_ATCFID": "AL072010", "USA_LAT": 23.0, "USA_LON": -69.9, "USA_RECORD": null, "USA_STATUS": "HU", "USA_WIND": 108.0, "USA_PRES": 941.0, "USA_SSHS": 3, "USA_R34_NE": 210.0, "USA_R34_SE": 180.0, "USA_R34_SW": 120.0, "USA_R34_NW": 210.0, "USA_R50_NE": 120.0, "USA_R50_SE": 120.0, "USA_R50_SW": 80.0, "USA_R50_NW": 100.0, "USA_R64_NE": 80.0, "USA_R64_SE": 70.0, "USA_R64_SW": 40.0, "USA_R64_NW": 60.0, "USA_POCI": 1008.0, "USA_ROCI": 213.0, "USA_RMW": 20.0, "USA_EYE": null, "TOK_LAT": null, "TOK_LON": null, "TOK_GRADE": null, "TOK_WIND": null, "TOK_PRES": null, "TOK_R50_DR": null, "TOK_R50_L": null, "TOK_R50_S": null, "TOK_R30_DR": null, "TOK_R30_L": null, "TOK_R30_S": null, "TOK_LAND": null, "CMA_LAT": null, "CMA_LON": null, "CMA_CAT": null, "CMA_WIND": null, "CMA_PRES": null, "HKO_LAT": null, "HKO_LON": null, "HKO_CAT": null, "HKO_WIND": null, "HKO_PRES": null, "KMA_LAT": null, "KMA_LON": null, "KMA_CAT": null, "KMA_WIND": null, "KMA_PRES": null, "KMA_R50_DR": null, "KMA_R50_L": null, "KMA_R50_S": null, "KMA_R30_DR": null, "KMA_R30_L": null, "KMA_R30_S": null, "NEW_LAT": null, "NEW_LON": null, "NEW_GRADE": null, "NEW_WIND": null, "NEW_PRES": null, "NEW_CI": -999.9, "NEW_DP": null, "NEW_POCI": null, "REU_LAT": null, "REU_LON": null, "REU_TYPE": null, "REU_WIND": null, "REU_PRES": null, "REU_TNUM": -999.9, "REU_CI": -999.9, "REU_RMW": null, "REU_R34_NE": null, "REU_R34_SE": null, "REU_R34_SW": null, "REU_R34_NW": null, "REU_R50_NE": null, "REU_R50_SE": null, "REU_R50_SW": null, "REU_R50_NW": null, "REU_R64_NE": null, "REU_R64_SE": null, "REU_R64_SW": null, "REU_R64_NW": null, "BOM_LAT": null, "BOM_LON": null, "BOM_TYPE": null, "BOM_WIND": null, "BOM_PRES": null, "BOM_TNUM": -999.9, "BOM_CI": -999.9, "BOM_RMW": null, "BOM_R34_NE": null, "BOM_R34_SE": null, "BOM_R34_SW": null, "BOM_R34_NW": null, "BOM_R50_NE": null, "BOM_R50_SE": null, "BOM_R50_SW": null, "BOM_R50_NW": null, "BOM_R64_NE": null, "BOM_R64_SE": null, "BOM_R64_SW": null, "BOM_R64_NW": null, "BOM_ROCI": null, "BOM_POCI": null, "BOM_EYE": null, "BOM_POS_FL": null, "BOM_PRS_FL": null, "NAD_LAT": null, "NAD_LON": null, "NAD_CAT": null, "NAD_WIND": null, "NAD_PRES": null, "WEL_LAT": null, "WEL_LON": null, "WEL_WIND": null, "WEL_PRES": null, "DS8_LAT": null, "DS8_LON": null, "DS8_STAGE": null, "DS8_WIND": null, "DS8_PRES": null, "TD6_LAT": null, "TD6_LON": null, "TD6_STAGE": null, "TD6_WIND": null, "TD6_PRES": null, "TD5_LAT": null, "TD5_LON": null, "TD5_WIND": null, "TD5_PRES": null, "TD5_ROCI": null, "NEU_LAT": null, "NEU_LON": null, "NEU_CLASS": null, "NEU_WIND": null, "NEU_PRES": null, "MLC_LAT": null, "MLC_LON": null, "MLC_CLASS": null, "MLC_WIND": null, "MLC_PRES": null, "USA_GUST": null, "BOM_GUST": null, "BOM_GUSTP": null, "REU_GUST": null, "REU_GUSTP": null, "USA_SEAHGT": 12.0, "USA_SEA_NE": 470.0, "USA_SEA_SE": 240.0, "USA_SEA_SW": 180.0, "USA_SEA_NW": 420.0, "STORM_SPD": 15, "STORM_DR": 315, "year": 2010, "month": 9, "day": 1, "hour": 3, "min": 0 }, "geometry": { "type": "LineString", "coordinates": [ [ -69.9000244140625, 23.0 ], [ -70.5, 23.600000381469727 ] ] } },
{ "type": "Feature", "properties": { "SID": "2010236N12341", "SEASON": 2010, "NUMBER": 47, "BASIN": "NA", "SUBBASIN": "NA", "NAME": "EARL", "ISO_TIME": "2010-09-01 06:00:00", "NATURE": "TS", "LAT": 23.6, "LON": -70.5, "WMO_WIND": 105.0, "WMO_PRES": 941.0, "WMO_AGENCY": "hurdat_atl", "TRACK_TYPE": "main", "DIST2LAND": 371, "LANDFALL": 371, "IFLAG": "O______________", "USA_AGENCY": "hurdat_atl", "USA_ATCFID": "AL072010", "USA_LAT": 23.6, "USA_LON": -70.5, "USA_RECORD": null, "USA_STATUS": "HU", "USA_WIND": 105.0, "USA_PRES": 941.0, "USA_SSHS": 3, "USA_R34_NE": 220.0, "USA_R34_SE": 180.0, "USA_R34_SW": 120.0, "USA_R34_NW": 220.0, "USA_R50_NE": 120.0, "USA_R50_SE": 120.0, "USA_R50_SW": 80.0, "USA_R50_NW": 100.0, "USA_R64_NE": 80.0, "USA_R64_SE": 70.0, "USA_R64_SW": 40.0, "USA_R64_NW": 60.0, "USA_POCI": 1008.0, "USA_ROCI": 225.0, "USA_RMW": 20.0, "USA_EYE": null, "TOK_LAT": null, "TOK_LON": null, "TOK_GRADE": null, "TOK_WIND": null, "TOK_PRES": null, "TOK_R50_DR": null, "TOK_R50_L": null, "TOK_R50_S": null, "TOK_R30_DR": null, "TOK_R30_L": null, "TOK_R30_S": null, "TOK_LAND": null, "CMA_LAT": null, "CMA_LON": null, "CMA_CAT": null, "CMA_WIND": null, "CMA_PRES": null, "HKO_LAT": null, "HKO_LON": null, "HKO_CAT": null, "HKO_WIND": null, "HKO_PRES": null, "KMA_LAT": null, "KMA_LON": null, "KMA_CAT": null, "KMA_WIND": null, "KMA_PRES": null, "KMA_R50_DR": null, "KMA_R50_L": null, "KMA_R50_S": null, "KMA_R30_DR": null, "KMA_R30_L": null, "KMA_R30_S": null, "NEW_LAT": null, "NEW_LON": null, "NEW_GRADE": null, "NEW_WIND": null, "NEW_PRES": null, "NEW_CI": -999.9, "NEW_DP": null, "NEW_POCI": null, "REU_LAT": null, "REU_LON": null, "REU_TYPE": null, "REU_WIND": null, "REU_PRES": null, "REU_TNUM": -999.9, "REU_CI": -999.9, "REU_RMW": null, "REU_R34_NE": null, "REU_R34_SE": null, "REU_R34_SW": null, "REU_R34_NW": null, "REU_R50_NE": null, "REU_R50_SE": null, "REU_R50_SW": null, "REU_R50_NW": null, "REU_R64_NE": null, "REU_R64_SE": null, "REU_R64_SW": null, "REU_R64_NW": null, "BOM_LAT": null, "BOM_LON": null, "BOM_TYPE": null, "BOM_WIND": null, "BOM_PRES": null, "BOM_TNUM": -999.9, "BOM_CI": -999.9, "BOM_RMW": null, "BOM_R34_NE": null, "BOM_R34_SE": null, "BOM_R34_SW": null, "BOM_R34_NW": null, "BOM_R50_NE": null, "BOM_R50_SE": null, "BOM_R50_SW": null, "BOM_R50_NW": null, "BOM_R64_NE": null, "BOM_R64_SE": null, "BOM_R64_SW": null, "BOM_R64_NW": null, "BOM_ROCI": null, "BOM_POCI": null, "BOM_EYE": null, "BOM_POS_FL": null, "BOM_PRS_FL": null, "NAD_LAT": null, "NAD_LON": null, "NAD_CAT": null, "NAD_WIND": null, "NAD_PRES": null, "WEL_LAT": null, "WEL_LON": null, "WEL_WIND": null, "WEL_PRES": null, "DS8_LAT": null, "DS8_LON": null, "DS8_STAGE": null, "DS8_WIND": null, "DS8_PRES": null, "TD6_LAT": null, "TD6_LON": null, "TD6_STAGE": null, "TD6_WIND": null, "TD6_PRES": null, "TD5_LAT": null, "TD5_LON": null, "TD5_WIND": null, "TD5_PRES": null, "TD5_ROCI": null, "NEU_LAT": null, "NEU_LON": null, "NEU_CLASS": null, "NEU_WIND": null, "NEU_PRES": null, "MLC_LAT": null, "MLC_LON": null, "MLC_CLASS": null, "MLC_WIND": null, "MLC_PRES": null, "USA_GUST": 140.0, "BOM_GUST": null, "BOM_GUSTP": null, "REU_GUST": null, "REU_GUSTP": null, "USA_SEAHGT": 12.0, "USA_SEA_NE": 470.0, "USA_SEA_SE": 240.0, "USA_SEA_SW": 180.0, "USA_SEA_NW": 420.0, "STORM_SPD": 15, "STORM_DR": 320, "year": 2010, "month": 9, "day": 1, "hour": 6, "min": 0 }, "geometry": { "type": "LineString", "coordinates": [ [ -70.5, 23.600000381469727 ], [ -71.0999755859375, 24.100000381469727 ] ] } },
{ "type": "Feature", "properties": { "SID": "2010236N12341", "SEASON": 2010, "NUMBER": 47, "BASIN": "NA", "SUBBASIN": "NA", "NAME": "EARL", "ISO_TIME": "2010-09-01 09:00:00", "NATURE": "TS", "LAT": 24.1, "LON": -71.1, "WMO_WIND": 0.0, "WMO_PRES": null, "WMO_AGENCY": null, "TRACK_TYPE": "main", "DIST2LAND": 378, "LANDFALL": 378, "IFLAG": "P______________", "USA_AGENCY": null, "USA_ATCFID": "AL072010", "USA_LAT": 24.1, "USA_LON": -71.1, "USA_RECORD": null, "USA_STATUS": "HU", "USA_WIND": 108.0, "USA_PRES": 942.0, "USA_SSHS": 3, "USA_R34_NE": 220.0, "USA_R34_SE": 180.0, "USA_R34_SW": 120.0, "USA_R34_NW": 220.0, "USA_R50_NE": 120.0, "USA_R50_SE": 120.0, "USA_R50_SW": 80.0, "USA_R50_NW": 100.0, "USA_R64_NE": 80.0, "USA_R64_SE": 70.0, "USA_R64_SW": 40.0, "USA_R64_NW": 60.0, "USA_POCI": 1008.0, "USA_ROCI": 225.0, "USA_RMW": 20.0, "USA_EYE": null, "TOK_LAT": null, "TOK_LON": null, "TOK_GRADE": null, "TOK_WIND": null, "TOK_PRES": null, "TOK_R50_DR": null, "TOK_R50_L": null, "TOK_R50_S": null, "TOK_R30_DR": null, "TOK_R30_L": null, "TOK_R30_S": null, "TOK_LAND": null, "CMA_LAT": null, "CMA_LON": null, "CMA_CAT": null, "CMA_WIND": null, "CMA_PRES": null, "HKO_LAT": null, "HKO_LON": null, "HKO_CAT": null, "HKO_WIND": null, "HKO_PRES": null, "KMA_LAT": null, "KMA_LON": null, "KMA_CAT": null, "KMA_WIND": null, "KMA_PRES": null, "KMA_R50_DR": null, "KMA_R50_L": null, "KMA_R50_S": null, "KMA_R30_DR": null, "KMA_R30_L": null, "KMA_R30_S": null, "NEW_LAT": null, "NEW_LON": null, "NEW_GRADE": null, "NEW_WIND": null, "NEW_PRES": null, "NEW_CI": -999.9, "NEW_DP": null, "NEW_POCI": null, "REU_LAT": null, "REU_LON": null, "REU_TYPE": null, "REU_WIND": null, "REU_PRES": null, "REU_TNUM": -999.9, "REU_CI": -999.9, "REU_RMW": null, "REU_R34_NE": null, "REU_R34_SE": null, "REU_R34_SW": null, "REU_R34_NW": null, "REU_R50_NE": null, "REU_R50_SE": null, "REU_R50_SW": null, "REU_R50_NW": null, "REU_R64_NE": null, "REU_R64_SE": null, "REU_R64_SW": null, "REU_R64_NW": null, "BOM_LAT": null, "BOM_LON": null, "BOM_TYPE": null, "BOM_WIND": null, "BOM_PRES": null, "BOM_TNUM": -999.9, "BOM_CI": -999.9, "BOM_RMW": null, "BOM_R34_NE": null, "BOM_R34_SE": null, "BOM_R34_SW": null, "BOM_R34_NW": null, "BOM_R50_NE": null, "BOM_R50_SE": null, "BOM_R50_SW": null, "BOM_R50_NW": null, "BOM_R64_NE": null, "BOM_R64_SE": null, "BOM_R64_SW": null, "BOM_R64_NW": null, "BOM_ROCI": null, "BOM_POCI": null, "BOM_EYE": null, "BOM_POS_FL": null, "BOM_PRS_FL": null, "NAD_LAT": null, "NAD_LON": null, "NAD_CAT": null, "NAD_WIND": null, "NAD_PRES": null, "WEL_LAT": null, "WEL_LON": null, "WEL_WIND": null, "WEL_PRES": null, "DS8_LAT": null, "DS8_LON": null, "DS8_STAGE": null, "DS8_WIND": null, "DS8_PRES": null, "TD6_LAT": null, "TD6_LON": null, "TD6_STAGE": null, "TD6_WIND": null, "TD6_PRES": null, "TD5_LAT": null, "TD5_LON": null, "TD5_WIND": null, "TD5_PRES": null, "TD5_ROCI": null, "NEU_LAT": null, "NEU_LON": null, "NEU_CLASS": null, "NEU_WIND": null, "NEU_PRES": null, "MLC_LAT": null, "MLC_LON": null, "MLC_CLASS": null, "MLC_WIND": null, "MLC_PRES": null, "USA_GUST": null, "BOM_GUST": null, "BOM_GUSTP": null, "REU_GUST": null, "REU_GUSTP": null, "USA_SEAHGT": 12.0, "USA_SEA_NE": 455.0, "USA_SEA_SE": 270.0, "USA_SEA_SW": 195.0, "USA_SEA_NW": 420.0, "STORM_SPD": 15, "STORM_DR": 320, "year": 2010, "month": 9, "day": 1, "hour": 9, "min": 0 }, "geometry": { "type": "LineString", "coordinates": [ [ -71.0999755859375, 24.100000381469727 ], [ -71.5999755859375, 24.700000762939453 ] ] } },
{ "type": "Feature", "properties": { "SID": "2010236N12341", "SEASON": 2010, "NUMBER": 47, "BASIN": "NA", "SUBBASIN": "NA", "NAME": "EARL", "ISO_TIME": "2010-09-01 12:00:00", "NATURE": "TS", "LAT": 24.7, "LON": -71.6, "WMO_WIND": 110.0, "WMO_PRES": 942.0, "WMO_AGENCY": "hurdat_atl", "TRACK_TYPE": "main", "DIST2LAND": 416, "LANDFALL": 416, "IFLAG": "O______________", "USA_AGENCY": "hurdat_atl", "USA_ATCFID": "AL072010", "USA_LAT": 24.7, "USA_LON": -71.6, "USA_RECORD": null, "USA_STATUS": "HU", "USA_WIND": 110.0, "USA_PRES": 942.0, "USA_SSHS": 3, "USA_R34_NE": 220.0, "USA_R34_SE": 180.0, "USA_R34_SW": 120.0, "USA_R34_NW": 220.0, "USA_R50_NE": 120.0, "USA_R50_SE": 120.0, "USA_R50_SW": 80.0, "USA_R50_NW": 100.0, "USA_R64_NE": 80.0, "USA_R64_SE": 70.0, "USA_R64_SW": 40.0, "USA_R64_NW": 60.0, "USA_POCI": 1008.0, "USA_ROCI": 225.0, "USA_RMW": 20.0, "USA_EYE": null, "TOK_LAT": null, "TOK_LON": null, "TOK_GRADE": null, "TOK_WIND": null, "TOK_PRES": null, "TOK_R50_DR": null, "TOK_R50_L": null, "TOK_R50_S": null, "TOK_R30_DR": null, "TOK_R30_L": null, "TOK_R30_S": null, "TOK_LAND": null, "CMA_LAT": null, "CMA_LON": null, "CMA_CAT": null, "CMA_WIND": null, "CMA_PRES": null, "HKO_LAT": null, "HKO_LON": null, "HKO_CAT": null, "HKO_WIND": null, "HKO_PRES": null, "KMA_LAT": null, "KMA_LON": null, "KMA_CAT": null, "KMA_WIND": null, "KMA_PRES": null, "KMA_R50_DR": null, "KMA_R50_L": null, "KMA_R50_S": null, "KMA_R30_DR": null, "KMA_R30_L": null, "KMA_R30_S": null, "NEW_LAT": null, "NEW_LON": null, "NEW_GRADE": null, "NEW_WIND": null, "NEW_PRES": null, "NEW_CI": -999.9, "NEW_DP": null, "NEW_POCI": null, "REU_LAT": null, "REU_LON": null, "REU_TYPE": null, "REU_WIND": null, "REU_PRES": null, "REU_TNUM": -999.9, "REU_CI": -999.9, "REU_RMW": null, "REU_R34_NE": null, "REU_R34_SE": null, "REU_R34_SW": null, "REU_R34_NW": null, "REU_R50_NE": null, "REU_R50_SE": null, "REU_R50_SW": null, "REU_R50_NW": null, "REU_R64_NE": null, "REU_R64_SE": null, "REU_R64_SW": null, "REU_R64_NW": null, "BOM_LAT": null, "BOM_LON": null, "BOM_TYPE": null, "BOM_WIND": null, "BOM_PRES": null, "BOM_TNUM": -999.9, "BOM_CI": -999.9, "BOM_RMW": null, "BOM_R34_NE": null, "BOM_R34_SE": null, "BOM_R34_SW": null, "BOM_R34_NW": null, "BOM_R50_NE": null, "BOM_R50_SE": null, "BOM_R50_SW": null, "BOM_R50_NW": null, "BOM_R64_NE": null, "BOM_R64_SE": null, "BOM_R64_SW": null, "BOM_R64_NW": null, "BOM_ROCI": null, "BOM_POCI": null, "BOM_EYE": null, "BOM_POS_FL": null, "BOM_PRS_FL": null, "NAD_LAT": null, "NAD_LON": null, "NAD_CAT": null, "NAD_WIND": null, "NAD_PRES": null, "WEL_LAT": null, "WEL_LON": null, "WEL_WIND": null, "WEL_PRES": null, "DS8_LAT": null, "DS8_LON": null, "DS8_STAGE": null, "DS8_WIND": null, "DS8_PRES": null, "TD6_LAT": null, "TD6_LON": null, "TD6_STAGE": null, "TD6_WIND": null, "TD6_PRES": null, "TD5_LAT": null, "TD5_LON": null, "TD5_WIND": null, "TD5_PRES": null, "TD5_ROCI": null, "NEU_LAT": null, "NEU_LON": null, "NEU_CLASS": null, "NEU_WIND": null, "NEU_PRES": null, "MLC_LAT": null, "MLC_LON": null, "MLC_CLASS": null, "MLC_WIND": null, "MLC_PRES": null, "USA_GUST": 135.0, "BOM_GUST": null, "BOM_GUSTP": null, "REU_GUST": null, "REU_GUSTP": null, "USA_SEAHGT": 12.0, "USA_SEA_NE": 440.0, "USA_SEA_SE": 300.0, "USA_SEA_SW": 210.0, "USA_SEA_NW": 420.0, "STORM_SPD": 15, "STORM_DR": 320, "year": 2010, "month": 9, "day": 1, "hour": 12, "min": 0 }, "geometry": { "type": "LineString", "coordinates": [ [ -71.5999755859375, 24.700000762939453 ], [ -72.199951171875, 25.299999237060547 ] ] } },
{ "type": "Feature", "properties": { "SID": "2010236N12341", "SEASON": 2010, "NUMBER": 47, "BASIN": "NA", "SUBBASIN": "NA", "NAME": "EARL", "ISO_TIME": "2010-09-01 15:00:00", "NATURE": "TS", "LAT": 25.3, "LON": -72.2, "WMO_WIND": 0.0, "WMO_PRES": null, "WMO_AGENCY": null, "TRACK_TYPE": "main", "DIST2LAND": 465, "LANDFALL": 465, "IFLAG": "P______________", "USA_AGENCY": null, "USA_ATCFID": "AL072010", "USA_LAT": 25.3, "USA_LON": -72.2, "USA_RECORD": null, "USA_STATUS": "HU", "USA_WIND": 113.0, "USA_PRES": 942.0, "USA_SSHS": 4, "USA_R34_NE": 220.0, "USA_R34_SE": 180.0, "USA_R34_SW": 120.0, "USA_R34_NW": 220.0, "USA_R50_NE": 120.0, "USA_R50_SE": 120.0, "USA_R50_SW": 80.0, "USA_R50_NW": 100.0, "USA_R64_NE": 80.0, "USA_R64_SE": 70.0, "USA_R64_SW": 40.0, "USA_R64_NW": 60.0, "USA_POCI": 1008.0, "USA_ROCI": 225.0, "USA_RMW": 20.0, "USA_EYE": null, "TOK_LAT": null, "TOK_LON": null, "TOK_GRADE": null, "TOK_WIND": null, "TOK_PRES": null, "TOK_R50_DR": null, "TOK_R50_L": null, "TOK_R50_S": null, "TOK_R30_DR": null, "TOK_R30_L": null, "TOK_R30_S": null, "TOK_LAND": null, "CMA_LAT": null, "CMA_LON": null, "CMA_CAT": null, "CMA_WIND": null, "CMA_PRES": null, "HKO_LAT": null, "HKO_LON": null, "HKO_CAT": null, "HKO_WIND": null, "HKO_PRES": null, "KMA_LAT": null, "KMA_LON": null, "KMA_CAT": null, "KMA_WIND": null, "KMA_PRES": null, "KMA_R50_DR": null, "KMA_R50_L": null, "KMA_R50_S": null, "KMA_R30_DR": null, "KMA_R30_L": null, "KMA_R30_S": null, "NEW_LAT": null, "NEW_LON": null, "NEW_GRADE": null, "NEW_WIND": null, "NEW_PRES": null, "NEW_CI": -999.9, "NEW_DP": null, "NEW_POCI": null, "REU_LAT": null, "REU_LON": null, "REU_TYPE": null, "REU_WIND": null, "REU_PRES": null, "REU_TNUM": -999.9, "REU_CI": -999.9, "REU_RMW": null, "REU_R34_NE": null, "REU_R34_SE": null, "REU_R34_SW": null, "REU_R34_NW": null, "REU_R50_NE": null, "REU_R50_SE": null, "REU_R50_SW": null, "REU_R50_NW": null, "REU_R64_NE": null, "REU_R64_SE": null, "REU_R64_SW": null, "REU_R64_NW": null, "BOM_LAT": null, "BOM_LON": null, "BOM_TYPE": null, "BOM_WIND": null, "BOM_PRES": null, "BOM_TNUM": -999.9, "BOM_CI": -999.9, "BOM_RMW": null, "BOM_R34_NE": null, "BOM_R34_SE": null, "BOM_R34_SW": null, "BOM_R34_NW": null, "BOM_R50_NE": null, "BOM_R50_SE": null, "BOM_R50_SW": null, "BOM_R50_NW": null, "BOM_R64_NE": null, "BOM_R64_SE": null, "BOM_R64_SW": null, "BOM_R64_NW": null, "BOM_ROCI": null, "BOM_POCI": null, "BOM_EYE": null, "BOM_POS_FL": null, "BOM_PRS_FL": null, "NAD_LAT": null, "NAD_LON": null, "NAD_CAT": null, "NAD_WIND": null, "NAD_PRES": null, "WEL_LAT": null, "WEL_LON": null, "WEL_WIND": null, "WEL_PRES": null, "DS8_LAT": null, "DS8_LON": null, "DS8_STAGE": null, "DS8_WIND": null, "DS8_PRES": null, "TD6_LAT": null, "TD6_LON": null, "TD6_STAGE": null, "TD6_WIND": null, "TD6_PRES": null, "TD5_LAT": null, "TD5_LON": null, "TD5_WIND": null, "TD5_PRES": null, "TD5_ROCI": null, "NEU_LAT": null, "NEU_LON": null, "NEU_CLASS": null, "NEU_WIND": null, "NEU_PRES": null, "MLC_LAT": null, "MLC_LON": null, "MLC_CLASS": null, "MLC_WIND": null, "MLC_PRES": null, "USA_GUST": null, "BOM_GUST": null, "BOM_GUSTP": null, "REU_GUST": null, "REU_GUSTP": null, "USA_SEAHGT": 12.0, "USA_SEA_NE": 445.0, "USA_SEA_SE": 285.0, "USA_SEA_SW": 210.0, "USA_SEA_NW": 390.0, "STORM_SPD": 16, "STORM_DR": 320, "year": 2010, "month": 9, "day": 1, "hour": 15, "min": 0 }, "geometry": { "type": "LineString", "coordinates": [ [ -72.199951171875, 25.299999237060547 ], [ -72.699951171875, 25.899999618530273 ] ] } },
{ "type": "Feature", "properties": { "SID": "2010236N12341", "SEASON": 2010, "NUMBER": 47, "BASIN": "NA", "SUBBASIN": "NA", "NAME": "EARL", "ISO_TIME": "2010-09-01 18:00:00", "NATURE": "TS", "LAT": 25.9, "LON": -72.7, "WMO_WIND": 115.0, "WMO_PRES": 941.0, "WMO_AGENCY": "hurdat_atl", "TRACK_TYPE": "main", "DIST2LAND": 526, "LANDFALL": 507, "IFLAG": "O______________", "USA_AGENCY": "hurdat_atl", "USA_ATCFID": "AL072010", "USA_LAT": 25.9, "USA_LON": -72.7, "USA_RECORD": null, "USA_STATUS": "HU", "USA_WIND": 115.0, "USA_PRES": 941.0, "USA_SSHS": 4, "USA_R34_NE": 220.0, "USA_R34_SE": 180.0, "USA_R34_SW": 120.0, "USA_R34_NW": 220.0, "USA_R50_NE": 120.0, "USA_R50_SE": 120.0, "USA_R50_SW": 80.0, "USA_R50_NW": 100.0, "USA_R64_NE": 80.0, "USA_R64_SE": 70.0, "USA_R64_SW": 40.0, "USA_R64_NW": 60.0, "USA_POCI": 1008.0, "USA_ROCI": 225.0, "USA_RMW": 20.0, "USA_EYE": null, "TOK_LAT": null, "TOK_LON": null, "TOK_GRADE": null, "TOK_WIND": null, "TOK_PRES": null, "TOK_R50_DR": null, "TOK_R50_L": null, "TOK_R50_S": null, "TOK_R30_DR": null, "TOK_R30_L": null, "TOK_R30_S": null, "TOK_LAND": null, "CMA_LAT": null, "CMA_LON": null, "CMA_CAT": null, "CMA_WIND": null, "CMA_PRES": null, "HKO_LAT": null, "HKO_LON": null, "HKO_CAT": null, "HKO_WIND": null, "HKO_PRES": null, "KMA_LAT": null, "KMA_LON": null, "KMA_CAT": null, "KMA_WIND": null, "KMA_PRES": null, "KMA_R50_DR": null, "KMA_R50_L": null, "KMA_R50_S": null, "KMA_R30_DR": null, "KMA_R30_L": null, "KMA_R30_S": null, "NEW_LAT": null, "NEW_LON": null, "NEW_GRADE": null, "NEW_WIND": null, "NEW_PRES": null, "NEW_CI": -999.9, "NEW_DP": null, "NEW_POCI": null, "REU_LAT": null, "REU_LON": null, "REU_TYPE": null, "REU_WIND": null, "REU_PRES": null, "REU_TNUM": -999.9, "REU_CI": -999.9, "REU_RMW": null, "REU_R34_NE": null, "REU_R34_SE": null, "REU_R34_SW": null, "REU_R34_NW": null, "REU_R50_NE": null, "REU_R50_SE": null, "REU_R50_SW": null, "REU_R50_NW": null, "REU_R64_NE": null, "REU_R64_SE": null, "REU_R64_SW": null, "REU_R64_NW": null, "BOM_LAT": null, "BOM_LON": null, "BOM_TYPE": null, "BOM_WIND": null, "BOM_PRES": null, "BOM_TNUM": -999.9, "BOM_CI": -999.9, "BOM_RMW": null, "BOM_R34_NE": null, "BOM_R34_SE": null, "BOM_R34_SW": null, "BOM_R34_NW": null, "BOM_R50_NE": null, "BOM_R50_SE": null, "BOM_R50_SW": null, "BOM_R50_NW": null, "BOM_R64_NE": null, "BOM_R64_SE": null, "BOM_R64_SW": null, "BOM_R64_NW": null, "BOM_ROCI": null, "BOM_POCI": null, "BOM_EYE": null, "BOM_POS_FL": null, "BOM_PRS_FL": null, "NAD_LAT": null, "NAD_LON": null, "NAD_CAT": null, "NAD_WIND": null, "NAD_PRES": null, "WEL_LAT": null, "WEL_LON": null, "WEL_WIND": null, "WEL_PRES": null, "DS8_LAT": null, "DS8_LON": null, "DS8_STAGE": null, "DS8_WIND": null, "DS8_PRES": null, "TD6_LAT": null, "TD6_LON": null, "TD6_STAGE": null, "TD6_WIND": null, "TD6_PRES": null, "TD5_LAT": null, "TD5_LON": null, "TD5_WIND": null, "TD5_PRES": null, "TD5_ROCI": null, "NEU_LAT": null, "NEU_LON": null, "NEU_CLASS": null, "NEU_WIND": null, "NEU_PRES": null, "MLC_LAT": null, "MLC_LON": null, "MLC_CLASS": null, "MLC_WIND": null, "MLC_PRES": null, "USA_GUST": 135.0, "BOM_GUST": null, "BOM_GUSTP": null, "REU_GUST": null, "REU_GUSTP": null, "USA_SEAHGT": 12.0, "USA_SEA_NE": 450.0, "USA_SEA_SE": 270.0, "USA_SEA_SW": 210.0, "USA_SEA_NW": 360.0, "STORM_SPD": 15, "STORM_DR": 325, "year": 2010, "month": 9, "day": 1, "hour": 18, "min": 0 }, "geometry": { "type": "LineString", "coordinates": [ [ -72.699951171875, 25.899999618530273 ], [ -73.0999755859375, 26.5 ] ] } },
{ "type": "Feature", "properties": { "SID": "2010236N12341", "SEASON": 2010, "NUMBER": 47, "BASIN": "NA", "SUBBASIN": "NA", "NAME": "EARL", "ISO_TIME": "2010-09-01 21:00:00", "NATURE": "TS", "LAT": 26.5, "LON": -73.1, "WMO_WIND": 0.0, "WMO_PRES": null, "WMO_AGENCY": null, "TRACK_TYPE": "main", "DIST2LAND": 512, "LANDFALL": 501, "IFLAG": "P______________", "USA_AGENCY": null, "USA_ATCFID": "AL072010", "USA_LAT": 26.5, "USA_LON": -73.1, "USA_RECORD": null, "USA_STATUS": "HU", "USA_WIND": 118.0, "USA_PRES": 937.0, "USA_SSHS": 4, "USA_R34_NE": 210.0, "USA_R34_SE": 180.0, "USA_R34_SW": 120.0, "USA_R34_NW": 210.0, "USA_R50_NE": 120.0, "USA_R50_SE": 120.0, "USA_R50_SW": 80.0, "USA_R50_NW": 100.0, "USA_R64_NE": 80.0, "USA_R64_SE": 70.0, "USA_R64_SW": 40.0, "USA_R64_NW": 60.0, "USA_POCI": 1008.0, "USA_ROCI": 213.0, "USA_RMW": 20.0, "USA_EYE": null, "TOK_LAT": null, "TOK_LON": null, "TOK_GRADE": null, "TOK_WIND": null, "TOK_PRES": null, "TOK_R50_DR": null, "TOK_R50_L": null, "TOK_R50_S": null, "TOK_R30_DR": null, "TOK_R30_L": null, "TOK_R30_S": null, "TOK_LAND": null, "CMA_LAT": null, "CMA_LON": null, "CMA_CAT": null, "CMA_WIND": null, "CMA_PRES": null, "HKO_LAT": null, "HKO_LON": null, "HKO_CAT": null, "HKO_WIND": null, "HKO_PRES": null, "KMA_LAT": null, "KMA_LON": null, "KMA_CAT": null, "KMA_WIND": null, "KMA_PRES": null, "KMA_R50_DR": null, "KMA_R50_L": null, "KMA_R50_S": null, "KMA_R30_DR": null, "KMA_R30_L": null, "KMA_R30_S": null, "NEW_LAT": null, "NEW_LON": null, "NEW_GRADE": null, "NEW_WIND": null, "NEW_PRES": null, "NEW_CI": -999.9, "NEW_DP": null, "NEW_POCI": null, "REU_LAT": null, "REU_LON": null, "REU_TYPE": null, "REU_WIND": null, "REU_PRES": null, "REU_TNUM": -999.9, "REU_CI": -999.9, "REU_RMW": null, "REU_R34_NE": null, "REU_R34_SE": null, "REU_R34_SW": null, "REU_R34_NW": null, "REU_R50_NE": null, "REU_R50_SE": null, "REU_R50_SW": null, "REU_R50_NW": null, "REU_R64_NE": null, "REU_R64_SE": null, "REU_R64_SW": null, "REU_R64_NW": null, "BOM_LAT": null, "BOM_LON": null, "BOM_TYPE": null, "BOM_WIND": null, "BOM_PRES": null, "BOM_TNUM": -999.9, "BOM_CI": -999.9, "BOM_RMW": null, "BOM_R34_NE": null, "BOM_R34_SE": null, "BOM_R34_SW": null, "BOM_R34_NW": null, "BOM_R50_NE": null, "BOM_R50_SE": null, "BOM_R50_SW": null, "BOM_R50_NW": null, "BOM_R64_NE": null, "BOM_R64_SE": null, "BOM_R64_SW": null, "BOM_R64_NW": null, "BOM_ROCI": null, "BOM_POCI": null, "BOM_EYE": null, "BOM_POS_FL": null, "BOM_PRS_FL": null, "NAD_LAT": null, "NAD_LON": null, "NAD_CAT": null, "NAD_WIND": null, "NAD_PRES": null, "WEL_LAT": null, "WEL_LON": null, "WEL_WIND": null, "WEL_PRES": null, "DS8_LAT": null, "DS8_LON": null, "DS8_STAGE": null, "DS8_WIND": null, "DS8_PRES": null, "TD6_LAT": null, "TD6_LON": null, "TD6_STAGE": null, "TD6_WIND": null, "TD6_PRES": null, "TD5_LAT": null, "TD5_LON": null, "TD5_WIND": null, "TD5_PRES": null, "TD5_ROCI": null, "NEU_LAT": null, "NEU_LON": null, "NEU_CLASS": null, "NEU_WIND": null, "NEU_PRES": null, "MLC_LAT": null, "MLC_LON": null, "MLC_CLASS": null, "MLC_WIND": null, "MLC_PRES": null, "USA_GUST": null, "BOM_GUST": null, "BOM_GUSTP": null, "REU_GUST": null, "REU_GUSTP": null, "USA_SEAHGT": 12.0, "USA_SEA_NE": 450.0, "USA_SEA_SE": 270.0, "USA_SEA_SW": 210.0, "USA_SEA_NW": 345.0, "STORM_SPD": 15, "STORM_DR": 330, "year": 2010, "month": 9, "day": 1, "hour": 21, "min": 0 }, "geometry": { "type": "LineString", "coordinates": [ [ -73.0999755859375, 26.5 ], [ -73.5, 27.200000762939453 ] ] } },
{ "type": "Feature", "properties": { "SID": "2010236N12341", "SEASON": 2010, "NUMBER": 47, "BASIN": "NA", "SUBBASIN": "NA", "NAME": "EARL", "ISO_TIME": "2010-09-02 00:00:00", "NATURE": "TS", "LAT": 27.2, "LON": -73.5, "WMO_WIND": 120.0, "WMO_PRES": 932.0, "WMO_AGENCY": "hurdat_atl", "TRACK_TYPE": "main", "DIST2LAND": 506, "LANDFALL": 502, "IFLAG": "O______________", "USA_AGENCY": "hurdat_atl", "USA_ATCFID": "AL072010", "USA_LAT": 27.2, "USA_LON": -73.5, "USA_RECORD": null, "USA_STATUS": "HU", "USA_WIND": 120.0, "USA_PRES": 932.0, "USA_SSHS": 4, "USA_R34_NE": 200.0, "USA_R34_SE": 180.0, "USA_R34_SW": 120.0, "USA_R34_NW": 200.0, "USA_R50_NE": 120.0, "USA_R50_SE": 120.0, "USA_R50_SW": 80.0, "USA_R50_NW": 100.0, "USA_R64_NE": 80.0, "USA_R64_SE": 70.0, "USA_R64_SW": 40.0, "USA_R64_NW": 60.0, "USA_POCI": 1008.0, "USA_ROCI": 200.0, "USA_RMW": 20.0, "USA_EYE": null, "TOK_LAT": null, "TOK_LON": null, "TOK_GRADE": null, "TOK_WIND": null, "TOK_PRES": null, "TOK_R50_DR": null, "TOK_R50_L": null, "TOK_R50_S": null, "TOK_R30_DR": null, "TOK_R30_L": null, "TOK_R30_S": null, "TOK_LAND": null, "CMA_LAT": null, "CMA_LON": null, "CMA_CAT": null, "CMA_WIND": null, "CMA_PRES": null, "HKO_LAT": null, "HKO_LON": null, "HKO_CAT": null, "HKO_WIND": null, "HKO_PRES": null, "KMA_LAT": null, "KMA_LON": null, "KMA_CAT": null, "KMA_WIND": null, "KMA_PRES": null, "KMA_R50_DR": null, "KMA_R50_L": null, "KMA_R50_S": null, "KMA_R30_DR": null, "KMA_R30_L": null, "KMA_R30_S": null, "NEW_LAT": null, "NEW_LON": null, "NEW_GRADE": null, "NEW_WIND": null, "NEW_PRES": null, "NEW_CI": -999.9, "NEW_DP": null, "NEW_POCI": null, "REU_LAT": null, "REU_LON": null, "REU_TYPE": null, "REU_WIND": null, "REU_PRES": null, "REU_TNUM": -999.9, "REU_CI": -999.9, "REU_RMW": null, "REU_R34_NE": null, "REU_R34_SE": null, "REU_R34_SW": null, "REU_R34_NW": null, "REU_R50_NE": null, "REU_R50_SE": null, "REU_R50_SW": null, "REU_R50_NW": null, "REU_R64_NE": null, "REU_R64_SE": null, "REU_R64_SW": null, "REU_R64_NW": null, "BOM_LAT": null, "BOM_LON": null, "BOM_TYPE": null, "BOM_WIND": null, "BOM_PRES": null, "BOM_TNUM": -999.9, "BOM_CI": -999.9, "BOM_RMW": null, "BOM_R34_NE": null, "BOM_R34_SE": null, "BOM_R34_SW": null, "BOM_R34_NW": null, "BOM_R50_NE": null, "BOM_R50_SE": null, "BOM_R50_SW": null, "BOM_R50_NW": null, "BOM_R64_NE": null, "BOM_R64_SE": null, "BOM_R64_SW": null, "BOM_R64_NW": null, "BOM_ROCI": null, "BOM_POCI": null, "BOM_EYE": null, "BOM_POS_FL": null, "BOM_PRS_FL": null, "NAD_LAT": null, "NAD_LON": null, "NAD_CAT": null, "NAD_WIND": null, "NAD_PRES": null, "WEL_LAT": null, "WEL_LON": null, "WEL_WIND": null, "WEL_PRES": null, "DS8_LAT": null, "DS8_LON": null, "DS8_STAGE": null, "DS8_WIND": null, "DS8_PRES": null, "TD6_LAT": null, "TD6_LON": null, "TD6_STAGE": null, "TD6_WIND": null, "TD6_PRES": null, "TD5_LAT": null, "TD5_LON": null, "TD5_WIND": null, "TD5_PRES": null, "TD5_ROCI": null, "NEU_LAT": null, "NEU_LON": null, "NEU_CLASS": null, "NEU_WIND": null, "NEU_PRES": null, "MLC_LAT": null, "MLC_LON": null, "MLC_CLASS": null, "MLC_WIND": null, "MLC_PRES": null, "USA_GUST": 145.0, "BOM_GUST": null, "BOM_GUSTP": null, "REU_GUST": null, "REU_GUSTP": null, "USA_SEAHGT": 12.0, "USA_SEA_NE": 450.0, "USA_SEA_SE": 270.0, "USA_SEA_SW": 210.0, "USA_SEA_NW": 330.0, "STORM_SPD": 15, "STORM_DR": 330, "year": 2010, "month": 9, "day": 2, "hour": 0, "min": 0 }, "geometry": { "type": "LineString", "coordinates": [ [ -73.5, 27.200000762939453 ], [ -73.9000244140625, 27.899999618530273 ] ] } },
{ "type": "Feature", "properties": { "SID": "2010236N12341", "SEASON": 2010, "NUMBER": 47, "BASIN": "NA", "SUBBASIN": "NA", "NAME": "EARL", "ISO_TIME": "2010-09-02 03:00:00", "NATURE": "TS", "LAT": 27.9, "LON": -73.9, "WMO_WIND": 0.0, "WMO_PRES": null, "WMO_AGENCY": null, "TRACK_TYPE": "main", "DIST2LAND": 513, "LANDFALL": 512, "IFLAG": "P______________", "USA_AGENCY": null, "USA_ATCFID": "AL072010", "USA_LAT": 27.9, "USA_LON": -73.9, "USA_RECORD": null, "USA_STATUS": "HU", "USA_WIND": 123.0, "USA_PRES": 930.0, "USA_SSHS": 4, "USA_R34_NE": 200.0, "USA_R34_SE": 180.0, "USA_R34_SW": 120.0, "USA_R34_NW": 190.0, "USA_R50_NE": 120.0, "USA_R50_SE": 120.0, "USA_R50_SW": 80.0, "USA_R50_NW": 100.0, "USA_R64_NE": 80.0, "USA_R64_SE": 70.0, "USA_R64_SW": 40.0, "USA_R64_NW": 60.0, "USA_POCI": 1008.0, "USA_ROCI": 200.0, "USA_RMW": 18.0, "USA_EYE": null, "TOK_LAT": null, "TOK_LON": null, "TOK_GRADE": null, "TOK_WIND": null, "TOK_PRES": null, "TOK_R50_DR": null, "TOK_R50_L": null, "TOK_R50_S": null, "TOK_R30_DR": null, "TOK_R30_L": null, "TOK_R30_S": null, "TOK_LAND": null, "CMA_LAT": null, "CMA_LON": null, "CMA_CAT": null, "CMA_WIND": null, "CMA_PRES": null, "HKO_LAT": null, "HKO_LON": null, "HKO_CAT": null, "HKO_WIND": null, "HKO_PRES": null, "KMA_LAT": null, "KMA_LON": null, "KMA_CAT": null, "KMA_WIND": null, "KMA_PRES": null, "KMA_R50_DR": null, "KMA_R50_L": null, "KMA_R50_S": null, "KMA_R30_DR": null, "KMA_R30_L": null, "KMA_R30_S": null, "NEW_LAT": null, "NEW_LON": null, "NEW_GRADE": null, "NEW_WIND": null, "NEW_PRES": null, "NEW_CI": -999.9, "NEW_DP": null, "NEW_POCI": null, "REU_LAT": null, "REU_LON": null, "REU_TYPE": null, "REU_WIND": null, "REU_PRES": null, "REU_TNUM": -999.9, "REU_CI": -999.9, "REU_RMW": null, "REU_R34_NE": null, "REU_R34_SE": null, "REU_R34_SW": null, "REU_R34_NW": null, "REU_R50_NE": null, "REU_R50_SE": null, "REU_R50_SW": null, "REU_R50_NW": null, "REU_R64_NE": null, "REU_R64_SE": null, "REU_R64_SW": null, "REU_R64_NW": null, "BOM_LAT": null, "BOM_LON": null, "BOM_TYPE": null, "BOM_WIND": null, "BOM_PRES": null, "BOM_TNUM": -999.9, "BOM_CI": -999.9, "BOM_RMW": null, "BOM_R34_NE": null, "BOM_R34_SE": null, "BOM_R34_SW": null, "BOM_R34_NW": null, "BOM_R50_NE": null, "BOM_R50_SE": null, "BOM_R50_SW": null, "BOM_R50_NW": null, "BOM_R64_NE": null, "BOM_R64_SE": null, "BOM_R64_SW": null, "BOM_R64_NW": null, "BOM_ROCI": null, "BOM_POCI": null, "BOM_EYE": null, "BOM_POS_FL": null, "BOM_PRS_FL": null, "NAD_LAT": null, "NAD_LON": null, "NAD_CAT": null, "NAD_WIND": null, "NAD_PRES": null, "WEL_LAT": null, "WEL_LON": null, "WEL_WIND": null, "WEL_PRES": null, "DS8_LAT": null, "DS8_LON": null, "DS8_STAGE": null, "DS8_WIND": null, "DS8_PRES": null, "TD6_LAT": null, "TD6_LON": null, "TD6_STAGE": null, "TD6_WIND": null, "TD6_PRES": null, "TD5_LAT": null, "TD5_LON": null, "TD5_WIND": null, "TD5_PRES": null, "TD5_ROCI": null, "NEU_LAT": null, "NEU_LON": null, "NEU_CLASS": null, "NEU_WIND": null, "NEU_PRES": null, "MLC_LAT": null, "MLC_LON": null, "MLC_CLASS": null, "MLC_WIND": null, "MLC_PRES": null, "USA_GUST": null, "BOM_GUST": null, "BOM_GUSTP": null, "REU_GUST": null, "REU_GUSTP": null, "USA_SEAHGT": null, "USA_SEA_NE": null, "USA_SEA_SE": null, "USA_SEA_SW": null, "USA_SEA_NW": null, "STORM_SPD": 16, "STORM_DR": 335, "year": 2010, "month": 9, "day": 2, "hour": 3, "min": 0 }, "geometry": { "type": "LineString", "coordinates": [ [ -73.9000244140625, 27.899999618530273 ], [ -74.300048828125, 28.600000381469727 ] ] } },
{ "type": "Feature", "properties": { "SID": "2011233N15301", "SEASON": 2011, "NUMBER": 54, "BASIN": "NA", "SUBBASIN": "NA", "NAME": "IRENE", "ISO_TIME": "2011-08-24 09:00:00", "NATURE": "TS", "LAT": 21.6, "LON": -72.9, "WMO_WIND": 0.0, "WMO_PRES": null, "WMO_AGENCY": null, "TRACK_TYPE": "main", "DIST2LAND": 45, "LANDFALL": 44, "IFLAG": "P______________", "USA_AGENCY": null, "USA_ATCFID": "AL092011", "USA_LAT": 21.6, "USA_LON": -72.9, "USA_RECORD": null, "USA_STATUS": "HU", "USA_WIND": 100.0, "USA_PRES": 961.0, "USA_SSHS": 3, "USA_R34_NE": 180.0, "USA_R34_SE": 150.0, "USA_R34_SW": 90.0, "USA_R34_NW": 150.0, "USA_R50_NE": 80.0, "USA_R50_SE": 65.0, "USA_R50_SW": 43.0, "USA_R50_NW": 75.0, "USA_R64_NE": 40.0, "USA_R64_SE": 35.0, "USA_R64_SW": 25.0, "USA_R64_NW": 38.0, "USA_POCI": 1008.0, "USA_ROCI": 288.0, "USA_RMW": 18.0, "USA_EYE": null, "TOK_LAT": null, "TOK_LON": null, "TOK_GRADE": null, "TOK_WIND": null, "TOK_PRES": null, "TOK_R50_DR": null, "TOK_R50_L": null, "TOK_R50_S": null, "TOK_R30_DR": null, "TOK_R30_L": null, "TOK_R30_S": null, "TOK_LAND": null, "CMA_LAT": null, "CMA_LON": null, "CMA_CAT": null, "CMA_WIND": null, "CMA_PRES": null, "HKO_LAT": null, "HKO_LON": null, "HKO_CAT": null, "HKO_WIND": null, "HKO_PRES": null, "KMA_LAT": null, "KMA_LON": null, "KMA_CAT": null, "KMA_WIND": null, "KMA_PRES": null, "KMA_R50_DR": null, "KMA_R50_L": null, "KMA_R50_S": null, "KMA_R30_DR": null, "KMA_R30_L": null, "KMA_R30_S": null, "NEW_LAT": null, "NEW_LON": null, "NEW_GRADE": null, "NEW_WIND": null, "NEW_PRES": null, "NEW_CI": -999.9, "NEW_DP": null, "NEW_POCI": null, "REU_LAT": null, "REU_LON": null, "REU_TYPE": null, "REU_WIND": null, "REU_PRES": null, "REU_TNUM": -999.9, "REU_CI": -999.9, "REU_RMW": null, "REU_R34_NE": null, "REU_R34_SE": null, "REU_R34_SW": null, "REU_R34_NW": null, "REU_R50_NE": null, "REU_R50_SE": null, "REU_R50_SW": null, "REU_R50_NW": null, "REU_R64_NE": null, "REU_R64_SE": null, "REU_R64_SW": null, "REU_R64_NW": null, "BOM_LAT": null, "BOM_LON": null, "BOM_TYPE": null, "BOM_WIND": null, "BOM_PRES": null, "BOM_TNUM": -999.9, "BOM_CI": -999.9, "BOM_RMW": null, "BOM_R34_NE": null, "BOM_R34_SE": null, "BOM_R34_SW": null, "BOM_R34_NW": null, "BOM_R50_NE": null, "BOM_R50_SE": null, "BOM_R50_SW": null, "BOM_R50_NW": null, "BOM_R64_NE": null, "BOM_R64_SE": null, "BOM_R64_SW": null, "BOM_R64_NW": null, "BOM_ROCI": null, "BOM_POCI": null, "BOM_EYE": null, "BOM_POS_FL": null, "BOM_PRS_FL": null, "NAD_LAT": null, "NAD_LON": null, "NAD_CAT": null, "NAD_WIND": null, "NAD_PRES": null, "WEL_LAT": null, "WEL_LON": null, "WEL_WIND": null, "WEL_PRES": null, "DS8_LAT": null, "DS8_LON": null, "DS8_STAGE": null, "DS8_WIND": null, "DS8_PRES": null, "TD6_LAT": null, "TD6_LON": null, "TD6_STAGE": null, "TD6_WIND": null, "TD6_PRES": null, "TD5_LAT": null, "TD5_LON": null, "TD5_WIND": null, "TD5_PRES": null, "TD5_ROCI": null, "NEU_LAT": null, "NEU_LON": null, "NEU_CLASS": null, "NEU_WIND": null, "NEU_PRES": null, "MLC_LAT": null, "MLC_LON": null, "MLC_CLASS": null, "MLC_WIND": null, "MLC_PRES": null, "USA_GUST": null, "BOM_GUST": null, "BOM_GUSTP": null, "REU_GUST": null, "REU_GUSTP": null, "USA_SEAHGT": 12.0, "USA_SEA_NE": 240.0, "USA_SEA_SE": 135.0, "USA_SEA_SW": 90.0, "USA_SEA_NW": 210.0, "STORM_SPD": 10, "STORM_DR": 310, "year": 2011, "month": 8, "day": 24, "hour": 9, "min": 0 }, "geometry": { "type": "LineString", "coordinates": [ [ -72.9000244140625, 21.600000381469727 ], [ -73.300048828125, 21.899999618530273 ] ] } },
{ "type": "Feature", "properties": { "SID": "2011233N15301", "SEASON": 2011, "NUMBER": 54, "BASIN": "NA", "SUBBASIN": "NA", "NAME": "IRENE", "ISO_TIME": "2011-08-24 12:00:00", "NATURE": "TS", "LAT": 21.9, "LON": -73.3, "WMO_WIND": 105.0, "WMO_PRES": 957.0, "WMO_AGENCY": "hurdat_atl", "TRACK_TYPE": "main", "DIST2LAND": 78, "LANDFALL": 78, "IFLAG": "O______________", "USA_AGENCY": "hurdat_atl", "USA_ATCFID": "AL092011", "USA_LAT": 21.9, "USA_LON": -73.3, "USA_RECORD": null, "USA_STATUS": "HU", "USA_WIND": 105.0, "USA_PRES": 957.0, "USA_SSHS": 3, "USA_R34_NE": 180.0, "USA_R34_SE": 150.0, "USA_R34_SW": 90.0, "USA_R34_NW": 150.0, "USA_R50_NE": 90.0, "USA_R50_SE": 60.0, "USA_R50_SW": 45.0, "USA_R50_NW": 80.0, "USA_R64_NE": 45.0, "USA_R64_SE": 40.0, "USA_R64_SW": 25.0, "USA_R64_NW": 40.0, "USA_POCI": 1008.0, "USA_ROCI": 275.0, "USA_RMW": 15.0, "USA_EYE": null, "TOK_LAT": null, "TOK_LON": null, "TOK_GRADE": null, "TOK_WIND": null, "TOK_PRES": null, "TOK_R50_DR": null, "TOK_R50_L": null, "TOK_R50_S": null, "TOK_R30_DR": null, "TOK_R30_L": null, "TOK_R30_S": null, "TOK_LAND": null, "CMA_LAT": null, "CMA_LON": null, "CMA_CAT": null, "CMA_WIND": null, "CMA_PRES": null, "HKO_LAT": null, "HKO_LON": null, "HKO_CAT": null, "HKO_WIND": null, "HKO_PRES": null, "KMA_LAT": null, "KMA_LON": null, "KMA_CAT": null, "KMA_WIND": null, "KMA_PRES": null, "KMA_R50_DR": null, "KMA_R50_L": null, "KMA_R50_S": null, "KMA_R30_DR": null, "KMA_R30_L": null, "KMA_R30_S": null, "NEW_LAT": null, "NEW_LON": null, "NEW_GRADE": null, "NEW_WIND": null, "NEW_PRES": null, "NEW_CI": -999.9, "NEW_DP": null, "NEW_POCI": null, "REU_LAT": null, "REU_LON": null, "REU_TYPE": null, "REU_WIND": null, "REU_PRES": null, "REU_TNUM": -999.9, "REU_CI": -999.9, "REU_RMW": null, "REU_R34_NE": null, "REU_R34_SE": null, "REU_R34_SW": null, "REU_R34_NW": null, "REU_R50_NE": null, "REU_R50_SE": null, "REU_R50_SW": null, "REU_R50_NW": null, "REU_R64_NE": null, "REU_R64_SE": null, "REU_R64_SW": null, "REU_R64_NW": null, "BOM_LAT": null, "BOM_LON": null, "BOM_TYPE": null, "BOM_WIND": null, "BOM_PRES": null, "BOM_TNUM": -999.9, "BOM_CI": -999.9, "BOM_RMW": null, "BOM_R34_NE": null, "BOM_R34_SE": null, "BOM_R34_SW": null, "BOM_R34_NW": null, "BOM_R50_NE": null, "BOM_R50_SE": null, "BOM_R50_SW": null, "BOM_R50_NW": null, "BOM_R64_NE": null, "BOM_R64_SE": null, "BOM_R64_SW": null, "BOM_R64_NW": null, "BOM_ROCI": null, "BOM_POCI": null, "BOM_EYE": null, "BOM_POS_FL": null, "BOM_PRS_FL": null, "NAD_LAT": null, "NAD_LON": null, "NAD_CAT": null, "NAD_WIND": null, "NAD_PRES": null, "WEL_LAT": null, "WEL_LON": null, "WEL_WIND": null, "WEL_PRES": null, "DS8_LAT": null, "DS8_LON": null, "DS8_STAGE": null, "DS8_WIND": null, "DS8_PRES": null, "TD6_LAT": null, "TD6_LON": null, "TD6_STAGE": null, "TD6_WIND": null, "TD6_PRES": null, "TD5_LAT": null, "TD5_LON": null, "TD5_WIND": null, "TD5_PRES": null, "TD5_ROCI": null, "NEU_LAT": null, "NEU_LON": null, "NEU_CLASS": null, "NEU_WIND": null, "NEU_PRES": null, "MLC_LAT": null, "MLC_LON": null, "MLC_CLASS": null, "MLC_WIND": null, "MLC_PRES": null, "USA_GUST": 120.0, "BOM_GUST": null, "BOM_GUSTP": null, "REU_GUST": null, "REU_GUSTP": null, "USA_SEAHGT": 12.0, "USA_SEA_NE": 240.0, "USA_SEA_SE": 120.0, "USA_SEA_SW": 90.0, "USA_SEA_NW": 210.0, "STORM_SPD": 11, "STORM_DR": 310, "year": 2011, "month": 8, "day": 24, "hour": 12, "min": 0 }, "geometry": { "type": "LineString", "coordinates": [ [ -73.300048828125, 21.899999618530273 ], [ -73.800048828125, 22.299999237060547 ] ] } },
{ "type": "Feature", "properties": { "SID": "2011233N15301", "SEASON": 2011, "NUMBER": 54, "BASIN": "NA", "SUBBASIN": "NA", "NAME": "IRENE", "ISO_TIME": "2011-08-24 15:00:00", "NATURE": "TS", "LAT": 22.3, "LON": -73.8, "WMO_WIND": 0.0, "WMO_PRES": null, "WMO_AGENCY": null, "TRACK_TYPE": "main", "DIST2LAND": 134, "LANDFALL": 134, "IFLAG": "P______________", "USA_AGENCY": null, "USA_ATCFID": "AL092011", "USA_LAT": 22.3, "USA_LON": -73.8, "USA_RECORD": null, "USA_STATUS": "HU", "USA_WIND": 101.0, "USA_PRES": 956.0, "USA_SSHS": 3, "USA_R34_NE": 190.0, "USA_R34_SE": 165.0, "USA_R34_SW": 95.0, "USA_R34_NW": 150.0, "USA_R50_NE": 95.0, "USA_R50_SE": 65.0, "USA_R50_SW": 48.0, "USA_R50_NW": 80.0, "USA_R64_NE": 48.0, "USA_R64_SE": 43.0, "USA_R64_SW": 25.0, "USA_R64_NW": 40.0, "USA_POCI": 1008.0, "USA_ROCI": 288.0, "USA_RMW": 15.0, "USA_EYE": null, "TOK_LAT": null, "TOK_LON": null, "TOK_GRADE": null, "TOK_WIND": null, "TOK_PRES": null, "TOK_R50_DR": null, "TOK_R50_L": null, "TOK_R50_S": null, "TOK_R30_DR": null, "TOK_R30_L": null, "TOK_R30_S": null, "TOK_LAND": null, "CMA_LAT": null, "CMA_LON": null, "CMA_CAT": null, "CMA_WIND": null, "CMA_PRES": null, "HKO_LAT": null, "HKO_LON": null, "HKO_CAT": null, "HKO_WIND": null, "HKO_PRES": null, "KMA_LAT": null, "KMA_LON": null, "KMA_CAT": null, "KMA_WIND": null, "KMA_PRES": null, "KMA_R50_DR": null, "KMA_R50_L": null, "KMA_R50_S": null, "KMA_R30_DR": null, "KMA_R30_L": null, "KMA_R30_S": null, "NEW_LAT": null, "NEW_LON": null, "NEW_GRADE": null, "NEW_WIND": null, "NEW_PRES": null, "NEW_CI": -999.9, "NEW_DP": null, "NEW_POCI": null, "REU_LAT": null, "REU_LON": null, "REU_TYPE": null, "REU_WIND": null, "REU_PRES": null, "REU_TNUM": -999.9, "REU_CI": -999.9, "REU_RMW": null, "REU_R34_NE": null, "REU_R34_SE": null, "REU_R34_SW": null, "REU_R34_NW": null, "REU_R50_NE": null, "REU_R50_SE": null, "REU_R50_SW": null, "REU_R50_NW": null, "REU_R64_NE": null, "REU_R64_SE": null, "REU_R64_SW": null, "REU_R64_NW": null, "BOM_LAT": null, "BOM_LON": null, "BOM_TYPE": null, "BOM_WIND": null, "BOM_PRES": null, "BOM_TNUM": -999.9, "BOM_CI": -999.9, "BOM_RMW": null, "BOM_R34_NE": null, "BOM_R34_SE": null, "BOM_R34_SW": null, "BOM_R34_NW": null, "BOM_R50_NE": null, "BOM_R50_SE": null, "BOM_R50_SW": null, "BOM_R50_NW": null, "BOM_R64_NE": null, "BOM_R64_SE": null, "BOM_R64_SW": null, "BOM_R64_NW": null, "BOM_ROCI": null, "BOM_POCI": null, "BOM_EYE": null, "BOM_POS_FL": null, "BOM_PRS_FL": null, "NAD_LAT": null, "NAD_LON": null, "NAD_CAT": null, "NAD_WIND": null, "NAD_PRES": null, "WEL_LAT": null, "WEL_LON": null, "WEL_WIND": null, "WEL_PRES": null, "DS8_LAT": null, "DS8_LON": null, "DS8_STAGE": null, "DS8_WIND": null, "DS8_PRES": null, "TD6_LAT": null, "TD6_LON": null, "TD6_STAGE": null, "TD6_WIND": null, "TD6_PRES": null, "TD5_LAT": null, "TD5_LON": null, "TD5_WIND": null, "TD5_PRES": null, "TD5_ROCI": null, "NEU_LAT": null, "NEU_LON": null, "NEU_CLASS": null, "NEU_WIND": null, "NEU_PRES": null, "MLC_LAT": null, "MLC_LON": null, "MLC_CLASS": null, "MLC_WIND": null, "MLC_PRES": null, "USA_GUST": null, "BOM_GUST": null, "BOM_GUSTP": null, "REU_GUST": null, "REU_GUSTP": null, "USA_SEAHGT": 12.0, "USA_SEA_NE": 300.0, "USA_SEA_SE": 180.0, "USA_SEA_SW": 105.0, "USA_SEA_NW": 255.0, "STORM_SPD": 12, "STORM_DR": 310, "year": 2011, "month": 8, "day": 24, "hour": 15, "min": 0 }, "geometry": { "type": "LineString", "coordinates": [ [ -73.800048828125, 22.299999237060547 ], [ -74.0, 22.399999618530273 ] ] } },
{ "type": "Feature", "properties": { "SID": "2011233N15301", "SEASON": 2011, "NUMBER": 54, "BASIN": "NA", "SUBBASIN": "NA", "NAME": "IRENE", "ISO_TIME": "2011-08-24 16:00:00", "NATURE": "TS", "LAT": 22.4, "LON": -74.0, "WMO_WIND": 100.0, "WMO_PRES": 955.0, "WMO_AGENCY": "hurdat_atl", "TRACK_TYPE": "main", "DIST2LAND": 148, "LANDFALL": 148, "IFLAG": "V______________", "USA_AGENCY": "hurdat_atl", "USA_ATCFID": "AL092011", "USA_LAT": 22.4, "USA_LON": -74.0, "USA_RECORD": "L", "USA_STATUS": "HU", "USA_WIND": 100.0, "USA_PRES": 955.0, "USA_SSHS": 3, "USA_R34_NE": 193.0, "USA_R34_SE": 170.0, "USA_R34_SW": 97.0, "USA_R34_NW": 150.0, "USA_R50_NE": 97.0, "USA_R50_SE": 67.0, "USA_R50_SW": 48.0, "USA_R50_NW": 80.0, "USA_R64_NE": 48.0, "USA_R64_SE": 43.0, "USA_R64_SW": 25.0, "USA_R64_NW": 40.0, "USA_POCI": 1008.0, "USA_ROCI": 292.0, "USA_RMW": 15.0, "USA_EYE": null, "TOK_LAT": null, "TOK_LON": null, "TOK_GRADE": null, "TOK_WIND": null, "TOK_PRES": null, "TOK_R50_DR": null, "TOK_R50_L": null, "TOK_R50_S": null, "TOK_R30_DR": null, "TOK_R30_L": null, "TOK_R30_S": null, "TOK_LAND": null, "CMA_LAT": null, "CMA_LON": null, "CMA_CAT": null, "CMA_WIND": null, "CMA_PRES": null, "HKO_LAT": null, "HKO_LON": null, "HKO_CAT": null, "HKO_WIND": null, "HKO_PRES": null, "KMA_LAT": null, "KMA_LON": null, "KMA_CAT": null, "KMA_WIND": null, "KMA_PRES": null, "KMA_R50_DR": null, "KMA_R50_L": null, "KMA_R50_S": null, "KMA_R30_DR": null, "KMA_R30_L": null, "KMA_R30_S": null, "NEW_LAT": null, "NEW_LON": null, "NEW_GRADE": null, "NEW_WIND": null, "NEW_PRES": null, "NEW_CI": -999.9, "NEW_DP": null, "NEW_POCI": null, "REU_LAT": null, "REU_LON": null, "REU_TYPE": null, "REU_WIND": null, "REU_PRES": null, "REU_TNUM": -999.9, "REU_CI": -999.9, "REU_RMW": null, "REU_R34_NE": null, "REU_R34_SE": null, "REU_R34_SW": null, "REU_R34_NW": null, "REU_R50_NE": null, "REU_R50_SE": null, "REU_R50_SW": null, "REU_R50_NW": null, "REU_R64_NE": null, "REU_R64_SE": null, "REU_R64_SW": null, "REU_R64_NW": null, "BOM_LAT": null, "BOM_LON": null, "BOM_TYPE": null, "BOM_WIND": null, "BOM_PRES": null, "BOM_TNUM": -999.9, "BOM_CI": -999.9, "BOM_RMW": null, "BOM_R34_NE": null, "BOM_R34_SE": null, "BOM_R34_SW": null, "BOM_R34_NW": null, "BOM_R50_NE": null, "BOM_R50_SE": null, "BOM_R50_SW": null, "BOM_R50_NW": null, "BOM_R64_NE": null, "BOM_R64_SE": null, "BOM_R64_SW": null, "BOM_R64_NW": null, "BOM_ROCI": null, "BOM_POCI": null, "BOM_EYE": null, "BOM_POS_FL": null, "BOM_PRS_FL": null, "NAD_LAT": null, "NAD_LON": null, "NAD_CAT": null, "NAD_WIND": null, "NAD_PRES": null, "WEL_LAT": null, "WEL_LON": null, "WEL_WIND": null, "WEL_PRES": null, "DS8_LAT": null, "DS8_LON": null, "DS8_STAGE": null, "DS8_WIND": null, "DS8_PRES": null, "TD6_LAT": null, "TD6_LON": null, "TD6_STAGE": null, "TD6_WIND": null, "TD6_PRES": null, "TD5_LAT": null, "TD5_LON": null, "TD5_WIND": null, "TD5_PRES": null, "TD5_ROCI": null, "NEU_LAT": null, "NEU_LON": null, "NEU_CLASS": null, "NEU_WIND": null, "NEU_PRES": null, "MLC_LAT": null, "MLC_LON": null, "MLC_CLASS": null, "MLC_WIND": null, "MLC_PRES": null, "USA_GUST": null, "BOM_GUST": null, "BOM_GUSTP": null, "REU_GUST": null, "REU_GUSTP": null, "USA_SEAHGT": 12.0, "USA_SEA_NE": 320.0, "USA_SEA_SE": 200.0, "USA_SEA_SW": 110.0, "USA_SEA_NW": 270.0, "STORM_SPD": 12, "STORM_DR": 315, "year": 2011, "month": 8, "day": 24, "hour": 16, "min": 0 }, "geometry": { "type": "LineString", "coordinates": [ [ -74.0, 22.399999618530273 ], [ -74.300048828125, 22.700000762939453 ] ] } },
{ "type": "Feature", "properties": { "SID": "2011233N15301", "SEASON": 2011, "NUMBER": 54, "BASIN": "NA", "SUBBASIN": "NA", "NAME": "IRENE", "ISO_TIME": "2011-08-24 18:00:00", "NATURE": "TS", "LAT": 22.7, "LON": -74.3, "WMO_WIND": 100.0, "WMO_PRES": 954.0, "WMO_AGENCY": "hurdat_atl", "TRACK_TYPE": "main", "DIST2LAND": 189, "LANDFALL": 189, "IFLAG": "O______________", "USA_AGENCY": "hurdat_atl", "USA_ATCFID": "AL092011", "USA_LAT": 22.7, "USA_LON": -74.3, "USA_RECORD": null, "USA_STATUS": "HU", "USA_WIND": 100.0, "USA_PRES": 954.0, "USA_SSHS": 3, "USA_R34_NE": 200.0, "USA_R34_SE": 180.0, "USA_R34_SW": 100.0, "USA_R34_NW": 150.0, "USA_R50_NE": 100.0, "USA_R50_SE": 70.0, "USA_R50_SW": 50.0, "USA_R50_NW": 80.0, "USA_R64_NE": 50.0, "USA_R64_SE": 45.0, "USA_R64_SW": 25.0, "USA_R64_NW": 40.0, "USA_POCI": 1008.0, "USA_ROCI": 300.0, "USA_RMW": 15.0, "USA_EYE": null, "TOK_LAT": null, "TOK_LON": null, "TOK_GRADE": null, "TOK_WIND": null, "TOK_PRES": null, "TOK_R50_DR": null, "TOK_R50_L": null, "TOK_R50_S": null, "TOK_R30_DR": null, "TOK_R30_L": null, "TOK_R30_S": null, "TOK_LAND": null, "CMA_LAT": null, "CMA_LON": null, "CMA_CAT": null, "CMA_WIND": null, "CMA_PRES": null, "HKO_LAT": null, "HKO_LON": null, "HKO_CAT": null, "HKO_WIND": null, "HKO_PRES": null, "KMA_LAT": null, "KMA_LON": null, "KMA_CAT": null, "KMA_WIND": null, "KMA_PRES": null, "KMA_R50_DR": null, "KMA_R50_L": null, "KMA_R50_S": null, "KMA_R30_DR": null, "KMA_R30_L": null, "KMA_R30_S": null, "NEW_LAT": null, "NEW_LON": null, "NEW_GRADE": null, "NEW_WIND": null, "NEW_PRES": null, "NEW_CI": -999.9, "NEW_DP": null, "NEW_POCI": null, "REU_LAT": null, "REU_LON": null, "REU_TYPE": null, "REU_WIND": null, "REU_PRES": null, "REU_TNUM": -999.9, "REU_CI": -999.9, "REU_RMW": null, "REU_R34_NE": null, "REU_R34_SE": null, "REU_R34_SW": null, "REU_R34_NW": null, "REU_R50_NE": null, "REU_R50_SE": null, "REU_R50_SW": null, "REU_R50_NW": null, "REU_R64_NE": null, "REU_R64_SE": null, "REU_R64_SW": null, "REU_R64_NW": null, "BOM_LAT": null, "BOM_LON": null, "BOM_TYPE": null, "BOM_WIND": null, "BOM_PRES": null, "BOM_TNUM": -999.9, "BOM_CI": -999.9, "BOM_RMW": null, "BOM_R34_NE": null, "BOM_R34_SE": null, "BOM_R34_SW": null, "BOM_R34_NW": null, "BOM_R50_NE": null, "BOM_R50_SE": null, "BOM_R50_SW": null, "BOM_R50_NW": null, "BOM_R64_NE": null, "BOM_R64_SE": null, "BOM_R64_SW": null, "BOM_R64_NW": null, "BOM_ROCI": null, "BOM_POCI": null, "BOM_EYE": null, "BOM_POS_FL": null, "BOM_PRS_FL": null, "NAD_LAT": null, "NAD_LON": null, "NAD_CAT": null, "NAD_WIND": null, "NAD_PRES": null, "WEL_LAT": null, "WEL_LON": null, "WEL_WIND": null, "WEL_PRES": null, "DS8_LAT": null, "DS8_LON": null, "DS8_STAGE": null, "DS8_WIND": null, "DS8_PRES": null, "TD6_LAT": null, "TD6_LON": null, "TD6_STAGE": null, "TD6_WIND": null, "TD6_PRES": null, "TD5_LAT": null, "TD5_LON": null, "TD5_WIND": null, "TD5_PRES": null, "TD5_ROCI": null, "NEU_LAT": null, "NEU_LON": null, "NEU_CLASS": null, "NEU_WIND": null, "NEU_PRES": null, "MLC_LAT": null, "MLC_LON": null, "MLC_CLASS": null, "MLC_WIND": null, "MLC_PRES": null, "USA_GUST": 130.0, "BOM_GUST": null, "BOM_GUSTP": null, "REU_GUST": null, "REU_GUSTP": null, "USA_SEAHGT": 12.0, "USA_SEA_NE": 360.0, "USA_SEA_SE": 240.0, "USA_SEA_SW": 120.0, "USA_SEA_NW": 300.0, "STORM_SPD": 12, "STORM_DR": 320, "year": 2011, "month": 8, "day": 24, "hour": 18, "min": 0 }, "geometry": { "type": "LineString", "coordinates": [ [ -74.300048828125, 22.700000762939453 ], [ -74.699951171875, 23.100000381469727 ] ] } },
{ "type": "Feature", "properties": { "SID": "2011233N15301", "SEASON": 2011, "NUMBER": 54, "BASIN": "NA", "SUBBASIN": "NA", "NAME": "IRENE", "ISO_TIME": "2011-08-24 21:00:00", "NATURE": "TS", "LAT": 23.1, "LON": -74.7, "WMO_WIND": 0.0, "WMO_PRES": null, "WMO_AGENCY": null, "TRACK_TYPE": "main", "DIST2LAND": 246, "LANDFALL": 246, "IFLAG": "P______________", "USA_AGENCY": null, "USA_ATCFID": "AL092011", "USA_LAT": 23.1, "USA_LON": -74.7, "USA_RECORD": null, "USA_STATUS": "HU", "USA_WIND": 98.0, "USA_PRES": 953.0, "USA_SSHS": 3, "USA_R34_NE": 210.0, "USA_R34_SE": 180.0, "USA_R34_SW": 100.0, "USA_R34_NW": 150.0, "USA_R50_NE": 100.0, "USA_R50_SE": 80.0, "USA_R50_SW": 50.0, "USA_R50_NW": 80.0, "USA_R64_NE": 55.0, "USA_R64_SE": 53.0, "USA_R64_SW": 25.0, "USA_R64_NW": 45.0, "USA_POCI": 1008.0, "USA_ROCI": 300.0, "USA_RMW": 23.0, "USA_EYE": null, "TOK_LAT": null, "TOK_LON": null, "TOK_GRADE": null, "TOK_WIND": null, "TOK_PRES": null, "TOK_R50_DR": null, "TOK_R50_L": null, "TOK_R50_S": null, "TOK_R30_DR": null, "TOK_R30_L": null, "TOK_R30_S": null, "TOK_LAND": null, "CMA_LAT": null, "CMA_LON": null, "CMA_CAT": null, "CMA_WIND": null, "CMA_PRES": null, "HKO_LAT": null, "HKO_LON": null, "HKO_CAT": null, "HKO_WIND": null, "HKO_PRES": null, "KMA_LAT": null, "KMA_LON": null, "KMA_CAT": null, "KMA_WIND": null, "KMA_PRES": null, "KMA_R50_DR": null, "KMA_R50_L": null, "KMA_R50_S": null, "KMA_R30_DR": null, "KMA_R30_L": null, "KMA_R30_S": null, "NEW_LAT": null, "NEW_LON": null, "NEW_GRADE": null, "NEW_WIND": null, "NEW_PRES": null, "NEW_CI": -999.9, "NEW_DP": null, "NEW_POCI": null, "REU_LAT": null, "REU_LON": null, "REU_TYPE": null, "REU_WIND": null, "REU_PRES": null, "REU_TNUM": -999.9, "REU_CI": -999.9, "REU_RMW": null, "REU_R34_NE": null, "REU_R34_SE": null, "REU_R34_SW": null, "REU_R34_NW": null, "REU_R50_NE": null, "REU_R50_SE": null, "REU_R50_SW": null, "REU_R50_NW": null, "REU_R64_NE": null, "REU_R64_SE": null, "REU_R64_SW": null, "REU_R64_NW": null, "BOM_LAT": null, "BOM_LON": null, "BOM_TYPE": null, "BOM_WIND": null, "BOM_PRES": null, "BOM_TNUM": -999.9, "BOM_CI": -999.9, "BOM_RMW": null, "BOM_R34_NE": null, "BOM_R34_SE": null, "BOM_R34_SW": null, "BOM_R34_NW": null, "BOM_R50_NE": null, "BOM_R50_SE": null, "BOM_R50_SW": null, "BOM_R50_NW": null, "BOM_R64_NE": null, "BOM_R64_SE": null, "BOM_R64_SW": null, "BOM_R64_NW": null, "BOM_ROCI": null, "BOM_POCI": null, "BOM_EYE": null, "BOM_POS_FL": null, "BOM_PRS_FL": null, "NAD_LAT": null, "NAD_LON": null, "NAD_CAT": null, "NAD_WIND": null, "NAD_PRES": null, "WEL_LAT": null, "WEL_LON": null, "WEL_WIND": null, "WEL_PRES": null, "DS8_LAT": null, "DS8_LON": null, "DS8_STAGE": null, "DS8_WIND": null, "DS8_PRES": null, "TD6_LAT": null, "TD6_LON": null, "TD6_STAGE": null, "TD6_WIND": null, "TD6_PRES": null, "TD5_LAT": null, "TD5_LON": null, "TD5_WIND": null, "TD5_PRES": null, "TD5_ROCI": null, "NEU_LAT": null, "NEU_LON": null, "NEU_CLASS": null, "NEU_WIND": null, "NEU_PRES": null, "MLC_LAT": null, "MLC_LON": null, "MLC_CLASS": null, "MLC_WIND": null, "MLC_PRES": null, "USA_GUST": null, "BOM_GUST": null, "BOM_GUSTP": null, "REU_GUST": null, "REU_GUSTP": null, "USA_SEAHGT": 12.0, "USA_SEA_NE": 340.0, "USA_SEA_SE": 255.0, "USA_SEA_SW": 105.0, "USA_SEA_NW": 300.0, "STORM_SPD": 11, "STORM_DR": 315, "year": 2011, "month": 8, "day": 24, "hour": 21, "min": 0 }, "geometry": { "type": "LineString", "coordinates": [ [ -74.699951171875, 23.100000381469727 ], [ -75.0999755859375, 23.5 ] ] } },
{ "type": "Feature", "properties": { "SID": "2012296N14283", "SEASON": 2012, "NUMBER": 79, "BASIN": "NA", "SUBBASIN": "CS", "NAME": "SANDY", "ISO_TIME": "2012-10-25 05:25:00", "NATURE": "TS", "LAT": 20.0, "LON": -76.0, "WMO_WIND": 100.0, "WMO_PRES": 954.0, "WMO_AGENCY": "hurdat_atl", "TRACK_TYPE": "main", "DIST2LAND": 0, "LANDFALL": 0, "IFLAG": "V______________", "USA_AGENCY": "hurdat_atl", "USA_ATCFID": "AL182012", "USA_LAT": 20.0, "USA_LON": -76.0, "USA_RECORD": "L", "USA_STATUS": "HU", "USA_WIND": 100.0, "USA_PRES": 954.0, "USA_SSHS": 3, "USA_R34_NE": 240.0, "USA_R34_SE": 240.0, "USA_R34_SW": 70.0, "USA_R34_NW": 120.0, "USA_R50_NE": 50.0, "USA_R50_SE": 60.0, "USA_R50_SW": 40.0, "USA_R50_NW": 40.0, "USA_R64_NE": 30.0, "USA_R64_SE": 30.0, "USA_R64_SW": 25.0, "USA_R64_NW": 25.0, "USA_POCI": 1005.0, "USA_ROCI": 300.0, "USA_RMW": 10.0, "USA_EYE": null, "TOK_LAT": null, "TOK_LON": null, "TOK_GRADE": null, "TOK_WIND": null, "TOK_PRES": null, "TOK_R50_DR": null, "TOK_R50_L": null, "TOK_R50_S": null, "TOK_R30_DR": null, "TOK_R30_L": null, "TOK_R30_S": null, "TOK_LAND": null, "CMA_LAT": null, "CMA_LON": null, "CMA_CAT": null, "CMA_WIND": null, "CMA_PRES": null, "HKO_LAT": null, "HKO_LON": null, "HKO_CAT": null, "HKO_WIND": null, "HKO_PRES": null, "KMA_LAT": null, "KMA_LON": null, "KMA_CAT": null, "KMA_WIND": null, "KMA_PRES": null, "KMA_R50_DR": null, "KMA_R50_L": null, "KMA_R50_S": null, "KMA_R30_DR": null, "KMA_R30_L": null, "KMA_R30_S": null, "NEW_LAT": null, "NEW_LON": null, "NEW_GRADE": null, "NEW_WIND": null, "NEW_PRES": null, "NEW_CI": -999.9, "NEW_DP": null, "NEW_POCI": null, "REU_LAT": null, "REU_LON": null, "REU_TYPE": null, "REU_WIND": null, "REU_PRES": null, "REU_TNUM": -999.9, "REU_CI": -999.9, "REU_RMW": null, "REU_R34_NE": null, "REU_R34_SE": null, "REU_R34_SW": null, "REU_R34_NW": null, "REU_R50_NE": null, "REU_R50_SE": null, "REU_R50_SW": null, "REU_R50_NW": null, "REU_R64_NE": null, "REU_R64_SE": null, "REU_R64_SW": null, "REU_R64_NW": null, "BOM_LAT": null, "BOM_LON": null, "BOM_TYPE": null, "BOM_WIND": null, "BOM_PRES": null, "BOM_TNUM": -999.9, "BOM_CI": -999.9, "BOM_RMW": null, "BOM_R34_NE": null, "BOM_R34_SE": null, "BOM_R34_SW": null, "BOM_R34_NW": null, "BOM_R50_NE": null, "BOM_R50_SE": null, "BOM_R50_SW": null, "BOM_R50_NW": null, "BOM_R64_NE": null, "BOM_R64_SE": null, "BOM_R64_SW": null, "BOM_R64_NW": null, "BOM_ROCI": null, "BOM_POCI": null, "BOM_EYE": null, "BOM_POS_FL": null, "BOM_PRS_FL": null, "NAD_LAT": null, "NAD_LON": null, "NAD_CAT": null, "NAD_WIND": null, "NAD_PRES": null, "WEL_LAT": null, "WEL_LON": null, "WEL_WIND": null, "WEL_PRES": null, "DS8_LAT": null, "DS8_LON": null, "DS8_STAGE": null, "DS8_WIND": null, "DS8_PRES": null, "TD6_LAT": null, "TD6_LON": null, "TD6_STAGE": null, "TD6_WIND": null, "TD6_PRES": null, "TD5_LAT": null, "TD5_LON": null, "TD5_WIND": null, "TD5_PRES": null, "TD5_ROCI": null, "NEU_LAT": null, "NEU_LON": null, "NEU_CLASS": null, "NEU_WIND": null, "NEU_PRES": null, "MLC_LAT": null, "MLC_LON": null, "MLC_CLASS": null, "MLC_WIND": null, "MLC_PRES": null, "USA_GUST": null, "BOM_GUST": null, "BOM_GUSTP": null, "REU_GUST": null, "REU_GUSTP": null, "USA_SEAHGT": 12.0, "USA_SEA_NE": 126.0, "USA_SEA_SE": 294.0, "USA_SEA_SW": null, "USA_SEA_NW": 117.0, "STORM_SPD": 12, "STORM_DR": 10, "year": 2012, "month": 10, "day": 25, "hour": 5, "min": 25 }, "geometry": { "type": "LineString", "coordinates": [ [ -76.0, 20.0 ], [ -76.0, 20.100000381469727 ] ] } },
{ "type": "Feature", "properties": { "SID": "2012296N14283", "SEASON": 2012, "NUMBER": 79, "BASIN": "NA", "SUBBASIN": "NA", "NAME": "SANDY", "ISO_TIME": "2012-10-25 06:00:00", "NATURE": "TS", "LAT": 20.1, "LON": -76.0, "WMO_WIND": 100.0, "WMO_PRES": 954.0, "WMO_AGENCY": "hurdat_atl", "TRACK_TYPE": "main", "DIST2LAND": 0, "LANDFALL": 0, "IFLAG": "O______________", "USA_AGENCY": "hurdat_atl", "USA_ATCFID": "AL182012", "USA_LAT": 20.1, "USA_LON": -76.0, "USA_RECORD": null, "USA_STATUS": "HU", "USA_WIND": 100.0, "USA_PRES": 954.0, "USA_SSHS": 3, "USA_R34_NE": 240.0, "USA_R34_SE": 240.0, "USA_R34_SW": 70.0, "USA_R34_NW": 120.0, "USA_R50_NE": 50.0, "USA_R50_SE": 60.0, "USA_R50_SW": 40.0, "USA_R50_NW": 40.0, "USA_R64_NE": 25.0, "USA_R64_SE": 20.0, "USA_R64_SW": 20.0, "USA_R64_NW": 20.0, "USA_POCI": 1005.0, "USA_ROCI": 300.0, "USA_RMW": 10.0, "USA_EYE": null, "TOK_LAT": null, "TOK_LON": null, "TOK_GRADE": null, "TOK_WIND": null, "TOK_PRES": null, "TOK_R50_DR": null, "TOK_R50_L": null, "TOK_R50_S": null, "TOK_R30_DR": null, "TOK_R30_L": null, "TOK_R30_S": null, "TOK_LAND": null, "CMA_LAT": null, "CMA_LON": null, "CMA_CAT": null, "CMA_WIND": null, "CMA_PRES": null, "HKO_LAT": null, "HKO_LON": null, "HKO_CAT": null, "HKO_WIND": null, "HKO_PRES": null, "KMA_LAT": null, "KMA_LON": null, "KMA_CAT": null, "KMA_WIND": null, "KMA_PRES": null, "KMA_R50_DR": null, "KMA_R50_L": null, "KMA_R50_S": null, "KMA_R30_DR": null, "KMA_R30_L": null, "KMA_R30_S": null, "NEW_LAT": null, "NEW_LON": null, "NEW_GRADE": null, "NEW_WIND": null, "NEW_PRES": null, "NEW_CI": -999.9, "NEW_DP": null, "NEW_POCI": null, "REU_LAT": null, "REU_LON": null, "REU_TYPE": null, "REU_WIND": null, "REU_PRES": null, "REU_TNUM": -999.9, "REU_CI": -999.9, "REU_RMW": null, "REU_R34_NE": null, "REU_R34_SE": null, "REU_R34_SW": null, "REU_R34_NW": null, "REU_R50_NE": null, "REU_R50_SE": null, "REU_R50_SW": null, "REU_R50_NW": null, "REU_R64_NE": null, "REU_R64_SE": null, "REU_R64_SW": null, "REU_R64_NW": null, "BOM_LAT": null, "BOM_LON": null, "BOM_TYPE": null, "BOM_WIND": null, "BOM_PRES": null, "BOM_TNUM": -999.9, "BOM_CI": -999.9, "BOM_RMW": null, "BOM_R34_NE": null, "BOM_R34_SE": null, "BOM_R34_SW": null, "BOM_R34_NW": null, "BOM_R50_NE": null, "BOM_R50_SE": null, "BOM_R50_SW": null, "BOM_R50_NW": null, "BOM_R64_NE": null, "BOM_R64_SE": null, "BOM_R64_SW": null, "BOM_R64_NW": null, "BOM_ROCI": null, "BOM_POCI": null, "BOM_EYE": null, "BOM_POS_FL": null, "BOM_PRS_FL": null, "NAD_LAT": null, "NAD_LON": null, "NAD_CAT": null, "NAD_WIND": null, "NAD_PRES": null, "WEL_LAT": null, "WEL_LON": null, "WEL_WIND": null, "WEL_PRES": null, "DS8_LAT": null, "DS8_LON": null, "DS8_STAGE": null, "DS8_WIND": null, "DS8_PRES": null, "TD6_LAT": null, "TD6_LON": null, "TD6_STAGE": null, "TD6_WIND": null, "TD6_PRES": null, "TD5_LAT": null, "TD5_LON": null, "TD5_WIND": null, "TD5_PRES": null, "TD5_ROCI": null, "NEU_LAT": null, "NEU_LON": null, "NEU_CLASS": null, "NEU_WIND": null, "NEU_PRES": null, "MLC_LAT": null, "MLC_LON": null, "MLC_CLASS": null, "MLC_WIND": null, "MLC_PRES": null, "USA_GUST": 115.0, "BOM_GUST": null, "BOM_GUSTP": null, "REU_GUST": null, "REU_GUSTP": null, "USA_SEAHGT": 12.0, "USA_SEA_NE": 120.0, "USA_SEA_SE": 300.0, "USA_SEA_SW": 120.0, "USA_SEA_NW": 120.0, "STORM_SPD": 16, "STORM_DR": 15, "year": 2012, "month": 10, "day": 25, "hour": 6, "min": 0 }, "geometry": { "type": "LineString", "coordinates": [ [ -76.0, 20.100000381469727 ], [ -75.699951171875, 20.899999618530273 ] ] } },
{ "type": "Feature", "properties": { "SID": "2015270N27291", "SEASON": 2015, "NUMBER": 85, "BASIN": "NA", "SUBBASIN": "NA", "NAME": "JOAQUIN", "ISO_TIME": "2015-10-01 00:00:00", "NATURE": "TS", "LAT": 23.9, "LON": -72.9, "WMO_WIND": 100.0, "WMO_PRES": 951.0, "WMO_AGENCY": "hurdat_atl", "TRACK_TYPE": "main", "DIST2LAND": 302, "LANDFALL": 279, "IFLAG": "O______________", "USA_AGENCY": "hurdat_atl", "USA_ATCFID": "AL112015", "USA_LAT": 23.9, "USA_LON": -72.9, "USA_RECORD": null, "USA_STATUS": "HU", "USA_WIND": 100.0, "USA_PRES": 951.0, "USA_SSHS": 3, "USA_R34_NE": 100.0, "USA_R34_SE": 130.0, "USA_R34_SW": 90.0, "USA_R34_NW": 90.0, "USA_R50_NE": 40.0, "USA_R50_SE": 50.0, "USA_R50_SW": 30.0, "USA_R50_NW": 40.0, "USA_R64_NE": 30.0, "USA_R64_SE": 30.0, "USA_R64_SW": 20.0, "USA_R64_NW": 20.0, "USA_POCI": 1006.0, "USA_ROCI": 300.0, "USA_RMW": 15.0, "USA_EYE": null, "TOK_LAT": null, "TOK_LON": null, "TOK_GRADE": null, "TOK_WIND": null, "TOK_PRES": null, "TOK_R50_DR": null, "TOK_R50_L": null, "TOK_R50_S": null, "TOK_R30_DR": null, "TOK_R30_L": null, "TOK_R30_S": null, "TOK_LAND": null, "CMA_LAT": null, "CMA_LON": null, "CMA_CAT": null, "CMA_WIND": null, "CMA_PRES": null, "HKO_LAT": null, "HKO_LON": null, "HKO_CAT": null, "HKO_WIND": null, "HKO_PRES": null, "KMA_LAT": null, "KMA_LON": null, "KMA_CAT": null, "KMA_WIND": null, "KMA_PRES": null, "KMA_R50_DR": null, "KMA_R50_L": null, "KMA_R50_S": null, "KMA_R30_DR": null, "KMA_R30_L": null, "KMA_R30_S": null, "NEW_LAT": null, "NEW_LON": null, "NEW_GRADE": null, "NEW_WIND": null, "NEW_PRES": null, "NEW_CI": -999.9, "NEW_DP": null, "NEW_POCI": null, "REU_LAT": null, "REU_LON": null, "REU_TYPE": null, "REU_WIND": null, "REU_PRES": null, "REU_TNUM": -999.9, "REU_CI": -999.9, "REU_RMW": null, "REU_R34_NE": null, "REU_R34_SE": null, "REU_R34_SW": null, "REU_R34_NW": null, "REU_R50_NE": null, "REU_R50_SE": null, "REU_R50_SW": null, "REU_R50_NW": null, "REU_R64_NE": null, "REU_R64_SE": null, "REU_R64_SW": null, "REU_R64_NW": null, "BOM_LAT": null, "BOM_LON": null, "BOM_TYPE": null, "BOM_WIND": null, "BOM_PRES": null, "BOM_TNUM": -999.9, "BOM_CI": -999.9, "BOM_RMW": null, "BOM_R34_NE": null, "BOM_R34_SE": null, "BOM_R34_SW": null, "BOM_R34_NW": null, "BOM_R50_NE": null, "BOM_R50_SE": null, "BOM_R50_SW": null, "BOM_R50_NW": null, "BOM_R64_NE": null, "BOM_R64_SE": null, "BOM_R64_SW": null, "BOM_R64_NW": null, "BOM_ROCI": null, "BOM_POCI": null, "BOM_EYE": null, "BOM_POS_FL": null, "BOM_PRS_FL": null, "NAD_LAT": null, "NAD_LON": null, "NAD_CAT": null, "NAD_WIND": null, "NAD_PRES": null, "WEL_LAT": null, "WEL_LON": null, "WEL_WIND": null, "WEL_PRES": null, "DS8_LAT": null, "DS8_LON": null, "DS8_STAGE": null, "DS8_WIND": null, "DS8_PRES": null, "TD6_LAT": null, "TD6_LON": null, "TD6_STAGE": null, "TD6_WIND": null, "TD6_PRES": null, "TD5_LAT": null, "TD5_LON": null, "TD5_WIND": null, "TD5_PRES": null, "TD5_ROCI": null, "NEU_LAT": null, "NEU_LON": null, "NEU_CLASS": null, "NEU_WIND": null, "NEU_PRES": null, "MLC_LAT": null, "MLC_LON": null, "MLC_CLASS": null, "MLC_WIND": null, "MLC_PRES": null, "USA_GUST": 120.0, "BOM_GUST": null, "BOM_GUSTP": null, "REU_GUST": null, "REU_GUSTP": null, "USA_SEAHGT": 12.0, "USA_SEA_NE": 160.0, "USA_SEA_SE": 100.0, "USA_SEA_SW": 90.0, "USA_SEA_NW": 130.0, "STORM_SPD": 6, "STORM_DR": 220, "year": 2015, "month": 10, "day": 1, "hour": 0, "min": 0 }, "geometry": { "type": "LineString", "coordinates": [ [ -72.9000244140625, 23.899999618530273 ], [ -73.0999755859375, 23.700000762939453 ] ] } },
{ "type": "Feature", "properties": { "SID": "2015270N27291", "SEASON": 2015, "NUMBER": 85, "BASIN": "NA", "SUBBASIN": "NA", "NAME": "JOAQUIN", "ISO_TIME": "2015-10-01 03:00:00", "NATURE": "TS", "LAT": 23.7, "LON": -73.1, "WMO_WIND": 0.0, "WMO_PRES": null, "WMO_AGENCY": null, "TRACK_TYPE": "main", "DIST2LAND": 279, "LANDFALL": 257, "IFLAG": "P______________", "USA_AGENCY": null, "USA_ATCFID": "AL112015", "USA_LAT": 23.7, "USA_LON": -73.1, "USA_RECORD": null, "USA_STATUS": "HU", "USA_WIND": 105.0, "USA_PRES": 949.0, "USA_SSHS": 3, "USA_R34_NE": 105.0, "USA_R34_SE": 135.0, "USA_R34_SW": 95.0, "USA_R34_NW": 95.0, "USA_R50_NE": 45.0, "USA_R50_SE": 55.0, "USA_R50_SW": 35.0, "USA_R50_NW": 40.0, "USA_R64_NE": 30.0, "USA_R64_SE": 30.0, "USA_R64_SW": 23.0, "USA_R64_NW": 23.0, "USA_POCI": 1006.0, "USA_ROCI": 300.0, "USA_RMW": 15.0, "USA_EYE": null, "TOK_LAT": null, "TOK_LON": null, "TOK_GRADE": null, "TOK_WIND": null, "TOK_PRES": null, "TOK_R50_DR": null, "TOK_R50_L": null, "TOK_R50_S": null, "TOK_R30_DR": null, "TOK_R30_L": null, "TOK_R30_S": null, "TOK_LAND": null, "CMA_LAT": null, "CMA_LON": null, "CMA_CAT": null, "CMA_WIND": null, "CMA_PRES": null, "HKO_LAT": null, "HKO_LON": null, "HKO_CAT": null, "HKO_WIND": null, "HKO_PRES": null, "KMA_LAT": null, "KMA_LON": null, "KMA_CAT": null, "KMA_WIND": null, "KMA_PRES": null, "KMA_R50_DR": null, "KMA_R50_L": null, "KMA_R50_S": null, "KMA_R30_DR": null, "KMA_R30_L": null, "KMA_R30_S": null, "NEW_LAT": null, "NEW_LON": null, "NEW_GRADE": null, "NEW_WIND": null, "NEW_PRES": null, "NEW_CI": -999.9, "NEW_DP": null, "NEW_POCI": null, "REU_LAT": null, "REU_LON": null, "REU_TYPE": null, "REU_WIND": null, "REU_PRES": null, "REU_TNUM": -999.9, "REU_CI": -999.9, "REU_RMW": null, "REU_R34_NE": null, "REU_R34_SE": null, "REU_R34_SW": null, "REU_R34_NW": null, "REU_R50_NE": null, "REU_R50_SE": null, "REU_R50_SW": null, "REU_R50_NW": null, "REU_R64_NE": null, "REU_R64_SE": null, "REU_R64_SW": null, "REU_R64_NW": null, "BOM_LAT": null, "BOM_LON": null, "BOM_TYPE": null, "BOM_WIND": null, "BOM_PRES": null, "BOM_TNUM": -999.9, "BOM_CI": -999.9, "BOM_RMW": null, "BOM_R34_NE": null, "BOM_R34_SE": null, "BOM_R34_SW": null, "BOM_R34_NW": null, "BOM_R50_NE": null, "BOM_R50_SE": null, "BOM_R50_SW": null, "BOM_R50_NW": null, "BOM_R64_NE": null, "BOM_R64_SE": null, "BOM_R64_SW": null, "BOM_R64_NW": null, "BOM_ROCI": null, "BOM_POCI": null, "BOM_EYE": null, "BOM_POS_FL": null, "BOM_PRS_FL": null, "NAD_LAT": null, "NAD_LON": null, "NAD_CAT": null, "NAD_WIND": null, "NAD_PRES": null, "WEL_LAT": null, "WEL_LON": null, "WEL_WIND": null, "WEL_PRES": null, "DS8_LAT": null, "DS8_LON": null, "DS8_STAGE": null, "DS8_WIND": null, "DS8_PRES": null, "TD6_LAT": null, "TD6_LON": null, "TD6_STAGE": null, "TD6_WIND": null, "TD6_PRES": null, "TD5_LAT": null, "TD5_LON": null, "TD5_WIND": null, "TD5_PRES": null, "TD5_ROCI": null, "NEU_LAT": null, "NEU_LON": null, "NEU_CLASS": null, "NEU_WIND": null, "NEU_PRES": null, "MLC_LAT": null, "MLC_LON": null, "MLC_CLASS": null, "MLC_WIND": null, "MLC_PRES": null, "USA_GUST": null, "BOM_GUST": null, "BOM_GUSTP": null, "REU_GUST": null, "REU_GUSTP": null, "USA_SEAHGT": 12.0, "USA_SEA_NE": 185.0, "USA_SEA_SE": 130.0, "USA_SEA_SW": 105.0, "USA_SEA_NW": 155.0, "STORM_SPD": 5, "STORM_DR": 220, "year": 2015, "month": 10, "day": 1, "hour": 3, "min": 0 }, "geometry": { "type": "LineString", "coordinates": [ [ -73.0999755859375, 23.700000762939453 ], [ -73.300048828125, 23.5 ] ] } },
{ "type": "Feature", "properties": { "SID": "2015270N27291", "SEASON": 2015, "NUMBER": 85, "BASIN": "NA", "SUBBASIN": "NA", "NAME": "JOAQUIN", "ISO_TIME": "2015-10-01 06:00:00", "NATURE": "TS", "LAT": 23.5, "LON": -73.3, "WMO_WIND": 110.0, "WMO_PRES": 947.0, "WMO_AGENCY": "hurdat_atl", "TRACK_TYPE": "main", "DIST2LAND": 257, "LANDFALL": 235, "IFLAG": "O______________", "USA_AGENCY": "hurdat_atl", "USA_ATCFID": "AL112015", "USA_LAT": 23.5, "USA_LON": -73.3, "USA_RECORD": null, "USA_STATUS": "HU", "USA_WIND": 110.0, "USA_PRES": 947.0, "USA_SSHS": 3, "USA_R34_NE": 110.0, "USA_R34_SE": 140.0, "USA_R34_SW": 100.0, "USA_R34_NW": 100.0, "USA_R50_NE": 50.0, "USA_R50_SE": 60.0, "USA_R50_SW": 40.0, "USA_R50_NW": 40.0, "USA_R64_NE": 30.0, "USA_R64_SE": 30.0, "USA_R64_SW": 25.0, "USA_R64_NW": 25.0, "USA_POCI": 1006.0, "USA_ROCI": 300.0, "USA_RMW": 15.0, "USA_EYE": null, "TOK_LAT": null, "TOK_LON": null, "TOK_GRADE": null, "TOK_WIND": null, "TOK_PRES": null, "TOK_R50_DR": null, "TOK_R50_L": null, "TOK_R50_S": null, "TOK_R30_DR": null, "TOK_R30_L": null, "TOK_R30_S": null, "TOK_LAND": null, "CMA_LAT": null, "CMA_LON": null, "CMA_CAT": null, "CMA_WIND": null, "CMA_PRES": null, "HKO_LAT": null, "HKO_LON": null, "HKO_CAT": null, "HKO_WIND": null, "HKO_PRES": null, "KMA_LAT": null, "KMA_LON": null, "KMA_CAT": null, "KMA_WIND": null, "KMA_PRES": null, "KMA_R50_DR": null, "KMA_R50_L": null, "KMA_R50_S": null, "KMA_R30_DR": null, "KMA_R30_L": null, "KMA_R30_S": null, "NEW_LAT": null, "NEW_LON": null, "NEW_GRADE": null, "NEW_WIND": null, "NEW_PRES": null, "NEW_CI": -999.9, "NEW_DP": null, "NEW_POCI": null, "REU_LAT": null, "REU_LON": null, "REU_TYPE": null, "REU_WIND": null, "REU_PRES": null, "REU_TNUM": -999.9, "REU_CI": -999.9, "REU_RMW": null, "REU_R34_NE": null, "REU_R34_SE": null, "REU_R34_SW": null, "REU_R34_NW": null, "REU_R50_NE": null, "REU_R50_SE": null, "REU_R50_SW": null, "REU_R50_NW": null, "REU_R64_NE": null, "REU_R64_SE": null, "REU_R64_SW": null, "REU_R64_NW": null, "BOM_LAT": null, "BOM_LON": null, "BOM_TYPE": null, "BOM_WIND": null, "BOM_PRES": null, "BOM_TNUM": -999.9, "BOM_CI": -999.9, "BOM_RMW": null, "BOM_R34_NE": null, "BOM_R34_SE": null, "BOM_R34_SW": null, "BOM_R34_NW": null, "BOM_R50_NE": null, "BOM_R50_SE": null, "BOM_R50_SW": null, "BOM_R50_NW": null, "BOM_R64_NE": null, "BOM_R64_SE": null, "BOM_R64_SW": null, "BOM_R64_NW": null, "BOM_ROCI": null, "BOM_POCI": null, "BOM_EYE": null, "BOM_POS_FL": null, "BOM_PRS_FL": null, "NAD_LAT": null, "NAD_LON": null, "NAD_CAT": null, "NAD_WIND": null, "NAD_PRES": null, "WEL_LAT": null, "WEL_LON": null, "WEL_WIND": null, "WEL_PRES": null, "DS8_LAT": null, "DS8_LON": null, "DS8_STAGE": null, "DS8_WIND": null, "DS8_PRES": null, "TD6_LAT": null, "TD6_LON": null, "TD6_STAGE": null, "TD6_WIND": null, "TD6_PRES": null, "TD5_LAT": null, "TD5_LON": null, "TD5_WIND": null, "TD5_PRES": null, "TD5_ROCI": null, "NEU_LAT": null, "NEU_LON": null, "NEU_CLASS": null, "NEU_WIND": null, "NEU_PRES": null, "MLC_LAT": null, "MLC_LON": null, "MLC_CLASS": null, "MLC_WIND": null, "MLC_PRES": null, "USA_GUST": 130.0, "BOM_GUST": null, "BOM_GUSTP": null, "REU_GUST": null, "REU_GUSTP": null, "USA_SEAHGT": 12.0, "USA_SEA_NE": 210.0, "USA_SEA_SE": 160.0, "USA_SEA_SW": 120.0, "USA_SEA_NW": 180.0, "STORM_SPD": 6, "STORM_DR": 220, "year": 2015, "month": 10, "day": 1, "hour": 6, "min": 0 }, "geometry": { "type": "LineString", "coordinates": [ [ -73.300048828125, 23.5 ], [ -73.5, 23.299999237060547 ] ] } },
{ "type": "Feature", "properties": { "SID": "2015270N27291", "SEASON": 2015, "NUMBER": 85, "BASIN": "NA", "SUBBASIN": "NA", "NAME": "JOAQUIN", "ISO_TIME": "2015-10-01 09:00:00", "NATURE": "TS", "LAT": 23.3, "LON": -73.5, "WMO_WIND": 0.0, "WMO_PRES": null, "WMO_AGENCY": null, "TRACK_TYPE": "main", "DIST2LAND": 236, "LANDFALL": 216, "IFLAG": "P______________", "USA_AGENCY": null, "USA_ATCFID": "AL112015", "USA_LAT": 23.3, "USA_LON": -73.5, "USA_RECORD": null, "USA_STATUS": "HU", "USA_WIND": 113.0, "USA_PRES": 945.0, "USA_SSHS": 4, "USA_R34_NE": 110.0, "USA_R34_SE": 145.0, "USA_R34_SW": 110.0, "USA_R34_NW": 105.0, "USA_R50_NE": 55.0, "USA_R50_SE": 60.0, "USA_R50_SW": 40.0, "USA_R50_NW": 45.0, "USA_R64_NE": 33.0, "USA_R64_SE": 30.0, "USA_R64_SW": 28.0, "USA_R64_NW": 28.0, "USA_POCI": 1006.0, "USA_ROCI": 300.0, "USA_RMW": 15.0, "USA_EYE": null, "TOK_LAT": null, "TOK_LON": null, "TOK_GRADE": null, "TOK_WIND": null, "TOK_PRES": null, "TOK_R50_DR": null, "TOK_R50_L": null, "TOK_R50_S": null, "TOK_R30_DR": null, "TOK_R30_L": null, "TOK_R30_S": null, "TOK_LAND": null, "CMA_LAT": null, "CMA_LON": null, "CMA_CAT": null, "CMA_WIND": null, "CMA_PRES": null, "HKO_LAT": null, "HKO_LON": null, "HKO_CAT": null, "HKO_WIND": null, "HKO_PRES": null, "KMA_LAT": null, "KMA_LON": null, "KMA_CAT": null, "KMA_WIND": null, "KMA_PRES": null, "KMA_R50_DR": null, "KMA_R50_L": null, "KMA_R50_S": null, "KMA_R30_DR": null, "KMA_R30_L": null, "KMA_R30_S": null, "NEW_LAT": null, "NEW_LON": null, "NEW_GRADE": null, "NEW_WIND": null, "NEW_PRES": null, "NEW_CI": -999.9, "NEW_DP": null, "NEW_POCI": null, "REU_LAT": null, "REU_LON": null, "REU_TYPE": null, "REU_WIND": null, "REU_PRES": null, "REU_TNUM": -999.9, "REU_CI": -999.9, "REU_RMW": null, "REU_R34_NE": null, "REU_R34_SE": null, "REU_R34_SW": null, "REU_R34_NW": null, "REU_R50_NE": null, "REU_R50_SE": null, "REU_R50_SW": null, "REU_R50_NW": null, "REU_R64_NE": null, "REU_R64_SE": null, "REU_R64_SW": null, "REU_R64_NW": null, "BOM_LAT": null, "BOM_LON": null, "BOM_TYPE": null, "BOM_WIND": null, "BOM_PRES": null, "BOM_TNUM": -999.9, "BOM_CI": -999.9, "BOM_RMW": null, "BOM_R34_NE": null, "BOM_R34_SE": null, "BOM_R34_SW": null, "BOM_R34_NW": null, "BOM_R50_NE": null, "BOM_R50_SE": null, "BOM_R50_SW": null, "BOM_R50_NW": null, "BOM_R64_NE": null, "BOM_R64_SE": null, "BOM_R64_SW": null, "BOM_R64_NW": null, "BOM_ROCI": null, "BOM_POCI": null, "BOM_EYE": null, "BOM_POS_FL": null, "BOM_PRS_FL": null, "NAD_LAT": null, "NAD_LON": null, "NAD_CAT": null, "NAD_WIND": null, "NAD_PRES": null, "WEL_LAT": null, "WEL_LON": null, "WEL_WIND": null, "WEL_PRES": null, "DS8_LAT": null, "DS8_LON": null, "DS8_STAGE": null, "DS8_WIND": null, "DS8_PRES": null, "TD6_LAT": null, "TD6_LON": null, "TD6_STAGE": null, "TD6_WIND": null, "TD6_PRES": null, "TD5_LAT": null, "TD5_LON": null, "TD5_WIND": null, "TD5_PRES": null, "TD5_ROCI": null, "NEU_LAT": null, "NEU_LON": null, "NEU_CLASS": null, "NEU_WIND": null, "NEU_PRES": null, "MLC_LAT": null, "MLC_LON": null, "MLC_CLASS": null, "MLC_WIND": null, "MLC_PRES": null, "USA_GUST": null, "BOM_GUST": null, "BOM_GUSTP": null, "REU_GUST": null, "REU_GUSTP": null, "USA_SEAHGT": 12.0, "USA_SEA_NE": 215.0, "USA_SEA_SE": 170.0, "USA_SEA_SW": 110.0, "USA_SEA_NW": 180.0, "STORM_SPD": 5, "STORM_DR": 220, "year": 2015, "month": 10, "day": 1, "hour": 9, "min": 0 }, "geometry": { "type": "LineString", "coordinates": [ [ -73.5, 23.299999237060547 ], [ -73.699951171875, 23.100000381469727 ] ] } },
{ "type": "Feature", "properties": { "SID": "2015270N27291", "SEASON": 2015, "NUMBER": 85, "BASIN": "NA", "SUBBASIN": "NA", "NAME": "JOAQUIN", "ISO_TIME": "2015-10-01 12:00:00", "NATURE": "TS", "LAT": 23.1, "LON": -73.7, "WMO_WIND": 115.0, "WMO_PRES": 942.0, "WMO_AGENCY": "hurdat_atl", "TRACK_TYPE": "main", "DIST2LAND": 218, "LANDFALL": 210, "IFLAG": "O______________", "USA_AGENCY": "hurdat_atl", "USA_ATCFID": "AL112015", "USA_LAT": 23.1, "USA_LON": -73.7, "USA_RECORD": "L", "USA_STATUS": "HU", "USA_WIND": 115.0, "USA_PRES": 942.0, "USA_SSHS": 4, "USA_R34_NE": 110.0, "USA_R34_SE": 150.0, "USA_R34_SW": 120.0, "USA_R34_NW": 110.0, "USA_R50_NE": 60.0, "USA_R50_SE": 60.0, "USA_R50_SW": 40.0, "USA_R50_NW": 50.0, "USA_R64_NE": 35.0, "USA_R64_SE": 30.0, "USA_R64_SW": 30.0, "USA_R64_NW": 30.0, "USA_POCI": 1006.0, "USA_ROCI": 300.0, "USA_RMW": 15.0, "USA_EYE": null, "TOK_LAT": null, "TOK_LON": null, "TOK_GRADE": null, "TOK_WIND": null, "TOK_PRES": null, "TOK_R50_DR": null, "TOK_R50_L": null, "TOK_R50_S": null, "TOK_R30_DR": null, "TOK_R30_L": null, "TOK_R30_S": null, "TOK_LAND": null, "CMA_LAT": null, "CMA_LON": null, "CMA_CAT": null, "CMA_WIND": null, "CMA_PRES": null, "HKO_LAT": null, "HKO_LON": null, "HKO_CAT": null, "HKO_WIND": null, "HKO_PRES": null, "KMA_LAT": null, "KMA_LON": null, "KMA_CAT": null, "KMA_WIND": null, "KMA_PRES": null, "KMA_R50_DR": null, "KMA_R50_L": null, "KMA_R50_S": null, "KMA_R30_DR": null, "KMA_R30_L": null, "KMA_R30_S": null, "NEW_LAT": null, "NEW_LON": null, "NEW_GRADE": null, "NEW_WIND": null, "NEW_PRES": null, "NEW_CI": -999.9, "NEW_DP": null, "NEW_POCI": null, "REU_LAT": null, "REU_LON": null, "REU_TYPE": null, "REU_WIND": null, "REU_PRES": null, "REU_TNUM": -999.9, "REU_CI": -999.9, "REU_RMW": null, "REU_R34_NE": null, "REU_R34_SE": null, "REU_R34_SW": null, "REU_R34_NW": null, "REU_R50_NE": null, "REU_R50_SE": null, "REU_R50_SW": null, "REU_R50_NW": null, "REU_R64_NE": null, "REU_R64_SE": null, "REU_R64_SW": null, "REU_R64_NW": null, "BOM_LAT": null, "BOM_LON": null, "BOM_TYPE": null, "BOM_WIND": null, "BOM_PRES": null, "BOM_TNUM": -999.9, "BOM_CI": -999.9, "BOM_RMW": null, "BOM_R34_NE": null, "BOM_R34_SE": null, "BOM_R34_SW": null, "BOM_R34_NW": null, "BOM_R50_NE": null, "BOM_R50_SE": null, "BOM_R50_SW": null, "BOM_R50_NW": null, "BOM_R64_NE": null, "BOM_R64_SE": null, "BOM_R64_SW": null, "BOM_R64_NW": null, "BOM_ROCI": null, "BOM_POCI": null, "BOM_EYE": null, "BOM_POS_FL": null, "BOM_PRS_FL": null, "NAD_LAT": null, "NAD_LON": null, "NAD_CAT": null, "NAD_WIND": null, "NAD_PRES": null, "WEL_LAT": null, "WEL_LON": null, "WEL_WIND": null, "WEL_PRES": null, "DS8_LAT": null, "DS8_LON": null, "DS8_STAGE": null, "DS8_WIND": null, "DS8_PRES": null, "TD6_LAT": null, "TD6_LON": null, "TD6_STAGE": null, "TD6_WIND": null, "TD6_PRES": null, "TD5_LAT": null, "TD5_LON": null, "TD5_WIND": null, "TD5_PRES": null, "TD5_ROCI": null, "NEU_LAT": null, "NEU_LON": null, "NEU_CLASS": null, "NEU_WIND": null, "NEU_PRES": null, "MLC_LAT": null, "MLC_LON": null, "MLC_CLASS": null, "MLC_WIND": null, "MLC_PRES": null, "USA_GUST": 135.0, "BOM_GUST": null, "BOM_GUSTP": null, "REU_GUST": null, "REU_GUSTP": null, "USA_SEAHGT": 12.0, "USA_SEA_NE": 220.0, "USA_SEA_SE": 180.0, "USA_SEA_SW": 100.0, "USA_SEA_NW": 180.0, "STORM_SPD": 5, "STORM_DR": 240, "year": 2015, "month": 10, "day": 1, "hour": 12, "min": 0 }, "geometry": { "type": "LineString", "coordinates": [ [ -73.699951171875, 23.100000381469727 ], [ -74.0, 23.0 ] ] } },
{ "type": "Feature", "properties": { "SID": "2015270N27291", "SEASON": 2015, "NUMBER": 85, "BASIN": "NA", "SUBBASIN": "NA", "NAME": "JOAQUIN", "ISO_TIME": "2015-10-01 15:00:00", "NATURE": "TS", "LAT": 23.0, "LON": -74.0, "WMO_WIND": 0.0, "WMO_PRES": null, "WMO_AGENCY": null, "TRACK_TYPE": "main", "DIST2LAND": 214, "LANDFALL": 214, "IFLAG": "P______________", "USA_AGENCY": null, "USA_ATCFID": "AL112015", "USA_LAT": 23.0, "USA_LON": -74.0, "USA_RECORD": null, "USA_STATUS": "HU", "USA_WIND": 115.0, "USA_PRES": 939.0, "USA_SSHS": 4, "USA_R34_NE": 110.0, "USA_R34_SE": 155.0, "USA_R34_SW": 125.0, "USA_R34_NW": 110.0, "USA_R50_NE": 60.0, "USA_R50_SE": 65.0, "USA_R50_SW": 45.0, "USA_R50_NW": 55.0, "USA_R64_NE": 38.0, "USA_R64_SE": 33.0, "USA_R64_SW": 33.0, "USA_R64_NW": 33.0, "USA_POCI": 1006.0, "USA_ROCI": 300.0, "USA_RMW": 15.0, "USA_EYE": null, "TOK_LAT": null, "TOK_LON": null, "TOK_GRADE": null, "TOK_WIND": null, "TOK_PRES": null, "TOK_R50_DR": null, "TOK_R50_L": null, "TOK_R50_S": null, "TOK_R30_DR": null, "TOK_R30_L": null, "TOK_R30_S": null, "TOK_LAND": null, "CMA_LAT": null, "CMA_LON": null, "CMA_CAT": null, "CMA_WIND": null, "CMA_PRES": null, "HKO_LAT": null, "HKO_LON": null, "HKO_CAT": null, "HKO_WIND": null, "HKO_PRES": null, "KMA_LAT": null, "KMA_LON": null, "KMA_CAT": null, "KMA_WIND": null, "KMA_PRES": null, "KMA_R50_DR": null, "KMA_R50_L": null, "KMA_R50_S": null, "KMA_R30_DR": null, "KMA_R30_L": null, "KMA_R30_S": null, "NEW_LAT": null, "NEW_LON": null, "NEW_GRADE": null, "NEW_WIND": null, "NEW_PRES": null, "NEW_CI": -999.9, "NEW_DP": null, "NEW_POCI": null, "REU_LAT": null, "REU_LON": null, "REU_TYPE": null, "REU_WIND": null, "REU_PRES": null, "REU_TNUM": -999.9, "REU_CI": -999.9, "REU_RMW": null, "REU_R34_NE": null, "REU_R34_SE": null, "REU_R34_SW": null, "REU_R34_NW": null, "REU_R50_NE": null, "REU_R50_SE": null, "REU_R50_SW": null, "REU_R50_NW": null, "REU_R64_NE": null, "REU_R64_SE": null, "REU_R64_SW": null, "REU_R64_NW": null, "BOM_LAT": null, "BOM_LON": null, "BOM_TYPE": null, "BOM_WIND": null, "BOM_PRES": null, "BOM_TNUM": -999.9, "BOM_CI": -999.9, "BOM_RMW": null, "BOM_R34_NE": null, "BOM_R34_SE": null, "BOM_R34_SW": null, "BOM_R34_NW": null, "BOM_R50_NE": null, "BOM_R50_SE": null, "BOM_R50_SW": null, "BOM_R50_NW": null, "BOM_R64_NE": null, "BOM_R64_SE": null, "BOM_R64_SW": null, "BOM_R64_NW": null, "BOM_ROCI": null, "BOM_POCI": null, "BOM_EYE": null, "BOM_POS_FL": null, "BOM_PRS_FL": null, "NAD_LAT": null, "NAD_LON": null, "NAD_CAT": null, "NAD_WIND": null, "NAD_PRES": null, "WEL_LAT": null, "WEL_LON": null, "WEL_WIND": null, "WEL_PRES": null, "DS8_LAT": null, "DS8_LON": null, "DS8_STAGE": null, "DS8_WIND": null, "DS8_PRES": null, "TD6_LAT": null, "TD6_LON": null, "TD6_STAGE": null, "TD6_WIND": null, "TD6_PRES": null, "TD5_LAT": null, "TD5_LON": null, "TD5_WIND": null, "TD5_PRES": null, "TD5_ROCI": null, "NEU_LAT": null, "NEU_LON": null, "NEU_CLASS": null, "NEU_WIND": null, "NEU_PRES": null, "MLC_LAT": null, "MLC_LON": null, "MLC_CLASS": null, "MLC_WIND": null, "MLC_PRES": null, "USA_GUST": null, "BOM_GUST": null, "BOM_GUSTP": null, "REU_GUST": null, "REU_GUSTP": null, "USA_SEAHGT": 12.0, "USA_SEA_NE": 240.0, "USA_SEA_SE": 180.0, "USA_SEA_SW": 125.0, "USA_SEA_NW": 195.0, "STORM_SPD": 5, "STORM_DR": 260, "year": 2015, "month": 10, "day": 1, "hour": 15, "min": 0 }, "geometry": { "type": "LineString", "coordinates": [ [ -74.0, 23.0 ], [ -74.199951171875, 23.0 ] ] } },
{ "type": "Feature", "properties": { "SID": "2015270N27291", "SEASON": 2015, "NUMBER": 85, "BASIN": "NA", "SUBBASIN": "NA", "NAME": "JOAQUIN", "ISO_TIME": "2015-10-01 18:00:00", "NATURE": "TS", "LAT": 23.0, "LON": -74.2, "WMO_WIND": 115.0, "WMO_PRES": 936.0, "WMO_AGENCY": "hurdat_atl", "TRACK_TYPE": "main", "DIST2LAND": 218, "LANDFALL": 210, "IFLAG": "O______________", "USA_AGENCY": "hurdat_atl", "USA_ATCFID": "AL112015", "USA_LAT": 23.0, "USA_LON": -74.2, "USA_RECORD": null, "USA_STATUS": "HU", "USA_WIND": 115.0, "USA_PRES": 936.0, "USA_SSHS": 4, "USA_R34_NE": 110.0, "USA_R34_SE": 160.0, "USA_R34_SW": 130.0, "USA_R34_NW": 110.0, "USA_R50_NE": 60.0, "USA_R50_SE": 70.0, "USA_R50_SW": 50.0, "USA_R50_NW": 60.0, "USA_R64_NE": 40.0, "USA_R64_SE": 35.0, "USA_R64_SW": 35.0, "USA_R64_NW": 35.0, "USA_POCI": 1006.0, "USA_ROCI": 300.0, "USA_RMW": 15.0, "USA_EYE": null, "TOK_LAT": null, "TOK_LON": null, "TOK_GRADE": null, "TOK_WIND": null, "TOK_PRES": null, "TOK_R50_DR": null, "TOK_R50_L": null, "TOK_R50_S": null, "TOK_R30_DR": null, "TOK_R30_L": null, "TOK_R30_S": null, "TOK_LAND": null, "CMA_LAT": null, "CMA_LON": null, "CMA_CAT": null, "CMA_WIND": null, "CMA_PRES": null, "HKO_LAT": null, "HKO_LON": null, "HKO_CAT": null, "HKO_WIND": null, "HKO_PRES": null, "KMA_LAT": null, "KMA_LON": null, "KMA_CAT": null, "KMA_WIND": null, "KMA_PRES": null, "KMA_R50_DR": null, "KMA_R50_L": null, "KMA_R50_S": null, "KMA_R30_DR": null, "KMA_R30_L": null, "KMA_R30_S": null, "NEW_LAT": null, "NEW_LON": null, "NEW_GRADE": null, "NEW_WIND": null, "NEW_PRES": null, "NEW_CI": -999.9, "NEW_DP": null, "NEW_POCI": null, "REU_LAT": null, "REU_LON": null, "REU_TYPE": null, "REU_WIND": null, "REU_PRES": null, "REU_TNUM": -999.9, "REU_CI": -999.9, "REU_RMW": null, "REU_R34_NE": null, "REU_R34_SE": null, "REU_R34_SW": null, "REU_R34_NW": null, "REU_R50_NE": null, "REU_R50_SE": null, "REU_R50_SW": null, "REU_R50_NW": null, "REU_R64_NE": null, "REU_R64_SE": null, "REU_R64_SW": null, "REU_R64_NW": null, "BOM_LAT": null, "BOM_LON": null, "BOM_TYPE": null, "BOM_WIND": null, "BOM_PRES": null, "BOM_TNUM": -999.9, "BOM_CI": -999.9, "BOM_RMW": null, "BOM_R34_NE": null, "BOM_R34_SE": null, "BOM_R34_SW": null, "BOM_R34_NW": null, "BOM_R50_NE": null, "BOM_R50_SE": null, "BOM_R50_SW": null, "BOM_R50_NW": null, "BOM_R64_NE": null, "BOM_R64_SE": null, "BOM_R64_SW": null, "BOM_R64_NW": null, "BOM_ROCI": null, "BOM_POCI": null, "BOM_EYE": null, "BOM_POS_FL": null, "BOM_PRS_FL": null, "NAD_LAT": null, "NAD_LON": null, "NAD_CAT": null, "NAD_WIND": null, "NAD_PRES": null, "WEL_LAT": null, "WEL_LON": null, "WEL_WIND": null, "WEL_PRES": null, "DS8_LAT": null, "DS8_LON": null, "DS8_STAGE": null, "DS8_WIND": null, "DS8_PRES": null, "TD6_LAT": null, "TD6_LON": null, "TD6_STAGE": null, "TD6_WIND": null, "TD6_PRES": null, "TD5_LAT": null, "TD5_LON": null, "TD5_WIND": null, "TD5_PRES": null, "TD5_ROCI": null, "NEU_LAT": null, "NEU_LON": null, "NEU_CLASS": null, "NEU_WIND": null, "NEU_PRES": null, "MLC_LAT": null, "MLC_LON": null, "MLC_CLASS": null, "MLC_WIND": null, "MLC_PRES": null, "USA_GUST": 140.0, "BOM_GUST": null, "BOM_GUSTP": null, "REU_GUST": null, "REU_GUSTP": null, "USA_SEAHGT": 12.0, "USA_SEA_NE": 260.0, "USA_SEA_SE": 180.0, "USA_SEA_SW": 150.0, "USA_SEA_NW": 210.0, "STORM_SPD": 3, "STORM_DR": 255, "year": 2015, "month": 10, "day": 1, "hour": 18, "min": 0 }, "geometry": { "type": "LineString", "coordinates": [ [ -74.199951171875, 23.0 ], [ -74.300048828125, 22.899999618530273 ] ] } },
{ "type": "Feature", "properties": { "SID": "2015270N27291", "SEASON": 2015, "NUMBER": 85, "BASIN": "NA", "SUBBASIN": "NA", "NAME": "JOAQUIN", "ISO_TIME": "2015-10-01 21:00:00", "NATURE": "TS", "LAT": 22.9, "LON": -74.3, "WMO_WIND": 0.0, "WMO_PRES": null, "WMO_AGENCY": null, "TRACK_TYPE": "main", "DIST2LAND": 210, "LANDFALL": 210, "IFLAG": "P______________", "USA_AGENCY": null, "USA_ATCFID": "AL112015", "USA_LAT": 22.9, "USA_LON": -74.3, "USA_RECORD": null, "USA_STATUS": "HU", "USA_WIND": 118.0, "USA_PRES": 934.0, "USA_SSHS": 4, "USA_R34_NE": 115.0, "USA_R34_SE": 165.0, "USA_R34_SW": 130.0, "USA_R34_NW": 115.0, "USA_R50_NE": 65.0, "USA_R50_SE": 70.0, "USA_R50_SW": 55.0, "USA_R50_NW": 65.0, "USA_R64_NE": 40.0, "USA_R64_SE": 35.0, "USA_R64_SW": 38.0, "USA_R64_NW": 38.0, "USA_POCI": 1006.0, "USA_ROCI": 338.0, "USA_RMW": 18.0, "USA_EYE": null, "TOK_LAT": null, "TOK_LON": null, "TOK_GRADE": null, "TOK_WIND": null, "TOK_PRES": null, "TOK_R50_DR": null, "TOK_R50_L": null, "TOK_R50_S": null, "TOK_R30_DR": null, "TOK_R30_L": null, "TOK_R30_S": null, "TOK_LAND": null, "CMA_LAT": null, "CMA_LON": null, "CMA_CAT": null, "CMA_WIND": null, "CMA_PRES": null, "HKO_LAT": null, "HKO_LON": null, "HKO_CAT": null, "HKO_WIND": null, "HKO_PRES": null, "KMA_LAT": null, "KMA_LON": null, "KMA_CAT": null, "KMA_WIND": null, "KMA_PRES": null, "KMA_R50_DR": null, "KMA_R50_L": null, "KMA_R50_S": null, "KMA_R30_DR": null, "KMA_R30_L": null, "KMA_R30_S": null, "NEW_LAT": null, "NEW_LON": null, "NEW_GRADE": null, "NEW_WIND": null, "NEW_PRES": null, "NEW_CI": -999.9, "NEW_DP": null, "NEW_POCI": null, "REU_LAT": null, "REU_LON": null, "REU_TYPE": null, "REU_WIND": null, "REU_PRES": null, "REU_TNUM": -999.9, "REU_CI": -999.9, "REU_RMW": null, "REU_R34_NE": null, "REU_R34_SE": null, "REU_R34_SW": null, "REU_R34_NW": null, "REU_R50_NE": null, "REU_R50_SE": null, "REU_R50_SW": null, "REU_R50_NW": null, "REU_R64_NE": null, "REU_R64_SE": null, "REU_R64_SW": null, "REU_R64_NW": null, "BOM_LAT": null, "BOM_LON": null, "BOM_TYPE": null, "BOM_WIND": null, "BOM_PRES": null, "BOM_TNUM": -999.9, "BOM_CI": -999.9, "BOM_RMW": null, "BOM_R34_NE": null, "BOM_R34_SE": null, "BOM_R34_SW": null, "BOM_R34_NW": null, "BOM_R50_NE": null, "BOM_R50_SE": null, "BOM_R50_SW": null, "BOM_R50_NW": null, "BOM_R64_NE": null, "BOM_R64_SE": null, "BOM_R64_SW": null, "BOM_R64_NW": null, "BOM_ROCI": null, "BOM_POCI": null, "BOM_EYE": null, "BOM_POS_FL": null, "BOM_PRS_FL": null, "NAD_LAT": null, "NAD_LON": null, "NAD_CAT": null, "NAD_WIND": null, "NAD_PRES": null, "WEL_LAT": null, "WEL_LON": null, "WEL_WIND": null, "WEL_PRES": null, "DS8_LAT": null, "DS8_LON": null, "DS8_STAGE": null, "DS8_WIND": null, "DS8_PRES": null, "TD6_LAT": null, "TD6_LON": null, "TD6_STAGE": null, "TD6_WIND": null, "TD6_PRES": null, "TD5_LAT": null, "TD5_LON": null, "TD5_WIND": null, "TD5_PRES": null, "TD5_ROCI": null, "NEU_LAT": null, "NEU_LON": null, "NEU_CLASS": null, "NEU_WIND": null, "NEU_PRES": null, "MLC_LAT": null, "MLC_LON": null, "MLC_CLASS": null, "MLC_WIND": null, "MLC_PRES": null, "USA_GUST": null, "BOM_GUST": null, "BOM_GUSTP": null, "REU_GUST": null, "REU_GUSTP": null, "USA_SEAHGT": 12.0, "USA_SEA_NE": 265.0, "USA_SEA_SE": 180.0, "USA_SEA_SW": 150.0, "USA_SEA_NW": 210.0, "STORM_SPD": 2, "STORM_DR": 240, "year": 2015, "month": 10, "day": 1, "hour": 21, "min": 0 }, "geometry": { "type": "LineString", "coordinates": [ [ -74.300048828125, 22.899999618530273 ], [ -74.4000244140625, 22.899999618530273 ] ] } },
{ "type": "Feature", "properties": { "SID": "2015270N27291", "SEASON": 2015, "NUMBER": 85, "BASIN": "NA", "SUBBASIN": "NA", "NAME": "JOAQUIN", "ISO_TIME": "2015-10-02 00:00:00", "NATURE": "TS", "LAT": 22.9, "LON": -74.4, "WMO_WIND": 120.0, "WMO_PRES": 931.0, "WMO_AGENCY": "hurdat_atl", "TRACK_TYPE": "main", "DIST2LAND": 213, "LANDFALL": 213, "IFLAG": "O______________", "USA_AGENCY": "hurdat_atl", "USA_ATCFID": "AL112015", "USA_LAT": 22.9, "USA_LON": -74.4, "USA_RECORD": null, "USA_STATUS": "HU", "USA_WIND": 120.0, "USA_PRES": 931.0, "USA_SSHS": 4, "USA_R34_NE": 120.0, "USA_R34_SE": 170.0, "USA_R34_SW": 130.0, "USA_R34_NW": 120.0, "USA_R50_NE": 70.0, "USA_R50_SE": 70.0, "USA_R50_SW": 60.0, "USA_R50_NW": 70.0, "USA_R64_NE": 40.0, "USA_R64_SE": 35.0, "USA_R64_SW": 40.0, "USA_R64_NW": 40.0, "USA_POCI": 1006.0, "USA_ROCI": 375.0, "USA_RMW": 20.0, "USA_EYE": null, "TOK_LAT": null, "TOK_LON": null, "TOK_GRADE": null, "TOK_WIND": null, "TOK_PRES": null, "TOK_R50_DR": null, "TOK_R50_L": null, "TOK_R50_S": null, "TOK_R30_DR": null, "TOK_R30_L": null, "TOK_R30_S": null, "TOK_LAND": null, "CMA_LAT": null, "CMA_LON": null, "CMA_CAT": null, "CMA_WIND": null, "CMA_PRES": null, "HKO_LAT": null, "HKO_LON": null, "HKO_CAT": null, "HKO_WIND": null, "HKO_PRES": null, "KMA_LAT": null, "KMA_LON": null, "KMA_CAT": null, "KMA_WIND": null, "KMA_PRES": null, "KMA_R50_DR": null, "KMA_R50_L": null, "KMA_R50_S": null, "KMA_R30_DR": null, "KMA_R30_L": null, "KMA_R30_S": null, "NEW_LAT": null, "NEW_LON": null, "NEW_GRADE": null, "NEW_WIND": null, "NEW_PRES": null, "NEW_CI": -999.9, "NEW_DP": null, "NEW_POCI": null, "REU_LAT": null, "REU_LON": null, "REU_TYPE": null, "REU_WIND": null, "REU_PRES": null, "REU_TNUM": -999.9, "REU_CI": -999.9, "REU_RMW": null, "REU_R34_NE": null, "REU_R34_SE": null, "REU_R34_SW": null, "REU_R34_NW": null, "REU_R50_NE": null, "REU_R50_SE": null, "REU_R50_SW": null, "REU_R50_NW": null, "REU_R64_NE": null, "REU_R64_SE": null, "REU_R64_SW": null, "REU_R64_NW": null, "BOM_LAT": null, "BOM_LON": null, "BOM_TYPE": null, "BOM_WIND": null, "BOM_PRES": null, "BOM_TNUM": -999.9, "BOM_CI": -999.9, "BOM_RMW": null, "BOM_R34_NE": null, "BOM_R34_SE": null, "BOM_R34_SW": null, "BOM_R34_NW": null, "BOM_R50_NE": null, "BOM_R50_SE": null, "BOM_R50_SW": null, "BOM_R50_NW": null, "BOM_R64_NE": null, "BOM_R64_SE": null, "BOM_R64_SW": null, "BOM_R64_NW": null, "BOM_ROCI": null, "BOM_POCI": null, "BOM_EYE": null, "BOM_POS_FL": null, "BOM_PRS_FL": null, "NAD_LAT": null, "NAD_LON": null, "NAD_CAT": null, "NAD_WIND": null, "NAD_PRES": null, "WEL_LAT": null, "WEL_LON": null, "WEL_WIND": null, "WEL_PRES": null, "DS8_LAT": null, "DS8_LON": null, "DS8_STAGE": null, "DS8_WIND": null, "DS8_PRES": null, "TD6_LAT": null, "TD6_LON": null, "TD6_STAGE": null, "TD6_WIND": null, "TD6_PRES": null, "TD5_LAT": null, "TD5_LON": null, "TD5_WIND": null, "TD5_PRES": null, "TD5_ROCI": null, "NEU_LAT": null, "NEU_LON": null, "NEU_CLASS": null, "NEU_WIND": null, "NEU_PRES": null, "MLC_LAT": null, "MLC_LON": null, "MLC_CLASS": null, "MLC_WIND": null, "MLC_PRES": null, "USA_GUST": 140.0, "BOM_GUST": null, "BOM_GUSTP": null, "REU_GUST": null, "REU_GUSTP": null, "USA_SEAHGT": 12.0, "USA_SEA_NE": 270.0, "USA_SEA_SE": 180.0, "USA_SEA_SW": 150.0, "USA_SEA_NW": 210.0, "STORM_SPD": 2, "STORM_DR": 265, "year": 2015, "month": 10, "day": 2, "hour": 0, "min": 0 }, "geometry": { "type": "LineString", "coordinates": [ [ -74.4000244140625, 22.899999618530273 ], [ -74.5999755859375, 22.899999618530273 ] ] } },
{ "type": "Feature", "properties": { "SID": "2015270N27291", "SEASON": 2015, "NUMBER": 85, "BASIN": "NA", "SUBBASIN": "NA", "NAME": "JOAQUIN", "ISO_TIME": "2015-10-02 03:00:00", "NATURE": "TS", "LAT": 22.9, "LON": -74.6, "WMO_WIND": 0.0, "WMO_PRES": null, "WMO_AGENCY": null, "TRACK_TYPE": "main", "DIST2LAND": 221, "LANDFALL": 221, "IFLAG": "P______________", "USA_AGENCY": null, "USA_ATCFID": "AL112015", "USA_LAT": 22.9, "USA_LON": -74.6, "USA_RECORD": null, "USA_STATUS": "HU", "USA_WIND": 120.0, "USA_PRES": 933.0, "USA_SSHS": 4, "USA_R34_NE": 120.0, "USA_R34_SE": 175.0, "USA_R34_SW": 135.0, "USA_R34_NW": 120.0, "USA_R50_NE": 75.0, "USA_R50_SE": 75.0, "USA_R50_SW": 60.0, "USA_R50_NW": 70.0, "USA_R64_NE": 43.0, "USA_R64_SE": 38.0, "USA_R64_SW": 40.0, "USA_R64_NW": 40.0, "USA_POCI": 1006.0, "USA_ROCI": 368.0, "USA_RMW": 20.0, "USA_EYE": null, "TOK_LAT": null, "TOK_LON": null, "TOK_GRADE": null, "TOK_WIND": null, "TOK_PRES": null, "TOK_R50_DR": null, "TOK_R50_L": null, "TOK_R50_S": null, "TOK_R30_DR": null, "TOK_R30_L": null, "TOK_R30_S": null, "TOK_LAND": null, "CMA_LAT": null, "CMA_LON": null, "CMA_CAT": null, "CMA_WIND": null, "CMA_PRES": null, "HKO_LAT": null, "HKO_LON": null, "HKO_CAT": null, "HKO_WIND": null, "HKO_PRES": null, "KMA_LAT": null, "KMA_LON": null, "KMA_CAT": null, "KMA_WIND": null, "KMA_PRES": null, "KMA_R50_DR": null, "KMA_R50_L": null, "KMA_R50_S": null, "KMA_R30_DR": null, "KMA_R30_L": null, "KMA_R30_S": null, "NEW_LAT": null, "NEW_LON": null, "NEW_GRADE": null, "NEW_WIND": null, "NEW_PRES": null, "NEW_CI": -999.9, "NEW_DP": null, "NEW_POCI": null, "REU_LAT": null, "REU_LON": null, "REU_TYPE": null, "REU_WIND": null, "REU_PRES": null, "REU_TNUM": -999.9, "REU_CI": -999.9, "REU_RMW": null, "REU_R34_NE": null, "REU_R34_SE": null, "REU_R34_SW": null, "REU_R34_NW": null, "REU_R50_NE": null, "REU_R50_SE": null, "REU_R50_SW": null, "REU_R50_NW": null, "REU_R64_NE": null, "REU_R64_SE": null, "REU_R64_SW": null, "REU_R64_NW": null, "BOM_LAT": null, "BOM_LON": null, "BOM_TYPE": null, "BOM_WIND": null, "BOM_PRES": null, "BOM_TNUM": -999.9, "BOM_CI": -999.9, "BOM_RMW": null, "BOM_R34_NE": null, "BOM_R34_SE": null, "BOM_R34_SW": null, "BOM_R34_NW": null, "BOM_R50_NE": null, "BOM_R50_SE": null, "BOM_R50_SW": null, "BOM_R50_NW": null, "BOM_R64_NE": null, "BOM_R64_SE": null, "BOM_R64_SW": null, "BOM_R64_NW": null, "BOM_ROCI": null, "BOM_POCI": null, "BOM_EYE": null, "BOM_POS_FL": null, "BOM_PRS_FL": null, "NAD_LAT": null, "NAD_LON": null, "NAD_CAT": null, "NAD_WIND": null, "NAD_PRES": null, "WEL_LAT": null, "WEL_LON": null, "WEL_WIND": null, "WEL_PRES": null, "DS8_LAT": null, "DS8_LON": null, "DS8_STAGE": null, "DS8_WIND": null, "DS8_PRES": null, "TD6_LAT": null, "TD6_LON": null, "TD6_STAGE": null, "TD6_WIND": null, "TD6_PRES": null, "TD5_LAT": null, "TD5_LON": null, "TD5_WIND": null, "TD5_PRES": null, "TD5_ROCI": null, "NEU_LAT": null, "NEU_LON": null, "NEU_CLASS": null, "NEU_WIND": null, "NEU_PRES": null, "MLC_LAT": null, "MLC_LON": null, "MLC_CLASS": null, "MLC_WIND": null, "MLC_PRES": null, "USA_GUST": null, "BOM_GUST": null, "BOM_GUSTP": null, "REU_GUST": null, "REU_GUSTP": null, "USA_SEAHGT": 12.0, "USA_SEA_NE": 285.0, "USA_SEA_SE": 165.0, "USA_SEA_SW": 150.0, "USA_SEA_NW": 210.0, "STORM_SPD": 3, "STORM_DR": 290, "year": 2015, "month": 10, "day": 2, "hour": 3, "min": 0 }, "geometry": { "type": "LineString", "coordinates": [ [ -74.5999755859375, 22.899999618530273 ], [ -74.699951171875, 23.0 ] ] } },
{ "type": "Feature", "properties": { "SID": "2015270N27291", "SEASON": 2015, "NUMBER": 85, "BASIN": "NA", "SUBBASIN": "NA", "NAME": "JOAQUIN", "ISO_TIME": "2015-10-02 06:00:00", "NATURE": "TS", "LAT": 23.0, "LON": -74.7, "WMO_WIND": 120.0, "WMO_PRES": 935.0, "WMO_AGENCY": "hurdat_atl", "TRACK_TYPE": "main", "DIST2LAND": 236, "LANDFALL": 236, "IFLAG": "O______________", "USA_AGENCY": "hurdat_atl", "USA_ATCFID": "AL112015", "USA_LAT": 23.0, "USA_LON": -74.7, "USA_RECORD": null, "USA_STATUS": "HU", "USA_WIND": 120.0, "USA_PRES": 935.0, "USA_SSHS": 4, "USA_R34_NE": 120.0, "USA_R34_SE": 180.0, "USA_R34_SW": 140.0, "USA_R34_NW": 120.0, "USA_R50_NE": 80.0, "USA_R50_SE": 80.0, "USA_R50_SW": 60.0, "USA_R50_NW": 70.0, "USA_R64_NE": 45.0, "USA_R64_SE": 40.0, "USA_R64_SW": 40.0, "USA_R64_NW": 40.0, "USA_POCI": 1005.0, "USA_ROCI": 360.0, "USA_RMW": 20.0, "USA_EYE": null, "TOK_LAT": null, "TOK_LON": null, "TOK_GRADE": null, "TOK_WIND": null, "TOK_PRES": null, "TOK_R50_DR": null, "TOK_R50_L": null, "TOK_R50_S": null, "TOK_R30_DR": null, "TOK_R30_L": null, "TOK_R30_S": null, "TOK_LAND": null, "CMA_LAT": null, "CMA_LON": null, "CMA_CAT": null, "CMA_WIND": null, "CMA_PRES": null, "HKO_LAT": null, "HKO_LON": null, "HKO_CAT": null, "HKO_WIND": null, "HKO_PRES": null, "KMA_LAT": null, "KMA_LON": null, "KMA_CAT": null, "KMA_WIND": null, "KMA_PRES": null, "KMA_R50_DR": null, "KMA_R50_L": null, "KMA_R50_S": null, "KMA_R30_DR": null, "KMA_R30_L": null, "KMA_R30_S": null, "NEW_LAT": null, "NEW_LON": null, "NEW_GRADE": null, "NEW_WIND": null, "NEW_PRES": null, "NEW_CI": -999.9, "NEW_DP": null, "NEW_POCI": null, "REU_LAT": null, "REU_LON": null, "REU_TYPE": null, "REU_WIND": null, "REU_PRES": null, "REU_TNUM": -999.9, "REU_CI": -999.9, "REU_RMW": null, "REU_R34_NE": null, "REU_R34_SE": null, "REU_R34_SW": null, "REU_R34_NW": null, "REU_R50_NE": null, "REU_R50_SE": null, "REU_R50_SW": null, "REU_R50_NW": null, "REU_R64_NE": null, "REU_R64_SE": null, "REU_R64_SW": null, "REU_R64_NW": null, "BOM_LAT": null, "BOM_LON": null, "BOM_TYPE": null, "BOM_WIND": null, "BOM_PRES": null, "BOM_TNUM": -999.9, "BOM_CI": -999.9, "BOM_RMW": null, "BOM_R34_NE": null, "BOM_R34_SE": null, "BOM_R34_SW": null, "BOM_R34_NW": null, "BOM_R50_NE": null, "BOM_R50_SE": null, "BOM_R50_SW": null, "BOM_R50_NW": null, "BOM_R64_NE": null, "BOM_R64_SE": null, "BOM_R64_SW": null, "BOM_R64_NW": null, "BOM_ROCI": null, "BOM_POCI": null, "BOM_EYE": null, "BOM_POS_FL": null, "BOM_PRS_FL": null, "NAD_LAT": null, "NAD_LON": null, "NAD_CAT": null, "NAD_WIND": null, "NAD_PRES": null, "WEL_LAT": null, "WEL_LON": null, "WEL_WIND": null, "WEL_PRES": null, "DS8_LAT": null, "DS8_LON": null, "DS8_STAGE": null, "DS8_WIND": null, "DS8_PRES": null, "TD6_LAT": null, "TD6_LON": null, "TD6_STAGE": null, "TD6_WIND": null, "TD6_PRES": null, "TD5_LAT": null, "TD5_LON": null, "TD5_WIND": null, "TD5_PRES": null, "TD5_ROCI": null, "NEU_LAT": null, "NEU_LON": null, "NEU_CLASS": null, "NEU_WIND": null, "NEU_PRES": null, "MLC_LAT": null, "MLC_LON": null, "MLC_CLASS": null, "MLC_WIND": null, "MLC_PRES": null, "USA_GUST": 140.0, "BOM_GUST": null, "BOM_GUSTP": null, "REU_GUST": null, "REU_GUSTP": null, "USA_SEAHGT": 12.0, "USA_SEA_NE": 300.0, "USA_SEA_SE": 150.0, "USA_SEA_SW": 150.0, "USA_SEA_NW": 210.0, "STORM_SPD": 3, "STORM_DR": 325, "year": 2015, "month": 10, "day": 2, "hour": 6, "min": 0 }, "geometry": { "type": "LineString", "coordinates": [ [ -74.699951171875, 23.0 ], [ -74.800048828125, 23.200000762939453 ] ] } },
{ "type": "Feature", "properties": { "SID": "2015270N27291", "SEASON": 2015, "NUMBER": 85, "BASIN": "NA", "SUBBASIN": "NA", "NAME": "JOAQUIN", "ISO_TIME": "2015-10-02 09:00:00", "NATURE": "TS", "LAT": 23.2, "LON": -74.8, "WMO_WIND": 0.0, "WMO_PRES": null, "WMO_AGENCY": null, "TRACK_TYPE": "main", "DIST2LAND": 259, "LANDFALL": 259, "IFLAG": "P______________", "USA_AGENCY": null, "USA_ATCFID": "AL112015", "USA_LAT": 23.2, "USA_LON": -74.8, "USA_RECORD": null, "USA_STATUS": "HU", "USA_WIND": 118.0, "USA_PRES": 936.0, "USA_SSHS": 4, "USA_R34_NE": 125.0, "USA_R34_SE": 180.0, "USA_R34_SW": 140.0, "USA_R34_NW": 120.0, "USA_R50_NE": 80.0, "USA_R50_SE": 80.0, "USA_R50_SW": 65.0, "USA_R50_NW": 70.0, "USA_R64_NE": 45.0, "USA_R64_SE": 43.0, "USA_R64_SW": 43.0, "USA_R64_NW": 43.0, "USA_POCI": 1005.0, "USA_ROCI": 360.0, "USA_RMW": 18.0, "USA_EYE": null, "TOK_LAT": null, "TOK_LON": null, "TOK_GRADE": null, "TOK_WIND": null, "TOK_PRES": null, "TOK_R50_DR": null, "TOK_R50_L": null, "TOK_R50_S": null, "TOK_R30_DR": null, "TOK_R30_L": null, "TOK_R30_S": null, "TOK_LAND": null, "CMA_LAT": null, "CMA_LON": null, "CMA_CAT": null, "CMA_WIND": null, "CMA_PRES": null, "HKO_LAT": null, "HKO_LON": null, "HKO_CAT": null, "HKO_WIND": null, "HKO_PRES": null, "KMA_LAT": null, "KMA_LON": null, "KMA_CAT": null, "KMA_WIND": null, "KMA_PRES": null, "KMA_R50_DR": null, "KMA_R50_L": null, "KMA_R50_S": null, "KMA_R30_DR": null, "KMA_R30_L": null, "KMA_R30_S": null, "NEW_LAT": null, "NEW_LON": null, "NEW_GRADE": null, "NEW_WIND": null, "NEW_PRES": null, "NEW_CI": -999.9, "NEW_DP": null, "NEW_POCI": null, "REU_LAT": null, "REU_LON": null, "REU_TYPE": null, "REU_WIND": null, "REU_PRES": null, "REU_TNUM": -999.9, "REU_CI": -999.9, "REU_RMW": null, "REU_R34_NE": null, "REU_R34_SE": null, "REU_R34_SW": null, "REU_R34_NW": null, "REU_R50_NE": null, "REU_R50_SE": null, "REU_R50_SW": null, "REU_R50_NW": null, "REU_R64_NE": null, "REU_R64_SE": null, "REU_R64_SW": null, "REU_R64_NW": null, "BOM_LAT": null, "BOM_LON": null, "BOM_TYPE": null, "BOM_WIND": null, "BOM_PRES": null, "BOM_TNUM": -999.9, "BOM_CI": -999.9, "BOM_RMW": null, "BOM_R34_NE": null, "BOM_R34_SE": null, "BOM_R34_SW": null, "BOM_R34_NW": null, "BOM_R50_NE": null, "BOM_R50_SE": null, "BOM_R50_SW": null, "BOM_R50_NW": null, "BOM_R64_NE": null, "BOM_R64_SE": null, "BOM_R64_SW": null, "BOM_R64_NW": null, "BOM_ROCI": null, "BOM_POCI": null, "BOM_EYE": null, "BOM_POS_FL": null, "BOM_PRS_FL": null, "NAD_LAT": null, "NAD_LON": null, "NAD_CAT": null, "NAD_WIND": null, "NAD_PRES": null, "WEL_LAT": null, "WEL_LON": null, "WEL_WIND": null, "WEL_PRES": null, "DS8_LAT": null, "DS8_LON": null, "DS8_STAGE": null, "DS8_WIND": null, "DS8_PRES": null, "TD6_LAT": null, "TD6_LON": null, "TD6_STAGE": null, "TD6_WIND": null, "TD6_PRES": null, "TD5_LAT": null, "TD5_LON": null, "TD5_WIND": null, "TD5_PRES": null, "TD5_ROCI": null, "NEU_LAT": null, "NEU_LON": null, "NEU_CLASS": null, "NEU_WIND": null, "NEU_PRES": null, "MLC_LAT": null, "MLC_LON": null, "MLC_CLASS": null, "MLC_WIND": null, "MLC_PRES": null, "USA_GUST": null, "BOM_GUST": null, "BOM_GUSTP": null, "REU_GUST": null, "REU_GUSTP": null, "USA_SEAHGT": 12.0, "USA_SEA_NE": 350.0, "USA_SEA_SE": 150.0, "USA_SEA_SW": 135.0, "USA_SEA_NW": 255.0, "STORM_SPD": 4, "STORM_DR": 350, "year": 2015, "month": 10, "day": 2, "hour": 9, "min": 0 }, "geometry": { "type": "LineString", "coordinates": [ [ -74.800048828125, 23.200000762939453 ], [ -74.800048828125, 23.399999618530273 ] ] } },
{ "type": "Feature", "properties": { "SID": "2015270N27291", "SEASON": 2015, "NUMBER": 85, "BASIN": "NA", "SUBBASIN": "NA", "NAME": "JOAQUIN", "ISO_TIME": "2015-10-02 12:00:00", "NATURE": "TS", "LAT": 23.4, "LON": -74.8, "WMO_WIND": 115.0, "WMO_PRES": 937.0, "WMO_AGENCY": "hurdat_atl", "TRACK_TYPE": "main", "DIST2LAND": 280, "LANDFALL": 280, "IFLAG": "O______________", "USA_AGENCY": "hurdat_atl", "USA_ATCFID": "AL112015", "USA_LAT": 23.4, "USA_LON": -74.8, "USA_RECORD": null, "USA_STATUS": "HU", "USA_WIND": 115.0, "USA_PRES": 937.0, "USA_SSHS": 4, "USA_R34_NE": 130.0, "USA_R34_SE": 180.0, "USA_R34_SW": 140.0, "USA_R34_NW": 120.0, "USA_R50_NE": 80.0, "USA_R50_SE": 80.0, "USA_R50_SW": 70.0, "USA_R50_NW": 70.0, "USA_R64_NE": 45.0, "USA_R64_SE": 45.0, "USA_R64_SW": 45.0, "USA_R64_NW": 45.0, "USA_POCI": 1005.0, "USA_ROCI": 360.0, "USA_RMW": 15.0, "USA_EYE": null, "TOK_LAT": null, "TOK_LON": null, "TOK_GRADE": null, "TOK_WIND": null, "TOK_PRES": null, "TOK_R50_DR": null, "TOK_R50_L": null, "TOK_R50_S": null, "TOK_R30_DR": null, "TOK_R30_L": null, "TOK_R30_S": null, "TOK_LAND": null, "CMA_LAT": null, "CMA_LON": null, "CMA_CAT": null, "CMA_WIND": null, "CMA_PRES": null, "HKO_LAT": null, "HKO_LON": null, "HKO_CAT": null, "HKO_WIND": null, "HKO_PRES": null, "KMA_LAT": null, "KMA_LON": null, "KMA_CAT": null, "KMA_WIND": null, "KMA_PRES": null, "KMA_R50_DR": null, "KMA_R50_L": null, "KMA_R50_S": null, "KMA_R30_DR": null, "KMA_R30_L": null, "KMA_R30_S": null, "NEW_LAT": null, "NEW_LON": null, "NEW_GRADE": null, "NEW_WIND": null, "NEW_PRES": null, "NEW_CI": -999.9, "NEW_DP": null, "NEW_POCI": null, "REU_LAT": null, "REU_LON": null, "REU_TYPE": null, "REU_WIND": null, "REU_PRES": null, "REU_TNUM": -999.9, "REU_CI": -999.9, "REU_RMW": null, "REU_R34_NE": null, "REU_R34_SE": null, "REU_R34_SW": null, "REU_R34_NW": null, "REU_R50_NE": null, "REU_R50_SE": null, "REU_R50_SW": null, "REU_R50_NW": null, "REU_R64_NE": null, "REU_R64_SE": null, "REU_R64_SW": null, "REU_R64_NW": null, "BOM_LAT": null, "BOM_LON": null, "BOM_TYPE": null, "BOM_WIND": null, "BOM_PRES": null, "BOM_TNUM": -999.9, "BOM_CI": -999.9, "BOM_RMW": null, "BOM_R34_NE": null, "BOM_R34_SE": null, "BOM_R34_SW": null, "BOM_R34_NW": null, "BOM_R50_NE": null, "BOM_R50_SE": null, "BOM_R50_SW": null, "BOM_R50_NW": null, "BOM_R64_NE": null, "BOM_R64_SE": null, "BOM_R64_SW": null, "BOM_R64_NW": null, "BOM_ROCI": null, "BOM_POCI": null, "BOM_EYE": null, "BOM_POS_FL": null, "BOM_PRS_FL": null, "NAD_LAT": null, "NAD_LON": null, "NAD_CAT": null, "NAD_WIND": null, "NAD_PRES": null, "WEL_LAT": null, "WEL_LON": null, "WEL_WIND": null, "WEL_PRES": null, "DS8_LAT": null, "DS8_LON": null, "DS8_STAGE": null, "DS8_WIND": null, "DS8_PRES": null, "TD6_LAT": null, "TD6_LON": null, "TD6_STAGE": null, "TD6_WIND": null, "TD6_PRES": null, "TD5_LAT": null, "TD5_LON": null, "TD5_WIND": null, "TD5_PRES": null, "TD5_ROCI": null, "NEU_LAT": null, "NEU_LON": null, "NEU_CLASS": null, "NEU_WIND": null, "NEU_PRES": null, "MLC_LAT": null, "MLC_LON": null, "MLC_CLASS": null, "MLC_WIND": null, "MLC_PRES": null, "USA_GUST": 140.0, "BOM_GUST": null, "BOM_GUSTP": null, "REU_GUST": null, "REU_GUSTP": null, "USA_SEAHGT": 12.0, "USA_SEA_NE": 400.0, "USA_SEA_SE": 150.0, "USA_SEA_SW": 120.0, "USA_SEA_NW": 300.0, "STORM_SPD": 3, "STORM_DR": 350, "year": 2015, "month": 10, "day": 2, "hour": 12, "min": 0 }, "geometry": { "type": "LineString", "coordinates": [ [ -74.800048828125, 23.399999618530273 ], [ -74.800048828125, 23.5 ] ] } },
{ "type": "Feature", "properties": { "SID": "2015270N27291", "SEASON": 2015, "NUMBER": 85, "BASIN": "NA", "SUBBASIN": "NA", "NAME": "JOAQUIN", "ISO_TIME": "2015-10-02 15:00:00", "NATURE": "TS", "LAT": 23.5, "LON": -74.8, "WMO_WIND": 0.0, "WMO_PRES": null, "WMO_AGENCY": null, "TRACK_TYPE": "main", "DIST2LAND": 291, "LANDFALL": 291, "IFLAG": "P______________", "USA_AGENCY": null, "USA_ATCFID": "AL112015", "USA_LAT": 23.5, "USA_LON": -74.8, "USA_RECORD": null, "USA_STATUS": "HU", "USA_WIND": 111.0, "USA_PRES": 939.0, "USA_SSHS": 3, "USA_R34_NE": 130.0, "USA_R34_SE": 180.0, "USA_R34_SW": 140.0, "USA_R34_NW": 120.0, "USA_R50_NE": 80.0, "USA_R50_SE": 80.0, "USA_R50_SW": 70.0, "USA_R50_NW": 70.0, "USA_R64_NE": 45.0, "USA_R64_SE": 45.0, "USA_R64_SW": 45.0, "USA_R64_NW": 45.0, "USA_POCI": 1005.0, "USA_ROCI": 360.0, "USA_RMW": 15.0, "USA_EYE": null, "TOK_LAT": null, "TOK_LON": null, "TOK_GRADE": null, "TOK_WIND": null, "TOK_PRES": null, "TOK_R50_DR": null, "TOK_R50_L": null, "TOK_R50_S": null, "TOK_R30_DR": null, "TOK_R30_L": null, "TOK_R30_S": null, "TOK_LAND": null, "CMA_LAT": null, "CMA_LON": null, "CMA_CAT": null, "CMA_WIND": null, "CMA_PRES": null, "HKO_LAT": null, "HKO_LON": null, "HKO_CAT": null, "HKO_WIND": null, "HKO_PRES": null, "KMA_LAT": null, "KMA_LON": null, "KMA_CAT": null, "KMA_WIND": null, "KMA_PRES": null, "KMA_R50_DR": null, "KMA_R50_L": null, "KMA_R50_S": null, "KMA_R30_DR": null, "KMA_R30_L": null, "KMA_R30_S": null, "NEW_LAT": null, "NEW_LON": null, "NEW_GRADE": null, "NEW_WIND": null, "NEW_PRES": null, "NEW_CI": -999.9, "NEW_DP": null, "NEW_POCI": null, "REU_LAT": null, "REU_LON": null, "REU_TYPE": null, "REU_WIND": null, "REU_PRES": null, "REU_TNUM": -999.9, "REU_CI": -999.9, "REU_RMW": null, "REU_R34_NE": null, "REU_R34_SE": null, "REU_R34_SW": null, "REU_R34_NW": null, "REU_R50_NE": null, "REU_R50_SE": null, "REU_R50_SW": null, "REU_R50_NW": null, "REU_R64_NE": null, "REU_R64_SE": null, "REU_R64_SW": null, "REU_R64_NW": null, "BOM_LAT": null, "BOM_LON": null, "BOM_TYPE": null, "BOM_WIND": null, "BOM_PRES": null, "BOM_TNUM": -999.9, "BOM_CI": -999.9, "BOM_RMW": null, "BOM_R34_NE": null, "BOM_R34_SE": null, "BOM_R34_SW": null, "BOM_R34_NW": null, "BOM_R50_NE": null, "BOM_R50_SE": null, "BOM_R50_SW": null, "BOM_R50_NW": null, "BOM_R64_NE": null, "BOM_R64_SE": null, "BOM_R64_SW": null, "BOM_R64_NW": null, "BOM_ROCI": null, "BOM_POCI": null, "BOM_EYE": null, "BOM_POS_FL": null, "BOM_PRS_FL": null, "NAD_LAT": null, "NAD_LON": null, "NAD_CAT": null, "NAD_WIND": null, "NAD_PRES": null, "WEL_LAT": null, "WEL_LON": null, "WEL_WIND": null, "WEL_PRES": null, "DS8_LAT": null, "DS8_LON": null, "DS8_STAGE": null, "DS8_WIND": null, "DS8_PRES": null, "TD6_LAT": null, "TD6_LON": null, "TD6_STAGE": null, "TD6_WIND": null, "TD6_PRES": null, "TD5_LAT": null, "TD5_LON": null, "TD5_WIND": null, "TD5_PRES": null, "TD5_ROCI": null, "NEU_LAT": null, "NEU_LON": null, "NEU_CLASS": null, "NEU_WIND": null, "NEU_PRES": null, "MLC_LAT": null, "MLC_LON": null, "MLC_CLASS": null, "MLC_WIND": null, "MLC_PRES": null, "USA_GUST": null, "BOM_GUST": null, "BOM_GUSTP": null, "REU_GUST": null, "REU_GUSTP": null, "USA_SEAHGT": 12.0, "USA_SEA_NE": 440.0, "USA_SEA_SE": 165.0, "USA_SEA_SW": 105.0, "USA_SEA_NW": 345.0, "STORM_SPD": 3, "STORM_DR": 10, "year": 2015, "month": 10, "day": 2, "hour": 15, "min": 0 }, "geometry": { "type": "LineString", "coordinates": [ [ -74.800048828125, 23.5 ], [ -74.800048828125, 23.600000381469727 ] ] } },
{ "type": "Feature", "properties": { "SID": "2015270N27291", "SEASON": 2015, "NUMBER": 85, "BASIN": "NA", "SUBBASIN": "NA", "NAME": "JOAQUIN", "ISO_TIME": "2015-10-02 16:00:00", "NATURE": "TS", "LAT": 23.6, "LON": -74.8, "WMO_WIND": 110.0, "WMO_PRES": 940.0, "WMO_AGENCY": "hurdat_atl", "TRACK_TYPE": "main", "DIST2LAND": 301, "LANDFALL": 301, "IFLAG": "V______________", "USA_AGENCY": "hurdat_atl", "USA_ATCFID": "AL112015", "USA_LAT": 23.6, "USA_LON": -74.8, "USA_RECORD": "L", "USA_STATUS": "HU", "USA_WIND": 110.0, "USA_PRES": 940.0, "USA_SSHS": 3, "USA_R34_NE": 130.0, "USA_R34_SE": 180.0, "USA_R34_SW": 140.0, "USA_R34_NW": 120.0, "USA_R50_NE": 80.0, "USA_R50_SE": 80.0, "USA_R50_SW": 70.0, "USA_R50_NW": 70.0, "USA_R64_NE": 45.0, "USA_R64_SE": 45.0, "USA_R64_SW": 45.0, "USA_R64_NW": 45.0, "USA_POCI": 1005.0, "USA_ROCI": 360.0, "USA_RMW": 15.0, "USA_EYE": null, "TOK_LAT": null, "TOK_LON": null, "TOK_GRADE": null, "TOK_WIND": null, "TOK_PRES": null, "TOK_R50_DR": null, "TOK_R50_L": null, "TOK_R50_S": null, "TOK_R30_DR": null, "TOK_R30_L": null, "TOK_R30_S": null, "TOK_LAND": null, "CMA_LAT": null, "CMA_LON": null, "CMA_CAT": null, "CMA_WIND": null, "CMA_PRES": null, "HKO_LAT": null, "HKO_LON": null, "HKO_CAT": null, "HKO_WIND": null, "HKO_PRES": null, "KMA_LAT": null, "KMA_LON": null, "KMA_CAT": null, "KMA_WIND": null, "KMA_PRES": null, "KMA_R50_DR": null, "KMA_R50_L": null, "KMA_R50_S": null, "KMA_R30_DR": null, "KMA_R30_L": null, "KMA_R30_S": null, "NEW_LAT": null, "NEW_LON": null, "NEW_GRADE": null, "NEW_WIND": null, "NEW_PRES": null, "NEW_CI": -999.9, "NEW_DP": null, "NEW_POCI": null, "REU_LAT": null, "REU_LON": null, "REU_TYPE": null, "REU_WIND": null, "REU_PRES": null, "REU_TNUM": -999.9, "REU_CI": -999.9, "REU_RMW": null, "REU_R34_NE": null, "REU_R34_SE": null, "REU_R34_SW": null, "REU_R34_NW": null, "REU_R50_NE": null, "REU_R50_SE": null, "REU_R50_SW": null, "REU_R50_NW": null, "REU_R64_NE": null, "REU_R64_SE": null, "REU_R64_SW": null, "REU_R64_NW": null, "BOM_LAT": null, "BOM_LON": null, "BOM_TYPE": null, "BOM_WIND": null, "BOM_PRES": null, "BOM_TNUM": -999.9, "BOM_CI": -999.9, "BOM_RMW": null, "BOM_R34_NE": null, "BOM_R34_SE": null, "BOM_R34_SW": null, "BOM_R34_NW": null, "BOM_R50_NE": null, "BOM_R50_SE": null, "BOM_R50_SW": null, "BOM_R50_NW": null, "BOM_R64_NE": null, "BOM_R64_SE": null, "BOM_R64_SW": null, "BOM_R64_NW": null, "BOM_ROCI": null, "BOM_POCI": null, "BOM_EYE": null, "BOM_POS_FL": null, "BOM_PRS_FL": null, "NAD_LAT": null, "NAD_LON": null, "NAD_CAT": null, "NAD_WIND": null, "NAD_PRES": null, "WEL_LAT": null, "WEL_LON": null, "WEL_WIND": null, "WEL_PRES": null, "DS8_LAT": null, "DS8_LON": null, "DS8_STAGE": null, "DS8_WIND": null, "DS8_PRES": null, "TD6_LAT": null, "TD6_LON": null, "TD6_STAGE": null, "TD6_WIND": null, "TD6_PRES": null, "TD5_LAT": null, "TD5_LON": null, "TD5_WIND": null, "TD5_PRES": null, "TD5_ROCI": null, "NEU_LAT": null, "NEU_LON": null, "NEU_CLASS": null, "NEU_WIND": null, "NEU_PRES": null, "MLC_LAT": null, "MLC_LON": null, "MLC_CLASS": null, "MLC_WIND": null, "MLC_PRES": null, "USA_GUST": null, "BOM_GUST": null, "BOM_GUSTP": null, "REU_GUST": null, "REU_GUSTP": null, "USA_SEAHGT": 12.0, "USA_SEA_NE": 453.0, "USA_SEA_SE": 170.0, "USA_SEA_SW": 100.0, "USA_SEA_NW": 360.0, "STORM_SPD": 6, "STORM_DR": 25, "year": 2015, "month": 10, "day": 2, "hour": 16, "min": 0 }, "geometry": { "type": "LineString", "coordinates": [ [ -74.800048828125, 23.600000381469727 ], [ -74.699951171875, 23.799999237060547 ] ] } },
{ "type": "Feature", "properties": { "SID": "2015270N27291", "SEASON": 2015, "NUMBER": 85, "BASIN": "NA", "SUBBASIN": "NA", "NAME": "JOAQUIN", "ISO_TIME": "2015-10-02 18:00:00", "NATURE": "TS", "LAT": 23.8, "LON": -74.7, "WMO_WIND": 110.0, "WMO_PRES": 941.0, "WMO_AGENCY": "hurdat_atl", "TRACK_TYPE": "main", "DIST2LAND": 314, "LANDFALL": 311, "IFLAG": "O______________", "USA_AGENCY": "hurdat_atl", "USA_ATCFID": "AL112015", "USA_LAT": 23.8, "USA_LON": -74.7, "USA_RECORD": null, "USA_STATUS": "HU", "USA_WIND": 110.0, "USA_PRES": 941.0, "USA_SSHS": 3, "USA_R34_NE": 140.0, "USA_R34_SE": 180.0, "USA_R34_SW": 140.0, "USA_R34_NW": 120.0, "USA_R50_NE": 80.0, "USA_R50_SE": 80.0, "USA_R50_SW": 70.0, "USA_R50_NW": 70.0, "USA_R64_NE": 50.0, "USA_R64_SE": 45.0, "USA_R64_SW": 45.0, "USA_R64_NW": 45.0, "USA_POCI": 1005.0, "USA_ROCI": 360.0, "USA_RMW": 15.0, "USA_EYE": null, "TOK_LAT": null, "TOK_LON": null, "TOK_GRADE": null, "TOK_WIND": null, "TOK_PRES": null, "TOK_R50_DR": null, "TOK_R50_L": null, "TOK_R50_S": null, "TOK_R30_DR": null, "TOK_R30_L": null, "TOK_R30_S": null, "TOK_LAND": null, "CMA_LAT": null, "CMA_LON": null, "CMA_CAT": null, "CMA_WIND": null, "CMA_PRES": null, "HKO_LAT": null, "HKO_LON": null, "HKO_CAT": null, "HKO_WIND": null, "HKO_PRES": null, "KMA_LAT": null, "KMA_LON": null, "KMA_CAT": null, "KMA_WIND": null, "KMA_PRES": null, "KMA_R50_DR": null, "KMA_R50_L": null, "KMA_R50_S": null, "KMA_R30_DR": null, "KMA_R30_L": null, "KMA_R30_S": null, "NEW_LAT": null, "NEW_LON": null, "NEW_GRADE": null, "NEW_WIND": null, "NEW_PRES": null, "NEW_CI": -999.9, "NEW_DP": null, "NEW_POCI": null, "REU_LAT": null, "REU_LON": null, "REU_TYPE": null, "REU_WIND": null, "REU_PRES": null, "REU_TNUM": -999.9, "REU_CI": -999.9, "REU_RMW": null, "REU_R34_NE": null, "REU_R34_SE": null, "REU_R34_SW": null, "REU_R34_NW": null, "REU_R50_NE": null, "REU_R50_SE": null, "REU_R50_SW": null, "REU_R50_NW": null, "REU_R64_NE": null, "REU_R64_SE": null, "REU_R64_SW": null, "REU_R64_NW": null, "BOM_LAT": null, "BOM_LON": null, "BOM_TYPE": null, "BOM_WIND": null, "BOM_PRES": null, "BOM_TNUM": -999.9, "BOM_CI": -999.9, "BOM_RMW": null, "BOM_R34_NE": null, "BOM_R34_SE": null, "BOM_R34_SW": null, "BOM_R34_NW": null, "BOM_R50_NE": null, "BOM_R50_SE": null, "BOM_R50_SW": null, "BOM_R50_NW": null, "BOM_R64_NE": null, "BOM_R64_SE": null, "BOM_R64_SW": null, "BOM_R64_NW": null, "BOM_ROCI": null, "BOM_POCI": null, "BOM_EYE": null, "BOM_POS_FL": null, "BOM_PRS_FL": null, "NAD_LAT": null, "NAD_LON": null, "NAD_CAT": null, "NAD_WIND": null, "NAD_PRES": null, "WEL_LAT": null, "WEL_LON": null, "WEL_WIND": null, "WEL_PRES": null, "DS8_LAT": null, "DS8_LON": null, "DS8_STAGE": null, "DS8_WIND": null, "DS8_PRES": null, "TD6_LAT": null, "TD6_LON": null, "TD6_STAGE": null, "TD6_WIND": null, "TD6_PRES": null, "TD5_LAT": null, "TD5_LON": null, "TD5_WIND": null, "TD5_PRES": null, "TD5_ROCI": null, "NEU_LAT": null, "NEU_LON": null, "NEU_CLASS": null, "NEU_WIND": null, "NEU_PRES": null, "MLC_LAT": null, "MLC_LON": null, "MLC_CLASS": null, "MLC_WIND": null, "MLC_PRES": null, "USA_GUST": 135.0, "BOM_GUST": null, "BOM_GUSTP": null, "REU_GUST": null, "REU_GUSTP": null, "USA_SEAHGT": 12.0, "USA_SEA_NE": 480.0, "USA_SEA_SE": 180.0, "USA_SEA_SW": 90.0, "USA_SEA_NW": 390.0, "STORM_SPD": 7, "STORM_DR": 30, "year": 2015, "month": 10, "day": 2, "hour": 18, "min": 0 }, "geometry": { "type": "LineString", "coordinates": [ [ -74.699951171875, 23.799999237060547 ], [ -74.5, 24.100000381469727 ] ] } },
{ "type": "Feature", "properties": { "SID": "2015270N27291", "SEASON": 2015, "NUMBER": 85, "BASIN": "NA", "SUBBASIN": "NA", "NAME": "JOAQUIN", "ISO_TIME": "2015-10-02 21:00:00", "NATURE": "TS", "LAT": 24.1, "LON": -74.5, "WMO_WIND": 110.0, "WMO_PRES": 942.0, "WMO_AGENCY": "hurdat_atl", "TRACK_TYPE": "main", "DIST2LAND": 327, "LANDFALL": 325, "IFLAG": "V______________", "USA_AGENCY": "hurdat_atl", "USA_ATCFID": "AL112015", "USA_LAT": 24.1, "USA_LON": -74.5, "USA_RECORD": "L", "USA_STATUS": "HU", "USA_WIND": 110.0, "USA_PRES": 942.0, "USA_SSHS": 3, "USA_R34_NE": 140.0, "USA_R34_SE": 180.0, "USA_R34_SW": 140.0, "USA_R34_NW": 120.0, "USA_R50_NE": 80.0, "USA_R50_SE": 80.0, "USA_R50_SW": 70.0, "USA_R50_NW": 70.0, "USA_R64_NE": 50.0, "USA_R64_SE": 45.0, "USA_R64_SW": 45.0, "USA_R64_NW": 45.0, "USA_POCI": 1005.0, "USA_ROCI": 360.0, "USA_RMW": 15.0, "USA_EYE": null, "TOK_LAT": null, "TOK_LON": null, "TOK_GRADE": null, "TOK_WIND": null, "TOK_PRES": null, "TOK_R50_DR": null, "TOK_R50_L": null, "TOK_R50_S": null, "TOK_R30_DR": null, "TOK_R30_L": null, "TOK_R30_S": null, "TOK_LAND": null, "CMA_LAT": null, "CMA_LON": null, "CMA_CAT": null, "CMA_WIND": null, "CMA_PRES": null, "HKO_LAT": null, "HKO_LON": null, "HKO_CAT": null, "HKO_WIND": null, "HKO_PRES": null, "KMA_LAT": null, "KMA_LON": null, "KMA_CAT": null, "KMA_WIND": null, "KMA_PRES": null, "KMA_R50_DR": null, "KMA_R50_L": null, "KMA_R50_S": null, "KMA_R30_DR": null, "KMA_R30_L": null, "KMA_R30_S": null, "NEW_LAT": null, "NEW_LON": null, "NEW_GRADE": null, "NEW_WIND": null, "NEW_PRES": null, "NEW_CI": -999.9, "NEW_DP": null, "NEW_POCI": null, "REU_LAT": null, "REU_LON": null, "REU_TYPE": null, "REU_WIND": null, "REU_PRES": null, "REU_TNUM": -999.9, "REU_CI": -999.9, "REU_RMW": null, "REU_R34_NE": null, "REU_R34_SE": null, "REU_R34_SW": null, "REU_R34_NW": null, "REU_R50_NE": null, "REU_R50_SE": null, "REU_R50_SW": null, "REU_R50_NW": null, "REU_R64_NE": null, "REU_R64_SE": null, "REU_R64_SW": null, "REU_R64_NW": null, "BOM_LAT": null, "BOM_LON": null, "BOM_TYPE": null, "BOM_WIND": null, "BOM_PRES": null, "BOM_TNUM": -999.9, "BOM_CI": -999.9, "BOM_RMW": null, "BOM_R34_NE": null, "BOM_R34_SE": null, "BOM_R34_SW": null, "BOM_R34_NW": null, "BOM_R50_NE": null, "BOM_R50_SE": null, "BOM_R50_SW": null, "BOM_R50_NW": null, "BOM_R64_NE": null, "BOM_R64_SE": null, "BOM_R64_SW": null, "BOM_R64_NW": null, "BOM_ROCI": null, "BOM_POCI": null, "BOM_EYE": null, "BOM_POS_FL": null, "BOM_PRS_FL": null, "NAD_LAT": null, "NAD_LON": null, "NAD_CAT": null, "NAD_WIND": null, "NAD_PRES": null, "WEL_LAT": null, "WEL_LON": null, "WEL_WIND": null, "WEL_PRES": null, "DS8_LAT": null, "DS8_LON": null, "DS8_STAGE": null, "DS8_WIND": null, "DS8_PRES": null, "TD6_LAT": null, "TD6_LON": null, "TD6_STAGE": null, "TD6_WIND": null, "TD6_PRES": null, "TD5_LAT": null, "TD5_LON": null, "TD5_WIND": null, "TD5_PRES": null, "TD5_ROCI": null, "NEU_LAT": null, "NEU_LON": null, "NEU_CLASS": null, "NEU_WIND": null, "NEU_PRES": null, "MLC_LAT": null, "MLC_LON": null, "MLC_CLASS": null, "MLC_WIND": null, "MLC_PRES": null, "USA_GUST": null, "BOM_GUST": null, "BOM_GUSTP": null, "REU_GUST": null, "REU_GUSTP": null, "USA_SEAHGT": 12.0, "USA_SEA_NE": 480.0, "USA_SEA_SE": 180.0, "USA_SEA_SW": 90.0, "USA_SEA_NW": 390.0, "STORM_SPD": 6, "STORM_DR": 35, "year": 2015, "month": 10, "day": 2, "hour": 21, "min": 0 }, "geometry": { "type": "LineString", "coordinates": [ [ -74.5, 24.100000381469727 ], [ -74.300048828125, 24.299999237060547 ] ] } },
{ "type": "Feature", "properties": { "SID": "2015270N27291", "SEASON": 2015, "NUMBER": 85, "BASIN": "NA", "SUBBASIN": "NA", "NAME": "JOAQUIN", "ISO_TIME": "2015-10-03 00:00:00", "NATURE": "TS", "LAT": 24.3, "LON": -74.3, "WMO_WIND": 115.0, "WMO_PRES": 943.0, "WMO_AGENCY": "hurdat_atl", "TRACK_TYPE": "main", "DIST2LAND": 344, "LANDFALL": 344, "IFLAG": "O______________", "USA_AGENCY": "hurdat_atl", "USA_ATCFID": "AL112015", "USA_LAT": 24.3, "USA_LON": -74.3, "USA_RECORD": null, "USA_STATUS": "HU", "USA_WIND": 115.0, "USA_PRES": 943.0, "USA_SSHS": 4, "USA_R34_NE": 140.0, "USA_R34_SE": 180.0, "USA_R34_SW": 140.0, "USA_R34_NW": 120.0, "USA_R50_NE": 80.0, "USA_R50_SE": 90.0, "USA_R50_SW": 70.0, "USA_R50_NW": 70.0, "USA_R64_NE": 50.0, "USA_R64_SE": 50.0, "USA_R64_SW": 45.0, "USA_R64_NW": 45.0, "USA_POCI": 1005.0, "USA_ROCI": 360.0, "USA_RMW": 15.0, "USA_EYE": null, "TOK_LAT": null, "TOK_LON": null, "TOK_GRADE": null, "TOK_WIND": null, "TOK_PRES": null, "TOK_R50_DR": null, "TOK_R50_L": null, "TOK_R50_S": null, "TOK_R30_DR": null, "TOK_R30_L": null, "TOK_R30_S": null, "TOK_LAND": null, "CMA_LAT": null, "CMA_LON": null, "CMA_CAT": null, "CMA_WIND": null, "CMA_PRES": null, "HKO_LAT": null, "HKO_LON": null, "HKO_CAT": null, "HKO_WIND": null, "HKO_PRES": null, "KMA_LAT": null, "KMA_LON": null, "KMA_CAT": null, "KMA_WIND": null, "KMA_PRES": null, "KMA_R50_DR": null, "KMA_R50_L": null, "KMA_R50_S": null, "KMA_R30_DR": null, "KMA_R30_L": null, "KMA_R30_S": null, "NEW_LAT": null, "NEW_LON": null, "NEW_GRADE": null, "NEW_WIND": null, "NEW_PRES": null, "NEW_CI": -999.9, "NEW_DP": null, "NEW_POCI": null, "REU_LAT": null, "REU_LON": null, "REU_TYPE": null, "REU_WIND": null, "REU_PRES": null, "REU_TNUM": -999.9, "REU_CI": -999.9, "REU_RMW": null, "REU_R34_NE": null, "REU_R34_SE": null, "REU_R34_SW": null, "REU_R34_NW": null, "REU_R50_NE": null, "REU_R50_SE": null, "REU_R50_SW": null, "REU_R50_NW": null, "REU_R64_NE": null, "REU_R64_SE": null, "REU_R64_SW": null, "REU_R64_NW": null, "BOM_LAT": null, "BOM_LON": null, "BOM_TYPE": null, "BOM_WIND": null, "BOM_PRES": null, "BOM_TNUM": -999.9, "BOM_CI": -999.9, "BOM_RMW": null, "BOM_R34_NE": null, "BOM_R34_SE": null, "BOM_R34_SW": null, "BOM_R34_NW": null, "BOM_R50_NE": null, "BOM_R50_SE": null, "BOM_R50_SW": null, "BOM_R50_NW": null, "BOM_R64_NE": null, "BOM_R64_SE": null, "BOM_R64_SW": null, "BOM_R64_NW": null, "BOM_ROCI": null, "BOM_POCI": null, "BOM_EYE": null, "BOM_POS_FL": null, "BOM_PRS_FL": null, "NAD_LAT": null, "NAD_LON": null, "NAD_CAT": null, "NAD_WIND": null, "NAD_PRES": null, "WEL_LAT": null, "WEL_LON": null, "WEL_WIND": null, "WEL_PRES": null, "DS8_LAT": null, "DS8_LON": null, "DS8_STAGE": null, "DS8_WIND": null, "DS8_PRES": null, "TD6_LAT": null, "TD6_LON": null, "TD6_STAGE": null, "TD6_WIND": null, "TD6_PRES": null, "TD5_LAT": null, "TD5_LON": null, "TD5_WIND": null, "TD5_PRES": null, "TD5_ROCI": null, "NEU_LAT": null, "NEU_LON": null, "NEU_CLASS": null, "NEU_WIND": null, "NEU_PRES": null, "MLC_LAT": null, "MLC_LON": null, "MLC_CLASS": null, "MLC_WIND": null, "MLC_PRES": null, "USA_GUST": 135.0, "BOM_GUST": null, "BOM_GUSTP": null, "REU_GUST": null, "REU_GUSTP": null, "USA_SEAHGT": 12.0, "USA_SEA_NE": 480.0, "USA_SEA_SE": 180.0, "USA_SEA_SW": 90.0, "USA_SEA_NW": 390.0, "STORM_SPD": 6, "STORM_DR": 45, "year": 2015, "month": 10, "day": 3, "hour": 0, "min": 0 }, "geometry": { "type": "LineString", "coordinates": [ [ -74.300048828125, 24.299999237060547 ], [ -74.0, 24.5 ] ] } },
{ "type": "Feature", "properties": { "SID": "2015270N27291", "SEASON": 2015, "NUMBER": 85, "BASIN": "NA", "SUBBASIN": "NA", "NAME": "JOAQUIN", "ISO_TIME": "2015-10-03 03:00:00", "NATURE": "TS", "LAT": 24.5, "LON": -74.0, "WMO_WIND": 0.0, "WMO_PRES": null, "WMO_AGENCY": null, "TRACK_TYPE": "main", "DIST2LAND": 374, "LANDFALL": 374, "IFLAG": "P______________", "USA_AGENCY": null, "USA_ATCFID": "AL112015", "USA_LAT": 24.5, "USA_LON": -74.0, "USA_RECORD": null, "USA_STATUS": "HU", "USA_WIND": 118.0, "USA_PRES": 944.0, "USA_SSHS": 4, "USA_R34_NE": 145.0, "USA_R34_SE": 180.0, "USA_R34_SW": 140.0, "USA_R34_NW": 120.0, "USA_R50_NE": 80.0, "USA_R50_SE": 90.0, "USA_R50_SW": 65.0, "USA_R50_NW": 65.0, "USA_R64_NE": 50.0, "USA_R64_SE": 50.0, "USA_R64_SW": 43.0, "USA_R64_NW": 45.0, "USA_POCI": 1005.0, "USA_ROCI": 395.0, "USA_RMW": 15.0, "USA_EYE": null, "TOK_LAT": null, "TOK_LON": null, "TOK_GRADE": null, "TOK_WIND": null, "TOK_PRES": null, "TOK_R50_DR": null, "TOK_R50_L": null, "TOK_R50_S": null, "TOK_R30_DR": null, "TOK_R30_L": null, "TOK_R30_S": null, "TOK_LAND": null, "CMA_LAT": null, "CMA_LON": null, "CMA_CAT": null, "CMA_WIND": null, "CMA_PRES": null, "HKO_LAT": null, "HKO_LON": null, "HKO_CAT": null, "HKO_WIND": null, "HKO_PRES": null, "KMA_LAT": null, "KMA_LON": null, "KMA_CAT": null, "KMA_WIND": null, "KMA_PRES": null, "KMA_R50_DR": null, "KMA_R50_L": null, "KMA_R50_S": null, "KMA_R30_DR": null, "KMA_R30_L": null, "KMA_R30_S": null, "NEW_LAT": null, "NEW_LON": null, "NEW_GRADE": null, "NEW_WIND": null, "NEW_PRES": null, "NEW_CI": -999.9, "NEW_DP": null, "NEW_POCI": null, "REU_LAT": null, "REU_LON": null, "REU_TYPE": null, "REU_WIND": null, "REU_PRES": null, "REU_TNUM": -999.9, "REU_CI": -999.9, "REU_RMW": null, "REU_R34_NE": null, "REU_R34_SE": null, "REU_R34_SW": null, "REU_R34_NW": null, "REU_R50_NE": null, "REU_R50_SE": null, "REU_R50_SW": null, "REU_R50_NW": null, "REU_R64_NE": null, "REU_R64_SE": null, "REU_R64_SW": null, "REU_R64_NW": null, "BOM_LAT": null, "BOM_LON": null, "BOM_TYPE": null, "BOM_WIND": null, "BOM_PRES": null, "BOM_TNUM": -999.9, "BOM_CI": -999.9, "BOM_RMW": null, "BOM_R34_NE": null, "BOM_R34_SE": null, "BOM_R34_SW": null, "BOM_R34_NW": null, "BOM_R50_NE": null, "BOM_R50_SE": null, "BOM_R50_SW": null, "BOM_R50_NW": null, "BOM_R64_NE": null, "BOM_R64_SE": null, "BOM_R64_SW": null, "BOM_R64_NW": null, "BOM_ROCI": null, "BOM_POCI": null, "BOM_EYE": null, "BOM_POS_FL": null, "BOM_PRS_FL": null, "NAD_LAT": null, "NAD_LON": null, "NAD_CAT": null, "NAD_WIND": null, "NAD_PRES": null, "WEL_LAT": null, "WEL_LON": null, "WEL_WIND": null, "WEL_PRES": null, "DS8_LAT": null, "DS8_LON": null, "DS8_STAGE": null, "DS8_WIND": null, "DS8_PRES": null, "TD6_LAT": null, "TD6_LON": null, "TD6_STAGE": null, "TD6_WIND": null, "TD6_PRES": null, "TD5_LAT": null, "TD5_LON": null, "TD5_WIND": null, "TD5_PRES": null, "TD5_ROCI": null, "NEU_LAT": null, "NEU_LON": null, "NEU_CLASS": null, "NEU_WIND": null, "NEU_PRES": null, "MLC_LAT": null, "MLC_LON": null, "MLC_CLASS": null, "MLC_WIND": null, "MLC_PRES": null, "USA_GUST": null, "BOM_GUST": null, "BOM_GUSTP": null, "REU_GUST": null, "REU_GUSTP": null, "USA_SEAHGT": 12.0, "USA_SEA_NE": 480.0, "USA_SEA_SE": 180.0, "USA_SEA_SW": 90.0, "USA_SEA_NW": 375.0, "STORM_SPD": 8, "STORM_DR": 50, "year": 2015, "month": 10, "day": 3, "hour": 3, "min": 0 }, "geometry": { "type": "LineString", "coordinates": [ [ -74.0, 24.5 ], [ -73.5999755859375, 24.799999237060547 ] ] } },
{ "type": "Feature", "properties": { "SID": "2015270N27291", "SEASON": 2015, "NUMBER": 85, "BASIN": "NA", "SUBBASIN": "NA", "NAME": "JOAQUIN", "ISO_TIME": "2015-10-03 06:00:00", "NATURE": "TS", "LAT": 24.8, "LON": -73.6, "WMO_WIND": 120.0, "WMO_PRES": 945.0, "WMO_AGENCY": "hurdat_atl", "TRACK_TYPE": "main", "DIST2LAND": 404, "LANDFALL": 403, "IFLAG": "O______________", "USA_AGENCY": "hurdat_atl", "USA_ATCFID": "AL112015", "USA_LAT": 24.8, "USA_LON": -73.6, "USA_RECORD": null, "USA_STATUS": "HU", "USA_WIND": 120.0, "USA_PRES": 945.0, "USA_SSHS": 4, "USA_R34_NE": 150.0, "USA_R34_SE": 180.0, "USA_R34_SW": 140.0, "USA_R34_NW": 120.0, "USA_R50_NE": 80.0, "USA_R50_SE": 90.0, "USA_R50_SW": 60.0, "USA_R50_NW": 60.0, "USA_R64_NE": 50.0, "USA_R64_SE": 50.0, "USA_R64_SW": 40.0, "USA_R64_NW": 45.0, "USA_POCI": 1004.0, "USA_ROCI": 430.0, "USA_RMW": 15.0, "USA_EYE": null, "TOK_LAT": null, "TOK_LON": null, "TOK_GRADE": null, "TOK_WIND": null, "TOK_PRES": null, "TOK_R50_DR": null, "TOK_R50_L": null, "TOK_R50_S": null, "TOK_R30_DR": null, "TOK_R30_L": null, "TOK_R30_S": null, "TOK_LAND": null, "CMA_LAT": null, "CMA_LON": null, "CMA_CAT": null, "CMA_WIND": null, "CMA_PRES": null, "HKO_LAT": null, "HKO_LON": null, "HKO_CAT": null, "HKO_WIND": null, "HKO_PRES": null, "KMA_LAT": null, "KMA_LON": null, "KMA_CAT": null, "KMA_WIND": null, "KMA_PRES": null, "KMA_R50_DR": null, "KMA_R50_L": null, "KMA_R50_S": null, "KMA_R30_DR": null, "KMA_R30_L": null, "KMA_R30_S": null, "NEW_LAT": null, "NEW_LON": null, "NEW_GRADE": null, "NEW_WIND": null, "NEW_PRES": null, "NEW_CI": -999.9, "NEW_DP": null, "NEW_POCI": null, "REU_LAT": null, "REU_LON": null, "REU_TYPE": null, "REU_WIND": null, "REU_PRES": null, "REU_TNUM": -999.9, "REU_CI": -999.9, "REU_RMW": null, "REU_R34_NE": null, "REU_R34_SE": null, "REU_R34_SW": null, "REU_R34_NW": null, "REU_R50_NE": null, "REU_R50_SE": null, "REU_R50_SW": null, "REU_R50_NW": null, "REU_R64_NE": null, "REU_R64_SE": null, "REU_R64_SW": null, "REU_R64_NW": null, "BOM_LAT": null, "BOM_LON": null, "BOM_TYPE": null, "BOM_WIND": null, "BOM_PRES": null, "BOM_TNUM": -999.9, "BOM_CI": -999.9, "BOM_RMW": null, "BOM_R34_NE": null, "BOM_R34_SE": null, "BOM_R34_SW": null, "BOM_R34_NW": null, "BOM_R50_NE": null, "BOM_R50_SE": null, "BOM_R50_SW": null, "BOM_R50_NW": null, "BOM_R64_NE": null, "BOM_R64_SE": null, "BOM_R64_SW": null, "BOM_R64_NW": null, "BOM_ROCI": null, "BOM_POCI": null, "BOM_EYE": null, "BOM_POS_FL": null, "BOM_PRS_FL": null, "NAD_LAT": null, "NAD_LON": null, "NAD_CAT": null, "NAD_WIND": null, "NAD_PRES": null, "WEL_LAT": null, "WEL_LON": null, "WEL_WIND": null, "WEL_PRES": null, "DS8_LAT": null, "DS8_LON": null, "DS8_STAGE": null, "DS8_WIND": null, "DS8_PRES": null, "TD6_LAT": null, "TD6_LON": null, "TD6_STAGE": null, "TD6_WIND": null, "TD6_PRES": null, "TD5_LAT": null, "TD5_LON": null, "TD5_WIND": null, "TD5_PRES": null, "TD5_ROCI": null, "NEU_LAT": null, "NEU_LON": null, "NEU_CLASS": null, "NEU_WIND": null, "NEU_PRES": null, "MLC_LAT": null, "MLC_LON": null, "MLC_CLASS": null, "MLC_WIND": null, "MLC_PRES": null, "USA_GUST": 135.0, "BOM_GUST": null, "BOM_GUSTP": null, "REU_GUST": null, "REU_GUSTP": null, "USA_SEAHGT": 12.0, "USA_SEA_NE": 480.0, "USA_SEA_SE": 180.0, "USA_SEA_SW": 90.0, "USA_SEA_NW": 360.0, "STORM_SPD": 9, "STORM_DR": 55, "year": 2015, "month": 10, "day": 3, "hour": 6, "min": 0 }, "geometry": { "type": "LineString", "coordinates": [ [ -73.5999755859375, 24.799999237060547 ], [ -73.199951171875, 25.100000381469727 ] ] } },
{ "type": "Feature", "properties": { "SID": "2015270N27291", "SEASON": 2015, "NUMBER": 85, "BASIN": "NA", "SUBBASIN": "NA", "NAME": "JOAQUIN", "ISO_TIME": "2015-10-03 09:00:00", "NATURE": "TS", "LAT": 25.1, "LON": -73.2, "WMO_WIND": 0.0, "WMO_PRES": null, "WMO_AGENCY": null, "TRACK_TYPE": "main", "DIST2LAND": 435, "LANDFALL": 435, "IFLAG": "P______________", "USA_AGENCY": null, "USA_ATCFID": "AL112015", "USA_LAT": 25.1, "USA_LON": -73.2, "USA_RECORD": null, "USA_STATUS": "HU", "USA_WIND": 128.0, "USA_PRES": 940.0, "USA_SSHS": 4, "USA_R34_NE": 150.0, "USA_R34_SE": 180.0, "USA_R34_SW": 135.0, "USA_R34_NW": 115.0, "USA_R50_NE": 80.0, "USA_R50_SE": 90.0, "USA_R50_SW": 60.0, "USA_R50_NW": 60.0, "USA_R64_NE": 48.0, "USA_R64_SE": 53.0, "USA_R64_SW": 40.0, "USA_R64_NW": 43.0, "USA_POCI": 1004.0, "USA_ROCI": 430.0, "USA_RMW": 15.0, "USA_EYE": null, "TOK_LAT": null, "TOK_LON": null, "TOK_GRADE": null, "TOK_WIND": null, "TOK_PRES": null, "TOK_R50_DR": null, "TOK_R50_L": null, "TOK_R50_S": null, "TOK_R30_DR": null, "TOK_R30_L": null, "TOK_R30_S": null, "TOK_LAND": null, "CMA_LAT": null, "CMA_LON": null, "CMA_CAT": null, "CMA_WIND": null, "CMA_PRES": null, "HKO_LAT": null, "HKO_LON": null, "HKO_CAT": null, "HKO_WIND": null, "HKO_PRES": null, "KMA_LAT": null, "KMA_LON": null, "KMA_CAT": null, "KMA_WIND": null, "KMA_PRES": null, "KMA_R50_DR": null, "KMA_R50_L": null, "KMA_R50_S": null, "KMA_R30_DR": null, "KMA_R30_L": null, "KMA_R30_S": null, "NEW_LAT": null, "NEW_LON": null, "NEW_GRADE": null, "NEW_WIND": null, "NEW_PRES": null, "NEW_CI": -999.9, "NEW_DP": null, "NEW_POCI": null, "REU_LAT": null, "REU_LON": null, "REU_TYPE": null, "REU_WIND": null, "REU_PRES": null, "REU_TNUM": -999.9, "REU_CI": -999.9, "REU_RMW": null, "REU_R34_NE": null, "REU_R34_SE": null, "REU_R34_SW": null, "REU_R34_NW": null, "REU_R50_NE": null, "REU_R50_SE": null, "REU_R50_SW": null, "REU_R50_NW": null, "REU_R64_NE": null, "REU_R64_SE": null, "REU_R64_SW": null, "REU_R64_NW": null, "BOM_LAT": null, "BOM_LON": null, "BOM_TYPE": null, "BOM_WIND": null, "BOM_PRES": null, "BOM_TNUM": -999.9, "BOM_CI": -999.9, "BOM_RMW": null, "BOM_R34_NE": null, "BOM_R34_SE": null, "BOM_R34_SW": null, "BOM_R34_NW": null, "BOM_R50_NE": null, "BOM_R50_SE": null, "BOM_R50_SW": null, "BOM_R50_NW": null, "BOM_R64_NE": null, "BOM_R64_SE": null, "BOM_R64_SW": null, "BOM_R64_NW": null, "BOM_ROCI": null, "BOM_POCI": null, "BOM_EYE": null, "BOM_POS_FL": null, "BOM_PRS_FL": null, "NAD_LAT": null, "NAD_LON": null, "NAD_CAT": null, "NAD_WIND": null, "NAD_PRES": null, "WEL_LAT": null, "WEL_LON": null, "WEL_WIND": null, "WEL_PRES": null, "DS8_LAT": null, "DS8_LON": null, "DS8_STAGE": null, "DS8_WIND": null, "DS8_PRES": null, "TD6_LAT": null, "TD6_LON": null, "TD6_STAGE": null, "TD6_WIND": null, "TD6_PRES": null, "TD5_LAT": null, "TD5_LON": null, "TD5_WIND": null, "TD5_PRES": null, "TD5_ROCI": null, "NEU_LAT": null, "NEU_LON": null, "NEU_CLASS": null, "NEU_WIND": null, "NEU_PRES": null, "MLC_LAT": null, "MLC_LON": null, "MLC_CLASS": null, "MLC_WIND": null, "MLC_PRES": null, "USA_GUST": null, "BOM_GUST": null, "BOM_GUSTP": null, "REU_GUST": null, "REU_GUSTP": null, "USA_SEAHGT": 12.0, "USA_SEA_NE": 533.0, "USA_SEA_SE": 210.0, "USA_SEA_SW": 135.0, "USA_SEA_NW": 443.0, "STORM_SPD": 11, "STORM_DR": 55, "year": 2015, "month": 10, "day": 3, "hour": 9, "min": 0 }, "geometry": { "type": "LineString", "coordinates": [ [ -73.199951171875, 25.100000381469727 ], [ -72.5999755859375, 25.399999618530273 ] ] } },
{ "type": "Feature", "properties": { "SID": "2015270N27291", "SEASON": 2015, "NUMBER": 85, "BASIN": "NA", "SUBBASIN": "NA", "NAME": "JOAQUIN", "ISO_TIME": "2015-10-03 12:00:00", "NATURE": "TS", "LAT": 25.4, "LON": -72.6, "WMO_WIND": 135.0, "WMO_PRES": 934.0, "WMO_AGENCY": "hurdat_atl", "TRACK_TYPE": "main", "DIST2LAND": 471, "LANDFALL": 471, "IFLAG": "O______________", "USA_AGENCY": "hurdat_atl", "USA_ATCFID": "AL112015", "USA_LAT": 25.4, "USA_LON": -72.6, "USA_RECORD": null, "USA_STATUS": "HU", "USA_WIND": 135.0, "USA_PRES": 934.0, "USA_SSHS": 4, "USA_R34_NE": 150.0, "USA_R34_SE": 180.0, "USA_R34_SW": 130.0, "USA_R34_NW": 110.0, "USA_R50_NE": 80.0, "USA_R50_SE": 90.0, "USA_R50_SW": 60.0, "USA_R50_NW": 60.0, "USA_R64_NE": 45.0, "USA_R64_SE": 55.0, "USA_R64_SW": 40.0, "USA_R64_NW": 40.0, "USA_POCI": 1004.0, "USA_ROCI": 430.0, "USA_RMW": 15.0, "USA_EYE": 20.0, "TOK_LAT": null, "TOK_LON": null, "TOK_GRADE": null, "TOK_WIND": null, "TOK_PRES": null, "TOK_R50_DR": null, "TOK_R50_L": null, "TOK_R50_S": null, "TOK_R30_DR": null, "TOK_R30_L": null, "TOK_R30_S": null, "TOK_LAND": null, "CMA_LAT": null, "CMA_LON": null, "CMA_CAT": null, "CMA_WIND": null, "CMA_PRES": null, "HKO_LAT": null, "HKO_LON": null, "HKO_CAT": null, "HKO_WIND": null, "HKO_PRES": null, "KMA_LAT": null, "KMA_LON": null, "KMA_CAT": null, "KMA_WIND": null, "KMA_PRES": null, "KMA_R50_DR": null, "KMA_R50_L": null, "KMA_R50_S": null, "KMA_R30_DR": null, "KMA_R30_L": null, "KMA_R30_S": null, "NEW_LAT": null, "NEW_LON": null, "NEW_GRADE": null, "NEW_WIND": null, "NEW_PRES": null, "NEW_CI": -999.9, "NEW_DP": null, "NEW_POCI": null, "REU_LAT": null, "REU_LON": null, "REU_TYPE": null, "REU_WIND": null, "REU_PRES": null, "REU_TNUM": -999.9, "REU_CI": -999.9, "REU_RMW": null, "REU_R34_NE": null, "REU_R34_SE": null, "REU_R34_SW": null, "REU_R34_NW": null, "REU_R50_NE": null, "REU_R50_SE": null, "REU_R50_SW": null, "REU_R50_NW": null, "REU_R64_NE": null, "REU_R64_SE": null, "REU_R64_SW": null, "REU_R64_NW": null, "BOM_LAT": null, "BOM_LON": null, "BOM_TYPE": null, "BOM_WIND": null, "BOM_PRES": null, "BOM_TNUM": -999.9, "BOM_CI": -999.9, "BOM_RMW": null, "BOM_R34_NE": null, "BOM_R34_SE": null, "BOM_R34_SW": null, "BOM_R34_NW": null, "BOM_R50_NE": null, "BOM_R50_SE": null, "BOM_R50_SW": null, "BOM_R50_NW": null, "BOM_R64_NE": null, "BOM_R64_SE": null, "BOM_R64_SW": null, "BOM_R64_NW": null, "BOM_ROCI": null, "BOM_POCI": null, "BOM_EYE": null, "BOM_POS_FL": null, "BOM_PRS_FL": null, "NAD_LAT": null, "NAD_LON": null, "NAD_CAT": null, "NAD_WIND": null, "NAD_PRES": null, "WEL_LAT": null, "WEL_LON": null, "WEL_WIND": null, "WEL_PRES": null, "DS8_LAT": null, "DS8_LON": null, "DS8_STAGE": null, "DS8_WIND": null, "DS8_PRES": null, "TD6_LAT": null, "TD6_LON": null, "TD6_STAGE": null, "TD6_WIND": null, "TD6_PRES": null, "TD5_LAT": null, "TD5_LON": null, "TD5_WIND": null, "TD5_PRES": null, "TD5_ROCI": null, "NEU_LAT": null, "NEU_LON": null, "NEU_CLASS": null, "NEU_WIND": null, "NEU_PRES": null, "MLC_LAT": null, "MLC_LON": null, "MLC_CLASS": null, "MLC_WIND": null, "MLC_PRES": null, "USA_GUST": 145.0, "BOM_GUST": null, "BOM_GUSTP": null, "REU_GUST": null, "REU_GUSTP": null, "USA_SEAHGT": 12.0, "USA_SEA_NE": 585.0, "USA_SEA_SE": 240.0, "USA_SEA_SW": 180.0, "USA_SEA_NW": 525.0, "STORM_SPD": 14, "STORM_DR": 60, "year": 2015, "month": 10, "day": 3, "hour": 12, "min": 0 }, "geometry": { "type": "LineString", "coordinates": [ [ -72.5999755859375, 25.399999618530273 ], [ -71.800048828125, 25.799999237060547 ] ] } },
{ "type": "Feature", "properties": { "SID": "2015270N27291", "SEASON": 2015, "NUMBER": 85, "BASIN": "NA", "SUBBASIN": "NA", "NAME": "JOAQUIN", "ISO_TIME": "2015-10-03 15:00:00", "NATURE": "TS", "LAT": 25.8, "LON": -71.8, "WMO_WIND": 0.0, "WMO_PRES": null, "WMO_AGENCY": null, "TRACK_TYPE": "main", "DIST2LAND": 528, "LANDFALL": 528, "IFLAG": "P______________", "USA_AGENCY": null, "USA_ATCFID": "AL112015", "USA_LAT": 25.8, "USA_LON": -71.8, "USA_RECORD": null, "USA_STATUS": "HU", "USA_WIND": 133.0, "USA_PRES": 934.0, "USA_SSHS": 4, "USA_R34_NE": 155.0, "USA_R34_SE": 180.0, "USA_R34_SW": 130.0, "USA_R34_NW": 110.0, "USA_R50_NE": 75.0, "USA_R50_SE": 90.0, "USA_R50_SW": 60.0, "USA_R50_NW": 55.0, "USA_R64_NE": 45.0, "USA_R64_SE": 55.0, "USA_R64_SW": 40.0, "USA_R64_NW": 40.0, "USA_POCI": 1004.0, "USA_ROCI": 430.0, "USA_RMW": 15.0, "USA_EYE": null, "TOK_LAT": null, "TOK_LON": null, "TOK_GRADE": null, "TOK_WIND": null, "TOK_PRES": null, "TOK_R50_DR": null, "TOK_R50_L": null, "TOK_R50_S": null, "TOK_R30_DR": null, "TOK_R30_L": null, "TOK_R30_S": null, "TOK_LAND": null, "CMA_LAT": null, "CMA_LON": null, "CMA_CAT": null, "CMA_WIND": null, "CMA_PRES": null, "HKO_LAT": null, "HKO_LON": null, "HKO_CAT": null, "HKO_WIND": null, "HKO_PRES": null, "KMA_LAT": null, "KMA_LON": null, "KMA_CAT": null, "KMA_WIND": null, "KMA_PRES": null, "KMA_R50_DR": null, "KMA_R50_L": null, "KMA_R50_S": null, "KMA_R30_DR": null, "KMA_R30_L": null, "KMA_R30_S": null, "NEW_LAT": null, "NEW_LON": null, "NEW_GRADE": null, "NEW_WIND": null, "NEW_PRES": null, "NEW_CI": -999.9, "NEW_DP": null, "NEW_POCI": null, "REU_LAT": null, "REU_LON": null, "REU_TYPE": null, "REU_WIND": null, "REU_PRES": null, "REU_TNUM": -999.9, "REU_CI": -999.9, "REU_RMW": null, "REU_R34_NE": null, "REU_R34_SE": null, "REU_R34_SW": null, "REU_R34_NW": null, "REU_R50_NE": null, "REU_R50_SE": null, "REU_R50_SW": null, "REU_R50_NW": null, "REU_R64_NE": null, "REU_R64_SE": null, "REU_R64_SW": null, "REU_R64_NW": null, "BOM_LAT": null, "BOM_LON": null, "BOM_TYPE": null, "BOM_WIND": null, "BOM_PRES": null, "BOM_TNUM": -999.9, "BOM_CI": -999.9, "BOM_RMW": null, "BOM_R34_NE": null, "BOM_R34_SE": null, "BOM_R34_SW": null, "BOM_R34_NW": null, "BOM_R50_NE": null, "BOM_R50_SE": null, "BOM_R50_SW": null, "BOM_R50_NW": null, "BOM_R64_NE": null, "BOM_R64_SE": null, "BOM_R64_SW": null, "BOM_R64_NW": null, "BOM_ROCI": null, "BOM_POCI": null, "BOM_EYE": null, "BOM_POS_FL": null, "BOM_PRS_FL": null, "NAD_LAT": null, "NAD_LON": null, "NAD_CAT": null, "NAD_WIND": null, "NAD_PRES": null, "WEL_LAT": null, "WEL_LON": null, "WEL_WIND": null, "WEL_PRES": null, "DS8_LAT": null, "DS8_LON": null, "DS8_STAGE": null, "DS8_WIND": null, "DS8_PRES": null, "TD6_LAT": null, "TD6_LON": null, "TD6_STAGE": null, "TD6_WIND": null, "TD6_PRES": null, "TD5_LAT": null, "TD5_LON": null, "TD5_WIND": null, "TD5_PRES": null, "TD5_ROCI": null, "NEU_LAT": null, "NEU_LON": null, "NEU_CLASS": null, "NEU_WIND": null, "NEU_PRES": null, "MLC_LAT": null, "MLC_LON": null, "MLC_CLASS": null, "MLC_WIND": null, "MLC_PRES": null, "USA_GUST": null, "BOM_GUST": null, "BOM_GUSTP": null, "REU_GUST": null, "REU_GUSTP": null, "USA_SEAHGT": 12.0, "USA_SEA_NE": 585.0, "USA_SEA_SE": 240.0, "USA_SEA_SW": 180.0, "USA_SEA_NW": 525.0, "STORM_SPD": 17, "STORM_DR": 60, "year": 2015, "month": 10, "day": 3, "hour": 15, "min": 0 }, "geometry": { "type": "LineString", "coordinates": [ [ -71.800048828125, 25.799999237060547 ], [ -71.0, 26.299999237060547 ] ] } },
{ "type": "Feature", "properties": { "SID": "2015270N27291", "SEASON": 2015, "NUMBER": 85, "BASIN": "NA", "SUBBASIN": "NA", "NAME": "JOAQUIN", "ISO_TIME": "2015-10-03 18:00:00", "NATURE": "TS", "LAT": 26.3, "LON": -71.0, "WMO_WIND": 130.0, "WMO_PRES": 934.0, "WMO_AGENCY": "hurdat_atl", "TRACK_TYPE": "main", "DIST2LAND": 605, "LANDFALL": 605, "IFLAG": "O______________", "USA_AGENCY": "hurdat_atl", "USA_ATCFID": "AL112015", "USA_LAT": 26.3, "USA_LON": -71.0, "USA_RECORD": null, "USA_STATUS": "HU", "USA_WIND": 130.0, "USA_PRES": 934.0, "USA_SSHS": 4, "USA_R34_NE": 160.0, "USA_R34_SE": 180.0, "USA_R34_SW": 130.0, "USA_R34_NW": 110.0, "USA_R50_NE": 70.0, "USA_R50_SE": 90.0, "USA_R50_SW": 60.0, "USA_R50_NW": 50.0, "USA_R64_NE": 45.0, "USA_R64_SE": 55.0, "USA_R64_SW": 40.0, "USA_R64_NW": 40.0, "USA_POCI": 1004.0, "USA_ROCI": 430.0, "USA_RMW": 15.0, "USA_EYE": null, "TOK_LAT": null, "TOK_LON": null, "TOK_GRADE": null, "TOK_WIND": null, "TOK_PRES": null, "TOK_R50_DR": null, "TOK_R50_L": null, "TOK_R50_S": null, "TOK_R30_DR": null, "TOK_R30_L": null, "TOK_R30_S": null, "TOK_LAND": null, "CMA_LAT": null, "CMA_LON": null, "CMA_CAT": null, "CMA_WIND": null, "CMA_PRES": null, "HKO_LAT": null, "HKO_LON": null, "HKO_CAT": null, "HKO_WIND": null, "HKO_PRES": null, "KMA_LAT": null, "KMA_LON": null, "KMA_CAT": null, "KMA_WIND": null, "KMA_PRES": null, "KMA_R50_DR": null, "KMA_R50_L": null, "KMA_R50_S": null, "KMA_R30_DR": null, "KMA_R30_L": null, "KMA_R30_S": null, "NEW_LAT": null, "NEW_LON": null, "NEW_GRADE": null, "NEW_WIND": null, "NEW_PRES": null, "NEW_CI": -999.9, "NEW_DP": null, "NEW_POCI": null, "REU_LAT": null, "REU_LON": null, "REU_TYPE": null, "REU_WIND": null, "REU_PRES": null, "REU_TNUM": -999.9, "REU_CI": -999.9, "REU_RMW": null, "REU_R34_NE": null, "REU_R34_SE": null, "REU_R34_SW": null, "REU_R34_NW": null, "REU_R50_NE": null, "REU_R50_SE": null, "REU_R50_SW": null, "REU_R50_NW": null, "REU_R64_NE": null, "REU_R64_SE": null, "REU_R64_SW": null, "REU_R64_NW": null, "BOM_LAT": null, "BOM_LON": null, "BOM_TYPE": null, "BOM_WIND": null, "BOM_PRES": null, "BOM_TNUM": -999.9, "BOM_CI": -999.9, "BOM_RMW": null, "BOM_R34_NE": null, "BOM_R34_SE": null, "BOM_R34_SW": null, "BOM_R34_NW": null, "BOM_R50_NE": null, "BOM_R50_SE": null, "BOM_R50_SW": null, "BOM_R50_NW": null, "BOM_R64_NE": null, "BOM_R64_SE": null, "BOM_R64_SW": null, "BOM_R64_NW": null, "BOM_ROCI": null, "BOM_POCI": null, "BOM_EYE": null, "BOM_POS_FL": null, "BOM_PRS_FL": null, "NAD_LAT": null, "NAD_LON": null, "NAD_CAT": null, "NAD_WIND": null, "NAD_PRES": null, "WEL_LAT": null, "WEL_LON": null, "WEL_WIND": null, "WEL_PRES": null, "DS8_LAT": null, "DS8_LON": null, "DS8_STAGE": null, "DS8_WIND": null, "DS8_PRES": null, "TD6_LAT": null, "TD6_LON": null, "TD6_STAGE": null, "TD6_WIND": null, "TD6_PRES": null, "TD5_LAT": null, "TD5_LON": null, "TD5_WIND": null, "TD5_PRES": null, "TD5_ROCI": null, "NEU_LAT": null, "NEU_LON": null, "NEU_CLASS": null, "NEU_WIND": null, "NEU_PRES": null, "MLC_LAT": null, "MLC_LON": null, "MLC_CLASS": null, "MLC_WIND": null, "MLC_PRES": null, "USA_GUST": 160.0, "BOM_GUST": null, "BOM_GUSTP": null, "REU_GUST": null, "REU_GUSTP": null, "USA_SEAHGT": 12.0, "USA_SEA_NE": 585.0, "USA_SEA_SE": 240.0, "USA_SEA_SW": 180.0, "USA_SEA_NW": 525.0, "STORM_SPD": 18, "STORM_DR": 55, "year": 2015, "month": 10, "day": 3, "hour": 18, "min": 0 }, "geometry": { "type": "LineString", "coordinates": [ [ -71.0, 26.299999237060547 ], [ -70.199951171875, 26.799999237060547 ] ] } },
{ "type": "Feature", "properties": { "SID": "2015270N27291", "SEASON": 2015, "NUMBER": 85, "BASIN": "NA", "SUBBASIN": "NA", "NAME": "JOAQUIN", "ISO_TIME": "2015-10-03 21:00:00", "NATURE": "TS", "LAT": 26.8, "LON": -70.2, "WMO_WIND": 0.0, "WMO_PRES": null, "WMO_AGENCY": null, "TRACK_TYPE": "main", "DIST2LAND": 687, "LANDFALL": 687, "IFLAG": "P______________", "USA_AGENCY": null, "USA_ATCFID": "AL112015", "USA_LAT": 26.8, "USA_LON": -70.2, "USA_RECORD": null, "USA_STATUS": "HU", "USA_WIND": 123.0, "USA_PRES": 938.0, "USA_SSHS": 4, "USA_R34_NE": 160.0, "USA_R34_SE": 180.0, "USA_R34_SW": 130.0, "USA_R34_NW": 110.0, "USA_R50_NE": 70.0, "USA_R50_SE": 90.0, "USA_R50_SW": 55.0, "USA_R50_NW": 50.0, "USA_R64_NE": 43.0, "USA_R64_SE": 53.0, "USA_R64_SW": 38.0, "USA_R64_NW": 38.0, "USA_POCI": 1004.0, "USA_ROCI": 430.0, "USA_RMW": 15.0, "USA_EYE": null, "TOK_LAT": null, "TOK_LON": null, "TOK_GRADE": null, "TOK_WIND": null, "TOK_PRES": null, "TOK_R50_DR": null, "TOK_R50_L": null, "TOK_R50_S": null, "TOK_R30_DR": null, "TOK_R30_L": null, "TOK_R30_S": null, "TOK_LAND": null, "CMA_LAT": null, "CMA_LON": null, "CMA_CAT": null, "CMA_WIND": null, "CMA_PRES": null, "HKO_LAT": null, "HKO_LON": null, "HKO_CAT": null, "HKO_WIND": null, "HKO_PRES": null, "KMA_LAT": null, "KMA_LON": null, "KMA_CAT": null, "KMA_WIND": null, "KMA_PRES": null, "KMA_R50_DR": null, "KMA_R50_L": null, "KMA_R50_S": null, "KMA_R30_DR": null, "KMA_R30_L": null, "KMA_R30_S": null, "NEW_LAT": null, "NEW_LON": null, "NEW_GRADE": null, "NEW_WIND": null, "NEW_PRES": null, "NEW_CI": -999.9, "NEW_DP": null, "NEW_POCI": null, "REU_LAT": null, "REU_LON": null, "REU_TYPE": null, "REU_WIND": null, "REU_PRES": null, "REU_TNUM": -999.9, "REU_CI": -999.9, "REU_RMW": null, "REU_R34_NE": null, "REU_R34_SE": null, "REU_R34_SW": null, "REU_R34_NW": null, "REU_R50_NE": null, "REU_R50_SE": null, "REU_R50_SW": null, "REU_R50_NW": null, "REU_R64_NE": null, "REU_R64_SE": null, "REU_R64_SW": null, "REU_R64_NW": null, "BOM_LAT": null, "BOM_LON": null, "BOM_TYPE": null, "BOM_WIND": null, "BOM_PRES": null, "BOM_TNUM": -999.9, "BOM_CI": -999.9, "BOM_RMW": null, "BOM_R34_NE": null, "BOM_R34_SE": null, "BOM_R34_SW": null, "BOM_R34_NW": null, "BOM_R50_NE": null, "BOM_R50_SE": null, "BOM_R50_SW": null, "BOM_R50_NW": null, "BOM_R64_NE": null, "BOM_R64_SE": null, "BOM_R64_SW": null, "BOM_R64_NW": null, "BOM_ROCI": null, "BOM_POCI": null, "BOM_EYE": null, "BOM_POS_FL": null, "BOM_PRS_FL": null, "NAD_LAT": null, "NAD_LON": null, "NAD_CAT": null, "NAD_WIND": null, "NAD_PRES": null, "WEL_LAT": null, "WEL_LON": null, "WEL_WIND": null, "WEL_PRES": null, "DS8_LAT": null, "DS8_LON": null, "DS8_STAGE": null, "DS8_WIND": null, "DS8_PRES": null, "TD6_LAT": null, "TD6_LON": null, "TD6_STAGE": null, "TD6_WIND": null, "TD6_PRES": null, "TD5_LAT": null, "TD5_LON": null, "TD5_WIND": null, "TD5_PRES": null, "TD5_ROCI": null, "NEU_LAT": null, "NEU_LON": null, "NEU_CLASS": null, "NEU_WIND": null, "NEU_PRES": null, "MLC_LAT": null, "MLC_LON": null, "MLC_CLASS": null, "MLC_WIND": null, "MLC_PRES": null, "USA_GUST": null, "BOM_GUST": null, "BOM_GUSTP": null, "REU_GUST": null, "REU_GUSTP": null, "USA_SEAHGT": 12.0, "USA_SEA_NE": 503.0, "USA_SEA_SE": 240.0, "USA_SEA_SW": 210.0, "USA_SEA_NW": 533.0, "STORM_SPD": 17, "STORM_DR": 50, "year": 2015, "month": 10, "day": 3, "hour": 21, "min": 0 }, "geometry": { "type": "LineString", "coordinates": [ [ -70.199951171875, 26.799999237060547 ], [ -69.5, 27.399999618530273 ] ] } },
{ "type": "Feature", "properties": { "SID": "2016273N13300", "SEASON": 2016, "NUMBER": 75, "BASIN": "NA", "SUBBASIN": "CS", "NAME": "MATTHEW", "ISO_TIME": "2016-10-04 21:00:00", "NATURE": "TS", "LAT": 19.7, "LON": -74.3, "WMO_WIND": 0.0, "WMO_PRES": null, "WMO_AGENCY": null, "TRACK_TYPE": "main", "DIST2LAND": 44, "LANDFALL": 0, "IFLAG": "P______________", "USA_AGENCY": null, "USA_ATCFID": "AL142016", "USA_LAT": 19.7, "USA_LON": -74.3, "USA_RECORD": null, "USA_STATUS": "HU", "USA_WIND": 118.0, "USA_PRES": 948.0, "USA_SSHS": 4, "USA_R34_NE": 160.0, "USA_R34_SE": 150.0, "USA_R34_SW": 90.0, "USA_R34_NW": 100.0, "USA_R50_NE": 70.0, "USA_R50_SE": 60.0, "USA_R50_SW": 50.0, "USA_R50_NW": 60.0, "USA_R64_NE": 40.0, "USA_R64_SE": 40.0, "USA_R64_SW": 40.0, "USA_R64_NW": 40.0, "USA_POCI": 1008.0, "USA_ROCI": 250.0, "USA_RMW": 15.0, "USA_EYE": null, "TOK_LAT": null, "TOK_LON": null, "TOK_GRADE": null, "TOK_WIND": null, "TOK_PRES": null, "TOK_R50_DR": null, "TOK_R50_L": null, "TOK_R50_S": null, "TOK_R30_DR": null, "TOK_R30_L": null, "TOK_R30_S": null, "TOK_LAND": null, "CMA_LAT": null, "CMA_LON": null, "CMA_CAT": null, "CMA_WIND": null, "CMA_PRES": null, "HKO_LAT": null, "HKO_LON": null, "HKO_CAT": null, "HKO_WIND": null, "HKO_PRES": null, "KMA_LAT": null, "KMA_LON": null, "KMA_CAT": null, "KMA_WIND": null, "KMA_PRES": null, "KMA_R50_DR": null, "KMA_R50_L": null, "KMA_R50_S": null, "KMA_R30_DR": null, "KMA_R30_L": null, "KMA_R30_S": null, "NEW_LAT": null, "NEW_LON": null, "NEW_GRADE": null, "NEW_WIND": null, "NEW_PRES": null, "NEW_CI": -999.9, "NEW_DP": null, "NEW_POCI": null, "REU_LAT": null, "REU_LON": null, "REU_TYPE": null, "REU_WIND": null, "REU_PRES": null, "REU_TNUM": -999.9, "REU_CI": -999.9, "REU_RMW": null, "REU_R34_NE": null, "REU_R34_SE": null, "REU_R34_SW": null, "REU_R34_NW": null, "REU_R50_NE": null, "REU_R50_SE": null, "REU_R50_SW": null, "REU_R50_NW": null, "REU_R64_NE": null, "REU_R64_SE": null, "REU_R64_SW": null, "REU_R64_NW": null, "BOM_LAT": null, "BOM_LON": null, "BOM_TYPE": null, "BOM_WIND": null, "BOM_PRES": null, "BOM_TNUM": -999.9, "BOM_CI": -999.9, "BOM_RMW": null, "BOM_R34_NE": null, "BOM_R34_SE": null, "BOM_R34_SW": null, "BOM_R34_NW": null, "BOM_R50_NE": null, "BOM_R50_SE": null, "BOM_R50_SW": null, "BOM_R50_NW": null, "BOM_R64_NE": null, "BOM_R64_SE": null, "BOM_R64_SW": null, "BOM_R64_NW": null, "BOM_ROCI": null, "BOM_POCI": null, "BOM_EYE": null, "BOM_POS_FL": null, "BOM_PRS_FL": null, "NAD_LAT": null, "NAD_LON": null, "NAD_CAT": null, "NAD_WIND": null, "NAD_PRES": null, "WEL_LAT": null, "WEL_LON": null, "WEL_WIND": null, "WEL_PRES": null, "DS8_LAT": null, "DS8_LON": null, "DS8_STAGE": null, "DS8_WIND": null, "DS8_PRES": null, "TD6_LAT": null, "TD6_LON": null, "TD6_STAGE": null, "TD6_WIND": null, "TD6_PRES": null, "TD5_LAT": null, "TD5_LON": null, "TD5_WIND": null, "TD5_PRES": null, "TD5_ROCI": null, "NEU_LAT": null, "NEU_LON": null, "NEU_CLASS": null, "NEU_WIND": null, "NEU_PRES": null, "MLC_LAT": null, "MLC_LON": null, "MLC_CLASS": null, "MLC_WIND": null, "MLC_PRES": null, "USA_GUST": null, "BOM_GUST": null, "BOM_GUSTP": null, "REU_GUST": null, "REU_GUSTP": null, "USA_SEAHGT": 12.0, "USA_SEA_NE": 210.0, "USA_SEA_SE": 270.0, "USA_SEA_SW": 180.0, "USA_SEA_NW": 120.0, "STORM_SPD": 8, "STORM_DR": 0, "year": 2016, "month": 10, "day": 4, "hour": 21, "min": 0 }, "geometry": { "type": "LineString", "coordinates": [ [ -74.300048828125, 19.700000762939453 ], [ -74.300048828125, 20.100000381469727 ] ] } },
{ "type": "Feature", "properties": { "SID": "2016273N13300", "SEASON": 2016, "NUMBER": 75, "BASIN": "NA", "SUBBASIN": "CS", "NAME": "MATTHEW", "ISO_TIME": "2016-10-05 00:00:00", "NATURE": "TS", "LAT": 20.1, "LON": -74.3, "WMO_WIND": 115.0, "WMO_PRES": 949.0, "WMO_AGENCY": "hurdat_atl", "TRACK_TYPE": "main", "DIST2LAND": 0, "LANDFALL": 0, "IFLAG": "O______________", "USA_AGENCY": "hurdat_atl", "USA_ATCFID": "AL142016", "USA_LAT": 20.1, "USA_LON": -74.3, "USA_RECORD": "L", "USA_STATUS": "HU", "USA_WIND": 115.0, "USA_PRES": 949.0, "USA_SSHS": 4, "USA_R34_NE": 160.0, "USA_R34_SE": 150.0, "USA_R34_SW": 90.0, "USA_R34_NW": 100.0, "USA_R50_NE": 70.0, "USA_R50_SE": 60.0, "USA_R50_SW": 50.0, "USA_R50_NW": 60.0, "USA_R64_NE": 40.0, "USA_R64_SE": 40.0, "USA_R64_SW": 40.0, "USA_R64_NW": 40.0, "USA_POCI": 1008.0, "USA_ROCI": 250.0, "USA_RMW": 15.0, "USA_EYE": 15.0, "TOK_LAT": null, "TOK_LON": null, "TOK_GRADE": null, "TOK_WIND": null, "TOK_PRES": null, "TOK_R50_DR": null, "TOK_R50_L": null, "TOK_R50_S": null, "TOK_R30_DR": null, "TOK_R30_L": null, "TOK_R30_S": null, "TOK_LAND": null, "CMA_LAT": null, "CMA_LON": null, "CMA_CAT": null, "CMA_WIND": null, "CMA_PRES": null, "HKO_LAT": null, "HKO_LON": null, "HKO_CAT": null, "HKO_WIND": null, "HKO_PRES": null, "KMA_LAT": null, "KMA_LON": null, "KMA_CAT": null, "KMA_WIND": null, "KMA_PRES": null, "KMA_R50_DR": null, "KMA_R50_L": null, "KMA_R50_S": null, "KMA_R30_DR": null, "KMA_R30_L": null, "KMA_R30_S": null, "NEW_LAT": null, "NEW_LON": null, "NEW_GRADE": null, "NEW_WIND": null, "NEW_PRES": null, "NEW_CI": -999.9, "NEW_DP": null, "NEW_POCI": null, "REU_LAT": null, "REU_LON": null, "REU_TYPE": null, "REU_WIND": null, "REU_PRES": null, "REU_TNUM": -999.9, "REU_CI": -999.9, "REU_RMW": null, "REU_R34_NE": null, "REU_R34_SE": null, "REU_R34_SW": null, "REU_R34_NW": null, "REU_R50_NE": null, "REU_R50_SE": null, "REU_R50_SW": null, "REU_R50_NW": null, "REU_R64_NE": null, "REU_R64_SE": null, "REU_R64_SW": null, "REU_R64_NW": null, "BOM_LAT": null, "BOM_LON": null, "BOM_TYPE": null, "BOM_WIND": null, "BOM_PRES": null, "BOM_TNUM": -999.9, "BOM_CI": -999.9, "BOM_RMW": null, "BOM_R34_NE": null, "BOM_R34_SE": null, "BOM_R34_SW": null, "BOM_R34_NW": null, "BOM_R50_NE": null, "BOM_R50_SE": null, "BOM_R50_SW": null, "BOM_R50_NW": null, "BOM_R64_NE": null, "BOM_R64_SE": null, "BOM_R64_SW": null, "BOM_R64_NW": null, "BOM_ROCI": null, "BOM_POCI": null, "BOM_EYE": null, "BOM_POS_FL": null, "BOM_PRS_FL": null, "NAD_LAT": null, "NAD_LON": null, "NAD_CAT": null, "NAD_WIND": null, "NAD_PRES": null, "WEL_LAT": null, "WEL_LON": null, "WEL_WIND": null, "WEL_PRES": null, "DS8_LAT": null, "DS8_LON": null, "DS8_STAGE": null, "DS8_WIND": null, "DS8_PRES": null, "TD6_LAT": null, "TD6_LON": null, "TD6_STAGE": null, "TD6_WIND": null, "TD6_PRES": null, "TD5_LAT": null, "TD5_LON": null, "TD5_WIND": null, "TD5_PRES": null, "TD5_ROCI": null, "NEU_LAT": null, "NEU_LON": null, "NEU_CLASS": null, "NEU_WIND": null, "NEU_PRES": null, "MLC_LAT": null, "MLC_LON": null, "MLC_CLASS": null, "MLC_WIND": null, "MLC_PRES": null, "USA_GUST": 145.0, "BOM_GUST": null, "BOM_GUSTP": null, "REU_GUST": null, "REU_GUSTP": null, "USA_SEAHGT": 12.0, "USA_SEA_NE": 210.0, "USA_SEA_SE": 270.0, "USA_SEA_SW": 180.0, "USA_SEA_NW": 120.0, "STORM_SPD": 7, "STORM_DR": 360, "year": 2016, "month": 10, "day": 5, "hour": 0, "min": 0 }, "geometry": { "type": "LineString", "coordinates": [ [ -74.300048828125, 20.100000381469727 ], [ -74.300048828125, 20.399999618530273 ] ] } },
{ "type": "Feature", "properties": { "SID": "2016273N13300", "SEASON": 2016, "NUMBER": 75, "BASIN": "NA", "SUBBASIN": "NA", "NAME": "MATTHEW", "ISO_TIME": "2016-10-05 03:00:00", "NATURE": "TS", "LAT": 20.4, "LON": -74.3, "WMO_WIND": 0.0, "WMO_PRES": null, "WMO_AGENCY": null, "TRACK_TYPE": "main", "DIST2LAND": 15, "LANDFALL": 15, "IFLAG": "P______________", "USA_AGENCY": null, "USA_ATCFID": "AL142016", "USA_LAT": 20.4, "USA_LON": -74.3, "USA_RECORD": null, "USA_STATUS": "HU", "USA_WIND": 113.0, "USA_PRES": 955.0, "USA_SSHS": 4, "USA_R34_NE": 160.0, "USA_R34_SE": 145.0, "USA_R34_SW": 90.0, "USA_R34_NW": 95.0, "USA_R50_NE": 70.0, "USA_R50_SE": 60.0, "USA_R50_SW": 50.0, "USA_R50_NW": 60.0, "USA_R64_NE": 40.0, "USA_R64_SE": 38.0, "USA_R64_SW": 38.0, "USA_R64_NW": 40.0, "USA_POCI": 1008.0, "USA_ROCI": 260.0, "USA_RMW": 15.0, "USA_EYE": null, "TOK_LAT": null, "TOK_LON": null, "TOK_GRADE": null, "TOK_WIND": null, "TOK_PRES": null, "TOK_R50_DR": null, "TOK_R50_L": null, "TOK_R50_S": null, "TOK_R30_DR": null, "TOK_R30_L": null, "TOK_R30_S": null, "TOK_LAND": null, "CMA_LAT": null, "CMA_LON": null, "CMA_CAT": null, "CMA_WIND": null, "CMA_PRES": null, "HKO_LAT": null, "HKO_LON": null, "HKO_CAT": null, "HKO_WIND": null, "HKO_PRES": null, "KMA_LAT": null, "KMA_LON": null, "KMA_CAT": null, "KMA_WIND": null, "KMA_PRES": null, "KMA_R50_DR": null, "KMA_R50_L": null, "KMA_R50_S": null, "KMA_R30_DR": null, "KMA_R30_L": null, "KMA_R30_S": null, "NEW_LAT": null, "NEW_LON": null, "NEW_GRADE": null, "NEW_WIND": null, "NEW_PRES": null, "NEW_CI": -999.9, "NEW_DP": null, "NEW_POCI": null, "REU_LAT": null, "REU_LON": null, "REU_TYPE": null, "REU_WIND": null, "REU_PRES": null, "REU_TNUM": -999.9, "REU_CI": -999.9, "REU_RMW": null, "REU_R34_NE": null, "REU_R34_SE": null, "REU_R34_SW": null, "REU_R34_NW": null, "REU_R50_NE": null, "REU_R50_SE": null, "REU_R50_SW": null, "REU_R50_NW": null, "REU_R64_NE": null, "REU_R64_SE": null, "REU_R64_SW": null, "REU_R64_NW": null, "BOM_LAT": null, "BOM_LON": null, "BOM_TYPE": null, "BOM_WIND": null, "BOM_PRES": null, "BOM_TNUM": -999.9, "BOM_CI": -999.9, "BOM_RMW": null, "BOM_R34_NE": null, "BOM_R34_SE": null, "BOM_R34_SW": null, "BOM_R34_NW": null, "BOM_R50_NE": null, "BOM_R50_SE": null, "BOM_R50_SW": null, "BOM_R50_NW": null, "BOM_R64_NE": null, "BOM_R64_SE": null, "BOM_R64_SW": null, "BOM_R64_NW": null, "BOM_ROCI": null, "BOM_POCI": null, "BOM_EYE": null, "BOM_POS_FL": null, "BOM_PRS_FL": null, "NAD_LAT": null, "NAD_LON": null, "NAD_CAT": null, "NAD_WIND": null, "NAD_PRES": null, "WEL_LAT": null, "WEL_LON": null, "WEL_WIND": null, "WEL_PRES": null, "DS8_LAT": null, "DS8_LON": null, "DS8_STAGE": null, "DS8_WIND": null, "DS8_PRES": null, "TD6_LAT": null, "TD6_LON": null, "TD6_STAGE": null, "TD6_WIND": null, "TD6_PRES": null, "TD5_LAT": null, "TD5_LON": null, "TD5_WIND": null, "TD5_PRES": null, "TD5_ROCI": null, "NEU_LAT": null, "NEU_LON": null, "NEU_CLASS": null, "NEU_WIND": null, "NEU_PRES": null, "MLC_LAT": null, "MLC_LON": null, "MLC_CLASS": null, "MLC_WIND": null, "MLC_PRES": null, "USA_GUST": null, "BOM_GUST": null, "BOM_GUSTP": null, "REU_GUST": null, "REU_GUSTP": null, "USA_SEAHGT": 12.0, "USA_SEA_NE": 210.0, "USA_SEA_SE": 195.0, "USA_SEA_SW": 165.0, "USA_SEA_NW": 165.0, "STORM_SPD": 6, "STORM_DR": 350, "year": 2016, "month": 10, "day": 5, "hour": 3, "min": 0 }, "geometry": { "type": "LineString", "coordinates": [ [ -74.300048828125, 20.399999618530273 ], [ -74.4000244140625, 20.700000762939453 ] ] } },
{ "type": "Feature", "properties": { "SID": "2016273N13300", "SEASON": 2016, "NUMBER": 75, "BASIN": "NA", "SUBBASIN": "NA", "NAME": "MATTHEW", "ISO_TIME": "2016-10-05 06:00:00", "NATURE": "TS", "LAT": 20.7, "LON": -74.4, "WMO_WIND": 110.0, "WMO_PRES": 960.0, "WMO_AGENCY": "hurdat_atl", "TRACK_TYPE": "main", "DIST2LAND": 30, "LANDFALL": 30, "IFLAG": "O______________", "USA_AGENCY": "hurdat_atl", "USA_ATCFID": "AL142016", "USA_LAT": 20.7, "USA_LON": -74.4, "USA_RECORD": null, "USA_STATUS": "HU", "USA_WIND": 110.0, "USA_PRES": 960.0, "USA_SSHS": 3, "USA_R34_NE": 160.0, "USA_R34_SE": 140.0, "USA_R34_SW": 90.0, "USA_R34_NW": 90.0, "USA_R50_NE": 70.0, "USA_R50_SE": 60.0, "USA_R50_SW": 50.0, "USA_R50_NW": 60.0, "USA_R64_NE": 40.0, "USA_R64_SE": 35.0, "USA_R64_SW": 35.0, "USA_R64_NW": 40.0, "USA_POCI": 1008.0, "USA_ROCI": 270.0, "USA_RMW": 15.0, "USA_EYE": 15.0, "TOK_LAT": null, "TOK_LON": null, "TOK_GRADE": null, "TOK_WIND": null, "TOK_PRES": null, "TOK_R50_DR": null, "TOK_R50_L": null, "TOK_R50_S": null, "TOK_R30_DR": null, "TOK_R30_L": null, "TOK_R30_S": null, "TOK_LAND": null, "CMA_LAT": null, "CMA_LON": null, "CMA_CAT": null, "CMA_WIND": null, "CMA_PRES": null, "HKO_LAT": null, "HKO_LON": null, "HKO_CAT": null, "HKO_WIND": null, "HKO_PRES": null, "KMA_LAT": null, "KMA_LON": null, "KMA_CAT": null, "KMA_WIND": null, "KMA_PRES": null, "KMA_R50_DR": null, "KMA_R50_L": null, "KMA_R50_S": null, "KMA_R30_DR": null, "KMA_R30_L": null, "KMA_R30_S": null, "NEW_LAT": null, "NEW_LON": null, "NEW_GRADE": null, "NEW_WIND": null, "NEW_PRES": null, "NEW_CI": -999.9, "NEW_DP": null, "NEW_POCI": null, "REU_LAT": null, "REU_LON": null, "REU_TYPE": null, "REU_WIND": null, "REU_PRES": null, "REU_TNUM": -999.9, "REU_CI": -999.9, "REU_RMW": null, "REU_R34_NE": null, "REU_R34_SE": null, "REU_R34_SW": null, "REU_R34_NW": null, "REU_R50_NE": null, "REU_R50_SE": null, "REU_R50_SW": null, "REU_R50_NW": null, "REU_R64_NE": null, "REU_R64_SE": null, "REU_R64_SW": null, "REU_R64_NW": null, "BOM_LAT": null, "BOM_LON": null, "BOM_TYPE": null, "BOM_WIND": null, "BOM_PRES": null, "BOM_TNUM": -999.9, "BOM_CI": -999.9, "BOM_RMW": null, "BOM_R34_NE": null, "BOM_R34_SE": null, "BOM_R34_SW": null, "BOM_R34_NW": null, "BOM_R50_NE": null, "BOM_R50_SE": null, "BOM_R50_SW": null, "BOM_R50_NW": null, "BOM_R64_NE": null, "BOM_R64_SE": null, "BOM_R64_SW": null, "BOM_R64_NW": null, "BOM_ROCI": null, "BOM_POCI": null, "BOM_EYE": null, "BOM_POS_FL": null, "BOM_PRS_FL": null, "NAD_LAT": null, "NAD_LON": null, "NAD_CAT": null, "NAD_WIND": null, "NAD_PRES": null, "WEL_LAT": null, "WEL_LON": null, "WEL_WIND": null, "WEL_PRES": null, "DS8_LAT": null, "DS8_LON": null, "DS8_STAGE": null, "DS8_WIND": null, "DS8_PRES": null, "TD6_LAT": null, "TD6_LON": null, "TD6_STAGE": null, "TD6_WIND": null, "TD6_PRES": null, "TD5_LAT": null, "TD5_LON": null, "TD5_WIND": null, "TD5_PRES": null, "TD5_ROCI": null, "NEU_LAT": null, "NEU_LON": null, "NEU_CLASS": null, "NEU_WIND": null, "NEU_PRES": null, "MLC_LAT": null, "MLC_LON": null, "MLC_CLASS": null, "MLC_WIND": null, "MLC_PRES": null, "USA_GUST": 135.0, "BOM_GUST": null, "BOM_GUSTP": null, "REU_GUST": null, "REU_GUSTP": null, "USA_SEAHGT": 12.0, "USA_SEA_NE": 210.0, "USA_SEA_SE": 120.0, "USA_SEA_SW": 150.0, "USA_SEA_NW": 210.0, "STORM_SPD": 7, "STORM_DR": 340, "year": 2016, "month": 10, "day": 5, "hour": 6, "min": 0 }, "geometry": { "type": "LineString", "coordinates": [ [ -74.4000244140625, 20.700000762939453 ], [ -74.5999755859375, 21.0 ] ] } },
{ "type": "Feature", "properties": { "SID": "2016273N13300", "SEASON": 2016, "NUMBER": 75, "BASIN": "NA", "SUBBASIN": "NA", "NAME": "MATTHEW", "ISO_TIME": "2016-10-05 09:00:00", "NATURE": "TS", "LAT": 21.0, "LON": -74.6, "WMO_WIND": 0.0, "WMO_PRES": null, "WMO_AGENCY": null, "TRACK_TYPE": "main", "DIST2LAND": 45, "LANDFALL": 45, "IFLAG": "P______________", "USA_AGENCY": null, "USA_ATCFID": "AL142016", "USA_LAT": 21.0, "USA_LON": -74.6, "USA_RECORD": null, "USA_STATUS": "HU", "USA_WIND": 108.0, "USA_PRES": 961.0, "USA_SSHS": 3, "USA_R34_NE": 160.0, "USA_R34_SE": 140.0, "USA_R34_SW": 85.0, "USA_R34_NW": 90.0, "USA_R50_NE": 70.0, "USA_R50_SE": 60.0, "USA_R50_SW": 50.0, "USA_R50_NW": 60.0, "USA_R64_NE": 40.0, "USA_R64_SE": 33.0, "USA_R64_SW": 33.0, "USA_R64_NW": 40.0, "USA_POCI": 1008.0, "USA_ROCI": 270.0, "USA_RMW": 15.0, "USA_EYE": null, "TOK_LAT": null, "TOK_LON": null, "TOK_GRADE": null, "TOK_WIND": null, "TOK_PRES": null, "TOK_R50_DR": null, "TOK_R50_L": null, "TOK_R50_S": null, "TOK_R30_DR": null, "TOK_R30_L": null, "TOK_R30_S": null, "TOK_LAND": null, "CMA_LAT": null, "CMA_LON": null, "CMA_CAT": null, "CMA_WIND": null, "CMA_PRES": null, "HKO_LAT": null, "HKO_LON": null, "HKO_CAT": null, "HKO_WIND": null, "HKO_PRES": null, "KMA_LAT": null, "KMA_LON": null, "KMA_CAT": null, "KMA_WIND": null, "KMA_PRES": null, "KMA_R50_DR": null, "KMA_R50_L": null, "KMA_R50_S": null, "KMA_R30_DR": null, "KMA_R30_L": null, "KMA_R30_S": null, "NEW_LAT": null, "NEW_LON": null, "NEW_GRADE": null, "NEW_WIND": null, "NEW_PRES": null, "NEW_CI": -999.9, "NEW_DP": null, "NEW_POCI": null, "REU_LAT": null, "REU_LON": null, "REU_TYPE": null, "REU_WIND": null, "REU_PRES": null, "REU_TNUM": -999.9, "REU_CI": -999.9, "REU_RMW": null, "REU_R34_NE": null, "REU_R34_SE": null, "REU_R34_SW": null, "REU_R34_NW": null, "REU_R50_NE": null, "REU_R50_SE": null, "REU_R50_SW": null, "REU_R50_NW": null, "REU_R64_NE": null, "REU_R64_SE": null, "REU_R64_SW": null, "REU_R64_NW": null, "BOM_LAT": null, "BOM_LON": null, "BOM_TYPE": null, "BOM_WIND": null, "BOM_PRES": null, "BOM_TNUM": -999.9, "BOM_CI": -999.9, "BOM_RMW": null, "BOM_R34_NE": null, "BOM_R34_SE": null, "BOM_R34_SW": null, "BOM_R34_NW": null, "BOM_R50_NE": null, "BOM_R50_SE": null, "BOM_R50_SW": null, "BOM_R50_NW": null, "BOM_R64_NE": null, "BOM_R64_SE": null, "BOM_R64_SW": null, "BOM_R64_NW": null, "BOM_ROCI": null, "BOM_POCI": null, "BOM_EYE": null, "BOM_POS_FL": null, "BOM_PRS_FL": null, "NAD_LAT": null, "NAD_LON": null, "NAD_CAT": null, "NAD_WIND": null, "NAD_PRES": null, "WEL_LAT": null, "WEL_LON": null, "WEL_WIND": null, "WEL_PRES": null, "DS8_LAT": null, "DS8_LON": null, "DS8_STAGE": null, "DS8_WIND": null, "DS8_PRES": null, "TD6_LAT": null, "TD6_LON": null, "TD6_STAGE": null, "TD6_WIND": null, "TD6_PRES": null, "TD5_LAT": null, "TD5_LON": null, "TD5_WIND": null, "TD5_PRES": null, "TD5_ROCI": null, "NEU_LAT": null, "NEU_LON": null, "NEU_CLASS": null, "NEU_WIND": null, "NEU_PRES": null, "MLC_LAT": null, "MLC_LON": null, "MLC_CLASS": null, "MLC_WIND": null, "MLC_PRES": null, "USA_GUST": null, "BOM_GUST": null, "BOM_GUSTP": null, "REU_GUST": null, "REU_GUSTP": null, "USA_SEAHGT": 12.0, "USA_SEA_NE": 195.0, "USA_SEA_SE": 105.0, "USA_SEA_SW": 105.0, "USA_SEA_NW": 165.0, "STORM_SPD": 8, "STORM_DR": 330, "year": 2016, "month": 10, "day": 5, "hour": 9, "min": 0 }, "geometry": { "type": "LineString", "coordinates": [ [ -74.5999755859375, 21.0 ], [ -74.800048828125, 21.399999618530273 ] ] } },
{ "type": "Feature", "properties": { "SID": "2016273N13300", "SEASON": 2016, "NUMBER": 75, "BASIN": "NA", "SUBBASIN": "NA", "NAME": "MATTHEW", "ISO_TIME": "2016-10-05 12:00:00", "NATURE": "TS", "LAT": 21.4, "LON": -74.8, "WMO_WIND": 105.0, "WMO_PRES": 962.0, "WMO_AGENCY": "hurdat_atl", "TRACK_TYPE": "main", "DIST2LAND": 89, "LANDFALL": 89, "IFLAG": "O______________", "USA_AGENCY": "hurdat_atl", "USA_ATCFID": "AL142016", "USA_LAT": 21.4, "USA_LON": -74.8, "USA_RECORD": null, "USA_STATUS": "HU", "USA_WIND": 105.0, "USA_PRES": 962.0, "USA_SSHS": 3, "USA_R34_NE": 160.0, "USA_R34_SE": 140.0, "USA_R34_SW": 80.0, "USA_R34_NW": 90.0, "USA_R50_NE": 70.0, "USA_R50_SE": 60.0, "USA_R50_SW": 50.0, "USA_R50_NW": 60.0, "USA_R64_NE": 40.0, "USA_R64_SE": 30.0, "USA_R64_SW": 30.0, "USA_R64_NW": 40.0, "USA_POCI": 1008.0, "USA_ROCI": 270.0, "USA_RMW": 15.0, "USA_EYE": 15.0, "TOK_LAT": null, "TOK_LON": null, "TOK_GRADE": null, "TOK_WIND": null, "TOK_PRES": null, "TOK_R50_DR": null, "TOK_R50_L": null, "TOK_R50_S": null, "TOK_R30_DR": null, "TOK_R30_L": null, "TOK_R30_S": null, "TOK_LAND": null, "CMA_LAT": null, "CMA_LON": null, "CMA_CAT": null, "CMA_WIND": null, "CMA_PRES": null, "HKO_LAT": null, "HKO_LON": null, "HKO_CAT": null, "HKO_WIND": null, "HKO_PRES": null, "KMA_LAT": null, "KMA_LON": null, "KMA_CAT": null, "KMA_WIND": null, "KMA_PRES": null, "KMA_R50_DR": null, "KMA_R50_L": null, "KMA_R50_S": null, "KMA_R30_DR": null, "KMA_R30_L": null, "KMA_R30_S": null, "NEW_LAT": null, "NEW_LON": null, "NEW_GRADE": null, "NEW_WIND": null, "NEW_PRES": null, "NEW_CI": -999.9, "NEW_DP": null, "NEW_POCI": null, "REU_LAT": null, "REU_LON": null, "REU_TYPE": null, "REU_WIND": null, "REU_PRES": null, "REU_TNUM": -999.9, "REU_CI": -999.9, "REU_RMW": null, "REU_R34_NE": null, "REU_R34_SE": null, "REU_R34_SW": null, "REU_R34_NW": null, "REU_R50_NE": null, "REU_R50_SE": null, "REU_R50_SW": null, "REU_R50_NW": null, "REU_R64_NE": null, "REU_R64_SE": null, "REU_R64_SW": null, "REU_R64_NW": null, "BOM_LAT": null, "BOM_LON": null, "BOM_TYPE": null, "BOM_WIND": null, "BOM_PRES": null, "BOM_TNUM": -999.9, "BOM_CI": -999.9, "BOM_RMW": null, "BOM_R34_NE": null, "BOM_R34_SE": null, "BOM_R34_SW": null, "BOM_R34_NW": null, "BOM_R50_NE": null, "BOM_R50_SE": null, "BOM_R50_SW": null, "BOM_R50_NW": null, "BOM_R64_NE": null, "BOM_R64_SE": null, "BOM_R64_SW": null, "BOM_R64_NW": null, "BOM_ROCI": null, "BOM_POCI": null, "BOM_EYE": null, "BOM_POS_FL": null, "BOM_PRS_FL": null, "NAD_LAT": null, "NAD_LON": null, "NAD_CAT": null, "NAD_WIND": null, "NAD_PRES": null, "WEL_LAT": null, "WEL_LON": null, "WEL_WIND": null, "WEL_PRES": null, "DS8_LAT": null, "DS8_LON": null, "DS8_STAGE": null, "DS8_WIND": null, "DS8_PRES": null, "TD6_LAT": null, "TD6_LON": null, "TD6_STAGE": null, "TD6_WIND": null, "TD6_PRES": null, "TD5_LAT": null, "TD5_LON": null, "TD5_WIND": null, "TD5_PRES": null, "TD5_ROCI": null, "NEU_LAT": null, "NEU_LON": null, "NEU_CLASS": null, "NEU_WIND": null, "NEU_PRES": null, "MLC_LAT": null, "MLC_LON": null, "MLC_CLASS": null, "MLC_WIND": null, "MLC_PRES": null, "USA_GUST": 120.0, "BOM_GUST": null, "BOM_GUSTP": null, "REU_GUST": null, "REU_GUSTP": null, "USA_SEAHGT": 12.0, "USA_SEA_NE": 180.0, "USA_SEA_SE": 90.0, "USA_SEA_SW": 60.0, "USA_SEA_NW": 120.0, "STORM_SPD": 9, "STORM_DR": 325, "year": 2016, "month": 10, "day": 5, "hour": 12, "min": 0 }, "geometry": { "type": "LineString", "coordinates": [ [ -74.800048828125, 21.399999618530273 ], [ -75.0999755859375, 21.799999237060547 ] ] } },
{ "type": "Feature", "properties": { "SID": "2016273N13300", "SEASON": 2016, "NUMBER": 75, "BASIN": "NA", "SUBBASIN": "NA", "NAME": "MATTHEW", "ISO_TIME": "2016-10-05 15:00:00", "NATURE": "TS", "LAT": 21.8, "LON": -75.1, "WMO_WIND": 0.0, "WMO_PRES": null, "WMO_AGENCY": null, "TRACK_TYPE": "main", "DIST2LAND": 103, "LANDFALL": 103, "IFLAG": "P______________", "USA_AGENCY": null, "USA_ATCFID": "AL142016", "USA_LAT": 21.8, "USA_LON": -75.1, "USA_RECORD": null, "USA_STATUS": "HU", "USA_WIND": 105.0, "USA_PRES": 963.0, "USA_SSHS": 3, "USA_R34_NE": 160.0, "USA_R34_SE": 140.0, "USA_R34_SW": 75.0, "USA_R34_NW": 90.0, "USA_R50_NE": 70.0, "USA_R50_SE": 60.0, "USA_R50_SW": 45.0, "USA_R50_NW": 60.0, "USA_R64_NE": 40.0, "USA_R64_SE": 30.0, "USA_R64_SW": 30.0, "USA_R64_NW": 40.0, "USA_POCI": 1008.0, "USA_ROCI": 270.0, "USA_RMW": 15.0, "USA_EYE": null, "TOK_LAT": null, "TOK_LON": null, "TOK_GRADE": null, "TOK_WIND": null, "TOK_PRES": null, "TOK_R50_DR": null, "TOK_R50_L": null, "TOK_R50_S": null, "TOK_R30_DR": null, "TOK_R30_L": null, "TOK_R30_S": null, "TOK_LAND": null, "CMA_LAT": null, "CMA_LON": null, "CMA_CAT": null, "CMA_WIND": null, "CMA_PRES": null, "HKO_LAT": null, "HKO_LON": null, "HKO_CAT": null, "HKO_WIND": null, "HKO_PRES": null, "KMA_LAT": null, "KMA_LON": null, "KMA_CAT": null, "KMA_WIND": null, "KMA_PRES": null, "KMA_R50_DR": null, "KMA_R50_L": null, "KMA_R50_S": null, "KMA_R30_DR": null, "KMA_R30_L": null, "KMA_R30_S": null, "NEW_LAT": null, "NEW_LON": null, "NEW_GRADE": null, "NEW_WIND": null, "NEW_PRES": null, "NEW_CI": -999.9, "NEW_DP": null, "NEW_POCI": null, "REU_LAT": null, "REU_LON": null, "REU_TYPE": null, "REU_WIND": null, "REU_PRES": null, "REU_TNUM": -999.9, "REU_CI": -999.9, "REU_RMW": null, "REU_R34_NE": null, "REU_R34_SE": null, "REU_R34_SW": null, "REU_R34_NW": null, "REU_R50_NE": null, "REU_R50_SE": null, "REU_R50_SW": null, "REU_R50_NW": null, "REU_R64_NE": null, "REU_R64_SE": null, "REU_R64_SW": null, "REU_R64_NW": null, "BOM_LAT": null, "BOM_LON": null, "BOM_TYPE": null, "BOM_WIND": null, "BOM_PRES": null, "BOM_TNUM": -999.9, "BOM_CI": -999.9, "BOM_RMW": null, "BOM_R34_NE": null, "BOM_R34_SE": null, "BOM_R34_SW": null, "BOM_R34_NW": null, "BOM_R50_NE": null, "BOM_R50_SE": null, "BOM_R50_SW": null, "BOM_R50_NW": null, "BOM_R64_NE": null, "BOM_R64_SE": null, "BOM_R64_SW": null, "BOM_R64_NW": null, "BOM_ROCI": null, "BOM_POCI": null, "BOM_EYE": null, "BOM_POS_FL": null, "BOM_PRS_FL": null, "NAD_LAT": null, "NAD_LON": null, "NAD_CAT": null, "NAD_WIND": null, "NAD_PRES": null, "WEL_LAT": null, "WEL_LON": null, "WEL_WIND": null, "WEL_PRES": null, "DS8_LAT": null, "DS8_LON": null, "DS8_STAGE": null, "DS8_WIND": null, "DS8_PRES": null, "TD6_LAT": null, "TD6_LON": null, "TD6_STAGE": null, "TD6_WIND": null, "TD6_PRES": null, "TD5_LAT": null, "TD5_LON": null, "TD5_WIND": null, "TD5_PRES": null, "TD5_ROCI": null, "NEU_LAT": null, "NEU_LON": null, "NEU_CLASS": null, "NEU_WIND": null, "NEU_PRES": null, "MLC_LAT": null, "MLC_LON": null, "MLC_CLASS": null, "MLC_WIND": null, "MLC_PRES": null, "USA_GUST": null, "BOM_GUST": null, "BOM_GUSTP": null, "REU_GUST": null, "REU_GUSTP": null, "USA_SEAHGT": 12.0, "USA_SEA_NE": 180.0, "USA_SEA_SE": 105.0, "USA_SEA_SW": 60.0, "USA_SEA_NW": 120.0, "STORM_SPD": 10, "STORM_DR": 325, "year": 2016, "month": 10, "day": 5, "hour": 15, "min": 0 }, "geometry": { "type": "LineString", "coordinates": [ [ -75.0999755859375, 21.799999237060547 ], [ -75.4000244140625, 22.200000762939453 ] ] } },
{ "type": "Feature", "properties": { "SID": "2016273N13300", "SEASON": 2016, "NUMBER": 75, "BASIN": "NA", "SUBBASIN": "NA", "NAME": "MATTHEW", "ISO_TIME": "2016-10-05 18:00:00", "NATURE": "TS", "LAT": 22.2, "LON": -75.4, "WMO_WIND": 105.0, "WMO_PRES": 963.0, "WMO_AGENCY": "hurdat_atl", "TRACK_TYPE": "main", "DIST2LAND": 135, "LANDFALL": 135, "IFLAG": "O______________", "USA_AGENCY": "hurdat_atl", "USA_ATCFID": "AL142016", "USA_LAT": 22.2, "USA_LON": -75.4, "USA_RECORD": null, "USA_STATUS": "HU", "USA_WIND": 105.0, "USA_PRES": 963.0, "USA_SSHS": 3, "USA_R34_NE": 160.0, "USA_R34_SE": 140.0, "USA_R34_SW": 70.0, "USA_R34_NW": 90.0, "USA_R50_NE": 70.0, "USA_R50_SE": 60.0, "USA_R50_SW": 40.0, "USA_R50_NW": 60.0, "USA_R64_NE": 40.0, "USA_R64_SE": 30.0, "USA_R64_SW": 30.0, "USA_R64_NW": 40.0, "USA_POCI": 1008.0, "USA_ROCI": 270.0, "USA_RMW": 15.0, "USA_EYE": 15.0, "TOK_LAT": null, "TOK_LON": null, "TOK_GRADE": null, "TOK_WIND": null, "TOK_PRES": null, "TOK_R50_DR": null, "TOK_R50_L": null, "TOK_R50_S": null, "TOK_R30_DR": null, "TOK_R30_L": null, "TOK_R30_S": null, "TOK_LAND": null, "CMA_LAT": null, "CMA_LON": null, "CMA_CAT": null, "CMA_WIND": null, "CMA_PRES": null, "HKO_LAT": null, "HKO_LON": null, "HKO_CAT": null, "HKO_WIND": null, "HKO_PRES": null, "KMA_LAT": null, "KMA_LON": null, "KMA_CAT": null, "KMA_WIND": null, "KMA_PRES": null, "KMA_R50_DR": null, "KMA_R50_L": null, "KMA_R50_S": null, "KMA_R30_DR": null, "KMA_R30_L": null, "KMA_R30_S": null, "NEW_LAT": null, "NEW_LON": null, "NEW_GRADE": null, "NEW_WIND": null, "NEW_PRES": null, "NEW_CI": -999.9, "NEW_DP": null, "NEW_POCI": null, "REU_LAT": null, "REU_LON": null, "REU_TYPE": null, "REU_WIND": null, "REU_PRES": null, "REU_TNUM": -999.9, "REU_CI": -999.9, "REU_RMW": null, "REU_R34_NE": null, "REU_R34_SE": null, "REU_R34_SW": null, "REU_R34_NW": null, "REU_R50_NE": null, "REU_R50_SE": null, "REU_R50_SW": null, "REU_R50_NW": null, "REU_R64_NE": null, "REU_R64_SE": null, "REU_R64_SW": null, "REU_R64_NW": null, "BOM_LAT": null, "BOM_LON": null, "BOM_TYPE": null, "BOM_WIND": null, "BOM_PRES": null, "BOM_TNUM": -999.9, "BOM_CI": -999.9, "BOM_RMW": null, "BOM_R34_NE": null, "BOM_R34_SE": null, "BOM_R34_SW": null, "BOM_R34_NW": null, "BOM_R50_NE": null, "BOM_R50_SE": null, "BOM_R50_SW": null, "BOM_R50_NW": null, "BOM_R64_NE": null, "BOM_R64_SE": null, "BOM_R64_SW": null, "BOM_R64_NW": null, "BOM_ROCI": null, "BOM_POCI": null, "BOM_EYE": null, "BOM_POS_FL": null, "BOM_PRS_FL": null, "NAD_LAT": null, "NAD_LON": null, "NAD_CAT": null, "NAD_WIND": null, "NAD_PRES": null, "WEL_LAT": null, "WEL_LON": null, "WEL_WIND": null, "WEL_PRES": null, "DS8_LAT": null, "DS8_LON": null, "DS8_STAGE": null, "DS8_WIND": null, "DS8_PRES": null, "TD6_LAT": null, "TD6_LON": null, "TD6_STAGE": null, "TD6_WIND": null, "TD6_PRES": null, "TD5_LAT": null, "TD5_LON": null, "TD5_WIND": null, "TD5_PRES": null, "TD5_ROCI": null, "NEU_LAT": null, "NEU_LON": null, "NEU_CLASS": null, "NEU_WIND": null, "NEU_PRES": null, "MLC_LAT": null, "MLC_LON": null, "MLC_CLASS": null, "MLC_WIND": null, "MLC_PRES": null, "USA_GUST": 130.0, "BOM_GUST": null, "BOM_GUSTP": null, "REU_GUST": null, "REU_GUSTP": null, "USA_SEAHGT": 12.0, "USA_SEA_NE": 180.0, "USA_SEA_SE": 120.0, "USA_SEA_SW": 60.0, "USA_SEA_NW": 120.0, "STORM_SPD": 10, "STORM_DR": 325, "year": 2016, "month": 10, "day": 5, "hour": 18, "min": 0 }, "geometry": { "type": "LineString", "coordinates": [ [ -75.4000244140625, 22.200000762939453 ], [ -75.699951171875, 22.600000381469727 ] ] } },
{ "type": "Feature", "properties": { "SID": "2016273N13300", "SEASON": 2016, "NUMBER": 75, "BASIN": "NA", "SUBBASIN": "NA", "NAME": "MATTHEW", "ISO_TIME": "2016-10-05 21:00:00", "NATURE": "TS", "LAT": 22.6, "LON": -75.7, "WMO_WIND": 0.0, "WMO_PRES": null, "WMO_AGENCY": null, "TRACK_TYPE": "main", "DIST2LAND": 164, "LANDFALL": 164, "IFLAG": "P______________", "USA_AGENCY": null, "USA_ATCFID": "AL142016", "USA_LAT": 22.6, "USA_LON": -75.7, "USA_RECORD": null, "USA_STATUS": "HU", "USA_WIND": 105.0, "USA_PRES": 962.0, "USA_SSHS": 3, "USA_R34_NE": 160.0, "USA_R34_SE": 140.0, "USA_R34_SW": 70.0, "USA_R34_NW": 90.0, "USA_R50_NE": 70.0, "USA_R50_SE": 60.0, "USA_R50_SW": 40.0, "USA_R50_NW": 60.0, "USA_R64_NE": 40.0, "USA_R64_SE": 30.0, "USA_R64_SW": 30.0, "USA_R64_NW": 40.0, "USA_POCI": 1008.0, "USA_ROCI": 270.0, "USA_RMW": 13.0, "USA_EYE": null, "TOK_LAT": null, "TOK_LON": null, "TOK_GRADE": null, "TOK_WIND": null, "TOK_PRES": null, "TOK_R50_DR": null, "TOK_R50_L": null, "TOK_R50_S": null, "TOK_R30_DR": null, "TOK_R30_L": null, "TOK_R30_S": null, "TOK_LAND": null, "CMA_LAT": null, "CMA_LON": null, "CMA_CAT": null, "CMA_WIND": null, "CMA_PRES": null, "HKO_LAT": null, "HKO_LON": null, "HKO_CAT": null, "HKO_WIND": null, "HKO_PRES": null, "KMA_LAT": null, "KMA_LON": null, "KMA_CAT": null, "KMA_WIND": null, "KMA_PRES": null, "KMA_R50_DR": null, "KMA_R50_L": null, "KMA_R50_S": null, "KMA_R30_DR": null, "KMA_R30_L": null, "KMA_R30_S": null, "NEW_LAT": null, "NEW_LON": null, "NEW_GRADE": null, "NEW_WIND": null, "NEW_PRES": null, "NEW_CI": -999.9, "NEW_DP": null, "NEW_POCI": null, "REU_LAT": null, "REU_LON": null, "REU_TYPE": null, "REU_WIND": null, "REU_PRES": null, "REU_TNUM": -999.9, "REU_CI": -999.9, "REU_RMW": null, "REU_R34_NE": null, "REU_R34_SE": null, "REU_R34_SW": null, "REU_R34_NW": null, "REU_R50_NE": null, "REU_R50_SE": null, "REU_R50_SW": null, "REU_R50_NW": null, "REU_R64_NE": null, "REU_R64_SE": null, "REU_R64_SW": null, "REU_R64_NW": null, "BOM_LAT": null, "BOM_LON": null, "BOM_TYPE": null, "BOM_WIND": null, "BOM_PRES": null, "BOM_TNUM": -999.9, "BOM_CI": -999.9, "BOM_RMW": null, "BOM_R34_NE": null, "BOM_R34_SE": null, "BOM_R34_SW": null, "BOM_R34_NW": null, "BOM_R50_NE": null, "BOM_R50_SE": null, "BOM_R50_SW": null, "BOM_R50_NW": null, "BOM_R64_NE": null, "BOM_R64_SE": null, "BOM_R64_SW": null, "BOM_R64_NW": null, "BOM_ROCI": null, "BOM_POCI": null, "BOM_EYE": null, "BOM_POS_FL": null, "BOM_PRS_FL": null, "NAD_LAT": null, "NAD_LON": null, "NAD_CAT": null, "NAD_WIND": null, "NAD_PRES": null, "WEL_LAT": null, "WEL_LON": null, "WEL_WIND": null, "WEL_PRES": null, "DS8_LAT": null, "DS8_LON": null, "DS8_STAGE": null, "DS8_WIND": null, "DS8_PRES": null, "TD6_LAT": null, "TD6_LON": null, "TD6_STAGE": null, "TD6_WIND": null, "TD6_PRES": null, "TD5_LAT": null, "TD5_LON": null, "TD5_WIND": null, "TD5_PRES": null, "TD5_ROCI": null, "NEU_LAT": null, "NEU_LON": null, "NEU_CLASS": null, "NEU_WIND": null, "NEU_PRES": null, "MLC_LAT": null, "MLC_LON": null, "MLC_CLASS": null, "MLC_WIND": null, "MLC_PRES": null, "USA_GUST": null, "BOM_GUST": null, "BOM_GUSTP": null, "REU_GUST": null, "REU_GUSTP": null, "USA_SEAHGT": 12.0, "USA_SEA_NE": 225.0, "USA_SEA_SE": 135.0, "USA_SEA_SW": 75.0, "USA_SEA_NW": 120.0, "STORM_SPD": 10, "STORM_DR": 325, "year": 2016, "month": 10, "day": 5, "hour": 21, "min": 0 }, "geometry": { "type": "LineString", "coordinates": [ [ -75.699951171875, 22.600000381469727 ], [ -76.0, 23.0 ] ] } },
{ "type": "Feature", "properties": { "SID": "2016273N13300", "SEASON": 2016, "NUMBER": 75, "BASIN": "NA", "SUBBASIN": "NA", "NAME": "MATTHEW", "ISO_TIME": "2016-10-06 00:00:00", "NATURE": "TS", "LAT": 23.0, "LON": -76.0, "WMO_WIND": 105.0, "WMO_PRES": 960.0, "WMO_AGENCY": "hurdat_atl", "TRACK_TYPE": "main", "DIST2LAND": 184, "LANDFALL": 184, "IFLAG": "O______________", "USA_AGENCY": "hurdat_atl", "USA_ATCFID": "AL142016", "USA_LAT": 23.0, "USA_LON": -76.0, "USA_RECORD": null, "USA_STATUS": "HU", "USA_WIND": 105.0, "USA_PRES": 960.0, "USA_SSHS": 3, "USA_R34_NE": 160.0, "USA_R34_SE": 140.0, "USA_R34_SW": 70.0, "USA_R34_NW": 90.0, "USA_R50_NE": 70.0, "USA_R50_SE": 60.0, "USA_R50_SW": 40.0, "USA_R50_NW": 60.0, "USA_R64_NE": 40.0, "USA_R64_SE": 30.0, "USA_R64_SW": 30.0, "USA_R64_NW": 40.0, "USA_POCI": 1008.0, "USA_ROCI": 270.0, "USA_RMW": 10.0, "USA_EYE": 15.0, "TOK_LAT": null, "TOK_LON": null, "TOK_GRADE": null, "TOK_WIND": null, "TOK_PRES": null, "TOK_R50_DR": null, "TOK_R50_L": null, "TOK_R50_S": null, "TOK_R30_DR": null, "TOK_R30_L": null, "TOK_R30_S": null, "TOK_LAND": null, "CMA_LAT": null, "CMA_LON": null, "CMA_CAT": null, "CMA_WIND": null, "CMA_PRES": null, "HKO_LAT": null, "HKO_LON": null, "HKO_CAT": null, "HKO_WIND": null, "HKO_PRES": null, "KMA_LAT": null, "KMA_LON": null, "KMA_CAT": null, "KMA_WIND": null, "KMA_PRES": null, "KMA_R50_DR": null, "KMA_R50_L": null, "KMA_R50_S": null, "KMA_R30_DR": null, "KMA_R30_L": null, "KMA_R30_S": null, "NEW_LAT": null, "NEW_LON": null, "NEW_GRADE": null, "NEW_WIND": null, "NEW_PRES": null, "NEW_CI": -999.9, "NEW_DP": null, "NEW_POCI": null, "REU_LAT": null, "REU_LON": null, "REU_TYPE": null, "REU_WIND": null, "REU_PRES": null, "REU_TNUM": -999.9, "REU_CI": -999.9, "REU_RMW": null, "REU_R34_NE": null, "REU_R34_SE": null, "REU_R34_SW": null, "REU_R34_NW": null, "REU_R50_NE": null, "REU_R50_SE": null, "REU_R50_SW": null, "REU_R50_NW": null, "REU_R64_NE": null, "REU_R64_SE": null, "REU_R64_SW": null, "REU_R64_NW": null, "BOM_LAT": null, "BOM_LON": null, "BOM_TYPE": null, "BOM_WIND": null, "BOM_PRES": null, "BOM_TNUM": -999.9, "BOM_CI": -999.9, "BOM_RMW": null, "BOM_R34_NE": null, "BOM_R34_SE": null, "BOM_R34_SW": null, "BOM_R34_NW": null, "BOM_R50_NE": null, "BOM_R50_SE": null, "BOM_R50_SW": null, "BOM_R50_NW": null, "BOM_R64_NE": null, "BOM_R64_SE": null, "BOM_R64_SW": null, "BOM_R64_NW": null, "BOM_ROCI": null, "BOM_POCI": null, "BOM_EYE": null, "BOM_POS_FL": null, "BOM_PRS_FL": null, "NAD_LAT": null, "NAD_LON": null, "NAD_CAT": null, "NAD_WIND": null, "NAD_PRES": null, "WEL_LAT": null, "WEL_LON": null, "WEL_WIND": null, "WEL_PRES": null, "DS8_LAT": null, "DS8_LON": null, "DS8_STAGE": null, "DS8_WIND": null, "DS8_PRES": null, "TD6_LAT": null, "TD6_LON": null, "TD6_STAGE": null, "TD6_WIND": null, "TD6_PRES": null, "TD5_LAT": null, "TD5_LON": null, "TD5_WIND": null, "TD5_PRES": null, "TD5_ROCI": null, "NEU_LAT": null, "NEU_LON": null, "NEU_CLASS": null, "NEU_WIND": null, "NEU_PRES": null, "MLC_LAT": null, "MLC_LON": null, "MLC_CLASS": null, "MLC_WIND": null, "MLC_PRES": null, "USA_GUST": 120.0, "BOM_GUST": null, "BOM_GUSTP": null, "REU_GUST": null, "REU_GUSTP": null, "USA_SEAHGT": 12.0, "USA_SEA_NE": 270.0, "USA_SEA_SE": 150.0, "USA_SEA_SW": 90.0, "USA_SEA_NW": 120.0, "STORM_SPD": 10, "STORM_DR": 325, "year": 2016, "month": 10, "day": 6, "hour": 0, "min": 0 }, "geometry": { "type": "LineString", "coordinates": [ [ -76.0, 23.0 ], [ -76.300048828125, 23.399999618530273 ] ] } },
{ "type": "Feature", "properties": { "SID": "2016273N13300", "SEASON": 2016, "NUMBER": 75, "BASIN": "NA", "SUBBASIN": "NA", "NAME": "MATTHEW", "ISO_TIME": "2016-10-06 03:00:00", "NATURE": "TS", "LAT": 23.4, "LON": -76.3, "WMO_WIND": 0.0, "WMO_PRES": null, "WMO_AGENCY": null, "TRACK_TYPE": "main", "DIST2LAND": 187, "LANDFALL": 128, "IFLAG": "P______________", "USA_AGENCY": null, "USA_ATCFID": "AL142016", "USA_LAT": 23.4, "USA_LON": -76.3, "USA_RECORD": null, "USA_STATUS": "HU", "USA_WIND": 108.0, "USA_PRES": 956.0, "USA_SSHS": 3, "USA_R34_NE": 160.0, "USA_R34_SE": 140.0, "USA_R34_SW": 70.0, "USA_R34_NW": 90.0, "USA_R50_NE": 70.0, "USA_R50_SE": 60.0, "USA_R50_SW": 40.0, "USA_R50_NW": 60.0, "USA_R64_NE": 40.0, "USA_R64_SE": 30.0, "USA_R64_SW": 30.0, "USA_R64_NW": 40.0, "USA_POCI": 1008.0, "USA_ROCI": 270.0, "USA_RMW": 10.0, "USA_EYE": null, "TOK_LAT": null, "TOK_LON": null, "TOK_GRADE": null, "TOK_WIND": null, "TOK_PRES": null, "TOK_R50_DR": null, "TOK_R50_L": null, "TOK_R50_S": null, "TOK_R30_DR": null, "TOK_R30_L": null, "TOK_R30_S": null, "TOK_LAND": null, "CMA_LAT": null, "CMA_LON": null, "CMA_CAT": null, "CMA_WIND": null, "CMA_PRES": null, "HKO_LAT": null, "HKO_LON": null, "HKO_CAT": null, "HKO_WIND": null, "HKO_PRES": null, "KMA_LAT": null, "KMA_LON": null, "KMA_CAT": null, "KMA_WIND": null, "KMA_PRES": null, "KMA_R50_DR": null, "KMA_R50_L": null, "KMA_R50_S": null, "KMA_R30_DR": null, "KMA_R30_L": null, "KMA_R30_S": null, "NEW_LAT": null, "NEW_LON": null, "NEW_GRADE": null, "NEW_WIND": null, "NEW_PRES": null, "NEW_CI": -999.9, "NEW_DP": null, "NEW_POCI": null, "REU_LAT": null, "REU_LON": null, "REU_TYPE": null, "REU_WIND": null, "REU_PRES": null, "REU_TNUM": -999.9, "REU_CI": -999.9, "REU_RMW": null, "REU_R34_NE": null, "REU_R34_SE": null, "REU_R34_SW": null, "REU_R34_NW": null, "REU_R50_NE": null, "REU_R50_SE": null, "REU_R50_SW": null, "REU_R50_NW": null, "REU_R64_NE": null, "REU_R64_SE": null, "REU_R64_SW": null, "REU_R64_NW": null, "BOM_LAT": null, "BOM_LON": null, "BOM_TYPE": null, "BOM_WIND": null, "BOM_PRES": null, "BOM_TNUM": -999.9, "BOM_CI": -999.9, "BOM_RMW": null, "BOM_R34_NE": null, "BOM_R34_SE": null, "BOM_R34_SW": null, "BOM_R34_NW": null, "BOM_R50_NE": null, "BOM_R50_SE": null, "BOM_R50_SW": null, "BOM_R50_NW": null, "BOM_R64_NE": null, "BOM_R64_SE": null, "BOM_R64_SW": null, "BOM_R64_NW": null, "BOM_ROCI": null, "BOM_POCI": null, "BOM_EYE": null, "BOM_POS_FL": null, "BOM_PRS_FL": null, "NAD_LAT": null, "NAD_LON": null, "NAD_CAT": null, "NAD_WIND": null, "NAD_PRES": null, "WEL_LAT": null, "WEL_LON": null, "WEL_WIND": null, "WEL_PRES": null, "DS8_LAT": null, "DS8_LON": null, "DS8_STAGE": null, "DS8_WIND": null, "DS8_PRES": null, "TD6_LAT": null, "TD6_LON": null, "TD6_STAGE": null, "TD6_WIND": null, "TD6_PRES": null, "TD5_LAT": null, "TD5_LON": null, "TD5_WIND": null, "TD5_PRES": null, "TD5_ROCI": null, "NEU_LAT": null, "NEU_LON": null, "NEU_CLASS": null, "NEU_WIND": null, "NEU_PRES": null, "MLC_LAT": null, "MLC_LON": null, "MLC_CLASS": null, "MLC_WIND": null, "MLC_PRES": null, "USA_GUST": null, "BOM_GUST": null, "BOM_GUSTP": null, "REU_GUST": null, "REU_GUSTP": null, "USA_SEAHGT": 12.0, "USA_SEA_NE": 255.0, "USA_SEA_SE": 150.0, "USA_SEA_SW": 90.0, "USA_SEA_NW": 105.0, "STORM_SPD": 10, "STORM_DR": 320, "year": 2016, "month": 10, "day": 6, "hour": 3, "min": 0 }, "geometry": { "type": "LineString", "coordinates": [ [ -76.300048828125, 23.399999618530273 ], [ -76.699951171875, 23.799999237060547 ] ] } },
{ "type": "Feature", "properties": { "SID": "2016273N13300", "SEASON": 2016, "NUMBER": 75, "BASIN": "NA", "SUBBASIN": "NA", "NAME": "MATTHEW", "ISO_TIME": "2016-10-06 06:00:00", "NATURE": "TS", "LAT": 23.8, "LON": -76.7, "WMO_WIND": 110.0, "WMO_PRES": 952.0, "WMO_AGENCY": "hurdat_atl", "TRACK_TYPE": "main", "DIST2LAND": 128, "LANDFALL": 69, "IFLAG": "O______________", "USA_AGENCY": "hurdat_atl", "USA_ATCFID": "AL142016", "USA_LAT": 23.8, "USA_LON": -76.7, "USA_RECORD": null, "USA_STATUS": "HU", "USA_WIND": 110.0, "USA_PRES": 952.0, "USA_SSHS": 3, "USA_R34_NE": 160.0, "USA_R34_SE": 140.0, "USA_R34_SW": 70.0, "USA_R34_NW": 90.0, "USA_R50_NE": 70.0, "USA_R50_SE": 60.0, "USA_R50_SW": 40.0, "USA_R50_NW": 60.0, "USA_R64_NE": 40.0, "USA_R64_SE": 30.0, "USA_R64_SW": 30.0, "USA_R64_NW": 40.0, "USA_POCI": 1008.0, "USA_ROCI": 270.0, "USA_RMW": 10.0, "USA_EYE": 15.0, "TOK_LAT": null, "TOK_LON": null, "TOK_GRADE": null, "TOK_WIND": null, "TOK_PRES": null, "TOK_R50_DR": null, "TOK_R50_L": null, "TOK_R50_S": null, "TOK_R30_DR": null, "TOK_R30_L": null, "TOK_R30_S": null, "TOK_LAND": null, "CMA_LAT": null, "CMA_LON": null, "CMA_CAT": null, "CMA_WIND": null, "CMA_PRES": null, "HKO_LAT": null, "HKO_LON": null, "HKO_CAT": null, "HKO_WIND": null, "HKO_PRES": null, "KMA_LAT": null, "KMA_LON": null, "KMA_CAT": null, "KMA_WIND": null, "KMA_PRES": null, "KMA_R50_DR": null, "KMA_R50_L": null, "KMA_R50_S": null, "KMA_R30_DR": null, "KMA_R30_L": null, "KMA_R30_S": null, "NEW_LAT": null, "NEW_LON": null, "NEW_GRADE": null, "NEW_WIND": null, "NEW_PRES": null, "NEW_CI": -999.9, "NEW_DP": null, "NEW_POCI": null, "REU_LAT": null, "REU_LON": null, "REU_TYPE": null, "REU_WIND": null, "REU_PRES": null, "REU_TNUM": -999.9, "REU_CI": -999.9, "REU_RMW": null, "REU_R34_NE": null, "REU_R34_SE": null, "REU_R34_SW": null, "REU_R34_NW": null, "REU_R50_NE": null, "REU_R50_SE": null, "REU_R50_SW": null, "REU_R50_NW": null, "REU_R64_NE": null, "REU_R64_SE": null, "REU_R64_SW": null, "REU_R64_NW": null, "BOM_LAT": null, "BOM_LON": null, "BOM_TYPE": null, "BOM_WIND": null, "BOM_PRES": null, "BOM_TNUM": -999.9, "BOM_CI": -999.9, "BOM_RMW": null, "BOM_R34_NE": null, "BOM_R34_SE": null, "BOM_R34_SW": null, "BOM_R34_NW": null, "BOM_R50_NE": null, "BOM_R50_SE": null, "BOM_R50_SW": null, "BOM_R50_NW": null, "BOM_R64_NE": null, "BOM_R64_SE": null, "BOM_R64_SW": null, "BOM_R64_NW": null, "BOM_ROCI": null, "BOM_POCI": null, "BOM_EYE": null, "BOM_POS_FL": null, "BOM_PRS_FL": null, "NAD_LAT": null, "NAD_LON": null, "NAD_CAT": null, "NAD_WIND": null, "NAD_PRES": null, "WEL_LAT": null, "WEL_LON": null, "WEL_WIND": null, "WEL_PRES": null, "DS8_LAT": null, "DS8_LON": null, "DS8_STAGE": null, "DS8_WIND": null, "DS8_PRES": null, "TD6_LAT": null, "TD6_LON": null, "TD6_STAGE": null, "TD6_WIND": null, "TD6_PRES": null, "TD5_LAT": null, "TD5_LON": null, "TD5_WIND": null, "TD5_PRES": null, "TD5_ROCI": null, "NEU_LAT": null, "NEU_LON": null, "NEU_CLASS": null, "NEU_WIND": null, "NEU_PRES": null, "MLC_LAT": null, "MLC_LON": null, "MLC_CLASS": null, "MLC_WIND": null, "MLC_PRES": null, "USA_GUST": 135.0, "BOM_GUST": null, "BOM_GUSTP": null, "REU_GUST": null, "REU_GUSTP": null, "USA_SEAHGT": 12.0, "USA_SEA_NE": 240.0, "USA_SEA_SE": 150.0, "USA_SEA_SW": 90.0, "USA_SEA_NW": 90.0, "STORM_SPD": 11, "STORM_DR": 320, "year": 2016, "month": 10, "day": 6, "hour": 6, "min": 0 }, "geometry": { "type": "LineString", "coordinates": [ [ -76.699951171875, 23.799999237060547 ], [ -77.0999755859375, 24.200000762939453 ] ] } },
{ "type": "Feature", "properties": { "SID": "2016273N13300", "SEASON": 2016, "NUMBER": 75, "BASIN": "NA", "SUBBASIN": "NA", "NAME": "MATTHEW", "ISO_TIME": "2016-10-06 09:00:00", "NATURE": "TS", "LAT": 24.2, "LON": -77.1, "WMO_WIND": 0.0, "WMO_PRES": null, "WMO_AGENCY": null, "TRACK_TYPE": "main", "DIST2LAND": 69, "LANDFALL": 23, "IFLAG": "P______________", "USA_AGENCY": null, "USA_ATCFID": "AL142016", "USA_LAT": 24.2, "USA_LON": -77.1, "USA_RECORD": null, "USA_STATUS": "HU", "USA_WIND": 115.0, "USA_PRES": 945.0, "USA_SSHS": 4, "USA_R34_NE": 160.0, "USA_R34_SE": 140.0, "USA_R34_SW": 70.0, "USA_R34_NW": 95.0, "USA_R50_NE": 70.0, "USA_R50_SE": 60.0, "USA_R50_SW": 40.0, "USA_R50_NW": 60.0, "USA_R64_NE": 40.0, "USA_R64_SE": 35.0, "USA_R64_SW": 30.0, "USA_R64_NW": 40.0, "USA_POCI": 1008.0, "USA_ROCI": 270.0, "USA_RMW": 10.0, "USA_EYE": null, "TOK_LAT": null, "TOK_LON": null, "TOK_GRADE": null, "TOK_WIND": null, "TOK_PRES": null, "TOK_R50_DR": null, "TOK_R50_L": null, "TOK_R50_S": null, "TOK_R30_DR": null, "TOK_R30_L": null, "TOK_R30_S": null, "TOK_LAND": null, "CMA_LAT": null, "CMA_LON": null, "CMA_CAT": null, "CMA_WIND": null, "CMA_PRES": null, "HKO_LAT": null, "HKO_LON": null, "HKO_CAT": null, "HKO_WIND": null, "HKO_PRES": null, "KMA_LAT": null, "KMA_LON": null, "KMA_CAT": null, "KMA_WIND": null, "KMA_PRES": null, "KMA_R50_DR": null, "KMA_R50_L": null, "KMA_R50_S": null, "KMA_R30_DR": null, "KMA_R30_L": null, "KMA_R30_S": null, "NEW_LAT": null, "NEW_LON": null, "NEW_GRADE": null, "NEW_WIND": null, "NEW_PRES": null, "NEW_CI": -999.9, "NEW_DP": null, "NEW_POCI": null, "REU_LAT": null, "REU_LON": null, "REU_TYPE": null, "REU_WIND": null, "REU_PRES": null, "REU_TNUM": -999.9, "REU_CI": -999.9, "REU_RMW": null, "REU_R34_NE": null, "REU_R34_SE": null, "REU_R34_SW": null, "REU_R34_NW": null, "REU_R50_NE": null, "REU_R50_SE": null, "REU_R50_SW": null, "REU_R50_NW": null, "REU_R64_NE": null, "REU_R64_SE": null, "REU_R64_SW": null, "REU_R64_NW": null, "BOM_LAT": null, "BOM_LON": null, "BOM_TYPE": null, "BOM_WIND": null, "BOM_PRES": null, "BOM_TNUM": -999.9, "BOM_CI": -999.9, "BOM_RMW": null, "BOM_R34_NE": null, "BOM_R34_SE": null, "BOM_R34_SW": null, "BOM_R34_NW": null, "BOM_R50_NE": null, "BOM_R50_SE": null, "BOM_R50_SW": null, "BOM_R50_NW": null, "BOM_R64_NE": null, "BOM_R64_SE": null, "BOM_R64_SW": null, "BOM_R64_NW": null, "BOM_ROCI": null, "BOM_POCI": null, "BOM_EYE": null, "BOM_POS_FL": null, "BOM_PRS_FL": null, "NAD_LAT": null, "NAD_LON": null, "NAD_CAT": null, "NAD_WIND": null, "NAD_PRES": null, "WEL_LAT": null, "WEL_LON": null, "WEL_WIND": null, "WEL_PRES": null, "DS8_LAT": null, "DS8_LON": null, "DS8_STAGE": null, "DS8_WIND": null, "DS8_PRES": null, "TD6_LAT": null, "TD6_LON": null, "TD6_STAGE": null, "TD6_WIND": null, "TD6_PRES": null, "TD5_LAT": null, "TD5_LON": null, "TD5_WIND": null, "TD5_PRES": null, "TD5_ROCI": null, "NEU_LAT": null, "NEU_LON": null, "NEU_CLASS": null, "NEU_WIND": null, "NEU_PRES": null, "MLC_LAT": null, "MLC_LON": null, "MLC_CLASS": null, "MLC_WIND": null, "MLC_PRES": null, "USA_GUST": null, "BOM_GUST": null, "BOM_GUSTP": null, "REU_GUST": null, "REU_GUSTP": null, "USA_SEAHGT": 12.0, "USA_SEA_NE": 225.0, "USA_SEA_SE": 135.0, "USA_SEA_SW": 90.0, "USA_SEA_NW": 90.0, "STORM_SPD": 12, "STORM_DR": 320, "year": 2016, "month": 10, "day": 6, "hour": 9, "min": 0 }, "geometry": { "type": "LineString", "coordinates": [ [ -77.0999755859375, 24.200000762939453 ], [ -77.5, 24.700000762939453 ] ] } },
{ "type": "Feature", "properties": { "SID": "2016273N13300", "SEASON": 2016, "NUMBER": 75, "BASIN": "NA", "SUBBASIN": "NA", "NAME": "MATTHEW", "ISO_TIME": "2016-10-06 12:00:00", "NATURE": "TS", "LAT": 24.7, "LON": -77.5, "WMO_WIND": 120.0, "WMO_PRES": 937.0, "WMO_AGENCY": "hurdat_atl", "TRACK_TYPE": "main", "DIST2LAND": 30, "LANDFALL": 10, "IFLAG": "O______________", "USA_AGENCY": "hurdat_atl", "USA_ATCFID": "AL142016", "USA_LAT": 24.7, "USA_LON": -77.5, "USA_RECORD": null, "USA_STATUS": "HU", "USA_WIND": 120.0, "USA_PRES": 937.0, "USA_SSHS": 4, "USA_R34_NE": 160.0, "USA_R34_SE": 140.0, "USA_R34_SW": 70.0, "USA_R34_NW": 100.0, "USA_R50_NE": 70.0, "USA_R50_SE": 60.0, "USA_R50_SW": 40.0, "USA_R50_NW": 60.0, "USA_R64_NE": 40.0, "USA_R64_SE": 40.0, "USA_R64_SW": 30.0, "USA_R64_NW": 40.0, "USA_POCI": 1008.0, "USA_ROCI": 270.0, "USA_RMW": 10.0, "USA_EYE": 15.0, "TOK_LAT": null, "TOK_LON": null, "TOK_GRADE": null, "TOK_WIND": null, "TOK_PRES": null, "TOK_R50_DR": null, "TOK_R50_L": null, "TOK_R50_S": null, "TOK_R30_DR": null, "TOK_R30_L": null, "TOK_R30_S": null, "TOK_LAND": null, "CMA_LAT": null, "CMA_LON": null, "CMA_CAT": null, "CMA_WIND": null, "CMA_PRES": null, "HKO_LAT": null, "HKO_LON": null, "HKO_CAT": null, "HKO_WIND": null, "HKO_PRES": null, "KMA_LAT": null, "KMA_LON": null, "KMA_CAT": null, "KMA_WIND": null, "KMA_PRES": null, "KMA_R50_DR": null, "KMA_R50_L": null, "KMA_R50_S": null, "KMA_R30_DR": null, "KMA_R30_L": null, "KMA_R30_S": null, "NEW_LAT": null, "NEW_LON": null, "NEW_GRADE": null, "NEW_WIND": null, "NEW_PRES": null, "NEW_CI": -999.9, "NEW_DP": null, "NEW_POCI": null, "REU_LAT": null, "REU_LON": null, "REU_TYPE": null, "REU_WIND": null, "REU_PRES": null, "REU_TNUM": -999.9, "REU_CI": -999.9, "REU_RMW": null, "REU_R34_NE": null, "REU_R34_SE": null, "REU_R34_SW": null, "REU_R34_NW": null, "REU_R50_NE": null, "REU_R50_SE": null, "REU_R50_SW": null, "REU_R50_NW": null, "REU_R64_NE": null, "REU_R64_SE": null, "REU_R64_SW": null, "REU_R64_NW": null, "BOM_LAT": null, "BOM_LON": null, "BOM_TYPE": null, "BOM_WIND": null, "BOM_PRES": null, "BOM_TNUM": -999.9, "BOM_CI": -999.9, "BOM_RMW": null, "BOM_R34_NE": null, "BOM_R34_SE": null, "BOM_R34_SW": null, "BOM_R34_NW": null, "BOM_R50_NE": null, "BOM_R50_SE": null, "BOM_R50_SW": null, "BOM_R50_NW": null, "BOM_R64_NE": null, "BOM_R64_SE": null, "BOM_R64_SW": null, "BOM_R64_NW": null, "BOM_ROCI": null, "BOM_POCI": null, "BOM_EYE": null, "BOM_POS_FL": null, "BOM_PRS_FL": null, "NAD_LAT": null, "NAD_LON": null, "NAD_CAT": null, "NAD_WIND": null, "NAD_PRES": null, "WEL_LAT": null, "WEL_LON": null, "WEL_WIND": null, "WEL_PRES": null, "DS8_LAT": null, "DS8_LON": null, "DS8_STAGE": null, "DS8_WIND": null, "DS8_PRES": null, "TD6_LAT": null, "TD6_LON": null, "TD6_STAGE": null, "TD6_WIND": null, "TD6_PRES": null, "TD5_LAT": null, "TD5_LON": null, "TD5_WIND": null, "TD5_PRES": null, "TD5_ROCI": null, "NEU_LAT": null, "NEU_LON": null, "NEU_CLASS": null, "NEU_WIND": null, "NEU_PRES": null, "MLC_LAT": null, "MLC_LON": null, "MLC_CLASS": null, "MLC_WIND": null, "MLC_PRES": null, "USA_GUST": 140.0, "BOM_GUST": null, "BOM_GUSTP": null, "REU_GUST": null, "REU_GUSTP": null, "USA_SEAHGT": 12.0, "USA_SEA_NE": 210.0, "USA_SEA_SE": 120.0, "USA_SEA_SW": 90.0, "USA_SEA_NW": 90.0, "STORM_SPD": 12, "STORM_DR": 320, "year": 2016, "month": 10, "day": 6, "hour": 12, "min": 0 }, "geometry": { "type": "LineString", "coordinates": [ [ -77.5, 24.700000762939453 ], [ -77.9000244140625, 25.200000762939453 ] ] } },
{ "type": "Feature", "properties": { "SID": "2016273N13300", "SEASON": 2016, "NUMBER": 75, "BASIN": "NA", "SUBBASIN": "NA", "NAME": "MATTHEW", "ISO_TIME": "2016-10-06 15:00:00", "NATURE": "TS", "LAT": 25.2, "LON": -77.9, "WMO_WIND": 0.0, "WMO_PRES": null, "WMO_AGENCY": null, "TRACK_TYPE": "main", "DIST2LAND": 15, "LANDFALL": 11, "IFLAG": "P______________", "USA_AGENCY": null, "USA_ATCFID": "AL142016", "USA_LAT": 25.2, "USA_LON": -77.9, "USA_RECORD": null, "USA_STATUS": "HU", "USA_WIND": 120.0, "USA_PRES": 937.0, "USA_SSHS": 4, "USA_R34_NE": 160.0, "USA_R34_SE": 140.0, "USA_R34_SW": 75.0, "USA_R34_NW": 105.0, "USA_R50_NE": 70.0, "USA_R50_SE": 60.0, "USA_R50_SW": 40.0, "USA_R50_NW": 60.0, "USA_R64_NE": 45.0, "USA_R64_SE": 40.0, "USA_R64_SW": 30.0, "USA_R64_NW": 40.0, "USA_POCI": 1008.0, "USA_ROCI": 270.0, "USA_RMW": 10.0, "USA_EYE": null, "TOK_LAT": null, "TOK_LON": null, "TOK_GRADE": null, "TOK_WIND": null, "TOK_PRES": null, "TOK_R50_DR": null, "TOK_R50_L": null, "TOK_R50_S": null, "TOK_R30_DR": null, "TOK_R30_L": null, "TOK_R30_S": null, "TOK_LAND": null, "CMA_LAT": null, "CMA_LON": null, "CMA_CAT": null, "CMA_WIND": null, "CMA_PRES": null, "HKO_LAT": null, "HKO_LON": null, "HKO_CAT": null, "HKO_WIND": null, "HKO_PRES": null, "KMA_LAT": null, "KMA_LON": null, "KMA_CAT": null, "KMA_WIND": null, "KMA_PRES": null, "KMA_R50_DR": null, "KMA_R50_L": null, "KMA_R50_S": null, "KMA_R30_DR": null, "KMA_R30_L": null, "KMA_R30_S": null, "NEW_LAT": null, "NEW_LON": null, "NEW_GRADE": null, "NEW_WIND": null, "NEW_PRES": null, "NEW_CI": -999.9, "NEW_DP": null, "NEW_POCI": null, "REU_LAT": null, "REU_LON": null, "REU_TYPE": null, "REU_WIND": null, "REU_PRES": null, "REU_TNUM": -999.9, "REU_CI": -999.9, "REU_RMW": null, "REU_R34_NE": null, "REU_R34_SE": null, "REU_R34_SW": null, "REU_R34_NW": null, "REU_R50_NE": null, "REU_R50_SE": null, "REU_R50_SW": null, "REU_R50_NW": null, "REU_R64_NE": null, "REU_R64_SE": null, "REU_R64_SW": null, "REU_R64_NW": null, "BOM_LAT": null, "BOM_LON": null, "BOM_TYPE": null, "BOM_WIND": null, "BOM_PRES": null, "BOM_TNUM": -999.9, "BOM_CI": -999.9, "BOM_RMW": null, "BOM_R34_NE": null, "BOM_R34_SE": null, "BOM_R34_SW": null, "BOM_R34_NW": null, "BOM_R50_NE": null, "BOM_R50_SE": null, "BOM_R50_SW": null, "BOM_R50_NW": null, "BOM_R64_NE": null, "BOM_R64_SE": null, "BOM_R64_SW": null, "BOM_R64_NW": null, "BOM_ROCI": null, "BOM_POCI": null, "BOM_EYE": null, "BOM_POS_FL": null, "BOM_PRS_FL": null, "NAD_LAT": null, "NAD_LON": null, "NAD_CAT": null, "NAD_WIND": null, "NAD_PRES": null, "WEL_LAT": null, "WEL_LON": null, "WEL_WIND": null, "WEL_PRES": null, "DS8_LAT": null, "DS8_LON": null, "DS8_STAGE": null, "DS8_WIND": null, "DS8_PRES": null, "TD6_LAT": null, "TD6_LON": null, "TD6_STAGE": null, "TD6_WIND": null, "TD6_PRES": null, "TD5_LAT": null, "TD5_LON": null, "TD5_WIND": null, "TD5_PRES": null, "TD5_ROCI": null, "NEU_LAT": null, "NEU_LON": null, "NEU_CLASS": null, "NEU_WIND": null, "NEU_PRES": null, "MLC_LAT": null, "MLC_LON": null, "MLC_CLASS": null, "MLC_WIND": null, "MLC_PRES": null, "USA_GUST": null, "BOM_GUST": null, "BOM_GUSTP": null, "REU_GUST": null, "REU_GUSTP": null, "USA_SEAHGT": 12.0, "USA_SEA_NE": 210.0, "USA_SEA_SE": 120.0, "USA_SEA_SW": 90.0, "USA_SEA_NW": 90.0, "STORM_SPD": 12, "STORM_DR": 325, "year": 2016, "month": 10, "day": 6, "hour": 15, "min": 0 }, "geometry": { "type": "LineString", "coordinates": [ [ -77.9000244140625, 25.200000762939453 ], [ -78.300048828125, 25.700000762939453 ] ] } },
{ "type": "Feature", "properties": { "SID": "2016273N13300", "SEASON": 2016, "NUMBER": 75, "BASIN": "NA", "SUBBASIN": "NA", "NAME": "MATTHEW", "ISO_TIME": "2016-10-06 18:00:00", "NATURE": "TS", "LAT": 25.7, "LON": -78.3, "WMO_WIND": 120.0, "WMO_PRES": 937.0, "WMO_AGENCY": "hurdat_atl", "TRACK_TYPE": "main", "DIST2LAND": 69, "LANDFALL": 69, "IFLAG": "O______________", "USA_AGENCY": "hurdat_atl", "USA_ATCFID": "AL142016", "USA_LAT": 25.7, "USA_LON": -78.3, "USA_RECORD": null, "USA_STATUS": "HU", "USA_WIND": 120.0, "USA_PRES": 937.0, "USA_SSHS": 4, "USA_R34_NE": 160.0, "USA_R34_SE": 140.0, "USA_R34_SW": 80.0, "USA_R34_NW": 110.0, "USA_R50_NE": 70.0, "USA_R50_SE": 60.0, "USA_R50_SW": 40.0, "USA_R50_NW": 60.0, "USA_R64_NE": 50.0, "USA_R64_SE": 40.0, "USA_R64_SW": 30.0, "USA_R64_NW": 40.0, "USA_POCI": 1008.0, "USA_ROCI": 270.0, "USA_RMW": 10.0, "USA_EYE": 15.0, "TOK_LAT": null, "TOK_LON": null, "TOK_GRADE": null, "TOK_WIND": null, "TOK_PRES": null, "TOK_R50_DR": null, "TOK_R50_L": null, "TOK_R50_S": null, "TOK_R30_DR": null, "TOK_R30_L": null, "TOK_R30_S": null, "TOK_LAND": null, "CMA_LAT": null, "CMA_LON": null, "CMA_CAT": null, "CMA_WIND": null, "CMA_PRES": null, "HKO_LAT": null, "HKO_LON": null, "HKO_CAT": null, "HKO_WIND": null, "HKO_PRES": null, "KMA_LAT": null, "KMA_LON": null, "KMA_CAT": null, "KMA_WIND": null, "KMA_PRES": null, "KMA_R50_DR": null, "KMA_R50_L": null, "KMA_R50_S": null, "KMA_R30_DR": null, "KMA_R30_L": null, "KMA_R30_S": null, "NEW_LAT": null, "NEW_LON": null, "NEW_GRADE": null, "NEW_WIND": null, "NEW_PRES": null, "NEW_CI": -999.9, "NEW_DP": null, "NEW_POCI": null, "REU_LAT": null, "REU_LON": null, "REU_TYPE": null, "REU_WIND": null, "REU_PRES": null, "REU_TNUM": -999.9, "REU_CI": -999.9, "REU_RMW": null, "REU_R34_NE": null, "REU_R34_SE": null, "REU_R34_SW": null, "REU_R34_NW": null, "REU_R50_NE": null, "REU_R50_SE": null, "REU_R50_SW": null, "REU_R50_NW": null, "REU_R64_NE": null, "REU_R64_SE": null, "REU_R64_SW": null, "REU_R64_NW": null, "BOM_LAT": null, "BOM_LON": null, "BOM_TYPE": null, "BOM_WIND": null, "BOM_PRES": null, "BOM_TNUM": -999.9, "BOM_CI": -999.9, "BOM_RMW": null, "BOM_R34_NE": null, "BOM_R34_SE": null, "BOM_R34_SW": null, "BOM_R34_NW": null, "BOM_R50_NE": null, "BOM_R50_SE": null, "BOM_R50_SW": null, "BOM_R50_NW": null, "BOM_R64_NE": null, "BOM_R64_SE": null, "BOM_R64_SW": null, "BOM_R64_NW": null, "BOM_ROCI": null, "BOM_POCI": null, "BOM_EYE": null, "BOM_POS_FL": null, "BOM_PRS_FL": null, "NAD_LAT": null, "NAD_LON": null, "NAD_CAT": null, "NAD_WIND": null, "NAD_PRES": null, "WEL_LAT": null, "WEL_LON": null, "WEL_WIND": null, "WEL_PRES": null, "DS8_LAT": null, "DS8_LON": null, "DS8_STAGE": null, "DS8_WIND": null, "DS8_PRES": null, "TD6_LAT": null, "TD6_LON": null, "TD6_STAGE": null, "TD6_WIND": null, "TD6_PRES": null, "TD5_LAT": null, "TD5_LON": null, "TD5_WIND": null, "TD5_PRES": null, "TD5_ROCI": null, "NEU_LAT": null, "NEU_LON": null, "NEU_CLASS": null, "NEU_WIND": null, "NEU_PRES": null, "MLC_LAT": null, "MLC_LON": null, "MLC_CLASS": null, "MLC_WIND": null, "MLC_PRES": null, "USA_GUST": 145.0, "BOM_GUST": null, "BOM_GUSTP": null, "REU_GUST": null, "REU_GUSTP": null, "USA_SEAHGT": 12.0, "USA_SEA_NE": 210.0, "USA_SEA_SE": 120.0, "USA_SEA_SW": 90.0, "USA_SEA_NW": 90.0, "STORM_SPD": 12, "STORM_DR": 325, "year": 2016, "month": 10, "day": 6, "hour": 18, "min": 0 }, "geometry": { "type": "LineString", "coordinates": [ [ -78.300048828125, 25.700000762939453 ], [ -78.699951171875, 26.200000762939453 ] ] } },
{ "type": "Feature", "properties": { "SID": "2016273N13300", "SEASON": 2016, "NUMBER": 75, "BASIN": "NA", "SUBBASIN": "NA", "NAME": "MATTHEW", "ISO_TIME": "2016-10-06 21:00:00", "NATURE": "TS", "LAT": 26.2, "LON": -78.7, "WMO_WIND": 0.0, "WMO_PRES": null, "WMO_AGENCY": null, "TRACK_TYPE": "main", "DIST2LAND": 136, "LANDFALL": 99, "IFLAG": "P______________", "USA_AGENCY": null, "USA_ATCFID": "AL142016", "USA_LAT": 26.2, "USA_LON": -78.7, "USA_RECORD": null, "USA_STATUS": "HU", "USA_WIND": 118.0, "USA_PRES": 937.0, "USA_SSHS": 4, "USA_R34_NE": 165.0, "USA_R34_SE": 145.0, "USA_R34_SW": 80.0, "USA_R34_NW": 115.0, "USA_R50_NE": 70.0, "USA_R50_SE": 65.0, "USA_R50_SW": 45.0, "USA_R50_NW": 60.0, "USA_R64_NE": 50.0, "USA_R64_SE": 40.0, "USA_R64_SW": 30.0, "USA_R64_NW": 40.0, "USA_POCI": 1008.0, "USA_ROCI": 270.0, "USA_RMW": 13.0, "USA_EYE": null, "TOK_LAT": null, "TOK_LON": null, "TOK_GRADE": null, "TOK_WIND": null, "TOK_PRES": null, "TOK_R50_DR": null, "TOK_R50_L": null, "TOK_R50_S": null, "TOK_R30_DR": null, "TOK_R30_L": null, "TOK_R30_S": null, "TOK_LAND": null, "CMA_LAT": null, "CMA_LON": null, "CMA_CAT": null, "CMA_WIND": null, "CMA_PRES": null, "HKO_LAT": null, "HKO_LON": null, "HKO_CAT": null, "HKO_WIND": null, "HKO_PRES": null, "KMA_LAT": null, "KMA_LON": null, "KMA_CAT": null, "KMA_WIND": null, "KMA_PRES": null, "KMA_R50_DR": null, "KMA_R50_L": null, "KMA_R50_S": null, "KMA_R30_DR": null, "KMA_R30_L": null, "KMA_R30_S": null, "NEW_LAT": null, "NEW_LON": null, "NEW_GRADE": null, "NEW_WIND": null, "NEW_PRES": null, "NEW_CI": -999.9, "NEW_DP": null, "NEW_POCI": null, "REU_LAT": null, "REU_LON": null, "REU_TYPE": null, "REU_WIND": null, "REU_PRES": null, "REU_TNUM": -999.9, "REU_CI": -999.9, "REU_RMW": null, "REU_R34_NE": null, "REU_R34_SE": null, "REU_R34_SW": null, "REU_R34_NW": null, "REU_R50_NE": null, "REU_R50_SE": null, "REU_R50_SW": null, "REU_R50_NW": null, "REU_R64_NE": null, "REU_R64_SE": null, "REU_R64_SW": null, "REU_R64_NW": null, "BOM_LAT": null, "BOM_LON": null, "BOM_TYPE": null, "BOM_WIND": null, "BOM_PRES": null, "BOM_TNUM": -999.9, "BOM_CI": -999.9, "BOM_RMW": null, "BOM_R34_NE": null, "BOM_R34_SE": null, "BOM_R34_SW": null, "BOM_R34_NW": null, "BOM_R50_NE": null, "BOM_R50_SE": null, "BOM_R50_SW": null, "BOM_R50_NW": null, "BOM_R64_NE": null, "BOM_R64_SE": null, "BOM_R64_SW": null, "BOM_R64_NW": null, "BOM_ROCI": null, "BOM_POCI": null, "BOM_EYE": null, "BOM_POS_FL": null, "BOM_PRS_FL": null, "NAD_LAT": null, "NAD_LON": null, "NAD_CAT": null, "NAD_WIND": null, "NAD_PRES": null, "WEL_LAT": null, "WEL_LON": null, "WEL_WIND": null, "WEL_PRES": null, "DS8_LAT": null, "DS8_LON": null, "DS8_STAGE": null, "DS8_WIND": null, "DS8_PRES": null, "TD6_LAT": null, "TD6_LON": null, "TD6_STAGE": null, "TD6_WIND": null, "TD6_PRES": null, "TD5_LAT": null, "TD5_LON": null, "TD5_WIND": null, "TD5_PRES": null, "TD5_ROCI": null, "NEU_LAT": null, "NEU_LON": null, "NEU_CLASS": null, "NEU_WIND": null, "NEU_PRES": null, "MLC_LAT": null, "MLC_LON": null, "MLC_CLASS": null, "MLC_WIND": null, "MLC_PRES": null, "USA_GUST": null, "BOM_GUST": null, "BOM_GUSTP": null, "REU_GUST": null, "REU_GUSTP": null, "USA_SEAHGT": 12.0, "USA_SEA_NE": 195.0, "USA_SEA_SE": 135.0, "USA_SEA_SW": 105.0, "USA_SEA_NW": 90.0, "STORM_SPD": 12, "STORM_DR": 330, "year": 2016, "month": 10, "day": 6, "hour": 21, "min": 0 }, "geometry": { "type": "LineString", "coordinates": [ [ -78.699951171875, 26.200000762939453 ], [ -79.0, 26.700000762939453 ] ] } },
{ "type": "Feature", "properties": { "SID": "2016273N13300", "SEASON": 2016, "NUMBER": 75, "BASIN": "NA", "SUBBASIN": "NA", "NAME": "MATTHEW", "ISO_TIME": "2016-10-07 00:00:00", "NATURE": "TS", "LAT": 26.7, "LON": -79.0, "WMO_WIND": 115.0, "WMO_PRES": 937.0, "WMO_AGENCY": "hurdat_atl", "TRACK_TYPE": "main", "DIST2LAND": 99, "LANDFALL": 72, "IFLAG": "O______________", "USA_AGENCY": "hurdat_atl", "USA_ATCFID": "AL142016", "USA_LAT": 26.7, "USA_LON": -79.0, "USA_RECORD": "L", "USA_STATUS": "HU", "USA_WIND": 115.0, "USA_PRES": 937.0, "USA_SSHS": 4, "USA_R34_NE": 170.0, "USA_R34_SE": 150.0, "USA_R34_SW": 80.0, "USA_R34_NW": 120.0, "USA_R50_NE": 70.0, "USA_R50_SE": 70.0, "USA_R50_SW": 50.0, "USA_R50_NW": 60.0, "USA_R64_NE": 50.0, "USA_R64_SE": 40.0, "USA_R64_SW": 30.0, "USA_R64_NW": 40.0, "USA_POCI": 1008.0, "USA_ROCI": 270.0, "USA_RMW": 15.0, "USA_EYE": 15.0, "TOK_LAT": null, "TOK_LON": null, "TOK_GRADE": null, "TOK_WIND": null, "TOK_PRES": null, "TOK_R50_DR": null, "TOK_R50_L": null, "TOK_R50_S": null, "TOK_R30_DR": null, "TOK_R30_L": null, "TOK_R30_S": null, "TOK_LAND": null, "CMA_LAT": null, "CMA_LON": null, "CMA_CAT": null, "CMA_WIND": null, "CMA_PRES": null, "HKO_LAT": null, "HKO_LON": null, "HKO_CAT": null, "HKO_WIND": null, "HKO_PRES": null, "KMA_LAT": null, "KMA_LON": null, "KMA_CAT": null, "KMA_WIND": null, "KMA_PRES": null, "KMA_R50_DR": null, "KMA_R50_L": null, "KMA_R50_S": null, "KMA_R30_DR": null, "KMA_R30_L": null, "KMA_R30_S": null, "NEW_LAT": null, "NEW_LON": null, "NEW_GRADE": null, "NEW_WIND": null, "NEW_PRES": null, "NEW_CI": -999.9, "NEW_DP": null, "NEW_POCI": null, "REU_LAT": null, "REU_LON": null, "REU_TYPE": null, "REU_WIND": null, "REU_PRES": null, "REU_TNUM": -999.9, "REU_CI": -999.9, "REU_RMW": null, "REU_R34_NE": null, "REU_R34_SE": null, "REU_R34_SW": null, "REU_R34_NW": null, "REU_R50_NE": null, "REU_R50_SE": null, "REU_R50_SW": null, "REU_R50_NW": null, "REU_R64_NE": null, "REU_R64_SE": null, "REU_R64_SW": null, "REU_R64_NW": null, "BOM_LAT": null, "BOM_LON": null, "BOM_TYPE": null, "BOM_WIND": null, "BOM_PRES": null, "BOM_TNUM": -999.9, "BOM_CI": -999.9, "BOM_RMW": null, "BOM_R34_NE": null, "BOM_R34_SE": null, "BOM_R34_SW": null, "BOM_R34_NW": null, "BOM_R50_NE": null, "BOM_R50_SE": null, "BOM_R50_SW": null, "BOM_R50_NW": null, "BOM_R64_NE": null, "BOM_R64_SE": null, "BOM_R64_SW": null, "BOM_R64_NW": null, "BOM_ROCI": null, "BOM_POCI": null, "BOM_EYE": null, "BOM_POS_FL": null, "BOM_PRS_FL": null, "NAD_LAT": null, "NAD_LON": null, "NAD_CAT": null, "NAD_WIND": null, "NAD_PRES": null, "WEL_LAT": null, "WEL_LON": null, "WEL_WIND": null, "WEL_PRES": null, "DS8_LAT": null, "DS8_LON": null, "DS8_STAGE": null, "DS8_WIND": null, "DS8_PRES": null, "TD6_LAT": null, "TD6_LON": null, "TD6_STAGE": null, "TD6_WIND": null, "TD6_PRES": null, "TD5_LAT": null, "TD5_LON": null, "TD5_WIND": null, "TD5_PRES": null, "TD5_ROCI": null, "NEU_LAT": null, "NEU_LON": null, "NEU_CLASS": null, "NEU_WIND": null, "NEU_PRES": null, "MLC_LAT": null, "MLC_LON": null, "MLC_CLASS": null, "MLC_WIND": null, "MLC_PRES": null, "USA_GUST": 140.0, "BOM_GUST": null, "BOM_GUSTP": null, "REU_GUST": null, "REU_GUSTP": null, "USA_SEAHGT": 12.0, "USA_SEA_NE": 180.0, "USA_SEA_SE": 150.0, "USA_SEA_SW": 120.0, "USA_SEA_NW": 90.0, "STORM_SPD": 12, "STORM_DR": 330, "year": 2016, "month": 10, "day": 7, "hour": 0, "min": 0 }, "geometry": { "type": "LineString", "coordinates": [ [ -79.0, 26.700000762939453 ], [ -79.4000244140625, 27.200000762939453 ] ] } },
{ "type": "Feature", "properties": { "SID": "2016273N13300", "SEASON": 2016, "NUMBER": 75, "BASIN": "NA", "SUBBASIN": "NA", "NAME": "MATTHEW", "ISO_TIME": "2016-10-07 03:00:00", "NATURE": "TS", "LAT": 27.2, "LON": -79.4, "WMO_WIND": 0.0, "WMO_PRES": null, "WMO_AGENCY": null, "TRACK_TYPE": "main", "DIST2LAND": 72, "LANDFALL": 63, "IFLAG": "P______________", "USA_AGENCY": null, "USA_ATCFID": "AL142016", "USA_LAT": 27.2, "USA_LON": -79.4, "USA_RECORD": null, "USA_STATUS": "HU", "USA_WIND": 113.0, "USA_PRES": 938.0, "USA_SSHS": 4, "USA_R34_NE": 170.0, "USA_R34_SE": 150.0, "USA_R34_SW": 80.0, "USA_R34_NW": 120.0, "USA_R50_NE": 70.0, "USA_R50_SE": 70.0, "USA_R50_SW": 50.0, "USA_R50_NW": 60.0, "USA_R64_NE": 50.0, "USA_R64_SE": 40.0, "USA_R64_SW": 30.0, "USA_R64_NW": 40.0, "USA_POCI": 1008.0, "USA_ROCI": 270.0, "USA_RMW": 18.0, "USA_EYE": null, "TOK_LAT": null, "TOK_LON": null, "TOK_GRADE": null, "TOK_WIND": null, "TOK_PRES": null, "TOK_R50_DR": null, "TOK_R50_L": null, "TOK_R50_S": null, "TOK_R30_DR": null, "TOK_R30_L": null, "TOK_R30_S": null, "TOK_LAND": null, "CMA_LAT": null, "CMA_LON": null, "CMA_CAT": null, "CMA_WIND": null, "CMA_PRES": null, "HKO_LAT": null, "HKO_LON": null, "HKO_CAT": null, "HKO_WIND": null, "HKO_PRES": null, "KMA_LAT": null, "KMA_LON": null, "KMA_CAT": null, "KMA_WIND": null, "KMA_PRES": null, "KMA_R50_DR": null, "KMA_R50_L": null, "KMA_R50_S": null, "KMA_R30_DR": null, "KMA_R30_L": null, "KMA_R30_S": null, "NEW_LAT": null, "NEW_LON": null, "NEW_GRADE": null, "NEW_WIND": null, "NEW_PRES": null, "NEW_CI": -999.9, "NEW_DP": null, "NEW_POCI": null, "REU_LAT": null, "REU_LON": null, "REU_TYPE": null, "REU_WIND": null, "REU_PRES": null, "REU_TNUM": -999.9, "REU_CI": -999.9, "REU_RMW": null, "REU_R34_NE": null, "REU_R34_SE": null, "REU_R34_SW": null, "REU_R34_NW": null, "REU_R50_NE": null, "REU_R50_SE": null, "REU_R50_SW": null, "REU_R50_NW": null, "REU_R64_NE": null, "REU_R64_SE": null, "REU_R64_SW": null, "REU_R64_NW": null, "BOM_LAT": null, "BOM_LON": null, "BOM_TYPE": null, "BOM_WIND": null, "BOM_PRES": null, "BOM_TNUM": -999.9, "BOM_CI": -999.9, "BOM_RMW": null, "BOM_R34_NE": null, "BOM_R34_SE": null, "BOM_R34_SW": null, "BOM_R34_NW": null, "BOM_R50_NE": null, "BOM_R50_SE": null, "BOM_R50_SW": null, "BOM_R50_NW": null, "BOM_R64_NE": null, "BOM_R64_SE": null, "BOM_R64_SW": null, "BOM_R64_NW": null, "BOM_ROCI": null, "BOM_POCI": null, "BOM_EYE": null, "BOM_POS_FL": null, "BOM_PRS_FL": null, "NAD_LAT": null, "NAD_LON": null, "NAD_CAT": null, "NAD_WIND": null, "NAD_PRES": null, "WEL_LAT": null, "WEL_LON": null, "WEL_WIND": null, "WEL_PRES": null, "DS8_LAT": null, "DS8_LON": null, "DS8_STAGE": null, "DS8_WIND": null, "DS8_PRES": null, "TD6_LAT": null, "TD6_LON": null, "TD6_STAGE": null, "TD6_WIND": null, "TD6_PRES": null, "TD5_LAT": null, "TD5_LON": null, "TD5_WIND": null, "TD5_PRES": null, "TD5_ROCI": null, "NEU_LAT": null, "NEU_LON": null, "NEU_CLASS": null, "NEU_WIND": null, "NEU_PRES": null, "MLC_LAT": null, "MLC_LON": null, "MLC_CLASS": null, "MLC_WIND": null, "MLC_PRES": null, "USA_GUST": null, "BOM_GUST": null, "BOM_GUSTP": null, "REU_GUST": null, "REU_GUSTP": null, "USA_SEAHGT": 12.0, "USA_SEA_NE": 180.0, "USA_SEA_SE": 150.0, "USA_SEA_SW": 120.0, "USA_SEA_NW": 105.0, "STORM_SPD": 12, "STORM_DR": 330, "year": 2016, "month": 10, "day": 7, "hour": 3, "min": 0 }, "geometry": { "type": "LineString", "coordinates": [ [ -79.4000244140625, 27.200000762939453 ], [ -79.699951171875, 27.700000762939453 ] ] } },
{ "type": "Feature", "properties": { "SID": "2016273N13300", "SEASON": 2016, "NUMBER": 75, "BASIN": "NA", "SUBBASIN": "NA", "NAME": "MATTHEW", "ISO_TIME": "2016-10-07 06:00:00", "NATURE": "TS", "LAT": 27.7, "LON": -79.7, "WMO_WIND": 110.0, "WMO_PRES": 939.0, "WMO_AGENCY": "hurdat_atl", "TRACK_TYPE": "main", "DIST2LAND": 67, "LANDFALL": 53, "IFLAG": "O______________", "USA_AGENCY": "hurdat_atl", "USA_ATCFID": "AL142016", "USA_LAT": 27.7, "USA_LON": -79.7, "USA_RECORD": null, "USA_STATUS": "HU", "USA_WIND": 110.0, "USA_PRES": 939.0, "USA_SSHS": 3, "USA_R34_NE": 170.0, "USA_R34_SE": 150.0, "USA_R34_SW": 80.0, "USA_R34_NW": 120.0, "USA_R50_NE": 70.0, "USA_R50_SE": 70.0, "USA_R50_SW": 50.0, "USA_R50_NW": 60.0, "USA_R64_NE": 50.0, "USA_R64_SE": 40.0, "USA_R64_SW": 30.0, "USA_R64_NW": 40.0, "USA_POCI": 1008.0, "USA_ROCI": 270.0, "USA_RMW": 20.0, "USA_EYE": 15.0, "TOK_LAT": null, "TOK_LON": null, "TOK_GRADE": null, "TOK_WIND": null, "TOK_PRES": null, "TOK_R50_DR": null, "TOK_R50_L": null, "TOK_R50_S": null, "TOK_R30_DR": null, "TOK_R30_L": null, "TOK_R30_S": null, "TOK_LAND": null, "CMA_LAT": null, "CMA_LON": null, "CMA_CAT": null, "CMA_WIND": null, "CMA_PRES": null, "HKO_LAT": null, "HKO_LON": null, "HKO_CAT": null, "HKO_WIND": null, "HKO_PRES": null, "KMA_LAT": null, "KMA_LON": null, "KMA_CAT": null, "KMA_WIND": null, "KMA_PRES": null, "KMA_R50_DR": null, "KMA_R50_L": null, "KMA_R50_S": null, "KMA_R30_DR": null, "KMA_R30_L": null, "KMA_R30_S": null, "NEW_LAT": null, "NEW_LON": null, "NEW_GRADE": null, "NEW_WIND": null, "NEW_PRES": null, "NEW_CI": -999.9, "NEW_DP": null, "NEW_POCI": null, "REU_LAT": null, "REU_LON": null, "REU_TYPE": null, "REU_WIND": null, "REU_PRES": null, "REU_TNUM": -999.9, "REU_CI": -999.9, "REU_RMW": null, "REU_R34_NE": null, "REU_R34_SE": null, "REU_R34_SW": null, "REU_R34_NW": null, "REU_R50_NE": null, "REU_R50_SE": null, "REU_R50_SW": null, "REU_R50_NW": null, "REU_R64_NE": null, "REU_R64_SE": null, "REU_R64_SW": null, "REU_R64_NW": null, "BOM_LAT": null, "BOM_LON": null, "BOM_TYPE": null, "BOM_WIND": null, "BOM_PRES": null, "BOM_TNUM": -999.9, "BOM_CI": -999.9, "BOM_RMW": null, "BOM_R34_NE": null, "BOM_R34_SE": null, "BOM_R34_SW": null, "BOM_R34_NW": null, "BOM_R50_NE": null, "BOM_R50_SE": null, "BOM_R50_SW": null, "BOM_R50_NW": null, "BOM_R64_NE": null, "BOM_R64_SE": null, "BOM_R64_SW": null, "BOM_R64_NW": null, "BOM_ROCI": null, "BOM_POCI": null, "BOM_EYE": null, "BOM_POS_FL": null, "BOM_PRS_FL": null, "NAD_LAT": null, "NAD_LON": null, "NAD_CAT": null, "NAD_WIND": null, "NAD_PRES": null, "WEL_LAT": null, "WEL_LON": null, "WEL_WIND": null, "WEL_PRES": null, "DS8_LAT": null, "DS8_LON": null, "DS8_STAGE": null, "DS8_WIND": null, "DS8_PRES": null, "TD6_LAT": null, "TD6_LON": null, "TD6_STAGE": null, "TD6_WIND": null, "TD6_PRES": null, "TD5_LAT": null, "TD5_LON": null, "TD5_WIND": null, "TD5_PRES": null, "TD5_ROCI": null, "NEU_LAT": null, "NEU_LON": null, "NEU_CLASS": null, "NEU_WIND": null, "NEU_PRES": null, "MLC_LAT": null, "MLC_LON": null, "MLC_CLASS": null, "MLC_WIND": null, "MLC_PRES": null, "USA_GUST": 130.0, "BOM_GUST": null, "BOM_GUSTP": null, "REU_GUST": null, "REU_GUSTP": null, "USA_SEAHGT": 12.0, "USA_SEA_NE": 180.0, "USA_SEA_SE": 150.0, "USA_SEA_SW": 120.0, "USA_SEA_NW": 120.0, "STORM_SPD": 13, "STORM_DR": 330, "year": 2016, "month": 10, "day": 7, "hour": 6, "min": 0 }, "geometry": { "type": "LineString", "coordinates": [ [ -79.699951171875, 27.700000762939453 ], [ -80.0, 28.299999237060547 ] ] } },
{ "type": "Feature", "properties": { "SID": "2017242N16333", "SEASON": 2017, "NUMBER": 66, "BASIN": "NA", "SUBBASIN": "NA", "NAME": "IRMA", "ISO_TIME": "2017-09-07 15:00:00", "NATURE": "TS", "LAT": 20.5, "LON": -69.7, "WMO_WIND": 0.0, "WMO_PRES": null, "WMO_AGENCY": null, "TRACK_TYPE": "main", "DIST2LAND": 105, "LANDFALL": 98, "IFLAG": "P______________", "USA_AGENCY": null, "USA_ATCFID": "AL112017", "USA_LAT": 20.5, "USA_LON": -69.7, "USA_RECORD": null, "USA_STATUS": "HU", "USA_WIND": 145.0, "USA_PRES": 922.0, "USA_SSHS": 5, "USA_R34_NE": 160.0, "USA_R34_SE": 120.0, "USA_R34_SW": 90.0, "USA_R34_NW": 150.0, "USA_R50_NE": 100.0, "USA_R50_SE": 70.0, "USA_R50_SW": 50.0, "USA_R50_NW": 70.0, "USA_R64_NE": 55.0, "USA_R64_SE": 50.0, "USA_R64_SW": 30.0, "USA_R64_NW": 50.0, "USA_POCI": 1009.0, "USA_ROCI": 200.0, "USA_RMW": 15.0, "USA_EYE": null, "TOK_LAT": null, "TOK_LON": null, "TOK_GRADE": null, "TOK_WIND": null, "TOK_PRES": null, "TOK_R50_DR": null, "TOK_R50_L": null, "TOK_R50_S": null, "TOK_R30_DR": null, "TOK_R30_L": null, "TOK_R30_S": null, "TOK_LAND": null, "CMA_LAT": null, "CMA_LON": null, "CMA_CAT": null, "CMA_WIND": null, "CMA_PRES": null, "HKO_LAT": null, "HKO_LON": null, "HKO_CAT": null, "HKO_WIND": null, "HKO_PRES": null, "KMA_LAT": null, "KMA_LON": null, "KMA_CAT": null, "KMA_WIND": null, "KMA_PRES": null, "KMA_R50_DR": null, "KMA_R50_L": null, "KMA_R50_S": null, "KMA_R30_DR": null, "KMA_R30_L": null, "KMA_R30_S": null, "NEW_LAT": null, "NEW_LON": null, "NEW_GRADE": null, "NEW_WIND": null, "NEW_PRES": null, "NEW_CI": -999.9, "NEW_DP": null, "NEW_POCI": null, "REU_LAT": null, "REU_LON": null, "REU_TYPE": null, "REU_WIND": null, "REU_PRES": null, "REU_TNUM": -999.9, "REU_CI": -999.9, "REU_RMW": null, "REU_R34_NE": null, "REU_R34_SE": null, "REU_R34_SW": null, "REU_R34_NW": null, "REU_R50_NE": null, "REU_R50_SE": null, "REU_R50_SW": null, "REU_R50_NW": null, "REU_R64_NE": null, "REU_R64_SE": null, "REU_R64_SW": null, "REU_R64_NW": null, "BOM_LAT": null, "BOM_LON": null, "BOM_TYPE": null, "BOM_WIND": null, "BOM_PRES": null, "BOM_TNUM": -999.9, "BOM_CI": -999.9, "BOM_RMW": null, "BOM_R34_NE": null, "BOM_R34_SE": null, "BOM_R34_SW": null, "BOM_R34_NW": null, "BOM_R50_NE": null, "BOM_R50_SE": null, "BOM_R50_SW": null, "BOM_R50_NW": null, "BOM_R64_NE": null, "BOM_R64_SE": null, "BOM_R64_SW": null, "BOM_R64_NW": null, "BOM_ROCI": null, "BOM_POCI": null, "BOM_EYE": null, "BOM_POS_FL": null, "BOM_PRS_FL": null, "NAD_LAT": null, "NAD_LON": null, "NAD_CAT": null, "NAD_WIND": null, "NAD_PRES": null, "WEL_LAT": null, "WEL_LON": null, "WEL_WIND": null, "WEL_PRES": null, "DS8_LAT": null, "DS8_LON": null, "DS8_STAGE": null, "DS8_WIND": null, "DS8_PRES": null, "TD6_LAT": null, "TD6_LON": null, "TD6_STAGE": null, "TD6_WIND": null, "TD6_PRES": null, "TD5_LAT": null, "TD5_LON": null, "TD5_WIND": null, "TD5_PRES": null, "TD5_ROCI": null, "NEU_LAT": null, "NEU_LON": null, "NEU_CLASS": null, "NEU_WIND": null, "NEU_PRES": null, "MLC_LAT": null, "MLC_LON": null, "MLC_CLASS": null, "MLC_WIND": null, "MLC_PRES": null, "USA_GUST": null, "BOM_GUST": null, "BOM_GUSTP": null, "REU_GUST": null, "REU_GUSTP": null, "USA_SEAHGT": 12.0, "USA_SEA_NE": 540.0, "USA_SEA_SE": 210.0, "USA_SEA_SW": 98.0, "USA_SEA_NW": 405.0, "STORM_SPD": 14, "STORM_DR": 290, "year": 2017, "month": 9, "day": 7, "hour": 15, "min": 0 }, "geometry": { "type": "LineString", "coordinates": [ [ -69.699951171875, 20.5 ], [ -70.4000244140625, 20.700000762939453 ] ] } },
{ "type": "Feature", "properties": { "SID": "2017242N16333", "SEASON": 2017, "NUMBER": 66, "BASIN": "NA", "SUBBASIN": "NA", "NAME": "IRMA", "ISO_TIME": "2017-09-07 18:00:00", "NATURE": "TS", "LAT": 20.7, "LON": -70.4, "WMO_WIND": 145.0, "WMO_PRES": 922.0, "WMO_AGENCY": "hurdat_atl", "TRACK_TYPE": "main", "DIST2LAND": 102, "LANDFALL": 100, "IFLAG": "O______________", "USA_AGENCY": "hurdat_atl", "USA_ATCFID": "AL112017", "USA_LAT": 20.7, "USA_LON": -70.4, "USA_RECORD": null, "USA_STATUS": "HU", "USA_WIND": 145.0, "USA_PRES": 922.0, "USA_SSHS": 5, "USA_R34_NE": 160.0, "USA_R34_SE": 120.0, "USA_R34_SW": 90.0, "USA_R34_NW": 150.0, "USA_R50_NE": 100.0, "USA_R50_SE": 70.0, "USA_R50_SW": 50.0, "USA_R50_NW": 70.0, "USA_R64_NE": 60.0, "USA_R64_SE": 50.0, "USA_R64_SW": 30.0, "USA_R64_NW": 50.0, "USA_POCI": 1009.0, "USA_ROCI": 200.0, "USA_RMW": 15.0, "USA_EYE": null, "TOK_LAT": null, "TOK_LON": null, "TOK_GRADE": null, "TOK_WIND": null, "TOK_PRES": null, "TOK_R50_DR": null, "TOK_R50_L": null, "TOK_R50_S": null, "TOK_R30_DR": null, "TOK_R30_L": null, "TOK_R30_S": null, "TOK_LAND": null, "CMA_LAT": null, "CMA_LON": null, "CMA_CAT": null, "CMA_WIND": null, "CMA_PRES": null, "HKO_LAT": null, "HKO_LON": null, "HKO_CAT": null, "HKO_WIND": null, "HKO_PRES": null, "KMA_LAT": null, "KMA_LON": null, "KMA_CAT": null, "KMA_WIND": null, "KMA_PRES": null, "KMA_R50_DR": null, "KMA_R50_L": null, "KMA_R50_S": null, "KMA_R30_DR": null, "KMA_R30_L": null, "KMA_R30_S": null, "NEW_LAT": null, "NEW_LON": null, "NEW_GRADE": null, "NEW_WIND": null, "NEW_PRES": null, "NEW_CI": -999.9, "NEW_DP": null, "NEW_POCI": null, "REU_LAT": null, "REU_LON": null, "REU_TYPE": null, "REU_WIND": null, "REU_PRES": null, "REU_TNUM": -999.9, "REU_CI": -999.9, "REU_RMW": null, "REU_R34_NE": null, "REU_R34_SE": null, "REU_R34_SW": null, "REU_R34_NW": null, "REU_R50_NE": null, "REU_R50_SE": null, "REU_R50_SW": null, "REU_R50_NW": null, "REU_R64_NE": null, "REU_R64_SE": null, "REU_R64_SW": null, "REU_R64_NW": null, "BOM_LAT": null, "BOM_LON": null, "BOM_TYPE": null, "BOM_WIND": null, "BOM_PRES": null, "BOM_TNUM": -999.9, "BOM_CI": -999.9, "BOM_RMW": null, "BOM_R34_NE": null, "BOM_R34_SE": null, "BOM_R34_SW": null, "BOM_R34_NW": null, "BOM_R50_NE": null, "BOM_R50_SE": null, "BOM_R50_SW": null, "BOM_R50_NW": null, "BOM_R64_NE": null, "BOM_R64_SE": null, "BOM_R64_SW": null, "BOM_R64_NW": null, "BOM_ROCI": null, "BOM_POCI": null, "BOM_EYE": null, "BOM_POS_FL": null, "BOM_PRS_FL": null, "NAD_LAT": null, "NAD_LON": null, "NAD_CAT": null, "NAD_WIND": null, "NAD_PRES": null, "WEL_LAT": null, "WEL_LON": null, "WEL_WIND": null, "WEL_PRES": null, "DS8_LAT": null, "DS8_LON": null, "DS8_STAGE": null, "DS8_WIND": null, "DS8_PRES": null, "TD6_LAT": null, "TD6_LON": null, "TD6_STAGE": null, "TD6_WIND": null, "TD6_PRES": null, "TD5_LAT": null, "TD5_LON": null, "TD5_WIND": null, "TD5_PRES": null, "TD5_ROCI": null, "NEU_LAT": null, "NEU_LON": null, "NEU_CLASS": null, "NEU_WIND": null, "NEU_PRES": null, "MLC_LAT": null, "MLC_LON": null, "MLC_CLASS": null, "MLC_WIND": null, "MLC_PRES": null, "USA_GUST": 185.0, "BOM_GUST": null, "BOM_GUSTP": null, "REU_GUST": null, "REU_GUSTP": null, "USA_SEAHGT": 12.0, "USA_SEA_NE": 540.0, "USA_SEA_SE": 210.0, "USA_SEA_SW": 75.0, "USA_SEA_NW": 420.0, "STORM_SPD": 14, "STORM_DR": 290, "year": 2017, "month": 9, "day": 7, "hour": 18, "min": 0 }, "geometry": { "type": "LineString", "coordinates": [ [ -70.4000244140625, 20.700000762939453 ], [ -71.0999755859375, 20.899999618530273 ] ] } },
{ "type": "Feature", "properties": { "SID": "2017242N16333", "SEASON": 2017, "NUMBER": 66, "BASIN": "NA", "SUBBASIN": "NA", "NAME": "IRMA", "ISO_TIME": "2017-09-07 21:00:00", "NATURE": "TS", "LAT": 20.9, "LON": -71.1, "WMO_WIND": 0.0, "WMO_PRES": null, "WMO_AGENCY": null, "TRACK_TYPE": "main", "DIST2LAND": 123, "LANDFALL": 123, "IFLAG": "P______________", "USA_AGENCY": null, "USA_ATCFID": "AL112017", "USA_LAT": 20.9, "USA_LON": -71.1, "USA_RECORD": null, "USA_STATUS": "HU", "USA_WIND": 143.0, "USA_PRES": 921.0, "USA_SSHS": 5, "USA_R34_NE": 160.0, "USA_R34_SE": 120.0, "USA_R34_SW": 90.0, "USA_R34_NW": 150.0, "USA_R50_NE": 100.0, "USA_R50_SE": 70.0, "USA_R50_SW": 50.0, "USA_R50_NW": 75.0, "USA_R64_NE": 60.0, "USA_R64_SE": 50.0, "USA_R64_SW": 30.0, "USA_R64_NW": 53.0, "USA_POCI": 1009.0, "USA_ROCI": 190.0, "USA_RMW": 15.0, "USA_EYE": null, "TOK_LAT": null, "TOK_LON": null, "TOK_GRADE": null, "TOK_WIND": null, "TOK_PRES": null, "TOK_R50_DR": null, "TOK_R50_L": null, "TOK_R50_S": null, "TOK_R30_DR": null, "TOK_R30_L": null, "TOK_R30_S": null, "TOK_LAND": null, "CMA_LAT": null, "CMA_LON": null, "CMA_CAT": null, "CMA_WIND": null, "CMA_PRES": null, "HKO_LAT": null, "HKO_LON": null, "HKO_CAT": null, "HKO_WIND": null, "HKO_PRES": null, "KMA_LAT": null, "KMA_LON": null, "KMA_CAT": null, "KMA_WIND": null, "KMA_PRES": null, "KMA_R50_DR": null, "KMA_R50_L": null, "KMA_R50_S": null, "KMA_R30_DR": null, "KMA_R30_L": null, "KMA_R30_S": null, "NEW_LAT": null, "NEW_LON": null, "NEW_GRADE": null, "NEW_WIND": null, "NEW_PRES": null, "NEW_CI": -999.9, "NEW_DP": null, "NEW_POCI": null, "REU_LAT": null, "REU_LON": null, "REU_TYPE": null, "REU_WIND": null, "REU_PRES": null, "REU_TNUM": -999.9, "REU_CI": -999.9, "REU_RMW": null, "REU_R34_NE": null, "REU_R34_SE": null, "REU_R34_SW": null, "REU_R34_NW": null, "REU_R50_NE": null, "REU_R50_SE": null, "REU_R50_SW": null, "REU_R50_NW": null, "REU_R64_NE": null, "REU_R64_SE": null, "REU_R64_SW": null, "REU_R64_NW": null, "BOM_LAT": null, "BOM_LON": null, "BOM_TYPE": null, "BOM_WIND": null, "BOM_PRES": null, "BOM_TNUM": -999.9, "BOM_CI": -999.9, "BOM_RMW": null, "BOM_R34_NE": null, "BOM_R34_SE": null, "BOM_R34_SW": null, "BOM_R34_NW": null, "BOM_R50_NE": null, "BOM_R50_SE": null, "BOM_R50_SW": null, "BOM_R50_NW": null, "BOM_R64_NE": null, "BOM_R64_SE": null, "BOM_R64_SW": null, "BOM_R64_NW": null, "BOM_ROCI": null, "BOM_POCI": null, "BOM_EYE": null, "BOM_POS_FL": null, "BOM_PRS_FL": null, "NAD_LAT": null, "NAD_LON": null, "NAD_CAT": null, "NAD_WIND": null, "NAD_PRES": null, "WEL_LAT": null, "WEL_LON": null, "WEL_WIND": null, "WEL_PRES": null, "DS8_LAT": null, "DS8_LON": null, "DS8_STAGE": null, "DS8_WIND": null, "DS8_PRES": null, "TD6_LAT": null, "TD6_LON": null, "TD6_STAGE": null, "TD6_WIND": null, "TD6_PRES": null, "TD5_LAT": null, "TD5_LON": null, "TD5_WIND": null, "TD5_PRES": null, "TD5_ROCI": null, "NEU_LAT": null, "NEU_LON": null, "NEU_CLASS": null, "NEU_WIND": null, "NEU_PRES": null, "MLC_LAT": null, "MLC_LON": null, "MLC_CLASS": null, "MLC_WIND": null, "MLC_PRES": null, "USA_GUST": null, "BOM_GUST": null, "BOM_GUSTP": null, "REU_GUST": null, "REU_GUSTP": null, "USA_SEAHGT": 12.0, "USA_SEA_NE": 540.0, "USA_SEA_SE": 210.0, "USA_SEA_SW": 68.0, "USA_SEA_NW": 420.0, "STORM_SPD": 14, "STORM_DR": 285, "year": 2017, "month": 9, "day": 7, "hour": 21, "min": 0 }, "geometry": { "type": "LineString", "coordinates": [ [ -71.0999755859375, 20.899999618530273 ], [ -71.800048828125, 21.100000381469727 ] ] } },
{ "type": "Feature", "properties": { "SID": "2017242N16333", "SEASON": 2017, "NUMBER": 66, "BASIN": "NA", "SUBBASIN": "NA", "NAME": "IRMA", "ISO_TIME": "2017-09-08 00:00:00", "NATURE": "TS", "LAT": 21.1, "LON": -71.8, "WMO_WIND": 140.0, "WMO_PRES": 919.0, "WMO_AGENCY": "hurdat_atl", "TRACK_TYPE": "main", "DIST2LAND": 124, "LANDFALL": 56, "IFLAG": "O______________", "USA_AGENCY": "hurdat_atl", "USA_ATCFID": "AL112017", "USA_LAT": 21.1, "USA_LON": -71.8, "USA_RECORD": null, "USA_STATUS": "HU", "USA_WIND": 140.0, "USA_PRES": 919.0, "USA_SSHS": 5, "USA_R34_NE": 160.0, "USA_R34_SE": 120.0, "USA_R34_SW": 90.0, "USA_R34_NW": 150.0, "USA_R50_NE": 100.0, "USA_R50_SE": 70.0, "USA_R50_SW": 50.0, "USA_R50_NW": 80.0, "USA_R64_NE": 60.0, "USA_R64_SE": 50.0, "USA_R64_SW": 30.0, "USA_R64_NW": 55.0, "USA_POCI": 1008.0, "USA_ROCI": 180.0, "USA_RMW": 15.0, "USA_EYE": 20.0, "TOK_LAT": null, "TOK_LON": null, "TOK_GRADE": null, "TOK_WIND": null, "TOK_PRES": null, "TOK_R50_DR": null, "TOK_R50_L": null, "TOK_R50_S": null, "TOK_R30_DR": null, "TOK_R30_L": null, "TOK_R30_S": null, "TOK_LAND": null, "CMA_LAT": null, "CMA_LON": null, "CMA_CAT": null, "CMA_WIND": null, "CMA_PRES": null, "HKO_LAT": null, "HKO_LON": null, "HKO_CAT": null, "HKO_WIND": null, "HKO_PRES": null, "KMA_LAT": null, "KMA_LON": null, "KMA_CAT": null, "KMA_WIND": null, "KMA_PRES": null, "KMA_R50_DR": null, "KMA_R50_L": null, "KMA_R50_S": null, "KMA_R30_DR": null, "KMA_R30_L": null, "KMA_R30_S": null, "NEW_LAT": null, "NEW_LON": null, "NEW_GRADE": null, "NEW_WIND": null, "NEW_PRES": null, "NEW_CI": -999.9, "NEW_DP": null, "NEW_POCI": null, "REU_LAT": null, "REU_LON": null, "REU_TYPE": null, "REU_WIND": null, "REU_PRES": null, "REU_TNUM": -999.9, "REU_CI": -999.9, "REU_RMW": null, "REU_R34_NE": null, "REU_R34_SE": null, "REU_R34_SW": null, "REU_R34_NW": null, "REU_R50_NE": null, "REU_R50_SE": null, "REU_R50_SW": null, "REU_R50_NW": null, "REU_R64_NE": null, "REU_R64_SE": null, "REU_R64_SW": null, "REU_R64_NW": null, "BOM_LAT": null, "BOM_LON": null, "BOM_TYPE": null, "BOM_WIND": null, "BOM_PRES": null, "BOM_TNUM": -999.9, "BOM_CI": -999.9, "BOM_RMW": null, "BOM_R34_NE": null, "BOM_R34_SE": null, "BOM_R34_SW": null, "BOM_R34_NW": null, "BOM_R50_NE": null, "BOM_R50_SE": null, "BOM_R50_SW": null, "BOM_R50_NW": null, "BOM_R64_NE": null, "BOM_R64_SE": null, "BOM_R64_SW": null, "BOM_R64_NW": null, "BOM_ROCI": null, "BOM_POCI": null, "BOM_EYE": null, "BOM_POS_FL": null, "BOM_PRS_FL": null, "NAD_LAT": null, "NAD_LON": null, "NAD_CAT": null, "NAD_WIND": null, "NAD_PRES": null, "WEL_LAT": null, "WEL_LON": null, "WEL_WIND": null, "WEL_PRES": null, "DS8_LAT": null, "DS8_LON": null, "DS8_STAGE": null, "DS8_WIND": null, "DS8_PRES": null, "TD6_LAT": null, "TD6_LON": null, "TD6_STAGE": null, "TD6_WIND": null, "TD6_PRES": null, "TD5_LAT": null, "TD5_LON": null, "TD5_WIND": null, "TD5_PRES": null, "TD5_ROCI": null, "NEU_LAT": null, "NEU_LON": null, "NEU_CLASS": null, "NEU_WIND": null, "NEU_PRES": null, "MLC_LAT": null, "MLC_LON": null, "MLC_CLASS": null, "MLC_WIND": null, "MLC_PRES": null, "USA_GUST": 185.0, "BOM_GUST": null, "BOM_GUSTP": null, "REU_GUST": null, "REU_GUSTP": null, "USA_SEAHGT": 12.0, "USA_SEA_NE": 540.0, "USA_SEA_SE": 210.0, "USA_SEA_SW": 60.0, "USA_SEA_NW": 420.0, "STORM_SPD": 14, "STORM_DR": 290, "year": 2017, "month": 9, "day": 8, "hour": 0, "min": 0 }, "geometry": { "type": "LineString", "coordinates": [ [ -71.800048828125, 21.100000381469727 ], [ -72.5, 21.399999618530273 ] ] } },
{ "type": "Feature", "properties": { "SID": "2017242N16333", "SEASON": 2017, "NUMBER": 66, "BASIN": "NA", "SUBBASIN": "NA", "NAME": "IRMA", "ISO_TIME": "2017-09-08 03:00:00", "NATURE": "TS", "LAT": 21.4, "LON": -72.5, "WMO_WIND": 0.0, "WMO_PRES": null, "WMO_AGENCY": null, "TRACK_TYPE": "main", "DIST2LAND": 56, "LANDFALL": 33, "IFLAG": "P______________", "USA_AGENCY": null, "USA_ATCFID": "AL112017", "USA_LAT": 21.4, "USA_LON": -72.5, "USA_RECORD": null, "USA_STATUS": "HU", "USA_WIND": 137.0, "USA_PRES": 922.0, "USA_SSHS": 5, "USA_R34_NE": 160.0, "USA_R34_SE": 120.0, "USA_R34_SW": 90.0, "USA_R34_NW": 150.0, "USA_R50_NE": 100.0, "USA_R50_SE": 76.0, "USA_R50_SW": 50.0, "USA_R50_NW": 80.0, "USA_R64_NE": 60.0, "USA_R64_SE": 50.0, "USA_R64_SW": 30.0, "USA_R64_NW": 55.0, "USA_POCI": 1008.0, "USA_ROCI": 180.0, "USA_RMW": 15.0, "USA_EYE": null, "TOK_LAT": null, "TOK_LON": null, "TOK_GRADE": null, "TOK_WIND": null, "TOK_PRES": null, "TOK_R50_DR": null, "TOK_R50_L": null, "TOK_R50_S": null, "TOK_R30_DR": null, "TOK_R30_L": null, "TOK_R30_S": null, "TOK_LAND": null, "CMA_LAT": null, "CMA_LON": null, "CMA_CAT": null, "CMA_WIND": null, "CMA_PRES": null, "HKO_LAT": null, "HKO_LON": null, "HKO_CAT": null, "HKO_WIND": null, "HKO_PRES": null, "KMA_LAT": null, "KMA_LON": null, "KMA_CAT": null, "KMA_WIND": null, "KMA_PRES": null, "KMA_R50_DR": null, "KMA_R50_L": null, "KMA_R50_S": null, "KMA_R30_DR": null, "KMA_R30_L": null, "KMA_R30_S": null, "NEW_LAT": null, "NEW_LON": null, "NEW_GRADE": null, "NEW_WIND": null, "NEW_PRES": null, "NEW_CI": -999.9, "NEW_DP": null, "NEW_POCI": null, "REU_LAT": null, "REU_LON": null, "REU_TYPE": null, "REU_WIND": null, "REU_PRES": null, "REU_TNUM": -999.9, "REU_CI": -999.9, "REU_RMW": null, "REU_R34_NE": null, "REU_R34_SE": null, "REU_R34_SW": null, "REU_R34_NW": null, "REU_R50_NE": null, "REU_R50_SE": null, "REU_R50_SW": null, "REU_R50_NW": null, "REU_R64_NE": null, "REU_R64_SE": null, "REU_R64_SW": null, "REU_R64_NW": null, "BOM_LAT": null, "BOM_LON": null, "BOM_TYPE": null, "BOM_WIND": null, "BOM_PRES": null, "BOM_TNUM": -999.9, "BOM_CI": -999.9, "BOM_RMW": null, "BOM_R34_NE": null, "BOM_R34_SE": null, "BOM_R34_SW": null, "BOM_R34_NW": null, "BOM_R50_NE": null, "BOM_R50_SE": null, "BOM_R50_SW": null, "BOM_R50_NW": null, "BOM_R64_NE": null, "BOM_R64_SE": null, "BOM_R64_SW": null, "BOM_R64_NW": null, "BOM_ROCI": null, "BOM_POCI": null, "BOM_EYE": null, "BOM_POS_FL": null, "BOM_PRS_FL": null, "NAD_LAT": null, "NAD_LON": null, "NAD_CAT": null, "NAD_WIND": null, "NAD_PRES": null, "WEL_LAT": null, "WEL_LON": null, "WEL_WIND": null, "WEL_PRES": null, "DS8_LAT": null, "DS8_LON": null, "DS8_STAGE": null, "DS8_WIND": null, "DS8_PRES": null, "TD6_LAT": null, "TD6_LON": null, "TD6_STAGE": null, "TD6_WIND": null, "TD6_PRES": null, "TD5_LAT": null, "TD5_LON": null, "TD5_WIND": null, "TD5_PRES": null, "TD5_ROCI": null, "NEU_LAT": null, "NEU_LON": null, "NEU_CLASS": null, "NEU_WIND": null, "NEU_PRES": null, "MLC_LAT": null, "MLC_LON": null, "MLC_CLASS": null, "MLC_WIND": null, "MLC_PRES": null, "USA_GUST": null, "BOM_GUST": null, "BOM_GUSTP": null, "REU_GUST": null, "REU_GUSTP": null, "USA_SEAHGT": 12.0, "USA_SEA_NE": 540.0, "USA_SEA_SE": 225.0, "USA_SEA_SW": 75.0, "USA_SEA_NW": 450.0, "STORM_SPD": 14, "STORM_DR": 290, "year": 2017, "month": 9, "day": 8, "hour": 3, "min": 0 }, "geometry": { "type": "LineString", "coordinates": [ [ -72.5, 21.399999618530273 ], [ -73.0, 21.5 ] ] } },
{ "type": "Feature", "properties": { "SID": "2017242N16333", "SEASON": 2017, "NUMBER": 66, "BASIN": "NA", "SUBBASIN": "NA", "NAME": "IRMA", "ISO_TIME": "2017-09-08 05:00:00", "NATURE": "TS", "LAT": 21.5, "LON": -73.0, "WMO_WIND": 135.0, "WMO_PRES": 924.0, "WMO_AGENCY": "hurdat_atl", "TRACK_TYPE": "main", "DIST2LAND": 33, "LANDFALL": 33, "IFLAG": "V______________", "USA_AGENCY": "hurdat_atl", "USA_ATCFID": "AL112017", "USA_LAT": 21.5, "USA_LON": -73.0, "USA_RECORD": "L", "USA_STATUS": "HU", "USA_WIND": 135.0, "USA_PRES": 924.0, "USA_SSHS": 4, "USA_R34_NE": 160.0, "USA_R34_SE": 120.0, "USA_R34_SW": 90.0, "USA_R34_NW": 150.0, "USA_R50_NE": 100.0, "USA_R50_SE": 80.0, "USA_R50_SW": 50.0, "USA_R50_NW": 80.0, "USA_R64_NE": 60.0, "USA_R64_SE": 50.0, "USA_R64_SW": 30.0, "USA_R64_NW": 55.0, "USA_POCI": 1008.0, "USA_ROCI": 180.0, "USA_RMW": 15.0, "USA_EYE": null, "TOK_LAT": null, "TOK_LON": null, "TOK_GRADE": null, "TOK_WIND": null, "TOK_PRES": null, "TOK_R50_DR": null, "TOK_R50_L": null, "TOK_R50_S": null, "TOK_R30_DR": null, "TOK_R30_L": null, "TOK_R30_S": null, "TOK_LAND": null, "CMA_LAT": null, "CMA_LON": null, "CMA_CAT": null, "CMA_WIND": null, "CMA_PRES": null, "HKO_LAT": null, "HKO_LON": null, "HKO_CAT": null, "HKO_WIND": null, "HKO_PRES": null, "KMA_LAT": null, "KMA_LON": null, "KMA_CAT": null, "KMA_WIND": null, "KMA_PRES": null, "KMA_R50_DR": null, "KMA_R50_L": null, "KMA_R50_S": null, "KMA_R30_DR": null, "KMA_R30_L": null, "KMA_R30_S": null, "NEW_LAT": null, "NEW_LON": null, "NEW_GRADE": null, "NEW_WIND": null, "NEW_PRES": null, "NEW_CI": -999.9, "NEW_DP": null, "NEW_POCI": null, "REU_LAT": null, "REU_LON": null, "REU_TYPE": null, "REU_WIND": null, "REU_PRES": null, "REU_TNUM": -999.9, "REU_CI": -999.9, "REU_RMW": null, "REU_R34_NE": null, "REU_R34_SE": null, "REU_R34_SW": null, "REU_R34_NW": null, "REU_R50_NE": null, "REU_R50_SE": null, "REU_R50_SW": null, "REU_R50_NW": null, "REU_R64_NE": null, "REU_R64_SE": null, "REU_R64_SW": null, "REU_R64_NW": null, "BOM_LAT": null, "BOM_LON": null, "BOM_TYPE": null, "BOM_WIND": null, "BOM_PRES": null, "BOM_TNUM": -999.9, "BOM_CI": -999.9, "BOM_RMW": null, "BOM_R34_NE": null, "BOM_R34_SE": null, "BOM_R34_SW": null, "BOM_R34_NW": null, "BOM_R50_NE": null, "BOM_R50_SE": null, "BOM_R50_SW": null, "BOM_R50_NW": null, "BOM_R64_NE": null, "BOM_R64_SE": null, "BOM_R64_SW": null, "BOM_R64_NW": null, "BOM_ROCI": null, "BOM_POCI": null, "BOM_EYE": null, "BOM_POS_FL": null, "BOM_PRS_FL": null, "NAD_LAT": null, "NAD_LON": null, "NAD_CAT": null, "NAD_WIND": null, "NAD_PRES": null, "WEL_LAT": null, "WEL_LON": null, "WEL_WIND": null, "WEL_PRES": null, "DS8_LAT": null, "DS8_LON": null, "DS8_STAGE": null, "DS8_WIND": null, "DS8_PRES": null, "TD6_LAT": null, "TD6_LON": null, "TD6_STAGE": null, "TD6_WIND": null, "TD6_PRES": null, "TD5_LAT": null, "TD5_LON": null, "TD5_WIND": null, "TD5_PRES": null, "TD5_ROCI": null, "NEU_LAT": null, "NEU_LON": null, "NEU_CLASS": null, "NEU_WIND": null, "NEU_PRES": null, "MLC_LAT": null, "MLC_LON": null, "MLC_CLASS": null, "MLC_WIND": null, "MLC_PRES": null, "USA_GUST": null, "BOM_GUST": null, "BOM_GUSTP": null, "REU_GUST": null, "REU_GUSTP": null, "USA_SEAHGT": 12.0, "USA_SEA_NE": 540.0, "USA_SEA_SE": 235.0, "USA_SEA_SW": 85.0, "USA_SEA_NW": 470.0, "STORM_SPD": 12, "STORM_DR": 280, "year": 2017, "month": 9, "day": 8, "hour": 5, "min": 0 }, "geometry": { "type": "LineString", "coordinates": [ [ -73.0, 21.5 ], [ -73.199951171875, 21.5 ] ] } },
{ "type": "Feature", "properties": { "SID": "2017242N16333", "SEASON": 2017, "NUMBER": 66, "BASIN": "NA", "SUBBASIN": "NA", "NAME": "IRMA", "ISO_TIME": "2017-09-08 06:00:00", "NATURE": "TS", "LAT": 21.5, "LON": -73.2, "WMO_WIND": 135.0, "WMO_PRES": 925.0, "WMO_AGENCY": "hurdat_atl", "TRACK_TYPE": "main", "DIST2LAND": 33, "LANDFALL": 33, "IFLAG": "O______________", "USA_AGENCY": "hurdat_atl", "USA_ATCFID": "AL112017", "USA_LAT": 21.5, "USA_LON": -73.2, "USA_RECORD": null, "USA_STATUS": "HU", "USA_WIND": 135.0, "USA_PRES": 925.0, "USA_SSHS": 4, "USA_R34_NE": 160.0, "USA_R34_SE": 120.0, "USA_R34_SW": 90.0, "USA_R34_NW": 150.0, "USA_R50_NE": 100.0, "USA_R50_SE": 80.0, "USA_R50_SW": 50.0, "USA_R50_NW": 80.0, "USA_R64_NE": 60.0, "USA_R64_SE": 50.0, "USA_R64_SW": 30.0, "USA_R64_NW": 55.0, "USA_POCI": 1008.0, "USA_ROCI": 180.0, "USA_RMW": 30.0, "USA_EYE": null, "TOK_LAT": null, "TOK_LON": null, "TOK_GRADE": null, "TOK_WIND": null, "TOK_PRES": null, "TOK_R50_DR": null, "TOK_R50_L": null, "TOK_R50_S": null, "TOK_R30_DR": null, "TOK_R30_L": null, "TOK_R30_S": null, "TOK_LAND": null, "CMA_LAT": null, "CMA_LON": null, "CMA_CAT": null, "CMA_WIND": null, "CMA_PRES": null, "HKO_LAT": null, "HKO_LON": null, "HKO_CAT": null, "HKO_WIND": null, "HKO_PRES": null, "KMA_LAT": null, "KMA_LON": null, "KMA_CAT": null, "KMA_WIND": null, "KMA_PRES": null, "KMA_R50_DR": null, "KMA_R50_L": null, "KMA_R50_S": null, "KMA_R30_DR": null, "KMA_R30_L": null, "KMA_R30_S": null, "NEW_LAT": null, "NEW_LON": null, "NEW_GRADE": null, "NEW_WIND": null, "NEW_PRES": null, "NEW_CI": -999.9, "NEW_DP": null, "NEW_POCI": null, "REU_LAT": null, "REU_LON": null, "REU_TYPE": null, "REU_WIND": null, "REU_PRES": null, "REU_TNUM": -999.9, "REU_CI": -999.9, "REU_RMW": null, "REU_R34_NE": null, "REU_R34_SE": null, "REU_R34_SW": null, "REU_R34_NW": null, "REU_R50_NE": null, "REU_R50_SE": null, "REU_R50_SW": null, "REU_R50_NW": null, "REU_R64_NE": null, "REU_R64_SE": null, "REU_R64_SW": null, "REU_R64_NW": null, "BOM_LAT": null, "BOM_LON": null, "BOM_TYPE": null, "BOM_WIND": null, "BOM_PRES": null, "BOM_TNUM": -999.9, "BOM_CI": -999.9, "BOM_RMW": null, "BOM_R34_NE": null, "BOM_R34_SE": null, "BOM_R34_SW": null, "BOM_R34_NW": null, "BOM_R50_NE": null, "BOM_R50_SE": null, "BOM_R50_SW": null, "BOM_R50_NW": null, "BOM_R64_NE": null, "BOM_R64_SE": null, "BOM_R64_SW": null, "BOM_R64_NW": null, "BOM_ROCI": null, "BOM_POCI": null, "BOM_EYE": null, "BOM_POS_FL": null, "BOM_PRS_FL": null, "NAD_LAT": null, "NAD_LON": null, "NAD_CAT": null, "NAD_WIND": null, "NAD_PRES": null, "WEL_LAT": null, "WEL_LON": null, "WEL_WIND": null, "WEL_PRES": null, "DS8_LAT": null, "DS8_LON": null, "DS8_STAGE": null, "DS8_WIND": null, "DS8_PRES": null, "TD6_LAT": null, "TD6_LON": null, "TD6_STAGE": null, "TD6_WIND": null, "TD6_PRES": null, "TD5_LAT": null, "TD5_LON": null, "TD5_WIND": null, "TD5_PRES": null, "TD5_ROCI": null, "NEU_LAT": null, "NEU_LON": null, "NEU_CLASS": null, "NEU_WIND": null, "NEU_PRES": null, "MLC_LAT": null, "MLC_LON": null, "MLC_CLASS": null, "MLC_WIND": null, "MLC_PRES": null, "USA_GUST": 170.0, "BOM_GUST": null, "BOM_GUSTP": null, "REU_GUST": null, "REU_GUSTP": null, "USA_SEAHGT": 12.0, "USA_SEA_NE": 540.0, "USA_SEA_SE": 240.0, "USA_SEA_SW": 90.0, "USA_SEA_NW": 480.0, "STORM_SPD": 13, "STORM_DR": 280, "year": 2017, "month": 9, "day": 8, "hour": 6, "min": 0 }, "geometry": { "type": "LineString", "coordinates": [ [ -73.199951171875, 21.5 ], [ -73.9000244140625, 21.600000381469727 ] ] } },
{ "type": "Feature", "properties": { "SID": "2017242N16333", "SEASON": 2017, "NUMBER": 66, "BASIN": "NA", "SUBBASIN": "NA", "NAME": "IRMA", "ISO_TIME": "2017-09-08 09:00:00", "NATURE": "TS", "LAT": 21.6, "LON": -73.9, "WMO_WIND": 0.0, "WMO_PRES": null, "WMO_AGENCY": null, "TRACK_TYPE": "main", "DIST2LAND": 59, "LANDFALL": 59, "IFLAG": "P______________", "USA_AGENCY": null, "USA_ATCFID": "AL112017", "USA_LAT": 21.6, "USA_LON": -73.9, "USA_RECORD": null, "USA_STATUS": "HU", "USA_WIND": 135.0, "USA_PRES": 926.0, "USA_SSHS": 4, "USA_R34_NE": 160.0, "USA_R34_SE": 120.0, "USA_R34_SW": 95.0, "USA_R34_NW": 150.0, "USA_R50_NE": 100.0, "USA_R50_SE": 85.0, "USA_R50_SW": 50.0, "USA_R50_NW": 80.0, "USA_R64_NE": 60.0, "USA_R64_SE": 50.0, "USA_R64_SW": 30.0, "USA_R64_NW": 55.0, "USA_POCI": 1008.0, "USA_ROCI": 180.0, "USA_RMW": 30.0, "USA_EYE": null, "TOK_LAT": null, "TOK_LON": null, "TOK_GRADE": null, "TOK_WIND": null, "TOK_PRES": null, "TOK_R50_DR": null, "TOK_R50_L": null, "TOK_R50_S": null, "TOK_R30_DR": null, "TOK_R30_L": null, "TOK_R30_S": null, "TOK_LAND": null, "CMA_LAT": null, "CMA_LON": null, "CMA_CAT": null, "CMA_WIND": null, "CMA_PRES": null, "HKO_LAT": null, "HKO_LON": null, "HKO_CAT": null, "HKO_WIND": null, "HKO_PRES": null, "KMA_LAT": null, "KMA_LON": null, "KMA_CAT": null, "KMA_WIND": null, "KMA_PRES": null, "KMA_R50_DR": null, "KMA_R50_L": null, "KMA_R50_S": null, "KMA_R30_DR": null, "KMA_R30_L": null, "KMA_R30_S": null, "NEW_LAT": null, "NEW_LON": null, "NEW_GRADE": null, "NEW_WIND": null, "NEW_PRES": null, "NEW_CI": -999.9, "NEW_DP": null, "NEW_POCI": null, "REU_LAT": null, "REU_LON": null, "REU_TYPE": null, "REU_WIND": null, "REU_PRES": null, "REU_TNUM": -999.9, "REU_CI": -999.9, "REU_RMW": null, "REU_R34_NE": null, "REU_R34_SE": null, "REU_R34_SW": null, "REU_R34_NW": null, "REU_R50_NE": null, "REU_R50_SE": null, "REU_R50_SW": null, "REU_R50_NW": null, "REU_R64_NE": null, "REU_R64_SE": null, "REU_R64_SW": null, "REU_R64_NW": null, "BOM_LAT": null, "BOM_LON": null, "BOM_TYPE": null, "BOM_WIND": null, "BOM_PRES": null, "BOM_TNUM": -999.9, "BOM_CI": -999.9, "BOM_RMW": null, "BOM_R34_NE": null, "BOM_R34_SE": null, "BOM_R34_SW": null, "BOM_R34_NW": null, "BOM_R50_NE": null, "BOM_R50_SE": null, "BOM_R50_SW": null, "BOM_R50_NW": null, "BOM_R64_NE": null, "BOM_R64_SE": null, "BOM_R64_SW": null, "BOM_R64_NW": null, "BOM_ROCI": null, "BOM_POCI": null, "BOM_EYE": null, "BOM_POS_FL": null, "BOM_PRS_FL": null, "NAD_LAT": null, "NAD_LON": null, "NAD_CAT": null, "NAD_WIND": null, "NAD_PRES": null, "WEL_LAT": null, "WEL_LON": null, "WEL_WIND": null, "WEL_PRES": null, "DS8_LAT": null, "DS8_LON": null, "DS8_STAGE": null, "DS8_WIND": null, "DS8_PRES": null, "TD6_LAT": null, "TD6_LON": null, "TD6_STAGE": null, "TD6_WIND": null, "TD6_PRES": null, "TD5_LAT": null, "TD5_LON": null, "TD5_WIND": null, "TD5_PRES": null, "TD5_ROCI": null, "NEU_LAT": null, "NEU_LON": null, "NEU_CLASS": null, "NEU_WIND": null, "NEU_PRES": null, "MLC_LAT": null, "MLC_LON": null, "MLC_CLASS": null, "MLC_WIND": null, "MLC_PRES": null, "USA_GUST": null, "BOM_GUST": null, "BOM_GUSTP": null, "REU_GUST": null, "REU_GUSTP": null, "USA_SEAHGT": 12.0, "USA_SEA_NE": 540.0, "USA_SEA_SE": 240.0, "USA_SEA_SW": 105.0, "USA_SEA_NW": 480.0, "STORM_SPD": 14, "STORM_DR": 280, "year": 2017, "month": 9, "day": 8, "hour": 9, "min": 0 }, "geometry": { "type": "LineString", "coordinates": [ [ -73.9000244140625, 21.600000381469727 ], [ -74.699951171875, 21.799999237060547 ] ] } },
{ "type": "Feature", "properties": { "SID": "2017242N16333", "SEASON": 2017, "NUMBER": 66, "BASIN": "NA", "SUBBASIN": "NA", "NAME": "IRMA", "ISO_TIME": "2017-09-08 12:00:00", "NATURE": "TS", "LAT": 21.8, "LON": -74.7, "WMO_WIND": 135.0, "WMO_PRES": 927.0, "WMO_AGENCY": "hurdat_atl", "TRACK_TYPE": "main", "DIST2LAND": 129, "LANDFALL": 105, "IFLAG": "O______________", "USA_AGENCY": "hurdat_atl", "USA_ATCFID": "AL112017", "USA_LAT": 21.8, "USA_LON": -74.7, "USA_RECORD": null, "USA_STATUS": "HU", "USA_WIND": 135.0, "USA_PRES": 927.0, "USA_SSHS": 4, "USA_R34_NE": 160.0, "USA_R34_SE": 120.0, "USA_R34_SW": 100.0, "USA_R34_NW": 150.0, "USA_R50_NE": 100.0, "USA_R50_SE": 90.0, "USA_R50_SW": 50.0, "USA_R50_NW": 80.0, "USA_R64_NE": 60.0, "USA_R64_SE": 50.0, "USA_R64_SW": 30.0, "USA_R64_NW": 55.0, "USA_POCI": 1008.0, "USA_ROCI": 180.0, "USA_RMW": 30.0, "USA_EYE": null, "TOK_LAT": null, "TOK_LON": null, "TOK_GRADE": null, "TOK_WIND": null, "TOK_PRES": null, "TOK_R50_DR": null, "TOK_R50_L": null, "TOK_R50_S": null, "TOK_R30_DR": null, "TOK_R30_L": null, "TOK_R30_S": null, "TOK_LAND": null, "CMA_LAT": null, "CMA_LON": null, "CMA_CAT": null, "CMA_WIND": null, "CMA_PRES": null, "HKO_LAT": null, "HKO_LON": null, "HKO_CAT": null, "HKO_WIND": null, "HKO_PRES": null, "KMA_LAT": null, "KMA_LON": null, "KMA_CAT": null, "KMA_WIND": null, "KMA_PRES": null, "KMA_R50_DR": null, "KMA_R50_L": null, "KMA_R50_S": null, "KMA_R30_DR": null, "KMA_R30_L": null, "KMA_R30_S": null, "NEW_LAT": null, "NEW_LON": null, "NEW_GRADE": null, "NEW_WIND": null, "NEW_PRES": null, "NEW_CI": -999.9, "NEW_DP": null, "NEW_POCI": null, "REU_LAT": null, "REU_LON": null, "REU_TYPE": null, "REU_WIND": null, "REU_PRES": null, "REU_TNUM": -999.9, "REU_CI": -999.9, "REU_RMW": null, "REU_R34_NE": null, "REU_R34_SE": null, "REU_R34_SW": null, "REU_R34_NW": null, "REU_R50_NE": null, "REU_R50_SE": null, "REU_R50_SW": null, "REU_R50_NW": null, "REU_R64_NE": null, "REU_R64_SE": null, "REU_R64_SW": null, "REU_R64_NW": null, "BOM_LAT": null, "BOM_LON": null, "BOM_TYPE": null, "BOM_WIND": null, "BOM_PRES": null, "BOM_TNUM": -999.9, "BOM_CI": -999.9, "BOM_RMW": null, "BOM_R34_NE": null, "BOM_R34_SE": null, "BOM_R34_SW": null, "BOM_R34_NW": null, "BOM_R50_NE": null, "BOM_R50_SE": null, "BOM_R50_SW": null, "BOM_R50_NW": null, "BOM_R64_NE": null, "BOM_R64_SE": null, "BOM_R64_SW": null, "BOM_R64_NW": null, "BOM_ROCI": null, "BOM_POCI": null, "BOM_EYE": null, "BOM_POS_FL": null, "BOM_PRS_FL": null, "NAD_LAT": null, "NAD_LON": null, "NAD_CAT": null, "NAD_WIND": null, "NAD_PRES": null, "WEL_LAT": null, "WEL_LON": null, "WEL_WIND": null, "WEL_PRES": null, "DS8_LAT": null, "DS8_LON": null, "DS8_STAGE": null, "DS8_WIND": null, "DS8_PRES": null, "TD6_LAT": null, "TD6_LON": null, "TD6_STAGE": null, "TD6_WIND": null, "TD6_PRES": null, "TD5_LAT": null, "TD5_LON": null, "TD5_WIND": null, "TD5_PRES": null, "TD5_ROCI": null, "NEU_LAT": null, "NEU_LON": null, "NEU_CLASS": null, "NEU_WIND": null, "NEU_PRES": null, "MLC_LAT": null, "MLC_LON": null, "MLC_CLASS": null, "MLC_WIND": null, "MLC_PRES": null, "USA_GUST": 160.0, "BOM_GUST": null, "BOM_GUSTP": null, "REU_GUST": null, "REU_GUSTP": null, "USA_SEAHGT": 12.0, "USA_SEA_NE": 540.0, "USA_SEA_SE": 240.0, "USA_SEA_SW": 120.0, "USA_SEA_NW": 480.0, "STORM_SPD": 14, "STORM_DR": 285, "year": 2017, "month": 9, "day": 8, "hour": 12, "min": 0 }, "geometry": { "type": "LineString", "coordinates": [ [ -74.699951171875, 21.799999237060547 ], [ -75.4000244140625, 21.899999618530273 ] ] } },
{ "type": "Feature", "properties": { "SID": "2017242N16333", "SEASON": 2017, "NUMBER": 66, "BASIN": "NA", "SUBBASIN": "NA", "NAME": "IRMA", "ISO_TIME": "2017-09-08 15:00:00", "NATURE": "TS", "LAT": 21.9, "LON": -75.4, "WMO_WIND": 0.0, "WMO_PRES": null, "WMO_AGENCY": null, "TRACK_TYPE": "main", "DIST2LAND": 102, "LANDFALL": 91, "IFLAG": "P______________", "USA_AGENCY": null, "USA_ATCFID": "AL112017", "USA_LAT": 21.9, "USA_LON": -75.4, "USA_RECORD": null, "USA_STATUS": "HU", "USA_WIND": 138.0, "USA_PRES": 926.0, "USA_SSHS": 5, "USA_R34_NE": 160.0, "USA_R34_SE": 120.0, "USA_R34_SW": 100.0, "USA_R34_NW": 150.0, "USA_R50_NE": 100.0, "USA_R50_SE": 90.0, "USA_R50_SW": 50.0, "USA_R50_NW": 80.0, "USA_R64_NE": 60.0, "USA_R64_SE": 55.0, "USA_R64_SW": 30.0, "USA_R64_NW": 58.0, "USA_POCI": 1008.0, "USA_ROCI": 180.0, "USA_RMW": 30.0, "USA_EYE": null, "TOK_LAT": null, "TOK_LON": null, "TOK_GRADE": null, "TOK_WIND": null, "TOK_PRES": null, "TOK_R50_DR": null, "TOK_R50_L": null, "TOK_R50_S": null, "TOK_R30_DR": null, "TOK_R30_L": null, "TOK_R30_S": null, "TOK_LAND": null, "CMA_LAT": null, "CMA_LON": null, "CMA_CAT": null, "CMA_WIND": null, "CMA_PRES": null, "HKO_LAT": null, "HKO_LON": null, "HKO_CAT": null, "HKO_WIND": null, "HKO_PRES": null, "KMA_LAT": null, "KMA_LON": null, "KMA_CAT": null, "KMA_WIND": null, "KMA_PRES": null, "KMA_R50_DR": null, "KMA_R50_L": null, "KMA_R50_S": null, "KMA_R30_DR": null, "KMA_R30_L": null, "KMA_R30_S": null, "NEW_LAT": null, "NEW_LON": null, "NEW_GRADE": null, "NEW_WIND": null, "NEW_PRES": null, "NEW_CI": -999.9, "NEW_DP": null, "NEW_POCI": null, "REU_LAT": null, "REU_LON": null, "REU_TYPE": null, "REU_WIND": null, "REU_PRES": null, "REU_TNUM": -999.9, "REU_CI": -999.9, "REU_RMW": null, "REU_R34_NE": null, "REU_R34_SE": null, "REU_R34_SW": null, "REU_R34_NW": null, "REU_R50_NE": null, "REU_R50_SE": null, "REU_R50_SW": null, "REU_R50_NW": null, "REU_R64_NE": null, "REU_R64_SE": null, "REU_R64_SW": null, "REU_R64_NW": null, "BOM_LAT": null, "BOM_LON": null, "BOM_TYPE": null, "BOM_WIND": null, "BOM_PRES": null, "BOM_TNUM": -999.9, "BOM_CI": -999.9, "BOM_RMW": null, "BOM_R34_NE": null, "BOM_R34_SE": null, "BOM_R34_SW": null, "BOM_R34_NW": null, "BOM_R50_NE": null, "BOM_R50_SE": null, "BOM_R50_SW": null, "BOM_R50_NW": null, "BOM_R64_NE": null, "BOM_R64_SE": null, "BOM_R64_SW": null, "BOM_R64_NW": null, "BOM_ROCI": null, "BOM_POCI": null, "BOM_EYE": null, "BOM_POS_FL": null, "BOM_PRS_FL": null, "NAD_LAT": null, "NAD_LON": null, "NAD_CAT": null, "NAD_WIND": null, "NAD_PRES": null, "WEL_LAT": null, "WEL_LON": null, "WEL_WIND": null, "WEL_PRES": null, "DS8_LAT": null, "DS8_LON": null, "DS8_STAGE": null, "DS8_WIND": null, "DS8_PRES": null, "TD6_LAT": null, "TD6_LON": null, "TD6_STAGE": null, "TD6_WIND": null, "TD6_PRES": null, "TD5_LAT": null, "TD5_LON": null, "TD5_WIND": null, "TD5_PRES": null, "TD5_ROCI": null, "NEU_LAT": null, "NEU_LON": null, "NEU_CLASS": null, "NEU_WIND": null, "NEU_PRES": null, "MLC_LAT": null, "MLC_LON": null, "MLC_CLASS": null, "MLC_WIND": null, "MLC_PRES": null, "USA_GUST": null, "BOM_GUST": null, "BOM_GUSTP": null, "REU_GUST": null, "REU_GUSTP": null, "USA_SEAHGT": 12.0, "USA_SEA_NE": 540.0, "USA_SEA_SE": 255.0, "USA_SEA_SW": 120.0, "USA_SEA_NW": 480.0, "STORM_SPD": 12, "STORM_DR": 280, "year": 2017, "month": 9, "day": 8, "hour": 15, "min": 0 }, "geometry": { "type": "LineString", "coordinates": [ [ -75.4000244140625, 21.899999618530273 ], [ -76.0, 22.0 ] ] } },
{ "type": "Feature", "properties": { "SID": "2017242N16333", "SEASON": 2017, "NUMBER": 66, "BASIN": "NA", "SUBBASIN": "NA", "NAME": "IRMA", "ISO_TIME": "2017-09-08 18:00:00", "NATURE": "TS", "LAT": 22.0, "LON": -76.0, "WMO_WIND": 140.0, "WMO_PRES": 925.0, "WMO_AGENCY": "hurdat_atl", "TRACK_TYPE": "main", "DIST2LAND": 91, "LANDFALL": 61, "IFLAG": "O______________", "USA_AGENCY": "hurdat_atl", "USA_ATCFID": "AL112017", "USA_LAT": 22.0, "USA_LON": -76.0, "USA_RECORD": null, "USA_STATUS": "HU", "USA_WIND": 140.0, "USA_PRES": 925.0, "USA_SSHS": 5, "USA_R34_NE": 160.0, "USA_R34_SE": 120.0, "USA_R34_SW": 100.0, "USA_R34_NW": 150.0, "USA_R50_NE": 100.0, "USA_R50_SE": 90.0, "USA_R50_SW": 50.0, "USA_R50_NW": 80.0, "USA_R64_NE": 60.0, "USA_R64_SE": 60.0, "USA_R64_SW": 30.0, "USA_R64_NW": 60.0, "USA_POCI": 1008.0, "USA_ROCI": 180.0, "USA_RMW": 30.0, "USA_EYE": null, "TOK_LAT": null, "TOK_LON": null, "TOK_GRADE": null, "TOK_WIND": null, "TOK_PRES": null, "TOK_R50_DR": null, "TOK_R50_L": null, "TOK_R50_S": null, "TOK_R30_DR": null, "TOK_R30_L": null, "TOK_R30_S": null, "TOK_LAND": null, "CMA_LAT": null, "CMA_LON": null, "CMA_CAT": null, "CMA_WIND": null, "CMA_PRES": null, "HKO_LAT": null, "HKO_LON": null, "HKO_CAT": null, "HKO_WIND": null, "HKO_PRES": null, "KMA_LAT": null, "KMA_LON": null, "KMA_CAT": null, "KMA_WIND": null, "KMA_PRES": null, "KMA_R50_DR": null, "KMA_R50_L": null, "KMA_R50_S": null, "KMA_R30_DR": null, "KMA_R30_L": null, "KMA_R30_S": null, "NEW_LAT": null, "NEW_LON": null, "NEW_GRADE": null, "NEW_WIND": null, "NEW_PRES": null, "NEW_CI": -999.9, "NEW_DP": null, "NEW_POCI": null, "REU_LAT": null, "REU_LON": null, "REU_TYPE": null, "REU_WIND": null, "REU_PRES": null, "REU_TNUM": -999.9, "REU_CI": -999.9, "REU_RMW": null, "REU_R34_NE": null, "REU_R34_SE": null, "REU_R34_SW": null, "REU_R34_NW": null, "REU_R50_NE": null, "REU_R50_SE": null, "REU_R50_SW": null, "REU_R50_NW": null, "REU_R64_NE": null, "REU_R64_SE": null, "REU_R64_SW": null, "REU_R64_NW": null, "BOM_LAT": null, "BOM_LON": null, "BOM_TYPE": null, "BOM_WIND": null, "BOM_PRES": null, "BOM_TNUM": -999.9, "BOM_CI": -999.9, "BOM_RMW": null, "BOM_R34_NE": null, "BOM_R34_SE": null, "BOM_R34_SW": null, "BOM_R34_NW": null, "BOM_R50_NE": null, "BOM_R50_SE": null, "BOM_R50_SW": null, "BOM_R50_NW": null, "BOM_R64_NE": null, "BOM_R64_SE": null, "BOM_R64_SW": null, "BOM_R64_NW": null, "BOM_ROCI": null, "BOM_POCI": null, "BOM_EYE": null, "BOM_POS_FL": null, "BOM_PRS_FL": null, "NAD_LAT": null, "NAD_LON": null, "NAD_CAT": null, "NAD_WIND": null, "NAD_PRES": null, "WEL_LAT": null, "WEL_LON": null, "WEL_WIND": null, "WEL_PRES": null, "DS8_LAT": null, "DS8_LON": null, "DS8_STAGE": null, "DS8_WIND": null, "DS8_PRES": null, "TD6_LAT": null, "TD6_LON": null, "TD6_STAGE": null, "TD6_WIND": null, "TD6_PRES": null, "TD5_LAT": null, "TD5_LON": null, "TD5_WIND": null, "TD5_PRES": null, "TD5_ROCI": null, "NEU_LAT": null, "NEU_LON": null, "NEU_CLASS": null, "NEU_WIND": null, "NEU_PRES": null, "MLC_LAT": null, "MLC_LON": null, "MLC_CLASS": null, "MLC_WIND": null, "MLC_PRES": null, "USA_GUST": 165.0, "BOM_GUST": null, "BOM_GUSTP": null, "REU_GUST": null, "REU_GUSTP": null, "USA_SEAHGT": 12.0, "USA_SEA_NE": 540.0, "USA_SEA_SE": 270.0, "USA_SEA_SW": 120.0, "USA_SEA_NW": 480.0, "STORM_SPD": 11, "STORM_DR": 275, "year": 2017, "month": 9, "day": 8, "hour": 18, "min": 0 }, "geometry": { "type": "LineString", "coordinates": [ [ -76.0, 22.0 ], [ -76.5999755859375, 22.0 ] ] } },
{ "type": "Feature", "properties": { "SID": "2017242N16333", "SEASON": 2017, "NUMBER": 66, "BASIN": "NA", "SUBBASIN": "NA", "NAME": "IRMA", "ISO_TIME": "2017-09-08 21:00:00", "NATURE": "TS", "LAT": 22.0, "LON": -76.6, "WMO_WIND": 0.0, "WMO_PRES": null, "WMO_AGENCY": null, "TRACK_TYPE": "main", "DIST2LAND": 61, "LANDFALL": 39, "IFLAG": "P______________", "USA_AGENCY": null, "USA_ATCFID": "AL112017", "USA_LAT": 22.0, "USA_LON": -76.6, "USA_RECORD": null, "USA_STATUS": "HU", "USA_WIND": 143.0, "USA_PRES": 925.0, "USA_SSHS": 5, "USA_R34_NE": 160.0, "USA_R34_SE": 125.0, "USA_R34_SW": 105.0, "USA_R34_NW": 155.0, "USA_R50_NE": 100.0, "USA_R50_SE": 90.0, "USA_R50_SW": 50.0, "USA_R50_NW": 80.0, "USA_R64_NE": 60.0, "USA_R64_SE": 60.0, "USA_R64_SW": 30.0, "USA_R64_NW": 60.0, "USA_POCI": 1008.0, "USA_ROCI": 210.0, "USA_RMW": 25.0, "USA_EYE": null, "TOK_LAT": null, "TOK_LON": null, "TOK_GRADE": null, "TOK_WIND": null, "TOK_PRES": null, "TOK_R50_DR": null, "TOK_R50_L": null, "TOK_R50_S": null, "TOK_R30_DR": null, "TOK_R30_L": null, "TOK_R30_S": null, "TOK_LAND": null, "CMA_LAT": null, "CMA_LON": null, "CMA_CAT": null, "CMA_WIND": null, "CMA_PRES": null, "HKO_LAT": null, "HKO_LON": null, "HKO_CAT": null, "HKO_WIND": null, "HKO_PRES": null, "KMA_LAT": null, "KMA_LON": null, "KMA_CAT": null, "KMA_WIND": null, "KMA_PRES": null, "KMA_R50_DR": null, "KMA_R50_L": null, "KMA_R50_S": null, "KMA_R30_DR": null, "KMA_R30_L": null, "KMA_R30_S": null, "NEW_LAT": null, "NEW_LON": null, "NEW_GRADE": null, "NEW_WIND": null, "NEW_PRES": null, "NEW_CI": -999.9, "NEW_DP": null, "NEW_POCI": null, "REU_LAT": null, "REU_LON": null, "REU_TYPE": null, "REU_WIND": null, "REU_PRES": null, "REU_TNUM": -999.9, "REU_CI": -999.9, "REU_RMW": null, "REU_R34_NE": null, "REU_R34_SE": null, "REU_R34_SW": null, "REU_R34_NW": null, "REU_R50_NE": null, "REU_R50_SE": null, "REU_R50_SW": null, "REU_R50_NW": null, "REU_R64_NE": null, "REU_R64_SE": null, "REU_R64_SW": null, "REU_R64_NW": null, "BOM_LAT": null, "BOM_LON": null, "BOM_TYPE": null, "BOM_WIND": null, "BOM_PRES": null, "BOM_TNUM": -999.9, "BOM_CI": -999.9, "BOM_RMW": null, "BOM_R34_NE": null, "BOM_R34_SE": null, "BOM_R34_SW": null, "BOM_R34_NW": null, "BOM_R50_NE": null, "BOM_R50_SE": null, "BOM_R50_SW": null, "BOM_R50_NW": null, "BOM_R64_NE": null, "BOM_R64_SE": null, "BOM_R64_SW": null, "BOM_R64_NW": null, "BOM_ROCI": null, "BOM_POCI": null, "BOM_EYE": null, "BOM_POS_FL": null, "BOM_PRS_FL": null, "NAD_LAT": null, "NAD_LON": null, "NAD_CAT": null, "NAD_WIND": null, "NAD_PRES": null, "WEL_LAT": null, "WEL_LON": null, "WEL_WIND": null, "WEL_PRES": null, "DS8_LAT": null, "DS8_LON": null, "DS8_STAGE": null, "DS8_WIND": null, "DS8_PRES": null, "TD6_LAT": null, "TD6_LON": null, "TD6_STAGE": null, "TD6_WIND": null, "TD6_PRES": null, "TD5_LAT": null, "TD5_LON": null, "TD5_WIND": null, "TD5_PRES": null, "TD5_ROCI": null, "NEU_LAT": null, "NEU_LON": null, "NEU_CLASS": null, "NEU_WIND": null, "NEU_PRES": null, "MLC_LAT": null, "MLC_LON": null, "MLC_CLASS": null, "MLC_WIND": null, "MLC_PRES": null, "USA_GUST": null, "BOM_GUST": null, "BOM_GUSTP": null, "REU_GUST": null, "REU_GUSTP": null, "USA_SEAHGT": 12.0, "USA_SEA_NE": 525.0, "USA_SEA_SE": 225.0, "USA_SEA_SW": 90.0, "USA_SEA_NW": 480.0, "STORM_SPD": 11, "STORM_DR": 275, "year": 2017, "month": 9, "day": 8, "hour": 21, "min": 0 }, "geometry": { "type": "LineString", "coordinates": [ [ -76.5999755859375, 22.0 ], [ -77.199951171875, 22.100000381469727 ] ] } },
{ "type": "Feature", "properties": { "SID": "2017242N16333", "SEASON": 2017, "NUMBER": 66, "BASIN": "NA", "SUBBASIN": "NA", "NAME": "IRMA", "ISO_TIME": "2017-09-09 00:00:00", "NATURE": "TS", "LAT": 22.1, "LON": -77.2, "WMO_WIND": 145.0, "WMO_PRES": 924.0, "WMO_AGENCY": "hurdat_atl", "TRACK_TYPE": "main", "DIST2LAND": 44, "LANDFALL": 35, "IFLAG": "O______________", "USA_AGENCY": "hurdat_atl", "USA_ATCFID": "AL112017", "USA_LAT": 22.1, "USA_LON": -77.2, "USA_RECORD": null, "USA_STATUS": "HU", "USA_WIND": 145.0, "USA_PRES": 924.0, "USA_SSHS": 5, "USA_R34_NE": 160.0, "USA_R34_SE": 130.0, "USA_R34_SW": 110.0, "USA_R34_NW": 160.0, "USA_R50_NE": 100.0, "USA_R50_SE": 90.0, "USA_R50_SW": 50.0, "USA_R50_NW": 80.0, "USA_R64_NE": 60.0, "USA_R64_SE": 60.0, "USA_R64_SW": 30.0, "USA_R64_NW": 60.0, "USA_POCI": 1007.0, "USA_ROCI": 240.0, "USA_RMW": 20.0, "USA_EYE": null, "TOK_LAT": null, "TOK_LON": null, "TOK_GRADE": null, "TOK_WIND": null, "TOK_PRES": null, "TOK_R50_DR": null, "TOK_R50_L": null, "TOK_R50_S": null, "TOK_R30_DR": null, "TOK_R30_L": null, "TOK_R30_S": null, "TOK_LAND": null, "CMA_LAT": null, "CMA_LON": null, "CMA_CAT": null, "CMA_WIND": null, "CMA_PRES": null, "HKO_LAT": null, "HKO_LON": null, "HKO_CAT": null, "HKO_WIND": null, "HKO_PRES": null, "KMA_LAT": null, "KMA_LON": null, "KMA_CAT": null, "KMA_WIND": null, "KMA_PRES": null, "KMA_R50_DR": null, "KMA_R50_L": null, "KMA_R50_S": null, "KMA_R30_DR": null, "KMA_R30_L": null, "KMA_R30_S": null, "NEW_LAT": null, "NEW_LON": null, "NEW_GRADE": null, "NEW_WIND": null, "NEW_PRES": null, "NEW_CI": -999.9, "NEW_DP": null, "NEW_POCI": null, "REU_LAT": null, "REU_LON": null, "REU_TYPE": null, "REU_WIND": null, "REU_PRES": null, "REU_TNUM": -999.9, "REU_CI": -999.9, "REU_RMW": null, "REU_R34_NE": null, "REU_R34_SE": null, "REU_R34_SW": null, "REU_R34_NW": null, "REU_R50_NE": null, "REU_R50_SE": null, "REU_R50_SW": null, "REU_R50_NW": null, "REU_R64_NE": null, "REU_R64_SE": null, "REU_R64_SW": null, "REU_R64_NW": null, "BOM_LAT": null, "BOM_LON": null, "BOM_TYPE": null, "BOM_WIND": null, "BOM_PRES": null, "BOM_TNUM": -999.9, "BOM_CI": -999.9, "BOM_RMW": null, "BOM_R34_NE": null, "BOM_R34_SE": null, "BOM_R34_SW": null, "BOM_R34_NW": null, "BOM_R50_NE": null, "BOM_R50_SE": null, "BOM_R50_SW": null, "BOM_R50_NW": null, "BOM_R64_NE": null, "BOM_R64_SE": null, "BOM_R64_SW": null, "BOM_R64_NW": null, "BOM_ROCI": null, "BOM_POCI": null, "BOM_EYE": null, "BOM_POS_FL": null, "BOM_PRS_FL": null, "NAD_LAT": null, "NAD_LON": null, "NAD_CAT": null, "NAD_WIND": null, "NAD_PRES": null, "WEL_LAT": null, "WEL_LON": null, "WEL_WIND": null, "WEL_PRES": null, "DS8_LAT": null, "DS8_LON": null, "DS8_STAGE": null, "DS8_WIND": null, "DS8_PRES": null, "TD6_LAT": null, "TD6_LON": null, "TD6_STAGE": null, "TD6_WIND": null, "TD6_PRES": null, "TD5_LAT": null, "TD5_LON": null, "TD5_WIND": null, "TD5_PRES": null, "TD5_ROCI": null, "NEU_LAT": null, "NEU_LON": null, "NEU_CLASS": null, "NEU_WIND": null, "NEU_PRES": null, "MLC_LAT": null, "MLC_LON": null, "MLC_CLASS": null, "MLC_WIND": null, "MLC_PRES": null, "USA_GUST": 170.0, "BOM_GUST": null, "BOM_GUSTP": null, "REU_GUST": null, "REU_GUSTP": null, "USA_SEAHGT": 12.0, "USA_SEA_NE": 510.0, "USA_SEA_SE": 180.0, "USA_SEA_SW": 60.0, "USA_SEA_NW": 480.0, "STORM_SPD": 12, "STORM_DR": 285, "year": 2017, "month": 9, "day": 9, "hour": 0, "min": 0 }, "geometry": { "type": "LineString", "coordinates": [ [ -77.199951171875, 22.100000381469727 ], [ -77.9000244140625, 22.299999237060547 ] ] } },
{ "type": "Feature", "properties": { "SID": "2017242N16333", "SEASON": 2017, "NUMBER": 66, "BASIN": "NA", "SUBBASIN": "NA", "NAME": "IRMA", "ISO_TIME": "2017-09-09 03:00:00", "NATURE": "TS", "LAT": 22.3, "LON": -77.9, "WMO_WIND": 145.0, "WMO_PRES": 924.0, "WMO_AGENCY": "hurdat_atl", "TRACK_TYPE": "main", "DIST2LAND": 35, "LANDFALL": 15, "IFLAG": "V______________", "USA_AGENCY": "hurdat_atl", "USA_ATCFID": "AL112017", "USA_LAT": 22.3, "USA_LON": -77.9, "USA_RECORD": "L", "USA_STATUS": "HU", "USA_WIND": 145.0, "USA_PRES": 924.0, "USA_SSHS": 5, "USA_R34_NE": 160.0, "USA_R34_SE": 140.0, "USA_R34_SW": 110.0, "USA_R34_NW": 160.0, "USA_R50_NE": 100.0, "USA_R50_SE": 90.0, "USA_R50_SW": 50.0, "USA_R50_NW": 80.0, "USA_R64_NE": 60.0, "USA_R64_SE": 60.0, "USA_R64_SW": 30.0, "USA_R64_NW": 60.0, "USA_POCI": 1007.0, "USA_ROCI": 240.0, "USA_RMW": 20.0, "USA_EYE": null, "TOK_LAT": null, "TOK_LON": null, "TOK_GRADE": null, "TOK_WIND": null, "TOK_PRES": null, "TOK_R50_DR": null, "TOK_R50_L": null, "TOK_R50_S": null, "TOK_R30_DR": null, "TOK_R30_L": null, "TOK_R30_S": null, "TOK_LAND": null, "CMA_LAT": null, "CMA_LON": null, "CMA_CAT": null, "CMA_WIND": null, "CMA_PRES": null, "HKO_LAT": null, "HKO_LON": null, "HKO_CAT": null, "HKO_WIND": null, "HKO_PRES": null, "KMA_LAT": null, "KMA_LON": null, "KMA_CAT": null, "KMA_WIND": null, "KMA_PRES": null, "KMA_R50_DR": null, "KMA_R50_L": null, "KMA_R50_S": null, "KMA_R30_DR": null, "KMA_R30_L": null, "KMA_R30_S": null, "NEW_LAT": null, "NEW_LON": null, "NEW_GRADE": null, "NEW_WIND": null, "NEW_PRES": null, "NEW_CI": -999.9, "NEW_DP": null, "NEW_POCI": null, "REU_LAT": null, "REU_LON": null, "REU_TYPE": null, "REU_WIND": null, "REU_PRES": null, "REU_TNUM": -999.9, "REU_CI": -999.9, "REU_RMW": null, "REU_R34_NE": null, "REU_R34_SE": null, "REU_R34_SW": null, "REU_R34_NW": null, "REU_R50_NE": null, "REU_R50_SE": null, "REU_R50_SW": null, "REU_R50_NW": null, "REU_R64_NE": null, "REU_R64_SE": null, "REU_R64_SW": null, "REU_R64_NW": null, "BOM_LAT": null, "BOM_LON": null, "BOM_TYPE": null, "BOM_WIND": null, "BOM_PRES": null, "BOM_TNUM": -999.9, "BOM_CI": -999.9, "BOM_RMW": null, "BOM_R34_NE": null, "BOM_R34_SE": null, "BOM_R34_SW": null, "BOM_R34_NW": null, "BOM_R50_NE": null, "BOM_R50_SE": null, "BOM_R50_SW": null, "BOM_R50_NW": null, "BOM_R64_NE": null, "BOM_R64_SE": null, "BOM_R64_SW": null, "BOM_R64_NW": null, "BOM_ROCI": null, "BOM_POCI": null, "BOM_EYE": null, "BOM_POS_FL": null, "BOM_PRS_FL": null, "NAD_LAT": null, "NAD_LON": null, "NAD_CAT": null, "NAD_WIND": null, "NAD_PRES": null, "WEL_LAT": null, "WEL_LON": null, "WEL_WIND": null, "WEL_PRES": null, "DS8_LAT": null, "DS8_LON": null, "DS8_STAGE": null, "DS8_WIND": null, "DS8_PRES": null, "TD6_LAT": null, "TD6_LON": null, "TD6_STAGE": null, "TD6_WIND": null, "TD6_PRES": null, "TD5_LAT": null, "TD5_LON": null, "TD5_WIND": null, "TD5_PRES": null, "TD5_ROCI": null, "NEU_LAT": null, "NEU_LON": null, "NEU_CLASS": null, "NEU_WIND": null, "NEU_PRES": null, "MLC_LAT": null, "MLC_LON": null, "MLC_CLASS": null, "MLC_WIND": null, "MLC_PRES": null, "USA_GUST": null, "BOM_GUST": null, "BOM_GUSTP": null, "REU_GUST": null, "REU_GUSTP": null, "USA_SEAHGT": 12.0, "USA_SEA_NE": 465.0, "USA_SEA_SE": 105.0, "USA_SEA_SW": 45.0, "USA_SEA_NW": 255.0, "STORM_SPD": 11, "STORM_DR": 285, "year": 2017, "month": 9, "day": 9, "hour": 3, "min": 0 }, "geometry": { "type": "LineString", "coordinates": [ [ -77.9000244140625, 22.299999237060547 ], [ -78.300048828125, 22.399999618530273 ] ] } },
{ "type": "Feature", "properties": { "SID": "2017242N16333", "SEASON": 2017, "NUMBER": 66, "BASIN": "NA", "SUBBASIN": "NA", "NAME": "IRMA", "ISO_TIME": "2017-09-09 06:00:00", "NATURE": "TS", "LAT": 22.4, "LON": -78.3, "WMO_WIND": 130.0, "WMO_PRES": 930.0, "WMO_AGENCY": "hurdat_atl", "TRACK_TYPE": "main", "DIST2LAND": 15, "LANDFALL": 11, "IFLAG": "O______________", "USA_AGENCY": "hurdat_atl", "USA_ATCFID": "AL112017", "USA_LAT": 22.4, "USA_LON": -78.3, "USA_RECORD": null, "USA_STATUS": "HU", "USA_WIND": 130.0, "USA_PRES": 930.0, "USA_SSHS": 4, "USA_R34_NE": 160.0, "USA_R34_SE": 160.0, "USA_R34_SW": 120.0, "USA_R34_NW": 170.0, "USA_R50_NE": 100.0, "USA_R50_SE": 90.0, "USA_R50_SW": 60.0, "USA_R50_NW": 80.0, "USA_R64_NE": 60.0, "USA_R64_SE": 60.0, "USA_R64_SW": 30.0, "USA_R64_NW": 60.0, "USA_POCI": 1008.0, "USA_ROCI": 240.0, "USA_RMW": 15.0, "USA_EYE": null, "TOK_LAT": null, "TOK_LON": null, "TOK_GRADE": null, "TOK_WIND": null, "TOK_PRES": null, "TOK_R50_DR": null, "TOK_R50_L": null, "TOK_R50_S": null, "TOK_R30_DR": null, "TOK_R30_L": null, "TOK_R30_S": null, "TOK_LAND": null, "CMA_LAT": null, "CMA_LON": null, "CMA_CAT": null, "CMA_WIND": null, "CMA_PRES": null, "HKO_LAT": null, "HKO_LON": null, "HKO_CAT": null, "HKO_WIND": null, "HKO_PRES": null, "KMA_LAT": null, "KMA_LON": null, "KMA_CAT": null, "KMA_WIND": null, "KMA_PRES": null, "KMA_R50_DR": null, "KMA_R50_L": null, "KMA_R50_S": null, "KMA_R30_DR": null, "KMA_R30_L": null, "KMA_R30_S": null, "NEW_LAT": null, "NEW_LON": null, "NEW_GRADE": null, "NEW_WIND": null, "NEW_PRES": null, "NEW_CI": -999.9, "NEW_DP": null, "NEW_POCI": null, "REU_LAT": null, "REU_LON": null, "REU_TYPE": null, "REU_WIND": null, "REU_PRES": null, "REU_TNUM": -999.9, "REU_CI": -999.9, "REU_RMW": null, "REU_R34_NE": null, "REU_R34_SE": null, "REU_R34_SW": null, "REU_R34_NW": null, "REU_R50_NE": null, "REU_R50_SE": null, "REU_R50_SW": null, "REU_R50_NW": null, "REU_R64_NE": null, "REU_R64_SE": null, "REU_R64_SW": null, "REU_R64_NW": null, "BOM_LAT": null, "BOM_LON": null, "BOM_TYPE": null, "BOM_WIND": null, "BOM_PRES": null, "BOM_TNUM": -999.9, "BOM_CI": -999.9, "BOM_RMW": null, "BOM_R34_NE": null, "BOM_R34_SE": null, "BOM_R34_SW": null, "BOM_R34_NW": null, "BOM_R50_NE": null, "BOM_R50_SE": null, "BOM_R50_SW": null, "BOM_R50_NW": null, "BOM_R64_NE": null, "BOM_R64_SE": null, "BOM_R64_SW": null, "BOM_R64_NW": null, "BOM_ROCI": null, "BOM_POCI": null, "BOM_EYE": null, "BOM_POS_FL": null, "BOM_PRS_FL": null, "NAD_LAT": null, "NAD_LON": null, "NAD_CAT": null, "NAD_WIND": null, "NAD_PRES": null, "WEL_LAT": null, "WEL_LON": null, "WEL_WIND": null, "WEL_PRES": null, "DS8_LAT": null, "DS8_LON": null, "DS8_STAGE": null, "DS8_WIND": null, "DS8_PRES": null, "TD6_LAT": null, "TD6_LON": null, "TD6_STAGE": null, "TD6_WIND": null, "TD6_PRES": null, "TD5_LAT": null, "TD5_LON": null, "TD5_WIND": null, "TD5_PRES": null, "TD5_ROCI": null, "NEU_LAT": null, "NEU_LON": null, "NEU_CLASS": null, "NEU_WIND": null, "NEU_PRES": null, "MLC_LAT": null, "MLC_LON": null, "MLC_CLASS": null, "MLC_WIND": null, "MLC_PRES": null, "USA_GUST": 170.0, "BOM_GUST": null, "BOM_GUSTP": null, "REU_GUST": null, "REU_GUSTP": null, "USA_SEAHGT": 12.0, "USA_SEA_NE": 420.0, "USA_SEA_SE": 30.0, "USA_SEA_SW": 30.0, "USA_SEA_NW": 30.0, "STORM_SPD": 9, "STORM_DR": 285, "year": 2017, "month": 9, "day": 9, "hour": 6, "min": 0 }, "geometry": { "type": "LineString", "coordinates": [ [ -78.300048828125, 22.399999618530273 ], [ -78.800048828125, 22.5 ] ] } },
{ "type": "Feature", "properties": { "SID": "2017242N16333", "SEASON": 2017, "NUMBER": 66, "BASIN": "NA", "SUBBASIN": "NA", "NAME": "IRMA", "ISO_TIME": "2017-09-09 09:00:00", "NATURE": "TS", "LAT": 22.5, "LON": -78.8, "WMO_WIND": 0.0, "WMO_PRES": null, "WMO_AGENCY": null, "TRACK_TYPE": "main", "DIST2LAND": 22, "LANDFALL": 22, "IFLAG": "P______________", "USA_AGENCY": null, "USA_ATCFID": "AL112017", "USA_LAT": 22.5, "USA_LON": -78.8, "USA_RECORD": null, "USA_STATUS": "HU", "USA_WIND": 120.0, "USA_PRES": 936.0, "USA_SSHS": 4, "USA_R34_NE": 160.0, "USA_R34_SE": 160.0, "USA_R34_SW": 120.0, "USA_R34_NW": 170.0, "USA_R50_NE": 100.0, "USA_R50_SE": 90.0, "USA_R50_SW": 60.0, "USA_R50_NW": 85.0, "USA_R64_NE": 60.0, "USA_R64_SE": 60.0, "USA_R64_SW": 30.0, "USA_R64_NW": 60.0, "USA_POCI": 1008.0, "USA_ROCI": 240.0, "USA_RMW": 15.0, "USA_EYE": null, "TOK_LAT": null, "TOK_LON": null, "TOK_GRADE": null, "TOK_WIND": null, "TOK_PRES": null, "TOK_R50_DR": null, "TOK_R50_L": null, "TOK_R50_S": null, "TOK_R30_DR": null, "TOK_R30_L": null, "TOK_R30_S": null, "TOK_LAND": null, "CMA_LAT": null, "CMA_LON": null, "CMA_CAT": null, "CMA_WIND": null, "CMA_PRES": null, "HKO_LAT": null, "HKO_LON": null, "HKO_CAT": null, "HKO_WIND": null, "HKO_PRES": null, "KMA_LAT": null, "KMA_LON": null, "KMA_CAT": null, "KMA_WIND": null, "KMA_PRES": null, "KMA_R50_DR": null, "KMA_R50_L": null, "KMA_R50_S": null, "KMA_R30_DR": null, "KMA_R30_L": null, "KMA_R30_S": null, "NEW_LAT": null, "NEW_LON": null, "NEW_GRADE": null, "NEW_WIND": null, "NEW_PRES": null, "NEW_CI": -999.9, "NEW_DP": null, "NEW_POCI": null, "REU_LAT": null, "REU_LON": null, "REU_TYPE": null, "REU_WIND": null, "REU_PRES": null, "REU_TNUM": -999.9, "REU_CI": -999.9, "REU_RMW": null, "REU_R34_NE": null, "REU_R34_SE": null, "REU_R34_SW": null, "REU_R34_NW": null, "REU_R50_NE": null, "REU_R50_SE": null, "REU_R50_SW": null, "REU_R50_NW": null, "REU_R64_NE": null, "REU_R64_SE": null, "REU_R64_SW": null, "REU_R64_NW": null, "BOM_LAT": null, "BOM_LON": null, "BOM_TYPE": null, "BOM_WIND": null, "BOM_PRES": null, "BOM_TNUM": -999.9, "BOM_CI": -999.9, "BOM_RMW": null, "BOM_R34_NE": null, "BOM_R34_SE": null, "BOM_R34_SW": null, "BOM_R34_NW": null, "BOM_R50_NE": null, "BOM_R50_SE": null, "BOM_R50_SW": null, "BOM_R50_NW": null, "BOM_R64_NE": null, "BOM_R64_SE": null, "BOM_R64_SW": null, "BOM_R64_NW": null, "BOM_ROCI": null, "BOM_POCI": null, "BOM_EYE": null, "BOM_POS_FL": null, "BOM_PRS_FL": null, "NAD_LAT": null, "NAD_LON": null, "NAD_CAT": null, "NAD_WIND": null, "NAD_PRES": null, "WEL_LAT": null, "WEL_LON": null, "WEL_WIND": null, "WEL_PRES": null, "DS8_LAT": null, "DS8_LON": null, "DS8_STAGE": null, "DS8_WIND": null, "DS8_PRES": null, "TD6_LAT": null, "TD6_LON": null, "TD6_STAGE": null, "TD6_WIND": null, "TD6_PRES": null, "TD5_LAT": null, "TD5_LON": null, "TD5_WIND": null, "TD5_PRES": null, "TD5_ROCI": null, "NEU_LAT": null, "NEU_LON": null, "NEU_CLASS": null, "NEU_WIND": null, "NEU_PRES": null, "MLC_LAT": null, "MLC_LON": null, "MLC_CLASS": null, "MLC_WIND": null, "MLC_PRES": null, "USA_GUST": null, "BOM_GUST": null, "BOM_GUSTP": null, "REU_GUST": null, "REU_GUSTP": null, "USA_SEAHGT": 12.0, "USA_SEA_NE": 450.0, "USA_SEA_SE": 30.0, "USA_SEA_SW": 30.0, "USA_SEA_NW": 60.0, "STORM_SPD": 10, "STORM_DR": 290, "year": 2017, "month": 9, "day": 9, "hour": 9, "min": 0 }, "geometry": { "type": "LineString", "coordinates": [ [ -78.800048828125, 22.5 ], [ -79.300048828125, 22.700000762939453 ] ] } },
{ "type": "Feature", "properties": { "SID": "2017242N16333", "SEASON": 2017, "NUMBER": 66, "BASIN": "NA", "SUBBASIN": "NA", "NAME": "IRMA", "ISO_TIME": "2017-09-09 12:00:00", "NATURE": "TS", "LAT": 22.7, "LON": -79.3, "WMO_WIND": 110.0, "WMO_PRES": 941.0, "WMO_AGENCY": "hurdat_atl", "TRACK_TYPE": "main", "DIST2LAND": 23, "LANDFALL": 11, "IFLAG": "O______________", "USA_AGENCY": "hurdat_atl", "USA_ATCFID": "AL112017", "USA_LAT": 22.7, "USA_LON": -79.3, "USA_RECORD": null, "USA_STATUS": "HU", "USA_WIND": 110.0, "USA_PRES": 941.0, "USA_SSHS": 3, "USA_R34_NE": 160.0, "USA_R34_SE": 160.0, "USA_R34_SW": 120.0, "USA_R34_NW": 170.0, "USA_R50_NE": 100.0, "USA_R50_SE": 90.0, "USA_R50_SW": 60.0, "USA_R50_NW": 90.0, "USA_R64_NE": 60.0, "USA_R64_SE": 60.0, "USA_R64_SW": 30.0, "USA_R64_NW": 60.0, "USA_POCI": 1008.0, "USA_ROCI": 240.0, "USA_RMW": 15.0, "USA_EYE": null, "TOK_LAT": null, "TOK_LON": null, "TOK_GRADE": null, "TOK_WIND": null, "TOK_PRES": null, "TOK_R50_DR": null, "TOK_R50_L": null, "TOK_R50_S": null, "TOK_R30_DR": null, "TOK_R30_L": null, "TOK_R30_S": null, "TOK_LAND": null, "CMA_LAT": null, "CMA_LON": null, "CMA_CAT": null, "CMA_WIND": null, "CMA_PRES": null, "HKO_LAT": null, "HKO_LON": null, "HKO_CAT": null, "HKO_WIND": null, "HKO_PRES": null, "KMA_LAT": null, "KMA_LON": null, "KMA_CAT": null, "KMA_WIND": null, "KMA_PRES": null, "KMA_R50_DR": null, "KMA_R50_L": null, "KMA_R50_S": null, "KMA_R30_DR": null, "KMA_R30_L": null, "KMA_R30_S": null, "NEW_LAT": null, "NEW_LON": null, "NEW_GRADE": null, "NEW_WIND": null, "NEW_PRES": null, "NEW_CI": -999.9, "NEW_DP": null, "NEW_POCI": null, "REU_LAT": null, "REU_LON": null, "REU_TYPE": null, "REU_WIND": null, "REU_PRES": null, "REU_TNUM": -999.9, "REU_CI": -999.9, "REU_RMW": null, "REU_R34_NE": null, "REU_R34_SE": null, "REU_R34_SW": null, "REU_R34_NW": null, "REU_R50_NE": null, "REU_R50_SE": null, "REU_R50_SW": null, "REU_R50_NW": null, "REU_R64_NE": null, "REU_R64_SE": null, "REU_R64_SW": null, "REU_R64_NW": null, "BOM_LAT": null, "BOM_LON": null, "BOM_TYPE": null, "BOM_WIND": null, "BOM_PRES": null, "BOM_TNUM": -999.9, "BOM_CI": -999.9, "BOM_RMW": null, "BOM_R34_NE": null, "BOM_R34_SE": null, "BOM_R34_SW": null, "BOM_R34_NW": null, "BOM_R50_NE": null, "BOM_R50_SE": null, "BOM_R50_SW": null, "BOM_R50_NW": null, "BOM_R64_NE": null, "BOM_R64_SE": null, "BOM_R64_SW": null, "BOM_R64_NW": null, "BOM_ROCI": null, "BOM_POCI": null, "BOM_EYE": null, "BOM_POS_FL": null, "BOM_PRS_FL": null, "NAD_LAT": null, "NAD_LON": null, "NAD_CAT": null, "NAD_WIND": null, "NAD_PRES": null, "WEL_LAT": null, "WEL_LON": null, "WEL_WIND": null, "WEL_PRES": null, "DS8_LAT": null, "DS8_LON": null, "DS8_STAGE": null, "DS8_WIND": null, "DS8_PRES": null, "TD6_LAT": null, "TD6_LON": null, "TD6_STAGE": null, "TD6_WIND": null, "TD6_PRES": null, "TD5_LAT": null, "TD5_LON": null, "TD5_WIND": null, "TD5_PRES": null, "TD5_ROCI": null, "NEU_LAT": null, "NEU_LON": null, "NEU_CLASS": null, "NEU_WIND": null, "NEU_PRES": null, "MLC_LAT": null, "MLC_LON": null, "MLC_CLASS": null, "MLC_WIND": null, "MLC_PRES": null, "USA_GUST": 140.0, "BOM_GUST": null, "BOM_GUSTP": null, "REU_GUST": null, "REU_GUSTP": null, "USA_SEAHGT": 12.0, "USA_SEA_NE": 480.0, "USA_SEA_SE": 30.0, "USA_SEA_SW": 30.0, "USA_SEA_NW": 90.0, "STORM_SPD": 10, "STORM_DR": 290, "year": 2017, "month": 9, "day": 9, "hour": 12, "min": 0 }, "geometry": { "type": "LineString", "coordinates": [ [ -79.300048828125, 22.700000762939453 ], [ -79.800048828125, 22.899999618530273 ] ] } },
{ "type": "Feature", "properties": { "SID": "2017242N16333", "SEASON": 2017, "NUMBER": 66, "BASIN": "NA", "SUBBASIN": "NA", "NAME": "IRMA", "ISO_TIME": "2017-09-09 15:00:00", "NATURE": "TS", "LAT": 22.9, "LON": -79.8, "WMO_WIND": 0.0, "WMO_PRES": null, "WMO_AGENCY": null, "TRACK_TYPE": "main", "DIST2LAND": 15, "LANDFALL": 10, "IFLAG": "P______________", "USA_AGENCY": null, "USA_ATCFID": "AL112017", "USA_LAT": 22.9, "USA_LON": -79.8, "USA_RECORD": null, "USA_STATUS": "HU", "USA_WIND": 103.0, "USA_PRES": 940.0, "USA_SSHS": 3, "USA_R34_NE": 170.0, "USA_R34_SE": 160.0, "USA_R34_SW": 120.0, "USA_R34_NW": 175.0, "USA_R50_NE": 100.0, "USA_R50_SE": 90.0, "USA_R50_SW": 65.0, "USA_R50_NW": 90.0, "USA_R64_NE": 60.0, "USA_R64_SE": 60.0, "USA_R64_SW": 30.0, "USA_R64_NW": 60.0, "USA_POCI": 1008.0, "USA_ROCI": 240.0, "USA_RMW": 15.0, "USA_EYE": null, "TOK_LAT": null, "TOK_LON": null, "TOK_GRADE": null, "TOK_WIND": null, "TOK_PRES": null, "TOK_R50_DR": null, "TOK_R50_L": null, "TOK_R50_S": null, "TOK_R30_DR": null, "TOK_R30_L": null, "TOK_R30_S": null, "TOK_LAND": null, "CMA_LAT": null, "CMA_LON": null, "CMA_CAT": null, "CMA_WIND": null, "CMA_PRES": null, "HKO_LAT": null, "HKO_LON": null, "HKO_CAT": null, "HKO_WIND": null, "HKO_PRES": null, "KMA_LAT": null, "KMA_LON": null, "KMA_CAT": null, "KMA_WIND": null, "KMA_PRES": null, "KMA_R50_DR": null, "KMA_R50_L": null, "KMA_R50_S": null, "KMA_R30_DR": null, "KMA_R30_L": null, "KMA_R30_S": null, "NEW_LAT": null, "NEW_LON": null, "NEW_GRADE": null, "NEW_WIND": null, "NEW_PRES": null, "NEW_CI": -999.9, "NEW_DP": null, "NEW_POCI": null, "REU_LAT": null, "REU_LON": null, "REU_TYPE": null, "REU_WIND": null, "REU_PRES": null, "REU_TNUM": -999.9, "REU_CI": -999.9, "REU_RMW": null, "REU_R34_NE": null, "REU_R34_SE": null, "REU_R34_SW": null, "REU_R34_NW": null, "REU_R50_NE": null, "REU_R50_SE": null, "REU_R50_SW": null, "REU_R50_NW": null, "REU_R64_NE": null, "REU_R64_SE": null, "REU_R64_SW": null, "REU_R64_NW": null, "BOM_LAT": null, "BOM_LON": null, "BOM_TYPE": null, "BOM_WIND": null, "BOM_PRES": null, "BOM_TNUM": -999.9, "BOM_CI": -999.9, "BOM_RMW": null, "BOM_R34_NE": null, "BOM_R34_SE": null, "BOM_R34_SW": null, "BOM_R34_NW": null, "BOM_R50_NE": null, "BOM_R50_SE": null, "BOM_R50_SW": null, "BOM_R50_NW": null, "BOM_R64_NE": null, "BOM_R64_SE": null, "BOM_R64_SW": null, "BOM_R64_NW": null, "BOM_ROCI": null, "BOM_POCI": null, "BOM_EYE": null, "BOM_POS_FL": null, "BOM_PRS_FL": null, "NAD_LAT": null, "NAD_LON": null, "NAD_CAT": null, "NAD_WIND": null, "NAD_PRES": null, "WEL_LAT": null, "WEL_LON": null, "WEL_WIND": null, "WEL_PRES": null, "DS8_LAT": null, "DS8_LON": null, "DS8_STAGE": null, "DS8_WIND": null, "DS8_PRES": null, "TD6_LAT": null, "TD6_LON": null, "TD6_STAGE": null, "TD6_WIND": null, "TD6_PRES": null, "TD5_LAT": null, "TD5_LON": null, "TD5_WIND": null, "TD5_PRES": null, "TD5_ROCI": null, "NEU_LAT": null, "NEU_LON": null, "NEU_CLASS": null, "NEU_WIND": null, "NEU_PRES": null, "MLC_LAT": null, "MLC_LON": null, "MLC_CLASS": null, "MLC_WIND": null, "MLC_PRES": null, "USA_GUST": null, "BOM_GUST": null, "BOM_GUSTP": null, "REU_GUST": null, "REU_GUSTP": null, "USA_SEAHGT": 12.0, "USA_SEA_NE": 450.0, "USA_SEA_SE": 30.0, "USA_SEA_SW": 30.0, "USA_SEA_NW": 105.0, "STORM_SPD": 9, "STORM_DR": 295, "year": 2017, "month": 9, "day": 9, "hour": 15, "min": 0 }, "geometry": { "type": "LineString", "coordinates": [ [ -79.800048828125, 22.899999618530273 ], [ -80.199951171875, 23.100000381469727 ] ] } },
{ "type": "Feature", "properties": { "SID": "2017242N16333", "SEASON": 2017, "NUMBER": 66, "BASIN": "NA", "SUBBASIN": "NA", "NAME": "IRMA", "ISO_TIME": "2017-09-09 21:00:00", "NATURE": "TS", "LAT": 23.3, "LON": -80.6, "WMO_WIND": 0.0, "WMO_PRES": null, "WMO_AGENCY": null, "TRACK_TYPE": "main", "DIST2LAND": 33, "LANDFALL": 33, "IFLAG": "P______________", "USA_AGENCY": null, "USA_ATCFID": "AL112017", "USA_LAT": 23.3, "USA_LON": -80.6, "USA_RECORD": null, "USA_STATUS": "HU", "USA_WIND": 98.0, "USA_PRES": 935.0, "USA_SSHS": 3, "USA_R34_NE": 195.0, "USA_R34_SE": 165.0, "USA_R34_SW": 120.0, "USA_R34_NW": 180.0, "USA_R50_NE": 100.0, "USA_R50_SE": 95.0, "USA_R50_SW": 70.0, "USA_R50_NW": 90.0, "USA_R64_NE": 60.0, "USA_R64_SE": 60.0, "USA_R64_SW": 30.0, "USA_R64_NW": 60.0, "USA_POCI": 1008.0, "USA_ROCI": 255.0, "USA_RMW": 15.0, "USA_EYE": null, "TOK_LAT": null, "TOK_LON": null, "TOK_GRADE": null, "TOK_WIND": null, "TOK_PRES": null, "TOK_R50_DR": null, "TOK_R50_L": null, "TOK_R50_S": null, "TOK_R30_DR": null, "TOK_R30_L": null, "TOK_R30_S": null, "TOK_LAND": null, "CMA_LAT": null, "CMA_LON": null, "CMA_CAT": null, "CMA_WIND": null, "CMA_PRES": null, "HKO_LAT": null, "HKO_LON": null, "HKO_CAT": null, "HKO_WIND": null, "HKO_PRES": null, "KMA_LAT": null, "KMA_LON": null, "KMA_CAT": null, "KMA_WIND": null, "KMA_PRES": null, "KMA_R50_DR": null, "KMA_R50_L": null, "KMA_R50_S": null, "KMA_R30_DR": null, "KMA_R30_L": null, "KMA_R30_S": null, "NEW_LAT": null, "NEW_LON": null, "NEW_GRADE": null, "NEW_WIND": null, "NEW_PRES": null, "NEW_CI": -999.9, "NEW_DP": null, "NEW_POCI": null, "REU_LAT": null, "REU_LON": null, "REU_TYPE": null, "REU_WIND": null, "REU_PRES": null, "REU_TNUM": -999.9, "REU_CI": -999.9, "REU_RMW": null, "REU_R34_NE": null, "REU_R34_SE": null, "REU_R34_SW": null, "REU_R34_NW": null, "REU_R50_NE": null, "REU_R50_SE": null, "REU_R50_SW": null, "REU_R50_NW": null, "REU_R64_NE": null, "REU_R64_SE": null, "REU_R64_SW": null, "REU_R64_NW": null, "BOM_LAT": null, "BOM_LON": null, "BOM_TYPE": null, "BOM_WIND": null, "BOM_PRES": null, "BOM_TNUM": -999.9, "BOM_CI": -999.9, "BOM_RMW": null, "BOM_R34_NE": null, "BOM_R34_SE": null, "BOM_R34_SW": null, "BOM_R34_NW": null, "BOM_R50_NE": null, "BOM_R50_SE": null, "BOM_R50_SW": null, "BOM_R50_NW": null, "BOM_R64_NE": null, "BOM_R64_SE": null, "BOM_R64_SW": null, "BOM_R64_NW": null, "BOM_ROCI": null, "BOM_POCI": null, "BOM_EYE": null, "BOM_POS_FL": null, "BOM_PRS_FL": null, "NAD_LAT": null, "NAD_LON": null, "NAD_CAT": null, "NAD_WIND": null, "NAD_PRES": null, "WEL_LAT": null, "WEL_LON": null, "WEL_WIND": null, "WEL_PRES": null, "DS8_LAT": null, "DS8_LON": null, "DS8_STAGE": null, "DS8_WIND": null, "DS8_PRES": null, "TD6_LAT": null, "TD6_LON": null, "TD6_STAGE": null, "TD6_WIND": null, "TD6_PRES": null, "TD5_LAT": null, "TD5_LON": null, "TD5_WIND": null, "TD5_PRES": null, "TD5_ROCI": null, "NEU_LAT": null, "NEU_LON": null, "NEU_CLASS": null, "NEU_WIND": null, "NEU_PRES": null, "MLC_LAT": null, "MLC_LON": null, "MLC_CLASS": null, "MLC_WIND": null, "MLC_PRES": null, "USA_GUST": null, "BOM_GUST": null, "BOM_GUSTP": null, "REU_GUST": null, "REU_GUSTP": null, "USA_SEAHGT": 12.0, "USA_SEA_NE": 420.0, "USA_SEA_SE": 30.0, "USA_SEA_SW": 30.0, "USA_SEA_NW": 120.0, "STORM_SPD": 7, "STORM_DR": 295, "year": 2017, "month": 9, "day": 9, "hour": 21, "min": 0 }, "geometry": { "type": "LineString", "coordinates": [ [ -80.5999755859375, 23.299999237060547 ], [ -80.9000244140625, 23.399999618530273 ] ] } },
{ "type": "Feature", "properties": { "SID": "2017242N16333", "SEASON": 2017, "NUMBER": 66, "BASIN": "NA", "SUBBASIN": "NA", "NAME": "IRMA", "ISO_TIME": "2017-09-10 00:00:00", "NATURE": "TS", "LAT": 23.4, "LON": -80.9, "WMO_WIND": 100.0, "WMO_PRES": 932.0, "WMO_AGENCY": "hurdat_atl", "TRACK_TYPE": "main", "DIST2LAND": 44, "LANDFALL": 44, "IFLAG": "O______________", "USA_AGENCY": "hurdat_atl", "USA_ATCFID": "AL112017", "USA_LAT": 23.4, "USA_LON": -80.9, "USA_RECORD": null, "USA_STATUS": "HU", "USA_WIND": 100.0, "USA_PRES": 932.0, "USA_SSHS": 3, "USA_R34_NE": 210.0, "USA_R34_SE": 170.0, "USA_R34_SW": 120.0, "USA_R34_NW": 180.0, "USA_R50_NE": 100.0, "USA_R50_SE": 100.0, "USA_R50_SW": 70.0, "USA_R50_NW": 90.0, "USA_R64_NE": 60.0, "USA_R64_SE": 60.0, "USA_R64_SW": 30.0, "USA_R64_NW": 60.0, "USA_POCI": 1007.0, "USA_ROCI": 270.0, "USA_RMW": 15.0, "USA_EYE": null, "TOK_LAT": null, "TOK_LON": null, "TOK_GRADE": null, "TOK_WIND": null, "TOK_PRES": null, "TOK_R50_DR": null, "TOK_R50_L": null, "TOK_R50_S": null, "TOK_R30_DR": null, "TOK_R30_L": null, "TOK_R30_S": null, "TOK_LAND": null, "CMA_LAT": null, "CMA_LON": null, "CMA_CAT": null, "CMA_WIND": null, "CMA_PRES": null, "HKO_LAT": null, "HKO_LON": null, "HKO_CAT": null, "HKO_WIND": null, "HKO_PRES": null, "KMA_LAT": null, "KMA_LON": null, "KMA_CAT": null, "KMA_WIND": null, "KMA_PRES": null, "KMA_R50_DR": null, "KMA_R50_L": null, "KMA_R50_S": null, "KMA_R30_DR": null, "KMA_R30_L": null, "KMA_R30_S": null, "NEW_LAT": null, "NEW_LON": null, "NEW_GRADE": null, "NEW_WIND": null, "NEW_PRES": null, "NEW_CI": -999.9, "NEW_DP": null, "NEW_POCI": null, "REU_LAT": null, "REU_LON": null, "REU_TYPE": null, "REU_WIND": null, "REU_PRES": null, "REU_TNUM": -999.9, "REU_CI": -999.9, "REU_RMW": null, "REU_R34_NE": null, "REU_R34_SE": null, "REU_R34_SW": null, "REU_R34_NW": null, "REU_R50_NE": null, "REU_R50_SE": null, "REU_R50_SW": null, "REU_R50_NW": null, "REU_R64_NE": null, "REU_R64_SE": null, "REU_R64_SW": null, "REU_R64_NW": null, "BOM_LAT": null, "BOM_LON": null, "BOM_TYPE": null, "BOM_WIND": null, "BOM_PRES": null, "BOM_TNUM": -999.9, "BOM_CI": -999.9, "BOM_RMW": null, "BOM_R34_NE": null, "BOM_R34_SE": null, "BOM_R34_SW": null, "BOM_R34_NW": null, "BOM_R50_NE": null, "BOM_R50_SE": null, "BOM_R50_SW": null, "BOM_R50_NW": null, "BOM_R64_NE": null, "BOM_R64_SE": null, "BOM_R64_SW": null, "BOM_R64_NW": null, "BOM_ROCI": null, "BOM_POCI": null, "BOM_EYE": null, "BOM_POS_FL": null, "BOM_PRS_FL": null, "NAD_LAT": null, "NAD_LON": null, "NAD_CAT": null, "NAD_WIND": null, "NAD_PRES": null, "WEL_LAT": null, "WEL_LON": null, "WEL_WIND": null, "WEL_PRES": null, "DS8_LAT": null, "DS8_LON": null, "DS8_STAGE": null, "DS8_WIND": null, "DS8_PRES": null, "TD6_LAT": null, "TD6_LON": null, "TD6_STAGE": null, "TD6_WIND": null, "TD6_PRES": null, "TD5_LAT": null, "TD5_LON": null, "TD5_WIND": null, "TD5_PRES": null, "TD5_ROCI": null, "NEU_LAT": null, "NEU_LON": null, "NEU_CLASS": null, "NEU_WIND": null, "NEU_PRES": null, "MLC_LAT": null, "MLC_LON": null, "MLC_CLASS": null, "MLC_WIND": null, "MLC_PRES": null, "USA_GUST": 130.0, "BOM_GUST": null, "BOM_GUSTP": null, "REU_GUST": null, "REU_GUSTP": null, "USA_SEAHGT": 12.0, "USA_SEA_NE": 420.0, "USA_SEA_SE": 30.0, "USA_SEA_SW": 30.0, "USA_SEA_NW": 120.0, "STORM_SPD": 6, "STORM_DR": 295, "year": 2017, "month": 9, "day": 10, "hour": 0, "min": 0 }, "geometry": { "type": "LineString", "coordinates": [ [ -80.9000244140625, 23.399999618530273 ], [ -81.0999755859375, 23.5 ] ] } },
{ "type": "Feature", "properties": { "SID": "2017260N12310", "SEASON": 2017, "NUMBER": 78, "BASIN": "NA", "SUBBASIN": "NA", "NAME": "MARIA", "ISO_TIME": "2017-09-21 21:00:00", "NATURE": "TS", "LAT": 20.7, "LON": -69.8, "WMO_WIND": 0.0, "WMO_PRES": null, "WMO_AGENCY": null, "TRACK_TYPE": "main", "DIST2LAND": 124, "LANDFALL": 123, "IFLAG": "P______________", "USA_AGENCY": null, "USA_ATCFID": "AL152017", "USA_LAT": 20.7, "USA_LON": -69.8, "USA_RECORD": null, "USA_STATUS": "HU", "USA_WIND": 108.0, "USA_PRES": 957.0, "USA_SSHS": 3, "USA_R34_NE": 140.0, "USA_R34_SE": 125.0, "USA_R34_SW": 105.0, "USA_R34_NW": 115.0, "USA_R50_NE": 90.0, "USA_R50_SE": 80.0, "USA_R50_SW": 60.0, "USA_R50_NW": 80.0, "USA_R64_NE": 60.0, "USA_R64_SE": 50.0, "USA_R64_SW": 40.0, "USA_R64_NW": 50.0, "USA_POCI": 1008.0, "USA_ROCI": 180.0, "USA_RMW": 25.0, "USA_EYE": null, "TOK_LAT": null, "TOK_LON": null, "TOK_GRADE": null, "TOK_WIND": null, "TOK_PRES": null, "TOK_R50_DR": null, "TOK_R50_L": null, "TOK_R50_S": null, "TOK_R30_DR": null, "TOK_R30_L": null, "TOK_R30_S": null, "TOK_LAND": null, "CMA_LAT": null, "CMA_LON": null, "CMA_CAT": null, "CMA_WIND": null, "CMA_PRES": null, "HKO_LAT": null, "HKO_LON": null, "HKO_CAT": null, "HKO_WIND": null, "HKO_PRES": null, "KMA_LAT": null, "KMA_LON": null, "KMA_CAT": null, "KMA_WIND": null, "KMA_PRES": null, "KMA_R50_DR": null, "KMA_R50_L": null, "KMA_R50_S": null, "KMA_R30_DR": null, "KMA_R30_L": null, "KMA_R30_S": null, "NEW_LAT": null, "NEW_LON": null, "NEW_GRADE": null, "NEW_WIND": null, "NEW_PRES": null, "NEW_CI": -999.9, "NEW_DP": null, "NEW_POCI": null, "REU_LAT": null, "REU_LON": null, "REU_TYPE": null, "REU_WIND": null, "REU_PRES": null, "REU_TNUM": -999.9, "REU_CI": -999.9, "REU_RMW": null, "REU_R34_NE": null, "REU_R34_SE": null, "REU_R34_SW": null, "REU_R34_NW": null, "REU_R50_NE": null, "REU_R50_SE": null, "REU_R50_SW": null, "REU_R50_NW": null, "REU_R64_NE": null, "REU_R64_SE": null, "REU_R64_SW": null, "REU_R64_NW": null, "BOM_LAT": null, "BOM_LON": null, "BOM_TYPE": null, "BOM_WIND": null, "BOM_PRES": null, "BOM_TNUM": -999.9, "BOM_CI": -999.9, "BOM_RMW": null, "BOM_R34_NE": null, "BOM_R34_SE": null, "BOM_R34_SW": null, "BOM_R34_NW": null, "BOM_R50_NE": null, "BOM_R50_SE": null, "BOM_R50_SW": null, "BOM_R50_NW": null, "BOM_R64_NE": null, "BOM_R64_SE": null, "BOM_R64_SW": null, "BOM_R64_NW": null, "BOM_ROCI": null, "BOM_POCI": null, "BOM_EYE": null, "BOM_POS_FL": null, "BOM_PRS_FL": null, "NAD_LAT": null, "NAD_LON": null, "NAD_CAT": null, "NAD_WIND": null, "NAD_PRES": null, "WEL_LAT": null, "WEL_LON": null, "WEL_WIND": null, "WEL_PRES": null, "DS8_LAT": null, "DS8_LON": null, "DS8_STAGE": null, "DS8_WIND": null, "DS8_PRES": null, "TD6_LAT": null, "TD6_LON": null, "TD6_STAGE": null, "TD6_WIND": null, "TD6_PRES": null, "TD5_LAT": null, "TD5_LON": null, "TD5_WIND": null, "TD5_PRES": null, "TD5_ROCI": null, "NEU_LAT": null, "NEU_LON": null, "NEU_CLASS": null, "NEU_WIND": null, "NEU_PRES": null, "MLC_LAT": null, "MLC_LON": null, "MLC_CLASS": null, "MLC_WIND": null, "MLC_PRES": null, "USA_GUST": null, "BOM_GUST": null, "BOM_GUSTP": null, "REU_GUST": null, "REU_GUSTP": null, "USA_SEAHGT": 12.0, "USA_SEA_NE": 255.0, "USA_SEA_SE": 195.0, "USA_SEA_SW": 98.0, "USA_SEA_NW": 255.0, "STORM_SPD": 6, "STORM_DR": 305, "year": 2017, "month": 9, "day": 21, "hour": 21, "min": 0 }, "geometry": { "type": "LineString", "coordinates": [ [ -69.800048828125, 20.700000762939453 ], [ -70.0, 20.799999237060547 ] ] } },
{ "type": "Feature", "properties": { "SID": "2017260N12310", "SEASON": 2017, "NUMBER": 78, "BASIN": "NA", "SUBBASIN": "NA", "NAME": "MARIA", "ISO_TIME": "2017-09-22 00:00:00", "NATURE": "TS", "LAT": 20.8, "LON": -70.0, "WMO_WIND": 110.0, "WMO_PRES": 953.0, "WMO_AGENCY": "hurdat_atl", "TRACK_TYPE": "main", "DIST2LAND": 128, "LANDFALL": 123, "IFLAG": "O______________", "USA_AGENCY": "hurdat_atl", "USA_ATCFID": "AL152017", "USA_LAT": 20.8, "USA_LON": -70.0, "USA_RECORD": null, "USA_STATUS": "HU", "USA_WIND": 110.0, "USA_PRES": 953.0, "USA_SSHS": 3, "USA_R34_NE": 140.0, "USA_R34_SE": 120.0, "USA_R34_SW": 100.0, "USA_R34_NW": 120.0, "USA_R50_NE": 90.0, "USA_R50_SE": 80.0, "USA_R50_SW": 60.0, "USA_R50_NW": 80.0, "USA_R64_NE": 60.0, "USA_R64_SE": 50.0, "USA_R64_SW": 40.0, "USA_R64_NW": 50.0, "USA_POCI": 1008.0, "USA_ROCI": 180.0, "USA_RMW": 25.0, "USA_EYE": null, "TOK_LAT": null, "TOK_LON": null, "TOK_GRADE": null, "TOK_WIND": null, "TOK_PRES": null, "TOK_R50_DR": null, "TOK_R50_L": null, "TOK_R50_S": null, "TOK_R30_DR": null, "TOK_R30_L": null, "TOK_R30_S": null, "TOK_LAND": null, "CMA_LAT": null, "CMA_LON": null, "CMA_CAT": null, "CMA_WIND": null, "CMA_PRES": null, "HKO_LAT": null, "HKO_LON": null, "HKO_CAT": null, "HKO_WIND": null, "HKO_PRES": null, "KMA_LAT": null, "KMA_LON": null, "KMA_CAT": null, "KMA_WIND": null, "KMA_PRES": null, "KMA_R50_DR": null, "KMA_R50_L": null, "KMA_R50_S": null, "KMA_R30_DR": null, "KMA_R30_L": null, "KMA_R30_S": null, "NEW_LAT": null, "NEW_LON": null, "NEW_GRADE": null, "NEW_WIND": null, "NEW_PRES": null, "NEW_CI": -999.9, "NEW_DP": null, "NEW_POCI": null, "REU_LAT": null, "REU_LON": null, "REU_TYPE": null, "REU_WIND": null, "REU_PRES": null, "REU_TNUM": -999.9, "REU_CI": -999.9, "REU_RMW": null, "REU_R34_NE": null, "REU_R34_SE": null, "REU_R34_SW": null, "REU_R34_NW": null, "REU_R50_NE": null, "REU_R50_SE": null, "REU_R50_SW": null, "REU_R50_NW": null, "REU_R64_NE": null, "REU_R64_SE": null, "REU_R64_SW": null, "REU_R64_NW": null, "BOM_LAT": null, "BOM_LON": null, "BOM_TYPE": null, "BOM_WIND": null, "BOM_PRES": null, "BOM_TNUM": -999.9, "BOM_CI": -999.9, "BOM_RMW": null, "BOM_R34_NE": null, "BOM_R34_SE": null, "BOM_R34_SW": null, "BOM_R34_NW": null, "BOM_R50_NE": null, "BOM_R50_SE": null, "BOM_R50_SW": null, "BOM_R50_NW": null, "BOM_R64_NE": null, "BOM_R64_SE": null, "BOM_R64_SW": null, "BOM_R64_NW": null, "BOM_ROCI": null, "BOM_POCI": null, "BOM_EYE": null, "BOM_POS_FL": null, "BOM_PRS_FL": null, "NAD_LAT": null, "NAD_LON": null, "NAD_CAT": null, "NAD_WIND": null, "NAD_PRES": null, "WEL_LAT": null, "WEL_LON": null, "WEL_WIND": null, "WEL_PRES": null, "DS8_LAT": null, "DS8_LON": null, "DS8_STAGE": null, "DS8_WIND": null, "DS8_PRES": null, "TD6_LAT": null, "TD6_LON": null, "TD6_STAGE": null, "TD6_WIND": null, "TD6_PRES": null, "TD5_LAT": null, "TD5_LON": null, "TD5_WIND": null, "TD5_PRES": null, "TD5_ROCI": null, "NEU_LAT": null, "NEU_LON": null, "NEU_CLASS": null, "NEU_WIND": null, "NEU_PRES": null, "MLC_LAT": null, "MLC_LON": null, "MLC_CLASS": null, "MLC_WIND": null, "MLC_PRES": null, "USA_GUST": 135.0, "BOM_GUST": null, "BOM_GUSTP": null, "REU_GUST": null, "REU_GUSTP": null, "USA_SEAHGT": 12.0, "USA_SEA_NE": 270.0, "USA_SEA_SE": 180.0, "USA_SEA_SW": 120.0, "USA_SEA_NW": 270.0, "STORM_SPD": 6, "STORM_DR": 305, "year": 2017, "month": 9, "day": 22, "hour": 0, "min": 0 }, "geometry": { "type": "LineString", "coordinates": [ [ -70.0, 20.799999237060547 ], [ -70.300048828125, 21.0 ] ] } },
{ "type": "Feature", "properties": { "SID": "2017260N12310", "SEASON": 2017, "NUMBER": 78, "BASIN": "NA", "SUBBASIN": "NA", "NAME": "MARIA", "ISO_TIME": "2017-09-22 03:00:00", "NATURE": "TS", "LAT": 21.0, "LON": -70.3, "WMO_WIND": 0.0, "WMO_PRES": null, "WMO_AGENCY": null, "TRACK_TYPE": "main", "DIST2LAND": 137, "LANDFALL": 135, "IFLAG": "P______________", "USA_AGENCY": null, "USA_ATCFID": "AL152017", "USA_LAT": 21.0, "USA_LON": -70.3, "USA_RECORD": null, "USA_STATUS": "HU", "USA_WIND": 110.0, "USA_PRES": 956.0, "USA_SSHS": 3, "USA_R34_NE": 140.0, "USA_R34_SE": 120.0, "USA_R34_SW": 100.0, "USA_R34_NW": 125.0, "USA_R50_NE": 90.0, "USA_R50_SE": 80.0, "USA_R50_SW": 60.0, "USA_R50_NW": 80.0, "USA_R64_NE": 60.0, "USA_R64_SE": 50.0, "USA_R64_SW": 40.0, "USA_R64_NW": 50.0, "USA_POCI": 1008.0, "USA_ROCI": 180.0, "USA_RMW": 23.0, "USA_EYE": null, "TOK_LAT": null, "TOK_LON": null, "TOK_GRADE": null, "TOK_WIND": null, "TOK_PRES": null, "TOK_R50_DR": null, "TOK_R50_L": null, "TOK_R50_S": null, "TOK_R30_DR": null, "TOK_R30_L": null, "TOK_R30_S": null, "TOK_LAND": null, "CMA_LAT": null, "CMA_LON": null, "CMA_CAT": null, "CMA_WIND": null, "CMA_PRES": null, "HKO_LAT": null, "HKO_LON": null, "HKO_CAT": null, "HKO_WIND": null, "HKO_PRES": null, "KMA_LAT": null, "KMA_LON": null, "KMA_CAT": null, "KMA_WIND": null, "KMA_PRES": null, "KMA_R50_DR": null, "KMA_R50_L": null, "KMA_R50_S": null, "KMA_R30_DR": null, "KMA_R30_L": null, "KMA_R30_S": null, "NEW_LAT": null, "NEW_LON": null, "NEW_GRADE": null, "NEW_WIND": null, "NEW_PRES": null, "NEW_CI": -999.9, "NEW_DP": null, "NEW_POCI": null, "REU_LAT": null, "REU_LON": null, "REU_TYPE": null, "REU_WIND": null, "REU_PRES": null, "REU_TNUM": -999.9, "REU_CI": -999.9, "REU_RMW": null, "REU_R34_NE": null, "REU_R34_SE": null, "REU_R34_SW": null, "REU_R34_NW": null, "REU_R50_NE": null, "REU_R50_SE": null, "REU_R50_SW": null, "REU_R50_NW": null, "REU_R64_NE": null, "REU_R64_SE": null, "REU_R64_SW": null, "REU_R64_NW": null, "BOM_LAT": null, "BOM_LON": null, "BOM_TYPE": null, "BOM_WIND": null, "BOM_PRES": null, "BOM_TNUM": -999.9, "BOM_CI": -999.9, "BOM_RMW": null, "BOM_R34_NE": null, "BOM_R34_SE": null, "BOM_R34_SW": null, "BOM_R34_NW": null, "BOM_R50_NE": null, "BOM_R50_SE": null, "BOM_R50_SW": null, "BOM_R50_NW": null, "BOM_R64_NE": null, "BOM_R64_SE": null, "BOM_R64_SW": null, "BOM_R64_NW": null, "BOM_ROCI": null, "BOM_POCI": null, "BOM_EYE": null, "BOM_POS_FL": null, "BOM_PRS_FL": null, "NAD_LAT": null, "NAD_LON": null, "NAD_CAT": null, "NAD_WIND": null, "NAD_PRES": null, "WEL_LAT": null, "WEL_LON": null, "WEL_WIND": null, "WEL_PRES": null, "DS8_LAT": null, "DS8_LON": null, "DS8_STAGE": null, "DS8_WIND": null, "DS8_PRES": null, "TD6_LAT": null, "TD6_LON": null, "TD6_STAGE": null, "TD6_WIND": null, "TD6_PRES": null, "TD5_LAT": null, "TD5_LON": null, "TD5_WIND": null, "TD5_PRES": null, "TD5_ROCI": null, "NEU_LAT": null, "NEU_LON": null, "NEU_CLASS": null, "NEU_WIND": null, "NEU_PRES": null, "MLC_LAT": null, "MLC_LON": null, "MLC_CLASS": null, "MLC_WIND": null, "MLC_PRES": null, "USA_GUST": null, "BOM_GUST": null, "BOM_GUSTP": null, "REU_GUST": null, "REU_GUSTP": null, "USA_SEAHGT": 12.0, "USA_SEA_NE": 285.0, "USA_SEA_SE": 180.0, "USA_SEA_SW": 120.0, "USA_SEA_NW": 285.0, "STORM_SPD": 6, "STORM_DR": 310, "year": 2017, "month": 9, "day": 22, "hour": 3, "min": 0 }, "geometry": { "type": "LineString", "coordinates": [ [ -70.300048828125, 21.0 ], [ -70.5, 21.200000762939453 ] ] } },
{ "type": "Feature", "properties": { "SID": "2017260N12310", "SEASON": 2017, "NUMBER": 78, "BASIN": "NA", "SUBBASIN": "NA", "NAME": "MARIA", "ISO_TIME": "2017-09-22 06:00:00", "NATURE": "TS", "LAT": 21.2, "LON": -70.5, "WMO_WIND": 110.0, "WMO_PRES": 959.0, "WMO_AGENCY": "hurdat_atl", "TRACK_TYPE": "main", "DIST2LAND": 156, "LANDFALL": 156, "IFLAG": "O______________", "USA_AGENCY": "hurdat_atl", "USA_ATCFID": "AL152017", "USA_LAT": 21.2, "USA_LON": -70.5, "USA_RECORD": null, "USA_STATUS": "HU", "USA_WIND": 110.0, "USA_PRES": 959.0, "USA_SSHS": 3, "USA_R34_NE": 140.0, "USA_R34_SE": 120.0, "USA_R34_SW": 100.0, "USA_R34_NW": 130.0, "USA_R50_NE": 90.0, "USA_R50_SE": 80.0, "USA_R50_SW": 60.0, "USA_R50_NW": 80.0, "USA_R64_NE": 60.0, "USA_R64_SE": 50.0, "USA_R64_SW": 40.0, "USA_R64_NW": 50.0, "USA_POCI": 1007.0, "USA_ROCI": 180.0, "USA_RMW": 20.0, "USA_EYE": null, "TOK_LAT": null, "TOK_LON": null, "TOK_GRADE": null, "TOK_WIND": null, "TOK_PRES": null, "TOK_R50_DR": null, "TOK_R50_L": null, "TOK_R50_S": null, "TOK_R30_DR": null, "TOK_R30_L": null, "TOK_R30_S": null, "TOK_LAND": null, "CMA_LAT": null, "CMA_LON": null, "CMA_CAT": null, "CMA_WIND": null, "CMA_PRES": null, "HKO_LAT": null, "HKO_LON": null, "HKO_CAT": null, "HKO_WIND": null, "HKO_PRES": null, "KMA_LAT": null, "KMA_LON": null, "KMA_CAT": null, "KMA_WIND": null, "KMA_PRES": null, "KMA_R50_DR": null, "KMA_R50_L": null, "KMA_R50_S": null, "KMA_R30_DR": null, "KMA_R30_L": null, "KMA_R30_S": null, "NEW_LAT": null, "NEW_LON": null, "NEW_GRADE": null, "NEW_WIND": null, "NEW_PRES": null, "NEW_CI": -999.9, "NEW_DP": null, "NEW_POCI": null, "REU_LAT": null, "REU_LON": null, "REU_TYPE": null, "REU_WIND": null, "REU_PRES": null, "REU_TNUM": -999.9, "REU_CI": -999.9, "REU_RMW": null, "REU_R34_NE": null, "REU_R34_SE": null, "REU_R34_SW": null, "REU_R34_NW": null, "REU_R50_NE": null, "REU_R50_SE": null, "REU_R50_SW": null, "REU_R50_NW": null, "REU_R64_NE": null, "REU_R64_SE": null, "REU_R64_SW": null, "REU_R64_NW": null, "BOM_LAT": null, "BOM_LON": null, "BOM_TYPE": null, "BOM_WIND": null, "BOM_PRES": null, "BOM_TNUM": -999.9, "BOM_CI": -999.9, "BOM_RMW": null, "BOM_R34_NE": null, "BOM_R34_SE": null, "BOM_R34_SW": null, "BOM_R34_NW": null, "BOM_R50_NE": null, "BOM_R50_SE": null, "BOM_R50_SW": null, "BOM_R50_NW": null, "BOM_R64_NE": null, "BOM_R64_SE": null, "BOM_R64_SW": null, "BOM_R64_NW": null, "BOM_ROCI": null, "BOM_POCI": null, "BOM_EYE": null, "BOM_POS_FL": null, "BOM_PRS_FL": null, "NAD_LAT": null, "NAD_LON": null, "NAD_CAT": null, "NAD_WIND": null, "NAD_PRES": null, "WEL_LAT": null, "WEL_LON": null, "WEL_WIND": null, "WEL_PRES": null, "DS8_LAT": null, "DS8_LON": null, "DS8_STAGE": null, "DS8_WIND": null, "DS8_PRES": null, "TD6_LAT": null, "TD6_LON": null, "TD6_STAGE": null, "TD6_WIND": null, "TD6_PRES": null, "TD5_LAT": null, "TD5_LON": null, "TD5_WIND": null, "TD5_PRES": null, "TD5_ROCI": null, "NEU_LAT": null, "NEU_LON": null, "NEU_CLASS": null, "NEU_WIND": null, "NEU_PRES": null, "MLC_LAT": null, "MLC_LON": null, "MLC_CLASS": null, "MLC_WIND": null, "MLC_PRES": null, "USA_GUST": 135.0, "BOM_GUST": null, "BOM_GUSTP": null, "REU_GUST": null, "REU_GUSTP": null, "USA_SEAHGT": 12.0, "USA_SEA_NE": 300.0, "USA_SEA_SE": 180.0, "USA_SEA_SW": 120.0, "USA_SEA_NW": 300.0, "STORM_SPD": 7, "STORM_DR": 320, "year": 2017, "month": 9, "day": 22, "hour": 6, "min": 0 }, "geometry": { "type": "LineString", "coordinates": [ [ -70.5, 21.200000762939453 ], [ -70.699951171875, 21.5 ] ] } },
{ "type": "Feature", "properties": { "SID": "2017260N12310", "SEASON": 2017, "NUMBER": 78, "BASIN": "NA", "SUBBASIN": "NA", "NAME": "MARIA", "ISO_TIME": "2017-09-22 09:00:00", "NATURE": "TS", "LAT": 21.5, "LON": -70.7, "WMO_WIND": 0.0, "WMO_PRES": null, "WMO_AGENCY": null, "TRACK_TYPE": "main", "DIST2LAND": 190, "LANDFALL": 190, "IFLAG": "P______________", "USA_AGENCY": null, "USA_ATCFID": "AL152017", "USA_LAT": 21.5, "USA_LON": -70.7, "USA_RECORD": null, "USA_STATUS": "HU", "USA_WIND": 110.0, "USA_PRES": 959.0, "USA_SSHS": 3, "USA_R34_NE": 140.0, "USA_R34_SE": 120.0, "USA_R34_SW": 100.0, "USA_R34_NW": 130.0, "USA_R50_NE": 90.0, "USA_R50_SE": 80.0, "USA_R50_SW": 60.0, "USA_R50_NW": 85.0, "USA_R64_NE": 60.0, "USA_R64_SE": 45.0, "USA_R64_SW": 40.0, "USA_R64_NW": 45.0, "USA_POCI": 1008.0, "USA_ROCI": 180.0, "USA_RMW": 23.0, "USA_EYE": null, "TOK_LAT": null, "TOK_LON": null, "TOK_GRADE": null, "TOK_WIND": null, "TOK_PRES": null, "TOK_R50_DR": null, "TOK_R50_L": null, "TOK_R50_S": null, "TOK_R30_DR": null, "TOK_R30_L": null, "TOK_R30_S": null, "TOK_LAND": null, "CMA_LAT": null, "CMA_LON": null, "CMA_CAT": null, "CMA_WIND": null, "CMA_PRES": null, "HKO_LAT": null, "HKO_LON": null, "HKO_CAT": null, "HKO_WIND": null, "HKO_PRES": null, "KMA_LAT": null, "KMA_LON": null, "KMA_CAT": null, "KMA_WIND": null, "KMA_PRES": null, "KMA_R50_DR": null, "KMA_R50_L": null, "KMA_R50_S": null, "KMA_R30_DR": null, "KMA_R30_L": null, "KMA_R30_S": null, "NEW_LAT": null, "NEW_LON": null, "NEW_GRADE": null, "NEW_WIND": null, "NEW_PRES": null, "NEW_CI": -999.9, "NEW_DP": null, "NEW_POCI": null, "REU_LAT": null, "REU_LON": null, "REU_TYPE": null, "REU_WIND": null, "REU_PRES": null, "REU_TNUM": -999.9, "REU_CI": -999.9, "REU_RMW": null, "REU_R34_NE": null, "REU_R34_SE": null, "REU_R34_SW": null, "REU_R34_NW": null, "REU_R50_NE": null, "REU_R50_SE": null, "REU_R50_SW": null, "REU_R50_NW": null, "REU_R64_NE": null, "REU_R64_SE": null, "REU_R64_SW": null, "REU_R64_NW": null, "BOM_LAT": null, "BOM_LON": null, "BOM_TYPE": null, "BOM_WIND": null, "BOM_PRES": null, "BOM_TNUM": -999.9, "BOM_CI": -999.9, "BOM_RMW": null, "BOM_R34_NE": null, "BOM_R34_SE": null, "BOM_R34_SW": null, "BOM_R34_NW": null, "BOM_R50_NE": null, "BOM_R50_SE": null, "BOM_R50_SW": null, "BOM_R50_NW": null, "BOM_R64_NE": null, "BOM_R64_SE": null, "BOM_R64_SW": null, "BOM_R64_NW": null, "BOM_ROCI": null, "BOM_POCI": null, "BOM_EYE": null, "BOM_POS_FL": null, "BOM_PRS_FL": null, "NAD_LAT": null, "NAD_LON": null, "NAD_CAT": null, "NAD_WIND": null, "NAD_PRES": null, "WEL_LAT": null, "WEL_LON": null, "WEL_WIND": null, "WEL_PRES": null, "DS8_LAT": null, "DS8_LON": null, "DS8_STAGE": null, "DS8_WIND": null, "DS8_PRES": null, "TD6_LAT": null, "TD6_LON": null, "TD6_STAGE": null, "TD6_WIND": null, "TD6_PRES": null, "TD5_LAT": null, "TD5_LON": null, "TD5_WIND": null, "TD5_PRES": null, "TD5_ROCI": null, "NEU_LAT": null, "NEU_LON": null, "NEU_CLASS": null, "NEU_WIND": null, "NEU_PRES": null, "MLC_LAT": null, "MLC_LON": null, "MLC_CLASS": null, "MLC_WIND": null, "MLC_PRES": null, "USA_GUST": null, "BOM_GUST": null, "BOM_GUSTP": null, "REU_GUST": null, "REU_GUSTP": null, "USA_SEAHGT": 12.0, "USA_SEA_NE": 300.0, "USA_SEA_SE": 180.0, "USA_SEA_SW": 120.0, "USA_SEA_NW": 330.0, "STORM_SPD": 8, "STORM_DR": 330, "year": 2017, "month": 9, "day": 22, "hour": 9, "min": 0 }, "geometry": { "type": "LineString", "coordinates": [ [ -70.699951171875, 21.5 ], [ -70.9000244140625, 21.899999618530273 ] ] } },
{ "type": "Feature", "properties": { "SID": "2017260N12310", "SEASON": 2017, "NUMBER": 78, "BASIN": "NA", "SUBBASIN": "NA", "NAME": "MARIA", "ISO_TIME": "2017-09-22 12:00:00", "NATURE": "TS", "LAT": 21.9, "LON": -70.9, "WMO_WIND": 110.0, "WMO_PRES": 958.0, "WMO_AGENCY": "hurdat_atl", "TRACK_TYPE": "main", "DIST2LAND": 230, "LANDFALL": 225, "IFLAG": "O______________", "USA_AGENCY": "hurdat_atl", "USA_ATCFID": "AL152017", "USA_LAT": 21.9, "USA_LON": -70.9, "USA_RECORD": null, "USA_STATUS": "HU", "USA_WIND": 110.0, "USA_PRES": 958.0, "USA_SSHS": 3, "USA_R34_NE": 140.0, "USA_R34_SE": 120.0, "USA_R34_SW": 100.0, "USA_R34_NW": 130.0, "USA_R50_NE": 90.0, "USA_R50_SE": 80.0, "USA_R50_SW": 60.0, "USA_R50_NW": 90.0, "USA_R64_NE": 60.0, "USA_R64_SE": 40.0, "USA_R64_SW": 40.0, "USA_R64_NW": 40.0, "USA_POCI": 1008.0, "USA_ROCI": 180.0, "USA_RMW": 25.0, "USA_EYE": null, "TOK_LAT": null, "TOK_LON": null, "TOK_GRADE": null, "TOK_WIND": null, "TOK_PRES": null, "TOK_R50_DR": null, "TOK_R50_L": null, "TOK_R50_S": null, "TOK_R30_DR": null, "TOK_R30_L": null, "TOK_R30_S": null, "TOK_LAND": null, "CMA_LAT": null, "CMA_LON": null, "CMA_CAT": null, "CMA_WIND": null, "CMA_PRES": null, "HKO_LAT": null, "HKO_LON": null, "HKO_CAT": null, "HKO_WIND": null, "HKO_PRES": null, "KMA_LAT": null, "KMA_LON": null, "KMA_CAT": null, "KMA_WIND": null, "KMA_PRES": null, "KMA_R50_DR": null, "KMA_R50_L": null, "KMA_R50_S": null, "KMA_R30_DR": null, "KMA_R30_L": null, "KMA_R30_S": null, "NEW_LAT": null, "NEW_LON": null, "NEW_GRADE": null, "NEW_WIND": null, "NEW_PRES": null, "NEW_CI": -999.9, "NEW_DP": null, "NEW_POCI": null, "REU_LAT": null, "REU_LON": null, "REU_TYPE": null, "REU_WIND": null, "REU_PRES": null, "REU_TNUM": -999.9, "REU_CI": -999.9, "REU_RMW": null, "REU_R34_NE": null, "REU_R34_SE": null, "REU_R34_SW": null, "REU_R34_NW": null, "REU_R50_NE": null, "REU_R50_SE": null, "REU_R50_SW": null, "REU_R50_NW": null, "REU_R64_NE": null, "REU_R64_SE": null, "REU_R64_SW": null, "REU_R64_NW": null, "BOM_LAT": null, "BOM_LON": null, "BOM_TYPE": null, "BOM_WIND": null, "BOM_PRES": null, "BOM_TNUM": -999.9, "BOM_CI": -999.9, "BOM_RMW": null, "BOM_R34_NE": null, "BOM_R34_SE": null, "BOM_R34_SW": null, "BOM_R34_NW": null, "BOM_R50_NE": null, "BOM_R50_SE": null, "BOM_R50_SW": null, "BOM_R50_NW": null, "BOM_R64_NE": null, "BOM_R64_SE": null, "BOM_R64_SW": null, "BOM_R64_NW": null, "BOM_ROCI": null, "BOM_POCI": null, "BOM_EYE": null, "BOM_POS_FL": null, "BOM_PRS_FL": null, "NAD_LAT": null, "NAD_LON": null, "NAD_CAT": null, "NAD_WIND": null, "NAD_PRES": null, "WEL_LAT": null, "WEL_LON": null, "WEL_WIND": null, "WEL_PRES": null, "DS8_LAT": null, "DS8_LON": null, "DS8_STAGE": null, "DS8_WIND": null, "DS8_PRES": null, "TD6_LAT": null, "TD6_LON": null, "TD6_STAGE": null, "TD6_WIND": null, "TD6_PRES": null, "TD5_LAT": null, "TD5_LON": null, "TD5_WIND": null, "TD5_PRES": null, "TD5_ROCI": null, "NEU_LAT": null, "NEU_LON": null, "NEU_CLASS": null, "NEU_WIND": null, "NEU_PRES": null, "MLC_LAT": null, "MLC_LON": null, "MLC_CLASS": null, "MLC_WIND": null, "MLC_PRES": null, "USA_GUST": 130.0, "BOM_GUST": null, "BOM_GUSTP": null, "REU_GUST": null, "REU_GUSTP": null, "USA_SEAHGT": 12.0, "USA_SEA_NE": 300.0, "USA_SEA_SE": 180.0, "USA_SEA_SW": 120.0, "USA_SEA_NW": 360.0, "STORM_SPD": 9, "STORM_DR": 340, "year": 2017, "month": 9, "day": 22, "hour": 12, "min": 0 }, "geometry": { "type": "LineString", "coordinates": [ [ -70.9000244140625, 21.899999618530273 ], [ -71.0999755859375, 22.299999237060547 ] ] } },
{ "type": "Feature", "properties": { "SID": "2017260N12310", "SEASON": 2017, "NUMBER": 78, "BASIN": "NA", "SUBBASIN": "NA", "NAME": "MARIA", "ISO_TIME": "2017-09-22 15:00:00", "NATURE": "TS", "LAT": 22.3, "LON": -71.1, "WMO_WIND": 0.0, "WMO_PRES": null, "WMO_AGENCY": null, "TRACK_TYPE": "main", "DIST2LAND": 231, "LANDFALL": 231, "IFLAG": "P______________", "USA_AGENCY": null, "USA_ATCFID": "AL152017", "USA_LAT": 22.3, "USA_LON": -71.1, "USA_RECORD": null, "USA_STATUS": "HU", "USA_WIND": 110.0, "USA_PRES": 959.0, "USA_SSHS": 3, "USA_R34_NE": 140.0, "USA_R34_SE": 125.0, "USA_R34_SW": 100.0, "USA_R34_NW": 125.0, "USA_R50_NE": 85.0, "USA_R50_SE": 70.0, "USA_R50_SW": 60.0, "USA_R50_NW": 80.0, "USA_R64_NE": 55.0, "USA_R64_SE": 40.0, "USA_R64_SW": 38.0, "USA_R64_NW": 35.0, "USA_POCI": 1008.0, "USA_ROCI": 180.0, "USA_RMW": 25.0, "USA_EYE": null, "TOK_LAT": null, "TOK_LON": null, "TOK_GRADE": null, "TOK_WIND": null, "TOK_PRES": null, "TOK_R50_DR": null, "TOK_R50_L": null, "TOK_R50_S": null, "TOK_R30_DR": null, "TOK_R30_L": null, "TOK_R30_S": null, "TOK_LAND": null, "CMA_LAT": null, "CMA_LON": null, "CMA_CAT": null, "CMA_WIND": null, "CMA_PRES": null, "HKO_LAT": null, "HKO_LON": null, "HKO_CAT": null, "HKO_WIND": null, "HKO_PRES": null, "KMA_LAT": null, "KMA_LON": null, "KMA_CAT": null, "KMA_WIND": null, "KMA_PRES": null, "KMA_R50_DR": null, "KMA_R50_L": null, "KMA_R50_S": null, "KMA_R30_DR": null, "KMA_R30_L": null, "KMA_R30_S": null, "NEW_LAT": null, "NEW_LON": null, "NEW_GRADE": null, "NEW_WIND": null, "NEW_PRES": null, "NEW_CI": -999.9, "NEW_DP": null, "NEW_POCI": null, "REU_LAT": null, "REU_LON": null, "REU_TYPE": null, "REU_WIND": null, "REU_PRES": null, "REU_TNUM": -999.9, "REU_CI": -999.9, "REU_RMW": null, "REU_R34_NE": null, "REU_R34_SE": null, "REU_R34_SW": null, "REU_R34_NW": null, "REU_R50_NE": null, "REU_R50_SE": null, "REU_R50_SW": null, "REU_R50_NW": null, "REU_R64_NE": null, "REU_R64_SE": null, "REU_R64_SW": null, "REU_R64_NW": null, "BOM_LAT": null, "BOM_LON": null, "BOM_TYPE": null, "BOM_WIND": null, "BOM_PRES": null, "BOM_TNUM": -999.9, "BOM_CI": -999.9, "BOM_RMW": null, "BOM_R34_NE": null, "BOM_R34_SE": null, "BOM_R34_SW": null, "BOM_R34_NW": null, "BOM_R50_NE": null, "BOM_R50_SE": null, "BOM_R50_SW": null, "BOM_R50_NW": null, "BOM_R64_NE": null, "BOM_R64_SE": null, "BOM_R64_SW": null, "BOM_R64_NW": null, "BOM_ROCI": null, "BOM_POCI": null, "BOM_EYE": null, "BOM_POS_FL": null, "BOM_PRS_FL": null, "NAD_LAT": null, "NAD_LON": null, "NAD_CAT": null, "NAD_WIND": null, "NAD_PRES": null, "WEL_LAT": null, "WEL_LON": null, "WEL_WIND": null, "WEL_PRES": null, "DS8_LAT": null, "DS8_LON": null, "DS8_STAGE": null, "DS8_WIND": null, "DS8_PRES": null, "TD6_LAT": null, "TD6_LON": null, "TD6_STAGE": null, "TD6_WIND": null, "TD6_PRES": null, "TD5_LAT": null, "TD5_LON": null, "TD5_WIND": null, "TD5_PRES": null, "TD5_ROCI": null, "NEU_LAT": null, "NEU_LON": null, "NEU_CLASS": null, "NEU_WIND": null, "NEU_PRES": null, "MLC_LAT": null, "MLC_LON": null, "MLC_CLASS": null, "MLC_WIND": null, "MLC_PRES": null, "USA_GUST": null, "BOM_GUST": null, "BOM_GUSTP": null, "REU_GUST": null, "REU_GUSTP": null, "USA_SEAHGT": 12.0, "USA_SEA_NE": 330.0, "USA_SEA_SE": 195.0, "USA_SEA_SW": 120.0, "USA_SEA_NW": 360.0, "STORM_SPD": 9, "STORM_DR": 345, "year": 2017, "month": 9, "day": 22, "hour": 15, "min": 0 }, "geometry": { "type": "LineString", "coordinates": [ [ -71.0999755859375, 22.299999237060547 ], [ -71.199951171875, 22.799999237060547 ] ] } },
{ "type": "Feature", "properties": { "SID": "2017260N12310", "SEASON": 2017, "NUMBER": 78, "BASIN": "NA", "SUBBASIN": "NA", "NAME": "MARIA", "ISO_TIME": "2017-09-22 18:00:00", "NATURE": "TS", "LAT": 22.8, "LON": -71.2, "WMO_WIND": 110.0, "WMO_PRES": 959.0, "WMO_AGENCY": "hurdat_atl", "TRACK_TYPE": "main", "DIST2LAND": 257, "LANDFALL": 257, "IFLAG": "O______________", "USA_AGENCY": "hurdat_atl", "USA_ATCFID": "AL152017", "USA_LAT": 22.8, "USA_LON": -71.2, "USA_RECORD": null, "USA_STATUS": "HU", "USA_WIND": 110.0, "USA_PRES": 959.0, "USA_SSHS": 3, "USA_R34_NE": 140.0, "USA_R34_SE": 130.0, "USA_R34_SW": 100.0, "USA_R34_NW": 120.0, "USA_R50_NE": 80.0, "USA_R50_SE": 60.0, "USA_R50_SW": 60.0, "USA_R50_NW": 70.0, "USA_R64_NE": 50.0, "USA_R64_SE": 40.0, "USA_R64_SW": 35.0, "USA_R64_NW": 30.0, "USA_POCI": 1008.0, "USA_ROCI": 180.0, "USA_RMW": 25.0, "USA_EYE": null, "TOK_LAT": null, "TOK_LON": null, "TOK_GRADE": null, "TOK_WIND": null, "TOK_PRES": null, "TOK_R50_DR": null, "TOK_R50_L": null, "TOK_R50_S": null, "TOK_R30_DR": null, "TOK_R30_L": null, "TOK_R30_S": null, "TOK_LAND": null, "CMA_LAT": null, "CMA_LON": null, "CMA_CAT": null, "CMA_WIND": null, "CMA_PRES": null, "HKO_LAT": null, "HKO_LON": null, "HKO_CAT": null, "HKO_WIND": null, "HKO_PRES": null, "KMA_LAT": null, "KMA_LON": null, "KMA_CAT": null, "KMA_WIND": null, "KMA_PRES": null, "KMA_R50_DR": null, "KMA_R50_L": null, "KMA_R50_S": null, "KMA_R30_DR": null, "KMA_R30_L": null, "KMA_R30_S": null, "NEW_LAT": null, "NEW_LON": null, "NEW_GRADE": null, "NEW_WIND": null, "NEW_PRES": null, "NEW_CI": -999.9, "NEW_DP": null, "NEW_POCI": null, "REU_LAT": null, "REU_LON": null, "REU_TYPE": null, "REU_WIND": null, "REU_PRES": null, "REU_TNUM": -999.9, "REU_CI": -999.9, "REU_RMW": null, "REU_R34_NE": null, "REU_R34_SE": null, "REU_R34_SW": null, "REU_R34_NW": null, "REU_R50_NE": null, "REU_R50_SE": null, "REU_R50_SW": null, "REU_R50_NW": null, "REU_R64_NE": null, "REU_R64_SE": null, "REU_R64_SW": null, "REU_R64_NW": null, "BOM_LAT": null, "BOM_LON": null, "BOM_TYPE": null, "BOM_WIND": null, "BOM_PRES": null, "BOM_TNUM": -999.9, "BOM_CI": -999.9, "BOM_RMW": null, "BOM_R34_NE": null, "BOM_R34_SE": null, "BOM_R34_SW": null, "BOM_R34_NW": null, "BOM_R50_NE": null, "BOM_R50_SE": null, "BOM_R50_SW": null, "BOM_R50_NW": null, "BOM_R64_NE": null, "BOM_R64_SE": null, "BOM_R64_SW": null, "BOM_R64_NW": null, "BOM_ROCI": null, "BOM_POCI": null, "BOM_EYE": null, "BOM_POS_FL": null, "BOM_PRS_FL": null, "NAD_LAT": null, "NAD_LON": null, "NAD_CAT": null, "NAD_WIND": null, "NAD_PRES": null, "WEL_LAT": null, "WEL_LON": null, "WEL_WIND": null, "WEL_PRES": null, "DS8_LAT": null, "DS8_LON": null, "DS8_STAGE": null, "DS8_WIND": null, "DS8_PRES": null, "TD6_LAT": null, "TD6_LON": null, "TD6_STAGE": null, "TD6_WIND": null, "TD6_PRES": null, "TD5_LAT": null, "TD5_LON": null, "TD5_WIND": null, "TD5_PRES": null, "TD5_ROCI": null, "NEU_LAT": null, "NEU_LON": null, "NEU_CLASS": null, "NEU_WIND": null, "NEU_PRES": null, "MLC_LAT": null, "MLC_LON": null, "MLC_CLASS": null, "MLC_WIND": null, "MLC_PRES": null, "USA_GUST": 135.0, "BOM_GUST": null, "BOM_GUSTP": null, "REU_GUST": null, "REU_GUSTP": null, "USA_SEAHGT": 12.0, "USA_SEA_NE": 360.0, "USA_SEA_SE": 210.0, "USA_SEA_SW": 120.0, "USA_SEA_NW": 360.0, "STORM_SPD": 10, "STORM_DR": 340, "year": 2017, "month": 9, "day": 22, "hour": 18, "min": 0 }, "geometry": { "type": "LineString", "coordinates": [ [ -71.199951171875, 22.799999237060547 ], [ -71.4000244140625, 23.299999237060547 ] ] } },
{ "type": "Feature", "properties": { "SID": "2017260N12310", "SEASON": 2017, "NUMBER": 78, "BASIN": "NA", "SUBBASIN": "NA", "NAME": "MARIA", "ISO_TIME": "2017-09-22 21:00:00", "NATURE": "TS", "LAT": 23.3, "LON": -71.4, "WMO_WIND": 0.0, "WMO_PRES": null, "WMO_AGENCY": null, "TRACK_TYPE": "main", "DIST2LAND": 286, "LANDFALL": 286, "IFLAG": "P______________", "USA_AGENCY": null, "USA_ATCFID": "AL152017", "USA_LAT": 23.3, "USA_LON": -71.4, "USA_RECORD": null, "USA_STATUS": "HU", "USA_WIND": 108.0, "USA_PRES": 956.0, "USA_SSHS": 3, "USA_R34_NE": 150.0, "USA_R34_SE": 130.0, "USA_R34_SW": 100.0, "USA_R34_NW": 120.0, "USA_R50_NE": 80.0, "USA_R50_SE": 60.0, "USA_R50_SW": 60.0, "USA_R50_NW": 70.0, "USA_R64_NE": 50.0, "USA_R64_SE": 40.0, "USA_R64_SW": 35.0, "USA_R64_NW": 30.0, "USA_POCI": 1008.0, "USA_ROCI": 180.0, "USA_RMW": 25.0, "USA_EYE": null, "TOK_LAT": null, "TOK_LON": null, "TOK_GRADE": null, "TOK_WIND": null, "TOK_PRES": null, "TOK_R50_DR": null, "TOK_R50_L": null, "TOK_R50_S": null, "TOK_R30_DR": null, "TOK_R30_L": null, "TOK_R30_S": null, "TOK_LAND": null, "CMA_LAT": null, "CMA_LON": null, "CMA_CAT": null, "CMA_WIND": null, "CMA_PRES": null, "HKO_LAT": null, "HKO_LON": null, "HKO_CAT": null, "HKO_WIND": null, "HKO_PRES": null, "KMA_LAT": null, "KMA_LON": null, "KMA_CAT": null, "KMA_WIND": null, "KMA_PRES": null, "KMA_R50_DR": null, "KMA_R50_L": null, "KMA_R50_S": null, "KMA_R30_DR": null, "KMA_R30_L": null, "KMA_R30_S": null, "NEW_LAT": null, "NEW_LON": null, "NEW_GRADE": null, "NEW_WIND": null, "NEW_PRES": null, "NEW_CI": -999.9, "NEW_DP": null, "NEW_POCI": null, "REU_LAT": null, "REU_LON": null, "REU_TYPE": null, "REU_WIND": null, "REU_PRES": null, "REU_TNUM": -999.9, "REU_CI": -999.9, "REU_RMW": null, "REU_R34_NE": null, "REU_R34_SE": null, "REU_R34_SW": null, "REU_R34_NW": null, "REU_R50_NE": null, "REU_R50_SE": null, "REU_R50_SW": null, "REU_R50_NW": null, "REU_R64_NE": null, "REU_R64_SE": null, "REU_R64_SW": null, "REU_R64_NW": null, "BOM_LAT": null, "BOM_LON": null, "BOM_TYPE": null, "BOM_WIND": null, "BOM_PRES": null, "BOM_TNUM": -999.9, "BOM_CI": -999.9, "BOM_RMW": null, "BOM_R34_NE": null, "BOM_R34_SE": null, "BOM_R34_SW": null, "BOM_R34_NW": null, "BOM_R50_NE": null, "BOM_R50_SE": null, "BOM_R50_SW": null, "BOM_R50_NW": null, "BOM_R64_NE": null, "BOM_R64_SE": null, "BOM_R64_SW": null, "BOM_R64_NW": null, "BOM_ROCI": null, "BOM_POCI": null, "BOM_EYE": null, "BOM_POS_FL": null, "BOM_PRS_FL": null, "NAD_LAT": null, "NAD_LON": null, "NAD_CAT": null, "NAD_WIND": null, "NAD_PRES": null, "WEL_LAT": null, "WEL_LON": null, "WEL_WIND": null, "WEL_PRES": null, "DS8_LAT": null, "DS8_LON": null, "DS8_STAGE": null, "DS8_WIND": null, "DS8_PRES": null, "TD6_LAT": null, "TD6_LON": null, "TD6_STAGE": null, "TD6_WIND": null, "TD6_PRES": null, "TD5_LAT": null, "TD5_LON": null, "TD5_WIND": null, "TD5_PRES": null, "TD5_ROCI": null, "NEU_LAT": null, "NEU_LON": null, "NEU_CLASS": null, "NEU_WIND": null, "NEU_PRES": null, "MLC_LAT": null, "MLC_LON": null, "MLC_CLASS": null, "MLC_WIND": null, "MLC_PRES": null, "USA_GUST": null, "BOM_GUST": null, "BOM_GUSTP": null, "REU_GUST": null, "REU_GUSTP": null, "USA_SEAHGT": 12.0, "USA_SEA_NE": 360.0, "USA_SEA_SE": 210.0, "USA_SEA_SW": 120.0, "USA_SEA_NW": 360.0, "STORM_SPD": 10, "STORM_DR": 340, "year": 2017, "month": 9, "day": 22, "hour": 21, "min": 0 }, "geometry": { "type": "LineString", "coordinates": [ [ -71.4000244140625, 23.299999237060547 ], [ -71.5999755859375, 23.700000762939453 ] ] } },
{ "type": "Feature", "properties": { "SID": "2017260N12310", "SEASON": 2017, "NUMBER": 78, "BASIN": "NA", "SUBBASIN": "NA", "NAME": "MARIA", "ISO_TIME": "2017-09-23 00:00:00", "NATURE": "TS", "LAT": 23.7, "LON": -71.6, "WMO_WIND": 105.0, "WMO_PRES": 953.0, "WMO_AGENCY": "hurdat_atl", "TRACK_TYPE": "main", "DIST2LAND": 314, "LANDFALL": 314, "IFLAG": "O______________", "USA_AGENCY": "hurdat_atl", "USA_ATCFID": "AL152017", "USA_LAT": 23.7, "USA_LON": -71.6, "USA_RECORD": null, "USA_STATUS": "HU", "USA_WIND": 105.0, "USA_PRES": 953.0, "USA_SSHS": 3, "USA_R34_NE": 160.0, "USA_R34_SE": 130.0, "USA_R34_SW": 100.0, "USA_R34_NW": 120.0, "USA_R50_NE": 80.0, "USA_R50_SE": 60.0, "USA_R50_SW": 60.0, "USA_R50_NW": 70.0, "USA_R64_NE": 50.0, "USA_R64_SE": 40.0, "USA_R64_SW": 35.0, "USA_R64_NW": 30.0, "USA_POCI": 1008.0, "USA_ROCI": 180.0, "USA_RMW": 25.0, "USA_EYE": null, "TOK_LAT": null, "TOK_LON": null, "TOK_GRADE": null, "TOK_WIND": null, "TOK_PRES": null, "TOK_R50_DR": null, "TOK_R50_L": null, "TOK_R50_S": null, "TOK_R30_DR": null, "TOK_R30_L": null, "TOK_R30_S": null, "TOK_LAND": null, "CMA_LAT": null, "CMA_LON": null, "CMA_CAT": null, "CMA_WIND": null, "CMA_PRES": null, "HKO_LAT": null, "HKO_LON": null, "HKO_CAT": null, "HKO_WIND": null, "HKO_PRES": null, "KMA_LAT": null, "KMA_LON": null, "KMA_CAT": null, "KMA_WIND": null, "KMA_PRES": null, "KMA_R50_DR": null, "KMA_R50_L": null, "KMA_R50_S": null, "KMA_R30_DR": null, "KMA_R30_L": null, "KMA_R30_S": null, "NEW_LAT": null, "NEW_LON": null, "NEW_GRADE": null, "NEW_WIND": null, "NEW_PRES": null, "NEW_CI": -999.9, "NEW_DP": null, "NEW_POCI": null, "REU_LAT": null, "REU_LON": null, "REU_TYPE": null, "REU_WIND": null, "REU_PRES": null, "REU_TNUM": -999.9, "REU_CI": -999.9, "REU_RMW": null, "REU_R34_NE": null, "REU_R34_SE": null, "REU_R34_SW": null, "REU_R34_NW": null, "REU_R50_NE": null, "REU_R50_SE": null, "REU_R50_SW": null, "REU_R50_NW": null, "REU_R64_NE": null, "REU_R64_SE": null, "REU_R64_SW": null, "REU_R64_NW": null, "BOM_LAT": null, "BOM_LON": null, "BOM_TYPE": null, "BOM_WIND": null, "BOM_PRES": null, "BOM_TNUM": -999.9, "BOM_CI": -999.9, "BOM_RMW": null, "BOM_R34_NE": null, "BOM_R34_SE": null, "BOM_R34_SW": null, "BOM_R34_NW": null, "BOM_R50_NE": null, "BOM_R50_SE": null, "BOM_R50_SW": null, "BOM_R50_NW": null, "BOM_R64_NE": null, "BOM_R64_SE": null, "BOM_R64_SW": null, "BOM_R64_NW": null, "BOM_ROCI": null, "BOM_POCI": null, "BOM_EYE": null, "BOM_POS_FL": null, "BOM_PRS_FL": null, "NAD_LAT": null, "NAD_LON": null, "NAD_CAT": null, "NAD_WIND": null, "NAD_PRES": null, "WEL_LAT": null, "WEL_LON": null, "WEL_WIND": null, "WEL_PRES": null, "DS8_LAT": null, "DS8_LON": null, "DS8_STAGE": null, "DS8_WIND": null, "DS8_PRES": null, "TD6_LAT": null, "TD6_LON": null, "TD6_STAGE": null, "TD6_WIND": null, "TD6_PRES": null, "TD5_LAT": null, "TD5_LON": null, "TD5_WIND": null, "TD5_PRES": null, "TD5_ROCI": null, "NEU_LAT": null, "NEU_LON": null, "NEU_CLASS": null, "NEU_WIND": null, "NEU_PRES": null, "MLC_LAT": null, "MLC_LON": null, "MLC_CLASS": null, "MLC_WIND": null, "MLC_PRES": null, "USA_GUST": 135.0, "BOM_GUST": null, "BOM_GUSTP": null, "REU_GUST": null, "REU_GUSTP": null, "USA_SEAHGT": 12.0, "USA_SEA_NE": 360.0, "USA_SEA_SE": 210.0, "USA_SEA_SW": 120.0, "USA_SEA_NW": 360.0, "STORM_SPD": 9, "STORM_DR": 335, "year": 2017, "month": 9, "day": 23, "hour": 0, "min": 0 }, "geometry": { "type": "LineString", "coordinates": [ [ -71.5999755859375, 23.700000762939453 ], [ -71.800048828125, 24.100000381469727 ] ] } },
{ "type": "Feature", "properties": { "SID": "2017260N12310", "SEASON": 2017, "NUMBER": 78, "BASIN": "NA", "SUBBASIN": "NA", "NAME": "MARIA", "ISO_TIME": "2017-09-23 03:00:00", "NATURE": "TS", "LAT": 24.1, "LON": -71.8, "WMO_WIND": 0.0, "WMO_PRES": null, "WMO_AGENCY": null, "TRACK_TYPE": "main", "DIST2LAND": 346, "LANDFALL": 346, "IFLAG": "P______________", "USA_AGENCY": null, "USA_ATCFID": "AL152017", "USA_LAT": 24.1, "USA_LON": -71.8, "USA_RECORD": null, "USA_STATUS": "HU", "USA_WIND": 103.0, "USA_PRES": 953.0, "USA_SSHS": 3, "USA_R34_NE": 165.0, "USA_R34_SE": 150.0, "USA_R34_SW": 100.0, "USA_R34_NW": 120.0, "USA_R50_NE": 85.0, "USA_R50_SE": 75.0, "USA_R50_SW": 60.0, "USA_R50_NW": 70.0, "USA_R64_NE": 50.0, "USA_R64_SE": 40.0, "USA_R64_SW": 35.0, "USA_R64_NW": 30.0, "USA_POCI": 1008.0, "USA_ROCI": 180.0, "USA_RMW": 23.0, "USA_EYE": null, "TOK_LAT": null, "TOK_LON": null, "TOK_GRADE": null, "TOK_WIND": null, "TOK_PRES": null, "TOK_R50_DR": null, "TOK_R50_L": null, "TOK_R50_S": null, "TOK_R30_DR": null, "TOK_R30_L": null, "TOK_R30_S": null, "TOK_LAND": null, "CMA_LAT": null, "CMA_LON": null, "CMA_CAT": null, "CMA_WIND": null, "CMA_PRES": null, "HKO_LAT": null, "HKO_LON": null, "HKO_CAT": null, "HKO_WIND": null, "HKO_PRES": null, "KMA_LAT": null, "KMA_LON": null, "KMA_CAT": null, "KMA_WIND": null, "KMA_PRES": null, "KMA_R50_DR": null, "KMA_R50_L": null, "KMA_R50_S": null, "KMA_R30_DR": null, "KMA_R30_L": null, "KMA_R30_S": null, "NEW_LAT": null, "NEW_LON": null, "NEW_GRADE": null, "NEW_WIND": null, "NEW_PRES": null, "NEW_CI": -999.9, "NEW_DP": null, "NEW_POCI": null, "REU_LAT": null, "REU_LON": null, "REU_TYPE": null, "REU_WIND": null, "REU_PRES": null, "REU_TNUM": -999.9, "REU_CI": -999.9, "REU_RMW": null, "REU_R34_NE": null, "REU_R34_SE": null, "REU_R34_SW": null, "REU_R34_NW": null, "REU_R50_NE": null, "REU_R50_SE": null, "REU_R50_SW": null, "REU_R50_NW": null, "REU_R64_NE": null, "REU_R64_SE": null, "REU_R64_SW": null, "REU_R64_NW": null, "BOM_LAT": null, "BOM_LON": null, "BOM_TYPE": null, "BOM_WIND": null, "BOM_PRES": null, "BOM_TNUM": -999.9, "BOM_CI": -999.9, "BOM_RMW": null, "BOM_R34_NE": null, "BOM_R34_SE": null, "BOM_R34_SW": null, "BOM_R34_NW": null, "BOM_R50_NE": null, "BOM_R50_SE": null, "BOM_R50_SW": null, "BOM_R50_NW": null, "BOM_R64_NE": null, "BOM_R64_SE": null, "BOM_R64_SW": null, "BOM_R64_NW": null, "BOM_ROCI": null, "BOM_POCI": null, "BOM_EYE": null, "BOM_POS_FL": null, "BOM_PRS_FL": null, "NAD_LAT": null, "NAD_LON": null, "NAD_CAT": null, "NAD_WIND": null, "NAD_PRES": null, "WEL_LAT": null, "WEL_LON": null, "WEL_WIND": null, "WEL_PRES": null, "DS8_LAT": null, "DS8_LON": null, "DS8_STAGE": null, "DS8_WIND": null, "DS8_PRES": null, "TD6_LAT": null, "TD6_LON": null, "TD6_STAGE": null, "TD6_WIND": null, "TD6_PRES": null, "TD5_LAT": null, "TD5_LON": null, "TD5_WIND": null, "TD5_PRES": null, "TD5_ROCI": null, "NEU_LAT": null, "NEU_LON": null, "NEU_CLASS": null, "NEU_WIND": null, "NEU_PRES": null, "MLC_LAT": null, "MLC_LON": null, "MLC_CLASS": null, "MLC_WIND": null, "MLC_PRES": null, "USA_GUST": null, "BOM_GUST": null, "BOM_GUSTP": null, "REU_GUST": null, "REU_GUSTP": null, "USA_SEAHGT": 12.0, "USA_SEA_NE": 360.0, "USA_SEA_SE": 225.0, "USA_SEA_SW": 120.0, "USA_SEA_NW": 360.0, "STORM_SPD": 8, "STORM_DR": 340, "year": 2017, "month": 9, "day": 23, "hour": 3, "min": 0 }, "geometry": { "type": "LineString", "coordinates": [ [ -71.800048828125, 24.100000381469727 ], [ -71.9000244140625, 24.399999618530273 ] ] } },
{ "type": "Feature", "properties": { "SID": "2017260N12310", "SEASON": 2017, "NUMBER": 78, "BASIN": "NA", "SUBBASIN": "NA", "NAME": "MARIA", "ISO_TIME": "2017-09-23 06:00:00", "NATURE": "TS", "LAT": 24.4, "LON": -71.9, "WMO_WIND": 100.0, "WMO_PRES": 952.0, "WMO_AGENCY": "hurdat_atl", "TRACK_TYPE": "main", "DIST2LAND": 375, "LANDFALL": 375, "IFLAG": "O______________", "USA_AGENCY": "hurdat_atl", "USA_ATCFID": "AL152017", "USA_LAT": 24.4, "USA_LON": -71.9, "USA_RECORD": null, "USA_STATUS": "HU", "USA_WIND": 100.0, "USA_PRES": 952.0, "USA_SSHS": 3, "USA_R34_NE": 170.0, "USA_R34_SE": 170.0, "USA_R34_SW": 100.0, "USA_R34_NW": 120.0, "USA_R50_NE": 90.0, "USA_R50_SE": 90.0, "USA_R50_SW": 60.0, "USA_R50_NW": 70.0, "USA_R64_NE": 50.0, "USA_R64_SE": 40.0, "USA_R64_SW": 35.0, "USA_R64_NW": 30.0, "USA_POCI": 1008.0, "USA_ROCI": 180.0, "USA_RMW": 20.0, "USA_EYE": null, "TOK_LAT": null, "TOK_LON": null, "TOK_GRADE": null, "TOK_WIND": null, "TOK_PRES": null, "TOK_R50_DR": null, "TOK_R50_L": null, "TOK_R50_S": null, "TOK_R30_DR": null, "TOK_R30_L": null, "TOK_R30_S": null, "TOK_LAND": null, "CMA_LAT": null, "CMA_LON": null, "CMA_CAT": null, "CMA_WIND": null, "CMA_PRES": null, "HKO_LAT": null, "HKO_LON": null, "HKO_CAT": null, "HKO_WIND": null, "HKO_PRES": null, "KMA_LAT": null, "KMA_LON": null, "KMA_CAT": null, "KMA_WIND": null, "KMA_PRES": null, "KMA_R50_DR": null, "KMA_R50_L": null, "KMA_R50_S": null, "KMA_R30_DR": null, "KMA_R30_L": null, "KMA_R30_S": null, "NEW_LAT": null, "NEW_LON": null, "NEW_GRADE": null, "NEW_WIND": null, "NEW_PRES": null, "NEW_CI": -999.9, "NEW_DP": null, "NEW_POCI": null, "REU_LAT": null, "REU_LON": null, "REU_TYPE": null, "REU_WIND": null, "REU_PRES": null, "REU_TNUM": -999.9, "REU_CI": -999.9, "REU_RMW": null, "REU_R34_NE": null, "REU_R34_SE": null, "REU_R34_SW": null, "REU_R34_NW": null, "REU_R50_NE": null, "REU_R50_SE": null, "REU_R50_SW": null, "REU_R50_NW": null, "REU_R64_NE": null, "REU_R64_SE": null, "REU_R64_SW": null, "REU_R64_NW": null, "BOM_LAT": null, "BOM_LON": null, "BOM_TYPE": null, "BOM_WIND": null, "BOM_PRES": null, "BOM_TNUM": -999.9, "BOM_CI": -999.9, "BOM_RMW": null, "BOM_R34_NE": null, "BOM_R34_SE": null, "BOM_R34_SW": null, "BOM_R34_NW": null, "BOM_R50_NE": null, "BOM_R50_SE": null, "BOM_R50_SW": null, "BOM_R50_NW": null, "BOM_R64_NE": null, "BOM_R64_SE": null, "BOM_R64_SW": null, "BOM_R64_NW": null, "BOM_ROCI": null, "BOM_POCI": null, "BOM_EYE": null, "BOM_POS_FL": null, "BOM_PRS_FL": null, "NAD_LAT": null, "NAD_LON": null, "NAD_CAT": null, "NAD_WIND": null, "NAD_PRES": null, "WEL_LAT": null, "WEL_LON": null, "WEL_WIND": null, "WEL_PRES": null, "DS8_LAT": null, "DS8_LON": null, "DS8_STAGE": null, "DS8_WIND": null, "DS8_PRES": null, "TD6_LAT": null, "TD6_LON": null, "TD6_STAGE": null, "TD6_WIND": null, "TD6_PRES": null, "TD5_LAT": null, "TD5_LON": null, "TD5_WIND": null, "TD5_PRES": null, "TD5_ROCI": null, "NEU_LAT": null, "NEU_LON": null, "NEU_CLASS": null, "NEU_WIND": null, "NEU_PRES": null, "MLC_LAT": null, "MLC_LON": null, "MLC_CLASS": null, "MLC_WIND": null, "MLC_PRES": null, "USA_GUST": 130.0, "BOM_GUST": null, "BOM_GUSTP": null, "REU_GUST": null, "REU_GUSTP": null, "USA_SEAHGT": 12.0, "USA_SEA_NE": 360.0, "USA_SEA_SE": 240.0, "USA_SEA_SW": 120.0, "USA_SEA_NW": 360.0, "STORM_SPD": 7, "STORM_DR": 340, "year": 2017, "month": 9, "day": 23, "hour": 6, "min": 0 }, "geometry": { "type": "LineString", "coordinates": [ [ -71.9000244140625, 24.399999618530273 ], [ -72.0, 24.700000762939453 ] ] } },
{ "type": "Feature", "properties": { "SID": "2017260N12310", "SEASON": 2017, "NUMBER": 78, "BASIN": "NA", "SUBBASIN": "NA", "NAME": "MARIA", "ISO_TIME": "2017-09-23 09:00:00", "NATURE": "TS", "LAT": 24.7, "LON": -72.0, "WMO_WIND": 0.0, "WMO_PRES": null, "WMO_AGENCY": null, "TRACK_TYPE": "main", "DIST2LAND": 404, "LANDFALL": 404, "IFLAG": "P______________", "USA_AGENCY": null, "USA_ATCFID": "AL152017", "USA_LAT": 24.7, "USA_LON": -72.0, "USA_RECORD": null, "USA_STATUS": "HU", "USA_WIND": 100.0, "USA_PRES": 952.0, "USA_SSHS": 3, "USA_R34_NE": 170.0, "USA_R34_SE": 170.0, "USA_R34_SW": 100.0, "USA_R34_NW": 135.0, "USA_R50_NE": 90.0, "USA_R50_SE": 90.0, "USA_R50_SW": 60.0, "USA_R50_NW": 70.0, "USA_R64_NE": 50.0, "USA_R64_SE": 40.0, "USA_R64_SW": 35.0, "USA_R64_NW": 35.0, "USA_POCI": 1008.0, "USA_ROCI": 195.0, "USA_RMW": 20.0, "USA_EYE": null, "TOK_LAT": null, "TOK_LON": null, "TOK_GRADE": null, "TOK_WIND": null, "TOK_PRES": null, "TOK_R50_DR": null, "TOK_R50_L": null, "TOK_R50_S": null, "TOK_R30_DR": null, "TOK_R30_L": null, "TOK_R30_S": null, "TOK_LAND": null, "CMA_LAT": null, "CMA_LON": null, "CMA_CAT": null, "CMA_WIND": null, "CMA_PRES": null, "HKO_LAT": null, "HKO_LON": null, "HKO_CAT": null, "HKO_WIND": null, "HKO_PRES": null, "KMA_LAT": null, "KMA_LON": null, "KMA_CAT": null, "KMA_WIND": null, "KMA_PRES": null, "KMA_R50_DR": null, "KMA_R50_L": null, "KMA_R50_S": null, "KMA_R30_DR": null, "KMA_R30_L": null, "KMA_R30_S": null, "NEW_LAT": null, "NEW_LON": null, "NEW_GRADE": null, "NEW_WIND": null, "NEW_PRES": null, "NEW_CI": -999.9, "NEW_DP": null, "NEW_POCI": null, "REU_LAT": null, "REU_LON": null, "REU_TYPE": null, "REU_WIND": null, "REU_PRES": null, "REU_TNUM": -999.9, "REU_CI": -999.9, "REU_RMW": null, "REU_R34_NE": null, "REU_R34_SE": null, "REU_R34_SW": null, "REU_R34_NW": null, "REU_R50_NE": null, "REU_R50_SE": null, "REU_R50_SW": null, "REU_R50_NW": null, "REU_R64_NE": null, "REU_R64_SE": null, "REU_R64_SW": null, "REU_R64_NW": null, "BOM_LAT": null, "BOM_LON": null, "BOM_TYPE": null, "BOM_WIND": null, "BOM_PRES": null, "BOM_TNUM": -999.9, "BOM_CI": -999.9, "BOM_RMW": null, "BOM_R34_NE": null, "BOM_R34_SE": null, "BOM_R34_SW": null, "BOM_R34_NW": null, "BOM_R50_NE": null, "BOM_R50_SE": null, "BOM_R50_SW": null, "BOM_R50_NW": null, "BOM_R64_NE": null, "BOM_R64_SE": null, "BOM_R64_SW": null, "BOM_R64_NW": null, "BOM_ROCI": null, "BOM_POCI": null, "BOM_EYE": null, "BOM_POS_FL": null, "BOM_PRS_FL": null, "NAD_LAT": null, "NAD_LON": null, "NAD_CAT": null, "NAD_WIND": null, "NAD_PRES": null, "WEL_LAT": null, "WEL_LON": null, "WEL_WIND": null, "WEL_PRES": null, "DS8_LAT": null, "DS8_LON": null, "DS8_STAGE": null, "DS8_WIND": null, "DS8_PRES": null, "TD6_LAT": null, "TD6_LON": null, "TD6_STAGE": null, "TD6_WIND": null, "TD6_PRES": null, "TD5_LAT": null, "TD5_LON": null, "TD5_WIND": null, "TD5_PRES": null, "TD5_ROCI": null, "NEU_LAT": null, "NEU_LON": null, "NEU_CLASS": null, "NEU_WIND": null, "NEU_PRES": null, "MLC_LAT": null, "MLC_LON": null, "MLC_CLASS": null, "MLC_WIND": null, "MLC_PRES": null, "USA_GUST": null, "BOM_GUST": null, "BOM_GUSTP": null, "REU_GUST": null, "REU_GUSTP": null, "USA_SEAHGT": 12.0, "USA_SEA_NE": 360.0, "USA_SEA_SE": 240.0, "USA_SEA_SW": 135.0, "USA_SEA_NW": 375.0, "STORM_SPD": 7, "STORM_DR": 345, "year": 2017, "month": 9, "day": 23, "hour": 9, "min": 0 }, "geometry": { "type": "LineString", "coordinates": [ [ -72.0, 24.700000762939453 ], [ -72.0999755859375, 25.100000381469727 ] ] } },
{ "type": "Feature", "properties": { "SID": "2017260N12310", "SEASON": 2017, "NUMBER": 78, "BASIN": "NA", "SUBBASIN": "NA", "NAME": "MARIA", "ISO_TIME": "2017-09-23 12:00:00", "NATURE": "TS", "LAT": 25.1, "LON": -72.1, "WMO_WIND": 100.0, "WMO_PRES": 952.0, "WMO_AGENCY": "hurdat_atl", "TRACK_TYPE": "main", "DIST2LAND": 445, "LANDFALL": 445, "IFLAG": "O______________", "USA_AGENCY": "hurdat_atl", "USA_ATCFID": "AL152017", "USA_LAT": 25.1, "USA_LON": -72.1, "USA_RECORD": null, "USA_STATUS": "HU", "USA_WIND": 100.0, "USA_PRES": 952.0, "USA_SSHS": 3, "USA_R34_NE": 170.0, "USA_R34_SE": 170.0, "USA_R34_SW": 100.0, "USA_R34_NW": 150.0, "USA_R50_NE": 90.0, "USA_R50_SE": 90.0, "USA_R50_SW": 60.0, "USA_R50_NW": 70.0, "USA_R64_NE": 50.0, "USA_R64_SE": 40.0, "USA_R64_SW": 35.0, "USA_R64_NW": 40.0, "USA_POCI": 1008.0, "USA_ROCI": 210.0, "USA_RMW": 20.0, "USA_EYE": null, "TOK_LAT": null, "TOK_LON": null, "TOK_GRADE": null, "TOK_WIND": null, "TOK_PRES": null, "TOK_R50_DR": null, "TOK_R50_L": null, "TOK_R50_S": null, "TOK_R30_DR": null, "TOK_R30_L": null, "TOK_R30_S": null, "TOK_LAND": null, "CMA_LAT": null, "CMA_LON": null, "CMA_CAT": null, "CMA_WIND": null, "CMA_PRES": null, "HKO_LAT": null, "HKO_LON": null, "HKO_CAT": null, "HKO_WIND": null, "HKO_PRES": null, "KMA_LAT": null, "KMA_LON": null, "KMA_CAT": null, "KMA_WIND": null, "KMA_PRES": null, "KMA_R50_DR": null, "KMA_R50_L": null, "KMA_R50_S": null, "KMA_R30_DR": null, "KMA_R30_L": null, "KMA_R30_S": null, "NEW_LAT": null, "NEW_LON": null, "NEW_GRADE": null, "NEW_WIND": null, "NEW_PRES": null, "NEW_CI": -999.9, "NEW_DP": null, "NEW_POCI": null, "REU_LAT": null, "REU_LON": null, "REU_TYPE": null, "REU_WIND": null, "REU_PRES": null, "REU_TNUM": -999.9, "REU_CI": -999.9, "REU_RMW": null, "REU_R34_NE": null, "REU_R34_SE": null, "REU_R34_SW": null, "REU_R34_NW": null, "REU_R50_NE": null, "REU_R50_SE": null, "REU_R50_SW": null, "REU_R50_NW": null, "REU_R64_NE": null, "REU_R64_SE": null, "REU_R64_SW": null, "REU_R64_NW": null, "BOM_LAT": null, "BOM_LON": null, "BOM_TYPE": null, "BOM_WIND": null, "BOM_PRES": null, "BOM_TNUM": -999.9, "BOM_CI": -999.9, "BOM_RMW": null, "BOM_R34_NE": null, "BOM_R34_SE": null, "BOM_R34_SW": null, "BOM_R34_NW": null, "BOM_R50_NE": null, "BOM_R50_SE": null, "BOM_R50_SW": null, "BOM_R50_NW": null, "BOM_R64_NE": null, "BOM_R64_SE": null, "BOM_R64_SW": null, "BOM_R64_NW": null, "BOM_ROCI": null, "BOM_POCI": null, "BOM_EYE": null, "BOM_POS_FL": null, "BOM_PRS_FL": null, "NAD_LAT": null, "NAD_LON": null, "NAD_CAT": null, "NAD_WIND": null, "NAD_PRES": null, "WEL_LAT": null, "WEL_LON": null, "WEL_WIND": null, "WEL_PRES": null, "DS8_LAT": null, "DS8_LON": null, "DS8_STAGE": null, "DS8_WIND": null, "DS8_PRES": null, "TD6_LAT": null, "TD6_LON": null, "TD6_STAGE": null, "TD6_WIND": null, "TD6_PRES": null, "TD5_LAT": null, "TD5_LON": null, "TD5_WIND": null, "TD5_PRES": null, "TD5_ROCI": null, "NEU_LAT": null, "NEU_LON": null, "NEU_CLASS": null, "NEU_WIND": null, "NEU_PRES": null, "MLC_LAT": null, "MLC_LON": null, "MLC_CLASS": null, "MLC_WIND": null, "MLC_PRES": null, "USA_GUST": 130.0, "BOM_GUST": null, "BOM_GUSTP": null, "REU_GUST": null, "REU_GUSTP": null, "USA_SEAHGT": 12.0, "USA_SEA_NE": 360.0, "USA_SEA_SE": 240.0, "USA_SEA_SW": 150.0, "USA_SEA_NW": 390.0, "STORM_SPD": 8, "STORM_DR": 345, "year": 2017, "month": 9, "day": 23, "hour": 12, "min": 0 }, "geometry": { "type": "LineString", "coordinates": [ [ -72.0999755859375, 25.100000381469727 ], [ -72.199951171875, 25.5 ] ] } },
{ "type": "Feature", "properties": { "SID": "2017260N12310", "SEASON": 2017, "NUMBER": 78, "BASIN": "NA", "SUBBASIN": "NA", "NAME": "MARIA", "ISO_TIME": "2017-09-23 15:00:00", "NATURE": "TS", "LAT": 25.5, "LON": -72.2, "WMO_WIND": 0.0, "WMO_PRES": null, "WMO_AGENCY": null, "TRACK_TYPE": "main", "DIST2LAND": 487, "LANDFALL": 487, "IFLAG": "P______________", "USA_AGENCY": null, "USA_ATCFID": "AL152017", "USA_LAT": 25.5, "USA_LON": -72.2, "USA_RECORD": null, "USA_STATUS": "HU", "USA_WIND": 100.0, "USA_PRES": 952.0, "USA_SSHS": 3, "USA_R34_NE": 190.0, "USA_R34_SE": 185.0, "USA_R34_SW": 100.0, "USA_R34_NW": 150.0, "USA_R50_NE": 90.0, "USA_R50_SE": 85.0, "USA_R50_SW": 60.0, "USA_R50_NW": 75.0, "USA_R64_NE": 50.0, "USA_R64_SE": 40.0, "USA_R64_SW": 35.0, "USA_R64_NW": 43.0, "USA_POCI": 1008.0, "USA_ROCI": 210.0, "USA_RMW": 20.0, "USA_EYE": null, "TOK_LAT": null, "TOK_LON": null, "TOK_GRADE": null, "TOK_WIND": null, "TOK_PRES": null, "TOK_R50_DR": null, "TOK_R50_L": null, "TOK_R50_S": null, "TOK_R30_DR": null, "TOK_R30_L": null, "TOK_R30_S": null, "TOK_LAND": null, "CMA_LAT": null, "CMA_LON": null, "CMA_CAT": null, "CMA_WIND": null, "CMA_PRES": null, "HKO_LAT": null, "HKO_LON": null, "HKO_CAT": null, "HKO_WIND": null, "HKO_PRES": null, "KMA_LAT": null, "KMA_LON": null, "KMA_CAT": null, "KMA_WIND": null, "KMA_PRES": null, "KMA_R50_DR": null, "KMA_R50_L": null, "KMA_R50_S": null, "KMA_R30_DR": null, "KMA_R30_L": null, "KMA_R30_S": null, "NEW_LAT": null, "NEW_LON": null, "NEW_GRADE": null, "NEW_WIND": null, "NEW_PRES": null, "NEW_CI": -999.9, "NEW_DP": null, "NEW_POCI": null, "REU_LAT": null, "REU_LON": null, "REU_TYPE": null, "REU_WIND": null, "REU_PRES": null, "REU_TNUM": -999.9, "REU_CI": -999.9, "REU_RMW": null, "REU_R34_NE": null, "REU_R34_SE": null, "REU_R34_SW": null, "REU_R34_NW": null, "REU_R50_NE": null, "REU_R50_SE": null, "REU_R50_SW": null, "REU_R50_NW": null, "REU_R64_NE": null, "REU_R64_SE": null, "REU_R64_SW": null, "REU_R64_NW": null, "BOM_LAT": null, "BOM_LON": null, "BOM_TYPE": null, "BOM_WIND": null, "BOM_PRES": null, "BOM_TNUM": -999.9, "BOM_CI": -999.9, "BOM_RMW": null, "BOM_R34_NE": null, "BOM_R34_SE": null, "BOM_R34_SW": null, "BOM_R34_NW": null, "BOM_R50_NE": null, "BOM_R50_SE": null, "BOM_R50_SW": null, "BOM_R50_NW": null, "BOM_R64_NE": null, "BOM_R64_SE": null, "BOM_R64_SW": null, "BOM_R64_NW": null, "BOM_ROCI": null, "BOM_POCI": null, "BOM_EYE": null, "BOM_POS_FL": null, "BOM_PRS_FL": null, "NAD_LAT": null, "NAD_LON": null, "NAD_CAT": null, "NAD_WIND": null, "NAD_PRES": null, "WEL_LAT": null, "WEL_LON": null, "WEL_WIND": null, "WEL_PRES": null, "DS8_LAT": null, "DS8_LON": null, "DS8_STAGE": null, "DS8_WIND": null, "DS8_PRES": null, "TD6_LAT": null, "TD6_LON": null, "TD6_STAGE": null, "TD6_WIND": null, "TD6_PRES": null, "TD5_LAT": null, "TD5_LON": null, "TD5_WIND": null, "TD5_PRES": null, "TD5_ROCI": null, "NEU_LAT": null, "NEU_LON": null, "NEU_CLASS": null, "NEU_WIND": null, "NEU_PRES": null, "MLC_LAT": null, "MLC_LON": null, "MLC_CLASS": null, "MLC_WIND": null, "MLC_PRES": null, "USA_GUST": null, "BOM_GUST": null, "BOM_GUSTP": null, "REU_GUST": null, "REU_GUSTP": null, "USA_SEAHGT": 12.0, "USA_SEA_NE": 330.0, "USA_SEA_SE": 270.0, "USA_SEA_SW": 150.0, "USA_SEA_NW": 345.0, "STORM_SPD": 8, "STORM_DR": 345, "year": 2017, "month": 9, "day": 23, "hour": 15, "min": 0 }, "geometry": { "type": "LineString", "coordinates": [ [ -72.199951171875, 25.5 ], [ -72.300048828125, 25.899999618530273 ] ] } },
{ "type": "Feature", "properties": { "SID": "2017260N12310", "SEASON": 2017, "NUMBER": 78, "BASIN": "NA", "SUBBASIN": "NA", "NAME": "MARIA", "ISO_TIME": "2017-09-23 18:00:00", "NATURE": "TS", "LAT": 25.9, "LON": -72.3, "WMO_WIND": 100.0, "WMO_PRES": 952.0, "WMO_AGENCY": "hurdat_atl", "TRACK_TYPE": "main", "DIST2LAND": 530, "LANDFALL": 530, "IFLAG": "O______________", "USA_AGENCY": "hurdat_atl", "USA_ATCFID": "AL152017", "USA_LAT": 25.9, "USA_LON": -72.3, "USA_RECORD": null, "USA_STATUS": "HU", "USA_WIND": 100.0, "USA_PRES": 952.0, "USA_SSHS": 3, "USA_R34_NE": 210.0, "USA_R34_SE": 200.0, "USA_R34_SW": 100.0, "USA_R34_NW": 150.0, "USA_R50_NE": 90.0, "USA_R50_SE": 80.0, "USA_R50_SW": 60.0, "USA_R50_NW": 80.0, "USA_R64_NE": 50.0, "USA_R64_SE": 40.0, "USA_R64_SW": 35.0, "USA_R64_NW": 45.0, "USA_POCI": 1008.0, "USA_ROCI": 210.0, "USA_RMW": 20.0, "USA_EYE": null, "TOK_LAT": null, "TOK_LON": null, "TOK_GRADE": null, "TOK_WIND": null, "TOK_PRES": null, "TOK_R50_DR": null, "TOK_R50_L": null, "TOK_R50_S": null, "TOK_R30_DR": null, "TOK_R30_L": null, "TOK_R30_S": null, "TOK_LAND": null, "CMA_LAT": null, "CMA_LON": null, "CMA_CAT": null, "CMA_WIND": null, "CMA_PRES": null, "HKO_LAT": null, "HKO_LON": null, "HKO_CAT": null, "HKO_WIND": null, "HKO_PRES": null, "KMA_LAT": null, "KMA_LON": null, "KMA_CAT": null, "KMA_WIND": null, "KMA_PRES": null, "KMA_R50_DR": null, "KMA_R50_L": null, "KMA_R50_S": null, "KMA_R30_DR": null, "KMA_R30_L": null, "KMA_R30_S": null, "NEW_LAT": null, "NEW_LON": null, "NEW_GRADE": null, "NEW_WIND": null, "NEW_PRES": null, "NEW_CI": -999.9, "NEW_DP": null, "NEW_POCI": null, "REU_LAT": null, "REU_LON": null, "REU_TYPE": null, "REU_WIND": null, "REU_PRES": null, "REU_TNUM": -999.9, "REU_CI": -999.9, "REU_RMW": null, "REU_R34_NE": null, "REU_R34_SE": null, "REU_R34_SW": null, "REU_R34_NW": null, "REU_R50_NE": null, "REU_R50_SE": null, "REU_R50_SW": null, "REU_R50_NW": null, "REU_R64_NE": null, "REU_R64_SE": null, "REU_R64_SW": null, "REU_R64_NW": null, "BOM_LAT": null, "BOM_LON": null, "BOM_TYPE": null, "BOM_WIND": null, "BOM_PRES": null, "BOM_TNUM": -999.9, "BOM_CI": -999.9, "BOM_RMW": null, "BOM_R34_NE": null, "BOM_R34_SE": null, "BOM_R34_SW": null, "BOM_R34_NW": null, "BOM_R50_NE": null, "BOM_R50_SE": null, "BOM_R50_SW": null, "BOM_R50_NW": null, "BOM_R64_NE": null, "BOM_R64_SE": null, "BOM_R64_SW": null, "BOM_R64_NW": null, "BOM_ROCI": null, "BOM_POCI": null, "BOM_EYE": null, "BOM_POS_FL": null, "BOM_PRS_FL": null, "NAD_LAT": null, "NAD_LON": null, "NAD_CAT": null, "NAD_WIND": null, "NAD_PRES": null, "WEL_LAT": null, "WEL_LON": null, "WEL_WIND": null, "WEL_PRES": null, "DS8_LAT": null, "DS8_LON": null, "DS8_STAGE": null, "DS8_WIND": null, "DS8_PRES": null, "TD6_LAT": null, "TD6_LON": null, "TD6_STAGE": null, "TD6_WIND": null, "TD6_PRES": null, "TD5_LAT": null, "TD5_LON": null, "TD5_WIND": null, "TD5_PRES": null, "TD5_ROCI": null, "NEU_LAT": null, "NEU_LON": null, "NEU_CLASS": null, "NEU_WIND": null, "NEU_PRES": null, "MLC_LAT": null, "MLC_LON": null, "MLC_CLASS": null, "MLC_WIND": null, "MLC_PRES": null, "USA_GUST": 120.0, "BOM_GUST": null, "BOM_GUSTP": null, "REU_GUST": null, "REU_GUSTP": null, "USA_SEAHGT": 12.0, "USA_SEA_NE": 300.0, "USA_SEA_SE": 300.0, "USA_SEA_SW": 150.0, "USA_SEA_NW": 300.0, "STORM_SPD": 8, "STORM_DR": 350, "year": 2017, "month": 9, "day": 23, "hour": 18, "min": 0 }, "geometry": { "type": "LineString", "coordinates": [ [ -72.300048828125, 25.899999618530273 ], [ -72.4000244140625, 26.200000762939453 ] ] } },
{ "type": "Feature", "properties": { "SID": "2017260N12310", "SEASON": 2017, "NUMBER": 78, "BASIN": "NA", "SUBBASIN": "NA", "NAME": "MARIA", "ISO_TIME": "2017-09-23 21:00:00", "NATURE": "TS", "LAT": 26.2, "LON": -72.4, "WMO_WIND": 0.0, "WMO_PRES": null, "WMO_AGENCY": null, "TRACK_TYPE": "main", "DIST2LAND": 562, "LANDFALL": 562, "IFLAG": "P______________", "USA_AGENCY": null, "USA_ATCFID": "AL152017", "USA_LAT": 26.2, "USA_LON": -72.4, "USA_RECORD": null, "USA_STATUS": "HU", "USA_WIND": 100.0, "USA_PRES": 949.0, "USA_SSHS": 3, "USA_R34_NE": 210.0, "USA_R34_SE": 200.0, "USA_R34_SW": 100.0, "USA_R34_NW": 150.0, "USA_R50_NE": 95.0, "USA_R50_SE": 80.0, "USA_R50_SW": 60.0, "USA_R50_NW": 80.0, "USA_R64_NE": 50.0, "USA_R64_SE": 40.0, "USA_R64_SW": 35.0, "USA_R64_NW": 45.0, "USA_POCI": 1008.0, "USA_ROCI": 210.0, "USA_RMW": 20.0, "USA_EYE": null, "TOK_LAT": null, "TOK_LON": null, "TOK_GRADE": null, "TOK_WIND": null, "TOK_PRES": null, "TOK_R50_DR": null, "TOK_R50_L": null, "TOK_R50_S": null, "TOK_R30_DR": null, "TOK_R30_L": null, "TOK_R30_S": null, "TOK_LAND": null, "CMA_LAT": null, "CMA_LON": null, "CMA_CAT": null, "CMA_WIND": null, "CMA_PRES": null, "HKO_LAT": null, "HKO_LON": null, "HKO_CAT": null, "HKO_WIND": null, "HKO_PRES": null, "KMA_LAT": null, "KMA_LON": null, "KMA_CAT": null, "KMA_WIND": null, "KMA_PRES": null, "KMA_R50_DR": null, "KMA_R50_L": null, "KMA_R50_S": null, "KMA_R30_DR": null, "KMA_R30_L": null, "KMA_R30_S": null, "NEW_LAT": null, "NEW_LON": null, "NEW_GRADE": null, "NEW_WIND": null, "NEW_PRES": null, "NEW_CI": -999.9, "NEW_DP": null, "NEW_POCI": null, "REU_LAT": null, "REU_LON": null, "REU_TYPE": null, "REU_WIND": null, "REU_PRES": null, "REU_TNUM": -999.9, "REU_CI": -999.9, "REU_RMW": null, "REU_R34_NE": null, "REU_R34_SE": null, "REU_R34_SW": null, "REU_R34_NW": null, "REU_R50_NE": null, "REU_R50_SE": null, "REU_R50_SW": null, "REU_R50_NW": null, "REU_R64_NE": null, "REU_R64_SE": null, "REU_R64_SW": null, "REU_R64_NW": null, "BOM_LAT": null, "BOM_LON": null, "BOM_TYPE": null, "BOM_WIND": null, "BOM_PRES": null, "BOM_TNUM": -999.9, "BOM_CI": -999.9, "BOM_RMW": null, "BOM_R34_NE": null, "BOM_R34_SE": null, "BOM_R34_SW": null, "BOM_R34_NW": null, "BOM_R50_NE": null, "BOM_R50_SE": null, "BOM_R50_SW": null, "BOM_R50_NW": null, "BOM_R64_NE": null, "BOM_R64_SE": null, "BOM_R64_SW": null, "BOM_R64_NW": null, "BOM_ROCI": null, "BOM_POCI": null, "BOM_EYE": null, "BOM_POS_FL": null, "BOM_PRS_FL": null, "NAD_LAT": null, "NAD_LON": null, "NAD_CAT": null, "NAD_WIND": null, "NAD_PRES": null, "WEL_LAT": null, "WEL_LON": null, "WEL_WIND": null, "WEL_PRES": null, "DS8_LAT": null, "DS8_LON": null, "DS8_STAGE": null, "DS8_WIND": null, "DS8_PRES": null, "TD6_LAT": null, "TD6_LON": null, "TD6_STAGE": null, "TD6_WIND": null, "TD6_PRES": null, "TD5_LAT": null, "TD5_LON": null, "TD5_WIND": null, "TD5_PRES": null, "TD5_ROCI": null, "NEU_LAT": null, "NEU_LON": null, "NEU_CLASS": null, "NEU_WIND": null, "NEU_PRES": null, "MLC_LAT": null, "MLC_LON": null, "MLC_CLASS": null, "MLC_WIND": null, "MLC_PRES": null, "USA_GUST": null, "BOM_GUST": null, "BOM_GUSTP": null, "REU_GUST": null, "REU_GUSTP": null, "USA_SEAHGT": 12.0, "USA_SEA_NE": 315.0, "USA_SEA_SE": 300.0, "USA_SEA_SW": 165.0, "USA_SEA_NW": 315.0, "STORM_SPD": 7, "STORM_DR": 355, "year": 2017, "month": 9, "day": 23, "hour": 21, "min": 0 }, "geometry": { "type": "LineString", "coordinates": [ [ -72.4000244140625, 26.200000762939453 ], [ -72.4000244140625, 26.600000381469727 ] ] } },
{ "type": "Feature", "properties": { "SID": "2017260N12310", "SEASON": 2017, "NUMBER": 78, "BASIN": "NA", "SUBBASIN": "NA", "NAME": "MARIA", "ISO_TIME": "2017-09-24 00:00:00", "NATURE": "TS", "LAT": 26.6, "LON": -72.4, "WMO_WIND": 100.0, "WMO_PRES": 945.0, "WMO_AGENCY": "hurdat_atl", "TRACK_TYPE": "main", "DIST2LAND": 580, "LANDFALL": 580, "IFLAG": "O______________", "USA_AGENCY": "hurdat_atl", "USA_ATCFID": "AL152017", "USA_LAT": 26.6, "USA_LON": -72.4, "USA_RECORD": null, "USA_STATUS": "HU", "USA_WIND": 100.0, "USA_PRES": 945.0, "USA_SSHS": 3, "USA_R34_NE": 210.0, "USA_R34_SE": 200.0, "USA_R34_SW": 100.0, "USA_R34_NW": 150.0, "USA_R50_NE": 100.0, "USA_R50_SE": 80.0, "USA_R50_SW": 60.0, "USA_R50_NW": 80.0, "USA_R64_NE": 50.0, "USA_R64_SE": 40.0, "USA_R64_SW": 35.0, "USA_R64_NW": 45.0, "USA_POCI": 1008.0, "USA_ROCI": 210.0, "USA_RMW": 20.0, "USA_EYE": null, "TOK_LAT": null, "TOK_LON": null, "TOK_GRADE": null, "TOK_WIND": null, "TOK_PRES": null, "TOK_R50_DR": null, "TOK_R50_L": null, "TOK_R50_S": null, "TOK_R30_DR": null, "TOK_R30_L": null, "TOK_R30_S": null, "TOK_LAND": null, "CMA_LAT": null, "CMA_LON": null, "CMA_CAT": null, "CMA_WIND": null, "CMA_PRES": null, "HKO_LAT": null, "HKO_LON": null, "HKO_CAT": null, "HKO_WIND": null, "HKO_PRES": null, "KMA_LAT": null, "KMA_LON": null, "KMA_CAT": null, "KMA_WIND": null, "KMA_PRES": null, "KMA_R50_DR": null, "KMA_R50_L": null, "KMA_R50_S": null, "KMA_R30_DR": null, "KMA_R30_L": null, "KMA_R30_S": null, "NEW_LAT": null, "NEW_LON": null, "NEW_GRADE": null, "NEW_WIND": null, "NEW_PRES": null, "NEW_CI": -999.9, "NEW_DP": null, "NEW_POCI": null, "REU_LAT": null, "REU_LON": null, "REU_TYPE": null, "REU_WIND": null, "REU_PRES": null, "REU_TNUM": -999.9, "REU_CI": -999.9, "REU_RMW": null, "REU_R34_NE": null, "REU_R34_SE": null, "REU_R34_SW": null, "REU_R34_NW": null, "REU_R50_NE": null, "REU_R50_SE": null, "REU_R50_SW": null, "REU_R50_NW": null, "REU_R64_NE": null, "REU_R64_SE": null, "REU_R64_SW": null, "REU_R64_NW": null, "BOM_LAT": null, "BOM_LON": null, "BOM_TYPE": null, "BOM_WIND": null, "BOM_PRES": null, "BOM_TNUM": -999.9, "BOM_CI": -999.9, "BOM_RMW": null, "BOM_R34_NE": null, "BOM_R34_SE": null, "BOM_R34_SW": null, "BOM_R34_NW": null, "BOM_R50_NE": null, "BOM_R50_SE": null, "BOM_R50_SW": null, "BOM_R50_NW": null, "BOM_R64_NE": null, "BOM_R64_SE": null, "BOM_R64_SW": null, "BOM_R64_NW": null, "BOM_ROCI": null, "BOM_POCI": null, "BOM_EYE": null, "BOM_POS_FL": null, "BOM_PRS_FL": null, "NAD_LAT": null, "NAD_LON": null, "NAD_CAT": null, "NAD_WIND": null, "NAD_PRES": null, "WEL_LAT": null, "WEL_LON": null, "WEL_WIND": null, "WEL_PRES": null, "DS8_LAT": null, "DS8_LON": null, "DS8_STAGE": null, "DS8_WIND": null, "DS8_PRES": null, "TD6_LAT": null, "TD6_LON": null, "TD6_STAGE": null, "TD6_WIND": null, "TD6_PRES": null, "TD5_LAT": null, "TD5_LON": null, "TD5_WIND": null, "TD5_PRES": null, "TD5_ROCI": null, "NEU_LAT": null, "NEU_LON": null, "NEU_CLASS": null, "NEU_WIND": null, "NEU_PRES": null, "MLC_LAT": null, "MLC_LON": null, "MLC_CLASS": null, "MLC_WIND": null, "MLC_PRES": null, "USA_GUST": 120.0, "BOM_GUST": null, "BOM_GUSTP": null, "REU_GUST": null, "REU_GUSTP": null, "USA_SEAHGT": 12.0, "USA_SEA_NE": 330.0, "USA_SEA_SE": 300.0, "USA_SEA_SW": 180.0, "USA_SEA_NW": 330.0, "STORM_SPD": 8, "STORM_DR": 350, "year": 2017, "month": 9, "day": 24, "hour": 0, "min": 0 }, "geometry": { "type": "LineString", "coordinates": [ [ -72.4000244140625, 26.600000381469727 ], [ -72.5, 27.0 ] ] } },
{ "type": "Feature", "properties": { "SID": "2017260N12310", "SEASON": 2017, "NUMBER": 78, "BASIN": "NA", "SUBBASIN": "NA", "NAME": "MARIA", "ISO_TIME": "2017-09-24 03:00:00", "NATURE": "TS", "LAT": 27.0, "LON": -72.5, "WMO_WIND": 0.0, "WMO_PRES": null, "WMO_AGENCY": null, "TRACK_TYPE": "main", "DIST2LAND": 588, "LANDFALL": 588, "IFLAG": "P______________", "USA_AGENCY": null, "USA_ATCFID": "AL152017", "USA_LAT": 27.0, "USA_LON": -72.5, "USA_RECORD": null, "USA_STATUS": "HU", "USA_WIND": 98.0, "USA_PRES": 944.0, "USA_SSHS": 3, "USA_R34_NE": 210.0, "USA_R34_SE": 200.0, "USA_R34_SW": 110.0, "USA_R34_NW": 155.0, "USA_R50_NE": 100.0, "USA_R50_SE": 80.0, "USA_R50_SW": 60.0, "USA_R50_NW": 80.0, "USA_R64_NE": 50.0, "USA_R64_SE": 40.0, "USA_R64_SW": 35.0, "USA_R64_NW": 45.0, "USA_POCI": 1008.0, "USA_ROCI": 210.0, "USA_RMW": 20.0, "USA_EYE": null, "TOK_LAT": null, "TOK_LON": null, "TOK_GRADE": null, "TOK_WIND": null, "TOK_PRES": null, "TOK_R50_DR": null, "TOK_R50_L": null, "TOK_R50_S": null, "TOK_R30_DR": null, "TOK_R30_L": null, "TOK_R30_S": null, "TOK_LAND": null, "CMA_LAT": null, "CMA_LON": null, "CMA_CAT": null, "CMA_WIND": null, "CMA_PRES": null, "HKO_LAT": null, "HKO_LON": null, "HKO_CAT": null, "HKO_WIND": null, "HKO_PRES": null, "KMA_LAT": null, "KMA_LON": null, "KMA_CAT": null, "KMA_WIND": null, "KMA_PRES": null, "KMA_R50_DR": null, "KMA_R50_L": null, "KMA_R50_S": null, "KMA_R30_DR": null, "KMA_R30_L": null, "KMA_R30_S": null, "NEW_LAT": null, "NEW_LON": null, "NEW_GRADE": null, "NEW_WIND": null, "NEW_PRES": null, "NEW_CI": -999.9, "NEW_DP": null, "NEW_POCI": null, "REU_LAT": null, "REU_LON": null, "REU_TYPE": null, "REU_WIND": null, "REU_PRES": null, "REU_TNUM": -999.9, "REU_CI": -999.9, "REU_RMW": null, "REU_R34_NE": null, "REU_R34_SE": null, "REU_R34_SW": null, "REU_R34_NW": null, "REU_R50_NE": null, "REU_R50_SE": null, "REU_R50_SW": null, "REU_R50_NW": null, "REU_R64_NE": null, "REU_R64_SE": null, "REU_R64_SW": null, "REU_R64_NW": null, "BOM_LAT": null, "BOM_LON": null, "BOM_TYPE": null, "BOM_WIND": null, "BOM_PRES": null, "BOM_TNUM": -999.9, "BOM_CI": -999.9, "BOM_RMW": null, "BOM_R34_NE": null, "BOM_R34_SE": null, "BOM_R34_SW": null, "BOM_R34_NW": null, "BOM_R50_NE": null, "BOM_R50_SE": null, "BOM_R50_SW": null, "BOM_R50_NW": null, "BOM_R64_NE": null, "BOM_R64_SE": null, "BOM_R64_SW": null, "BOM_R64_NW": null, "BOM_ROCI": null, "BOM_POCI": null, "BOM_EYE": null, "BOM_POS_FL": null, "BOM_PRS_FL": null, "NAD_LAT": null, "NAD_LON": null, "NAD_CAT": null, "NAD_WIND": null, "NAD_PRES": null, "WEL_LAT": null, "WEL_LON": null, "WEL_WIND": null, "WEL_PRES": null, "DS8_LAT": null, "DS8_LON": null, "DS8_STAGE": null, "DS8_WIND": null, "DS8_PRES": null, "TD6_LAT": null, "TD6_LON": null, "TD6_STAGE": null, "TD6_WIND": null, "TD6_PRES": null, "TD5_LAT": null, "TD5_LON": null, "TD5_WIND": null, "TD5_PRES": null, "TD5_ROCI": null, "NEU_LAT": null, "NEU_LON": null, "NEU_CLASS": null, "NEU_WIND": null, "NEU_PRES": null, "MLC_LAT": null, "MLC_LON": null, "MLC_CLASS": null, "MLC_WIND": null, "MLC_PRES": null, "USA_GUST": null, "BOM_GUST": null, "BOM_GUSTP": null, "REU_GUST": null, "REU_GUSTP": null, "USA_SEAHGT": 12.0, "USA_SEA_NE": 330.0, "USA_SEA_SE": 300.0, "USA_SEA_SW": 195.0, "USA_SEA_NW": 345.0, "STORM_SPD": 9, "STORM_DR": 350, "year": 2017, "month": 9, "day": 24, "hour": 3, "min": 0 }, "geometry": { "type": "LineString", "coordinates": [ [ -72.5, 27.0 ], [ -72.5999755859375, 27.5 ] ] } },
{ "type": "Feature", "properties": { "SID": "2019236N10314", "SEASON": 2019, "NUMBER": 53, "BASIN": "NA", "SUBBASIN": "NA", "NAME": "DORIAN", "ISO_TIME": "2019-08-30 15:00:00", "NATURE": "TS", "LAT": 24.6, "LON": -69.9, "WMO_WIND": 0.0, "WMO_PRES": null, "WMO_AGENCY": null, "TRACK_TYPE": "main", "DIST2LAND": 495, "LANDFALL": 484, "IFLAG": "P______________", "USA_AGENCY": null, "USA_ATCFID": "AL052019", "USA_LAT": 24.6, "USA_LON": -69.9, "USA_RECORD": null, "USA_STATUS": "HU", "USA_WIND": 98.0, "USA_PRES": 970.0, "USA_SSHS": 3, "USA_R34_NE": 90.0, "USA_R34_SE": 80.0, "USA_R34_SW": 55.0, "USA_R34_NW": 75.0, "USA_R50_NE": 45.0, "USA_R50_SE": 45.0, "USA_R50_SW": 35.0, "USA_R50_NW": 35.0, "USA_R64_NE": 23.0, "USA_R64_SE": 20.0, "USA_R64_SW": 13.0, "USA_R64_NW": 18.0, "USA_POCI": 1012.0, "USA_ROCI": 120.0, "USA_RMW": 10.0, "USA_EYE": null, "TOK_LAT": null, "TOK_LON": null, "TOK_GRADE": null, "TOK_WIND": null, "TOK_PRES": null, "TOK_R50_DR": null, "TOK_R50_L": null, "TOK_R50_S": null, "TOK_R30_DR": null, "TOK_R30_L": null, "TOK_R30_S": null, "TOK_LAND": null, "CMA_LAT": null, "CMA_LON": null, "CMA_CAT": null, "CMA_WIND": null, "CMA_PRES": null, "HKO_LAT": null, "HKO_LON": null, "HKO_CAT": null, "HKO_WIND": null, "HKO_PRES": null, "KMA_LAT": null, "KMA_LON": null, "KMA_CAT": null, "KMA_WIND": null, "KMA_PRES": null, "KMA_R50_DR": null, "KMA_R50_L": null, "KMA_R50_S": null, "KMA_R30_DR": null, "KMA_R30_L": null, "KMA_R30_S": null, "NEW_LAT": null, "NEW_LON": null, "NEW_GRADE": null, "NEW_WIND": null, "NEW_PRES": null, "NEW_CI": -999.9, "NEW_DP": null, "NEW_POCI": null, "REU_LAT": null, "REU_LON": null, "REU_TYPE": null, "REU_WIND": null, "REU_PRES": null, "REU_TNUM": -999.9, "REU_CI": -999.9, "REU_RMW": null, "REU_R34_NE": null, "REU_R34_SE": null, "REU_R34_SW": null, "REU_R34_NW": null, "REU_R50_NE": null, "REU_R50_SE": null, "REU_R50_SW": null, "REU_R50_NW": null, "REU_R64_NE": null, "REU_R64_SE": null, "REU_R64_SW": null, "REU_R64_NW": null, "BOM_LAT": null, "BOM_LON": null, "BOM_TYPE": null, "BOM_WIND": null, "BOM_PRES": null, "BOM_TNUM": -999.9, "BOM_CI": -999.9, "BOM_RMW": null, "BOM_R34_NE": null, "BOM_R34_SE": null, "BOM_R34_SW": null, "BOM_R34_NW": null, "BOM_R50_NE": null, "BOM_R50_SE": null, "BOM_R50_SW": null, "BOM_R50_NW": null, "BOM_R64_NE": null, "BOM_R64_SE": null, "BOM_R64_SW": null, "BOM_R64_NW": null, "BOM_ROCI": null, "BOM_POCI": null, "BOM_EYE": null, "BOM_POS_FL": null, "BOM_PRS_FL": null, "NAD_LAT": null, "NAD_LON": null, "NAD_CAT": null, "NAD_WIND": null, "NAD_PRES": null, "WEL_LAT": null, "WEL_LON": null, "WEL_WIND": null, "WEL_PRES": null, "DS8_LAT": null, "DS8_LON": null, "DS8_STAGE": null, "DS8_WIND": null, "DS8_PRES": null, "TD6_LAT": null, "TD6_LON": null, "TD6_STAGE": null, "TD6_WIND": null, "TD6_PRES": null, "TD5_LAT": null, "TD5_LON": null, "TD5_WIND": null, "TD5_PRES": null, "TD5_ROCI": null, "NEU_LAT": null, "NEU_LON": null, "NEU_CLASS": null, "NEU_WIND": null, "NEU_PRES": null, "MLC_LAT": null, "MLC_LON": null, "MLC_CLASS": null, "MLC_WIND": null, "MLC_PRES": null, "USA_GUST": null, "BOM_GUST": null, "BOM_GUSTP": null, "REU_GUST": null, "REU_GUSTP": null, "USA_SEAHGT": 12.0, "USA_SEA_NE": 105.0, "USA_SEA_SE": 90.0, "USA_SEA_SW": 60.0, "USA_SEA_NW": 105.0, "STORM_SPD": 9, "STORM_DR": 305, "year": 2019, "month": 8, "day": 30, "hour": 15, "min": 0 }, "geometry": { "type": "LineString", "coordinates": [ [ -69.9000244140625, 24.600000381469727 ], [ -70.300048828125, 24.799999237060547 ] ] } },
{ "type": "Feature", "properties": { "SID": "2019236N10314", "SEASON": 2019, "NUMBER": 53, "BASIN": "NA", "SUBBASIN": "NA", "NAME": "DORIAN", "ISO_TIME": "2019-08-30 18:00:00", "NATURE": "TS", "LAT": 24.8, "LON": -70.3, "WMO_WIND": 100.0, "WMO_PRES": 968.0, "WMO_AGENCY": "hurdat_atl", "TRACK_TYPE": "main", "DIST2LAND": 488, "LANDFALL": 482, "IFLAG": "O______________", "USA_AGENCY": "hurdat_atl", "USA_ATCFID": "AL052019", "USA_LAT": 24.8, "USA_LON": -70.3, "USA_RECORD": null, "USA_STATUS": "HU", "USA_WIND": 100.0, "USA_PRES": 968.0, "USA_SSHS": 3, "USA_R34_NE": 90.0, "USA_R34_SE": 80.0, "USA_R34_SW": 60.0, "USA_R34_NW": 80.0, "USA_R50_NE": 50.0, "USA_R50_SE": 50.0, "USA_R50_SW": 40.0, "USA_R50_NW": 40.0, "USA_R64_NE": 25.0, "USA_R64_SE": 25.0, "USA_R64_SW": 15.0, "USA_R64_NW": 20.0, "USA_POCI": 1012.0, "USA_ROCI": 120.0, "USA_RMW": 10.0, "USA_EYE": null, "TOK_LAT": null, "TOK_LON": null, "TOK_GRADE": null, "TOK_WIND": null, "TOK_PRES": null, "TOK_R50_DR": null, "TOK_R50_L": null, "TOK_R50_S": null, "TOK_R30_DR": null, "TOK_R30_L": null, "TOK_R30_S": null, "TOK_LAND": null, "CMA_LAT": null, "CMA_LON": null, "CMA_CAT": null, "CMA_WIND": null, "CMA_PRES": null, "HKO_LAT": null, "HKO_LON": null, "HKO_CAT": null, "HKO_WIND": null, "HKO_PRES": null, "KMA_LAT": null, "KMA_LON": null, "KMA_CAT": null, "KMA_WIND": null, "KMA_PRES": null, "KMA_R50_DR": null, "KMA_R50_L": null, "KMA_R50_S": null, "KMA_R30_DR": null, "KMA_R30_L": null, "KMA_R30_S": null, "NEW_LAT": null, "NEW_LON": null, "NEW_GRADE": null, "NEW_WIND": null, "NEW_PRES": null, "NEW_CI": -999.9, "NEW_DP": null, "NEW_POCI": null, "REU_LAT": null, "REU_LON": null, "REU_TYPE": null, "REU_WIND": null, "REU_PRES": null, "REU_TNUM": -999.9, "REU_CI": -999.9, "REU_RMW": null, "REU_R34_NE": null, "REU_R34_SE": null, "REU_R34_SW": null, "REU_R34_NW": null, "REU_R50_NE": null, "REU_R50_SE": null, "REU_R50_SW": null, "REU_R50_NW": null, "REU_R64_NE": null, "REU_R64_SE": null, "REU_R64_SW": null, "REU_R64_NW": null, "BOM_LAT": null, "BOM_LON": null, "BOM_TYPE": null, "BOM_WIND": null, "BOM_PRES": null, "BOM_TNUM": -999.9, "BOM_CI": -999.9, "BOM_RMW": null, "BOM_R34_NE": null, "BOM_R34_SE": null, "BOM_R34_SW": null, "BOM_R34_NW": null, "BOM_R50_NE": null, "BOM_R50_SE": null, "BOM_R50_SW": null, "BOM_R50_NW": null, "BOM_R64_NE": null, "BOM_R64_SE": null, "BOM_R64_SW": null, "BOM_R64_NW": null, "BOM_ROCI": null, "BOM_POCI": null, "BOM_EYE": null, "BOM_POS_FL": null, "BOM_PRS_FL": null, "NAD_LAT": null, "NAD_LON": null, "NAD_CAT": null, "NAD_WIND": null, "NAD_PRES": null, "WEL_LAT": null, "WEL_LON": null, "WEL_WIND": null, "WEL_PRES": null, "DS8_LAT": null, "DS8_LON": null, "DS8_STAGE": null, "DS8_WIND": null, "DS8_PRES": null, "TD6_LAT": null, "TD6_LON": null, "TD6_STAGE": null, "TD6_WIND": null, "TD6_PRES": null, "TD5_LAT": null, "TD5_LON": null, "TD5_WIND": null, "TD5_PRES": null, "TD5_ROCI": null, "NEU_LAT": null, "NEU_LON": null, "NEU_CLASS": null, "NEU_WIND": null, "NEU_PRES": null, "MLC_LAT": null, "MLC_LON": null, "MLC_CLASS": null, "MLC_WIND": null, "MLC_PRES": null, "USA_GUST": 120.0, "BOM_GUST": null, "BOM_GUSTP": null, "REU_GUST": null, "REU_GUSTP": null, "USA_SEAHGT": 12.0, "USA_SEA_NE": 105.0, "USA_SEA_SE": 90.0, "USA_SEA_SW": 60.0, "USA_SEA_NW": 105.0, "STORM_SPD": 9, "STORM_DR": 305, "year": 2019, "month": 8, "day": 30, "hour": 18, "min": 0 }, "geometry": { "type": "LineString", "coordinates": [ [ -70.300048828125, 24.799999237060547 ], [ -70.699951171875, 25.100000381469727 ] ] } },
{ "type": "Feature", "properties": { "SID": "2019236N10314", "SEASON": 2019, "NUMBER": 53, "BASIN": "NA", "SUBBASIN": "NA", "NAME": "DORIAN", "ISO_TIME": "2019-08-30 21:00:00", "NATURE": "TS", "LAT": 25.1, "LON": -70.7, "WMO_WIND": 0.0, "WMO_PRES": null, "WMO_AGENCY": null, "TRACK_TYPE": "main", "DIST2LAND": 495, "LANDFALL": 490, "IFLAG": "P______________", "USA_AGENCY": null, "USA_ATCFID": "AL052019", "USA_LAT": 25.1, "USA_LON": -70.7, "USA_RECORD": null, "USA_STATUS": "HU", "USA_WIND": 108.0, "USA_PRES": 959.0, "USA_SSHS": 3, "USA_R34_NE": 90.0, "USA_R34_SE": 85.0, "USA_R34_SW": 60.0, "USA_R34_NW": 80.0, "USA_R50_NE": 50.0, "USA_R50_SE": 50.0, "USA_R50_SW": 40.0, "USA_R50_NW": 40.0, "USA_R64_NE": 25.0, "USA_R64_SE": 25.0, "USA_R64_SW": 15.0, "USA_R64_NW": 20.0, "USA_POCI": 1012.0, "USA_ROCI": 120.0, "USA_RMW": 10.0, "USA_EYE": null, "TOK_LAT": null, "TOK_LON": null, "TOK_GRADE": null, "TOK_WIND": null, "TOK_PRES": null, "TOK_R50_DR": null, "TOK_R50_L": null, "TOK_R50_S": null, "TOK_R30_DR": null, "TOK_R30_L": null, "TOK_R30_S": null, "TOK_LAND": null, "CMA_LAT": null, "CMA_LON": null, "CMA_CAT": null, "CMA_WIND": null, "CMA_PRES": null, "HKO_LAT": null, "HKO_LON": null, "HKO_CAT": null, "HKO_WIND": null, "HKO_PRES": null, "KMA_LAT": null, "KMA_LON": null, "KMA_CAT": null, "KMA_WIND": null, "KMA_PRES": null, "KMA_R50_DR": null, "KMA_R50_L": null, "KMA_R50_S": null, "KMA_R30_DR": null, "KMA_R30_L": null, "KMA_R30_S": null, "NEW_LAT": null, "NEW_LON": null, "NEW_GRADE": null, "NEW_WIND": null, "NEW_PRES": null, "NEW_CI": -999.9, "NEW_DP": null, "NEW_POCI": null, "REU_LAT": null, "REU_LON": null, "REU_TYPE": null, "REU_WIND": null, "REU_PRES": null, "REU_TNUM": -999.9, "REU_CI": -999.9, "REU_RMW": null, "REU_R34_NE": null, "REU_R34_SE": null, "REU_R34_SW": null, "REU_R34_NW": null, "REU_R50_NE": null, "REU_R50_SE": null, "REU_R50_SW": null, "REU_R50_NW": null, "REU_R64_NE": null, "REU_R64_SE": null, "REU_R64_SW": null, "REU_R64_NW": null, "BOM_LAT": null, "BOM_LON": null, "BOM_TYPE": null, "BOM_WIND": null, "BOM_PRES": null, "BOM_TNUM": -999.9, "BOM_CI": -999.9, "BOM_RMW": null, "BOM_R34_NE": null, "BOM_R34_SE": null, "BOM_R34_SW": null, "BOM_R34_NW": null, "BOM_R50_NE": null, "BOM_R50_SE": null, "BOM_R50_SW": null, "BOM_R50_NW": null, "BOM_R64_NE": null, "BOM_R64_SE": null, "BOM_R64_SW": null, "BOM_R64_NW": null, "BOM_ROCI": null, "BOM_POCI": null, "BOM_EYE": null, "BOM_POS_FL": null, "BOM_PRS_FL": null, "NAD_LAT": null, "NAD_LON": null, "NAD_CAT": null, "NAD_WIND": null, "NAD_PRES": null, "WEL_LAT": null, "WEL_LON": null, "WEL_WIND": null, "WEL_PRES": null, "DS8_LAT": null, "DS8_LON": null, "DS8_STAGE": null, "DS8_WIND": null, "DS8_PRES": null, "TD6_LAT": null, "TD6_LON": null, "TD6_STAGE": null, "TD6_WIND": null, "TD6_PRES": null, "TD5_LAT": null, "TD5_LON": null, "TD5_WIND": null, "TD5_PRES": null, "TD5_ROCI": null, "NEU_LAT": null, "NEU_LON": null, "NEU_CLASS": null, "NEU_WIND": null, "NEU_PRES": null, "MLC_LAT": null, "MLC_LON": null, "MLC_CLASS": null, "MLC_WIND": null, "MLC_PRES": null, "USA_GUST": null, "BOM_GUST": null, "BOM_GUSTP": null, "REU_GUST": null, "REU_GUSTP": null, "USA_SEAHGT": 12.0, "USA_SEA_NE": 113.0, "USA_SEA_SE": 90.0, "USA_SEA_SW": 60.0, "USA_SEA_NW": 105.0, "STORM_SPD": 9, "STORM_DR": 305, "year": 2019, "month": 8, "day": 30, "hour": 21, "min": 0 }, "geometry": { "type": "LineString", "coordinates": [ [ -70.699951171875, 25.100000381469727 ], [ -71.0999755859375, 25.299999237060547 ] ] } },
{ "type": "Feature", "properties": { "SID": "2019236N10314", "SEASON": 2019, "NUMBER": 53, "BASIN": "NA", "SUBBASIN": "NA", "NAME": "DORIAN", "ISO_TIME": "2019-08-31 00:00:00", "NATURE": "TS", "LAT": 25.3, "LON": -71.1, "WMO_WIND": 115.0, "WMO_PRES": 949.0, "WMO_AGENCY": "hurdat_atl", "TRACK_TYPE": "main", "DIST2LAND": 497, "LANDFALL": 493, "IFLAG": "O______________", "USA_AGENCY": "hurdat_atl", "USA_ATCFID": "AL052019", "USA_LAT": 25.3, "USA_LON": -71.1, "USA_RECORD": null, "USA_STATUS": "HU", "USA_WIND": 115.0, "USA_PRES": 949.0, "USA_SSHS": 4, "USA_R34_NE": 90.0, "USA_R34_SE": 90.0, "USA_R34_SW": 60.0, "USA_R34_NW": 80.0, "USA_R50_NE": 50.0, "USA_R50_SE": 50.0, "USA_R50_SW": 40.0, "USA_R50_NW": 40.0, "USA_R64_NE": 25.0, "USA_R64_SE": 25.0, "USA_R64_SW": 15.0, "USA_R64_NW": 20.0, "USA_POCI": 1012.0, "USA_ROCI": 120.0, "USA_RMW": 10.0, "USA_EYE": null, "TOK_LAT": null, "TOK_LON": null, "TOK_GRADE": null, "TOK_WIND": null, "TOK_PRES": null, "TOK_R50_DR": null, "TOK_R50_L": null, "TOK_R50_S": null, "TOK_R30_DR": null, "TOK_R30_L": null, "TOK_R30_S": null, "TOK_LAND": null, "CMA_LAT": null, "CMA_LON": null, "CMA_CAT": null, "CMA_WIND": null, "CMA_PRES": null, "HKO_LAT": null, "HKO_LON": null, "HKO_CAT": null, "HKO_WIND": null, "HKO_PRES": null, "KMA_LAT": null, "KMA_LON": null, "KMA_CAT": null, "KMA_WIND": null, "KMA_PRES": null, "KMA_R50_DR": null, "KMA_R50_L": null, "KMA_R50_S": null, "KMA_R30_DR": null, "KMA_R30_L": null, "KMA_R30_S": null, "NEW_LAT": null, "NEW_LON": null, "NEW_GRADE": null, "NEW_WIND": null, "NEW_PRES": null, "NEW_CI": -999.9, "NEW_DP": null, "NEW_POCI": null, "REU_LAT": null, "REU_LON": null, "REU_TYPE": null, "REU_WIND": null, "REU_PRES": null, "REU_TNUM": -999.9, "REU_CI": -999.9, "REU_RMW": null, "REU_R34_NE": null, "REU_R34_SE": null, "REU_R34_SW": null, "REU_R34_NW": null, "REU_R50_NE": null, "REU_R50_SE": null, "REU_R50_SW": null, "REU_R50_NW": null, "REU_R64_NE": null, "REU_R64_SE": null, "REU_R64_SW": null, "REU_R64_NW": null, "BOM_LAT": null, "BOM_LON": null, "BOM_TYPE": null, "BOM_WIND": null, "BOM_PRES": null, "BOM_TNUM": -999.9, "BOM_CI": -999.9, "BOM_RMW": null, "BOM_R34_NE": null, "BOM_R34_SE": null, "BOM_R34_SW": null, "BOM_R34_NW": null, "BOM_R50_NE": null, "BOM_R50_SE": null, "BOM_R50_SW": null, "BOM_R50_NW": null, "BOM_R64_NE": null, "BOM_R64_SE": null, "BOM_R64_SW": null, "BOM_R64_NW": null, "BOM_ROCI": null, "BOM_POCI": null, "BOM_EYE": null, "BOM_POS_FL": null, "BOM_PRS_FL": null, "NAD_LAT": null, "NAD_LON": null, "NAD_CAT": null, "NAD_WIND": null, "NAD_PRES": null, "WEL_LAT": null, "WEL_LON": null, "WEL_WIND": null, "WEL_PRES": null, "DS8_LAT": null, "DS8_LON": null, "DS8_STAGE": null, "DS8_WIND": null, "DS8_PRES": null, "TD6_LAT": null, "TD6_LON": null, "TD6_STAGE": null, "TD6_WIND": null, "TD6_PRES": null, "TD5_LAT": null, "TD5_LON": null, "TD5_WIND": null, "TD5_PRES": null, "TD5_ROCI": null, "NEU_LAT": null, "NEU_LON": null, "NEU_CLASS": null, "NEU_WIND": null, "NEU_PRES": null, "MLC_LAT": null, "MLC_LON": null, "MLC_CLASS": null, "MLC_WIND": null, "MLC_PRES": null, "USA_GUST": 140.0, "BOM_GUST": null, "BOM_GUSTP": null, "REU_GUST": null, "REU_GUSTP": null, "USA_SEAHGT": 12.0, "USA_SEA_NE": 120.0, "USA_SEA_SE": 90.0, "USA_SEA_SW": 60.0, "USA_SEA_NW": 105.0, "STORM_SPD": 9, "STORM_DR": 295, "year": 2019, "month": 8, "day": 31, "hour": 0, "min": 0 }, "geometry": { "type": "LineString", "coordinates": [ [ -71.0999755859375, 25.299999237060547 ], [ -71.5999755859375, 25.5 ] ] } },
{ "type": "Feature", "properties": { "SID": "2019236N10314", "SEASON": 2019, "NUMBER": 53, "BASIN": "NA", "SUBBASIN": "NA", "NAME": "DORIAN", "ISO_TIME": "2019-08-31 03:00:00", "NATURE": "TS", "LAT": 25.5, "LON": -71.6, "WMO_WIND": 0.0, "WMO_PRES": null, "WMO_AGENCY": null, "TRACK_TYPE": "main", "DIST2LAND": 501, "LANDFALL": 493, "IFLAG": "P______________", "USA_AGENCY": null, "USA_ATCFID": "AL052019", "USA_LAT": 25.5, "USA_LON": -71.6, "USA_RECORD": null, "USA_STATUS": "HU", "USA_WIND": 118.0, "USA_PRES": 948.0, "USA_SSHS": 4, "USA_R34_NE": 90.0, "USA_R34_SE": 90.0, "USA_R34_SW": 60.0, "USA_R34_NW": 80.0, "USA_R50_NE": 50.0, "USA_R50_SE": 50.0, "USA_R50_SW": 40.0, "USA_R50_NW": 40.0, "USA_R64_NE": 25.0, "USA_R64_SE": 25.0, "USA_R64_SW": 15.0, "USA_R64_NW": 20.0, "USA_POCI": 1012.0, "USA_ROCI": 120.0, "USA_RMW": 10.0, "USA_EYE": null, "TOK_LAT": null, "TOK_LON": null, "TOK_GRADE": null, "TOK_WIND": null, "TOK_PRES": null, "TOK_R50_DR": null, "TOK_R50_L": null, "TOK_R50_S": null, "TOK_R30_DR": null, "TOK_R30_L": null, "TOK_R30_S": null, "TOK_LAND": null, "CMA_LAT": null, "CMA_LON": null, "CMA_CAT": null, "CMA_WIND": null, "CMA_PRES": null, "HKO_LAT": null, "HKO_LON": null, "HKO_CAT": null, "HKO_WIND": null, "HKO_PRES": null, "KMA_LAT": null, "KMA_LON": null, "KMA_CAT": null, "KMA_WIND": null, "KMA_PRES": null, "KMA_R50_DR": null, "KMA_R50_L": null, "KMA_R50_S": null, "KMA_R30_DR": null, "KMA_R30_L": null, "KMA_R30_S": null, "NEW_LAT": null, "NEW_LON": null, "NEW_GRADE": null, "NEW_WIND": null, "NEW_PRES": null, "NEW_CI": -999.9, "NEW_DP": null, "NEW_POCI": null, "REU_LAT": null, "REU_LON": null, "REU_TYPE": null, "REU_WIND": null, "REU_PRES": null, "REU_TNUM": -999.9, "REU_CI": -999.9, "REU_RMW": null, "REU_R34_NE": null, "REU_R34_SE": null, "REU_R34_SW": null, "REU_R34_NW": null, "REU_R50_NE": null, "REU_R50_SE": null, "REU_R50_SW": null, "REU_R50_NW": null, "REU_R64_NE": null, "REU_R64_SE": null, "REU_R64_SW": null, "REU_R64_NW": null, "BOM_LAT": null, "BOM_LON": null, "BOM_TYPE": null, "BOM_WIND": null, "BOM_PRES": null, "BOM_TNUM": -999.9, "BOM_CI": -999.9, "BOM_RMW": null, "BOM_R34_NE": null, "BOM_R34_SE": null, "BOM_R34_SW": null, "BOM_R34_NW": null, "BOM_R50_NE": null, "BOM_R50_SE": null, "BOM_R50_SW": null, "BOM_R50_NW": null, "BOM_R64_NE": null, "BOM_R64_SE": null, "BOM_R64_SW": null, "BOM_R64_NW": null, "BOM_ROCI": null, "BOM_POCI": null, "BOM_EYE": null, "BOM_POS_FL": null, "BOM_PRS_FL": null, "NAD_LAT": null, "NAD_LON": null, "NAD_CAT": null, "NAD_WIND": null, "NAD_PRES": null, "WEL_LAT": null, "WEL_LON": null, "WEL_WIND": null, "WEL_PRES": null, "DS8_LAT": null, "DS8_LON": null, "DS8_STAGE": null, "DS8_WIND": null, "DS8_PRES": null, "TD6_LAT": null, "TD6_LON": null, "TD6_STAGE": null, "TD6_WIND": null, "TD6_PRES": null, "TD5_LAT": null, "TD5_LON": null, "TD5_WIND": null, "TD5_PRES": null, "TD5_ROCI": null, "NEU_LAT": null, "NEU_LON": null, "NEU_CLASS": null, "NEU_WIND": null, "NEU_PRES": null, "MLC_LAT": null, "MLC_LON": null, "MLC_CLASS": null, "MLC_WIND": null, "MLC_PRES": null, "USA_GUST": null, "BOM_GUST": null, "BOM_GUSTP": null, "REU_GUST": null, "REU_GUSTP": null, "USA_SEAHGT": 12.0, "USA_SEA_NE": 135.0, "USA_SEA_SE": 105.0, "USA_SEA_SW": 90.0, "USA_SEA_NW": 128.0, "STORM_SPD": 10, "STORM_DR": 290, "year": 2019, "month": 8, "day": 31, "hour": 3, "min": 0 }, "geometry": { "type": "LineString", "coordinates": [ [ -71.5999755859375, 25.5 ], [ -72.0999755859375, 25.600000381469727 ] ] } },
{ "type": "Feature", "properties": { "SID": "2019236N10314", "SEASON": 2019, "NUMBER": 53, "BASIN": "NA", "SUBBASIN": "NA", "NAME": "DORIAN", "ISO_TIME": "2019-08-31 06:00:00", "NATURE": "TS", "LAT": 25.6, "LON": -72.1, "WMO_WIND": 120.0, "WMO_PRES": 947.0, "WMO_AGENCY": "hurdat_atl", "TRACK_TYPE": "main", "DIST2LAND": 500, "LANDFALL": 498, "IFLAG": "O______________", "USA_AGENCY": "hurdat_atl", "USA_ATCFID": "AL052019", "USA_LAT": 25.6, "USA_LON": -72.1, "USA_RECORD": null, "USA_STATUS": "HU", "USA_WIND": 120.0, "USA_PRES": 947.0, "USA_SSHS": 4, "USA_R34_NE": 90.0, "USA_R34_SE": 90.0, "USA_R34_SW": 60.0, "USA_R34_NW": 80.0, "USA_R50_NE": 50.0, "USA_R50_SE": 50.0, "USA_R50_SW": 40.0, "USA_R50_NW": 40.0, "USA_R64_NE": 25.0, "USA_R64_SE": 25.0, "USA_R64_SW": 15.0, "USA_R64_NW": 20.0, "USA_POCI": 1012.0, "USA_ROCI": 120.0, "USA_RMW": 10.0, "USA_EYE": null, "TOK_LAT": null, "TOK_LON": null, "TOK_GRADE": null, "TOK_WIND": null, "TOK_PRES": null, "TOK_R50_DR": null, "TOK_R50_L": null, "TOK_R50_S": null, "TOK_R30_DR": null, "TOK_R30_L": null, "TOK_R30_S": null, "TOK_LAND": null, "CMA_LAT": null, "CMA_LON": null, "CMA_CAT": null, "CMA_WIND": null, "CMA_PRES": null, "HKO_LAT": null, "HKO_LON": null, "HKO_CAT": null, "HKO_WIND": null, "HKO_PRES": null, "KMA_LAT": null, "KMA_LON": null, "KMA_CAT": null, "KMA_WIND": null, "KMA_PRES": null, "KMA_R50_DR": null, "KMA_R50_L": null, "KMA_R50_S": null, "KMA_R30_DR": null, "KMA_R30_L": null, "KMA_R30_S": null, "NEW_LAT": null, "NEW_LON": null, "NEW_GRADE": null, "NEW_WIND": null, "NEW_PRES": null, "NEW_CI": -999.9, "NEW_DP": null, "NEW_POCI": null, "REU_LAT": null, "REU_LON": null, "REU_TYPE": null, "REU_WIND": null, "REU_PRES": null, "REU_TNUM": -999.9, "REU_CI": -999.9, "REU_RMW": null, "REU_R34_NE": null, "REU_R34_SE": null, "REU_R34_SW": null, "REU_R34_NW": null, "REU_R50_NE": null, "REU_R50_SE": null, "REU_R50_SW": null, "REU_R50_NW": null, "REU_R64_NE": null, "REU_R64_SE": null, "REU_R64_SW": null, "REU_R64_NW": null, "BOM_LAT": null, "BOM_LON": null, "BOM_TYPE": null, "BOM_WIND": null, "BOM_PRES": null, "BOM_TNUM": -999.9, "BOM_CI": -999.9, "BOM_RMW": null, "BOM_R34_NE": null, "BOM_R34_SE": null, "BOM_R34_SW": null, "BOM_R34_NW": null, "BOM_R50_NE": null, "BOM_R50_SE": null, "BOM_R50_SW": null, "BOM_R50_NW": null, "BOM_R64_NE": null, "BOM_R64_SE": null, "BOM_R64_SW": null, "BOM_R64_NW": null, "BOM_ROCI": null, "BOM_POCI": null, "BOM_EYE": null, "BOM_POS_FL": null, "BOM_PRS_FL": null, "NAD_LAT": null, "NAD_LON": null, "NAD_CAT": null, "NAD_WIND": null, "NAD_PRES": null, "WEL_LAT": null, "WEL_LON": null, "WEL_WIND": null, "WEL_PRES": null, "DS8_LAT": null, "DS8_LON": null, "DS8_STAGE": null, "DS8_WIND": null, "DS8_PRES": null, "TD6_LAT": null, "TD6_LON": null, "TD6_STAGE": null, "TD6_WIND": null, "TD6_PRES": null, "TD5_LAT": null, "TD5_LON": null, "TD5_WIND": null, "TD5_PRES": null, "TD5_ROCI": null, "NEU_LAT": null, "NEU_LON": null, "NEU_CLASS": null, "NEU_WIND": null, "NEU_PRES": null, "MLC_LAT": null, "MLC_LON": null, "MLC_CLASS": null, "MLC_WIND": null, "MLC_PRES": null, "USA_GUST": 145.0, "BOM_GUST": null, "BOM_GUSTP": null, "REU_GUST": null, "REU_GUSTP": null, "USA_SEAHGT": 12.0, "USA_SEA_NE": 150.0, "USA_SEA_SE": 120.0, "USA_SEA_SW": 120.0, "USA_SEA_NW": 150.0, "STORM_SPD": 9, "STORM_DR": 290, "year": 2019, "month": 8, "day": 31, "hour": 6, "min": 0 }, "geometry": { "type": "LineString", "coordinates": [ [ -72.0999755859375, 25.600000381469727 ], [ -72.5999755859375, 25.799999237060547 ] ] } },
{ "type": "Feature", "properties": { "SID": "2019236N10314", "SEASON": 2019, "NUMBER": 53, "BASIN": "NA", "SUBBASIN": "NA", "NAME": "DORIAN", "ISO_TIME": "2019-08-31 09:00:00", "NATURE": "TS", "LAT": 25.8, "LON": -72.6, "WMO_WIND": 0.0, "WMO_PRES": null, "WMO_AGENCY": null, "TRACK_TYPE": "main", "DIST2LAND": 515, "LANDFALL": 497, "IFLAG": "P______________", "USA_AGENCY": null, "USA_ATCFID": "AL052019", "USA_LAT": 25.8, "USA_LON": -72.6, "USA_RECORD": null, "USA_STATUS": "HU", "USA_WIND": 123.0, "USA_PRES": 946.0, "USA_SSHS": 4, "USA_R34_NE": 95.0, "USA_R34_SE": 95.0, "USA_R34_SW": 60.0, "USA_R34_NW": 85.0, "USA_R50_NE": 50.0, "USA_R50_SE": 50.0, "USA_R50_SW": 40.0, "USA_R50_NW": 45.0, "USA_R64_NE": 25.0, "USA_R64_SE": 25.0, "USA_R64_SW": 15.0, "USA_R64_NW": 23.0, "USA_POCI": 1012.0, "USA_ROCI": 120.0, "USA_RMW": 10.0, "USA_EYE": null, "TOK_LAT": null, "TOK_LON": null, "TOK_GRADE": null, "TOK_WIND": null, "TOK_PRES": null, "TOK_R50_DR": null, "TOK_R50_L": null, "TOK_R50_S": null, "TOK_R30_DR": null, "TOK_R30_L": null, "TOK_R30_S": null, "TOK_LAND": null, "CMA_LAT": null, "CMA_LON": null, "CMA_CAT": null, "CMA_WIND": null, "CMA_PRES": null, "HKO_LAT": null, "HKO_LON": null, "HKO_CAT": null, "HKO_WIND": null, "HKO_PRES": null, "KMA_LAT": null, "KMA_LON": null, "KMA_CAT": null, "KMA_WIND": null, "KMA_PRES": null, "KMA_R50_DR": null, "KMA_R50_L": null, "KMA_R50_S": null, "KMA_R30_DR": null, "KMA_R30_L": null, "KMA_R30_S": null, "NEW_LAT": null, "NEW_LON": null, "NEW_GRADE": null, "NEW_WIND": null, "NEW_PRES": null, "NEW_CI": -999.9, "NEW_DP": null, "NEW_POCI": null, "REU_LAT": null, "REU_LON": null, "REU_TYPE": null, "REU_WIND": null, "REU_PRES": null, "REU_TNUM": -999.9, "REU_CI": -999.9, "REU_RMW": null, "REU_R34_NE": null, "REU_R34_SE": null, "REU_R34_SW": null, "REU_R34_NW": null, "REU_R50_NE": null, "REU_R50_SE": null, "REU_R50_SW": null, "REU_R50_NW": null, "REU_R64_NE": null, "REU_R64_SE": null, "REU_R64_SW": null, "REU_R64_NW": null, "BOM_LAT": null, "BOM_LON": null, "BOM_TYPE": null, "BOM_WIND": null, "BOM_PRES": null, "BOM_TNUM": -999.9, "BOM_CI": -999.9, "BOM_RMW": null, "BOM_R34_NE": null, "BOM_R34_SE": null, "BOM_R34_SW": null, "BOM_R34_NW": null, "BOM_R50_NE": null, "BOM_R50_SE": null, "BOM_R50_SW": null, "BOM_R50_NW": null, "BOM_R64_NE": null, "BOM_R64_SE": null, "BOM_R64_SW": null, "BOM_R64_NW": null, "BOM_ROCI": null, "BOM_POCI": null, "BOM_EYE": null, "BOM_POS_FL": null, "BOM_PRS_FL": null, "NAD_LAT": null, "NAD_LON": null, "NAD_CAT": null, "NAD_WIND": null, "NAD_PRES": null, "WEL_LAT": null, "WEL_LON": null, "WEL_WIND": null, "WEL_PRES": null, "DS8_LAT": null, "DS8_LON": null, "DS8_STAGE": null, "DS8_WIND": null, "DS8_PRES": null, "TD6_LAT": null, "TD6_LON": null, "TD6_STAGE": null, "TD6_WIND": null, "TD6_PRES": null, "TD5_LAT": null, "TD5_LON": null, "TD5_WIND": null, "TD5_PRES": null, "TD5_ROCI": null, "NEU_LAT": null, "NEU_LON": null, "NEU_CLASS": null, "NEU_WIND": null, "NEU_PRES": null, "MLC_LAT": null, "MLC_LON": null, "MLC_CLASS": null, "MLC_WIND": null, "MLC_PRES": null, "USA_GUST": null, "BOM_GUST": null, "BOM_GUSTP": null, "REU_GUST": null, "REU_GUSTP": null, "USA_SEAHGT": 12.0, "USA_SEA_NE": 150.0, "USA_SEA_SE": 120.0, "USA_SEA_SW": 120.0, "USA_SEA_NW": 150.0, "STORM_SPD": 9, "STORM_DR": 290, "year": 2019, "month": 8, "day": 31, "hour": 9, "min": 0 }, "geometry": { "type": "LineString", "coordinates": [ [ -72.5999755859375, 25.799999237060547 ], [ -73.0, 25.899999618530273 ] ] } },
{ "type": "Feature", "properties": { "SID": "2019236N10314", "SEASON": 2019, "NUMBER": 53, "BASIN": "NA", "SUBBASIN": "NA", "NAME": "DORIAN", "ISO_TIME": "2019-08-31 12:00:00", "NATURE": "TS", "LAT": 25.9, "LON": -73.0, "WMO_WIND": 125.0, "WMO_PRES": 944.0, "WMO_AGENCY": "hurdat_atl", "TRACK_TYPE": "main", "DIST2LAND": 497, "LANDFALL": 454, "IFLAG": "O______________", "USA_AGENCY": "hurdat_atl", "USA_ATCFID": "AL052019", "USA_LAT": 25.9, "USA_LON": -73.0, "USA_RECORD": null, "USA_STATUS": "HU", "USA_WIND": 125.0, "USA_PRES": 944.0, "USA_SSHS": 4, "USA_R34_NE": 100.0, "USA_R34_SE": 100.0, "USA_R34_SW": 60.0, "USA_R34_NW": 90.0, "USA_R50_NE": 50.0, "USA_R50_SE": 50.0, "USA_R50_SW": 40.0, "USA_R50_NW": 50.0, "USA_R64_NE": 25.0, "USA_R64_SE": 25.0, "USA_R64_SW": 15.0, "USA_R64_NW": 25.0, "USA_POCI": 1012.0, "USA_ROCI": 120.0, "USA_RMW": 10.0, "USA_EYE": null, "TOK_LAT": null, "TOK_LON": null, "TOK_GRADE": null, "TOK_WIND": null, "TOK_PRES": null, "TOK_R50_DR": null, "TOK_R50_L": null, "TOK_R50_S": null, "TOK_R30_DR": null, "TOK_R30_L": null, "TOK_R30_S": null, "TOK_LAND": null, "CMA_LAT": null, "CMA_LON": null, "CMA_CAT": null, "CMA_WIND": null, "CMA_PRES": null, "HKO_LAT": null, "HKO_LON": null, "HKO_CAT": null, "HKO_WIND": null, "HKO_PRES": null, "KMA_LAT": null, "KMA_LON": null, "KMA_CAT": null, "KMA_WIND": null, "KMA_PRES": null, "KMA_R50_DR": null, "KMA_R50_L": null, "KMA_R50_S": null, "KMA_R30_DR": null, "KMA_R30_L": null, "KMA_R30_S": null, "NEW_LAT": null, "NEW_LON": null, "NEW_GRADE": null, "NEW_WIND": null, "NEW_PRES": null, "NEW_CI": -999.9, "NEW_DP": null, "NEW_POCI": null, "REU_LAT": null, "REU_LON": null, "REU_TYPE": null, "REU_WIND": null, "REU_PRES": null, "REU_TNUM": -999.9, "REU_CI": -999.9, "REU_RMW": null, "REU_R34_NE": null, "REU_R34_SE": null, "REU_R34_SW": null, "REU_R34_NW": null, "REU_R50_NE": null, "REU_R50_SE": null, "REU_R50_SW": null, "REU_R50_NW": null, "REU_R64_NE": null, "REU_R64_SE": null, "REU_R64_SW": null, "REU_R64_NW": null, "BOM_LAT": null, "BOM_LON": null, "BOM_TYPE": null, "BOM_WIND": null, "BOM_PRES": null, "BOM_TNUM": -999.9, "BOM_CI": -999.9, "BOM_RMW": null, "BOM_R34_NE": null, "BOM_R34_SE": null, "BOM_R34_SW": null, "BOM_R34_NW": null, "BOM_R50_NE": null, "BOM_R50_SE": null, "BOM_R50_SW": null, "BOM_R50_NW": null, "BOM_R64_NE": null, "BOM_R64_SE": null, "BOM_R64_SW": null, "BOM_R64_NW": null, "BOM_ROCI": null, "BOM_POCI": null, "BOM_EYE": null, "BOM_POS_FL": null, "BOM_PRS_FL": null, "NAD_LAT": null, "NAD_LON": null, "NAD_CAT": null, "NAD_WIND": null, "NAD_PRES": null, "WEL_LAT": null, "WEL_LON": null, "WEL_WIND": null, "WEL_PRES": null, "DS8_LAT": null, "DS8_LON": null, "DS8_STAGE": null, "DS8_WIND": null, "DS8_PRES": null, "TD6_LAT": null, "TD6_LON": null, "TD6_STAGE": null, "TD6_WIND": null, "TD6_PRES": null, "TD5_LAT": null, "TD5_LON": null, "TD5_WIND": null, "TD5_PRES": null, "TD5_ROCI": null, "NEU_LAT": null, "NEU_LON": null, "NEU_CLASS": null, "NEU_WIND": null, "NEU_PRES": null, "MLC_LAT": null, "MLC_LON": null, "MLC_CLASS": null, "MLC_WIND": null, "MLC_PRES": null, "USA_GUST": 150.0, "BOM_GUST": null, "BOM_GUSTP": null, "REU_GUST": null, "REU_GUSTP": null, "USA_SEAHGT": 12.0, "USA_SEA_NE": 150.0, "USA_SEA_SE": 120.0, "USA_SEA_SW": 120.0, "USA_SEA_NW": 150.0, "STORM_SPD": 9, "STORM_DR": 285, "year": 2019, "month": 8, "day": 31, "hour": 12, "min": 0 }, "geometry": { "type": "LineString", "coordinates": [ [ -73.0, 25.899999618530273 ], [ -73.5, 26.0 ] ] } },
{ "type": "Feature", "properties": { "SID": "2019236N10314", "SEASON": 2019, "NUMBER": 53, "BASIN": "NA", "SUBBASIN": "NA", "NAME": "DORIAN", "ISO_TIME": "2019-08-31 15:00:00", "NATURE": "TS", "LAT": 26.0, "LON": -73.5, "WMO_WIND": 0.0, "WMO_PRES": null, "WMO_AGENCY": null, "TRACK_TYPE": "main", "DIST2LAND": 454, "LANDFALL": 412, "IFLAG": "P______________", "USA_AGENCY": null, "USA_ATCFID": "AL052019", "USA_LAT": 26.0, "USA_LON": -73.5, "USA_RECORD": null, "USA_STATUS": "HU", "USA_WIND": 128.0, "USA_PRES": 943.0, "USA_SSHS": 4, "USA_R34_NE": 100.0, "USA_R34_SE": 100.0, "USA_R34_SW": 60.0, "USA_R34_NW": 90.0, "USA_R50_NE": 50.0, "USA_R50_SE": 50.0, "USA_R50_SW": 40.0, "USA_R50_NW": 50.0, "USA_R64_NE": 25.0, "USA_R64_SE": 25.0, "USA_R64_SW": 18.0, "USA_R64_NW": 25.0, "USA_POCI": 1012.0, "USA_ROCI": 120.0, "USA_RMW": 10.0, "USA_EYE": null, "TOK_LAT": null, "TOK_LON": null, "TOK_GRADE": null, "TOK_WIND": null, "TOK_PRES": null, "TOK_R50_DR": null, "TOK_R50_L": null, "TOK_R50_S": null, "TOK_R30_DR": null, "TOK_R30_L": null, "TOK_R30_S": null, "TOK_LAND": null, "CMA_LAT": null, "CMA_LON": null, "CMA_CAT": null, "CMA_WIND": null, "CMA_PRES": null, "HKO_LAT": null, "HKO_LON": null, "HKO_CAT": null, "HKO_WIND": null, "HKO_PRES": null, "KMA_LAT": null, "KMA_LON": null, "KMA_CAT": null, "KMA_WIND": null, "KMA_PRES": null, "KMA_R50_DR": null, "KMA_R50_L": null, "KMA_R50_S": null, "KMA_R30_DR": null, "KMA_R30_L": null, "KMA_R30_S": null, "NEW_LAT": null, "NEW_LON": null, "NEW_GRADE": null, "NEW_WIND": null, "NEW_PRES": null, "NEW_CI": -999.9, "NEW_DP": null, "NEW_POCI": null, "REU_LAT": null, "REU_LON": null, "REU_TYPE": null, "REU_WIND": null, "REU_PRES": null, "REU_TNUM": -999.9, "REU_CI": -999.9, "REU_RMW": null, "REU_R34_NE": null, "REU_R34_SE": null, "REU_R34_SW": null, "REU_R34_NW": null, "REU_R50_NE": null, "REU_R50_SE": null, "REU_R50_SW": null, "REU_R50_NW": null, "REU_R64_NE": null, "REU_R64_SE": null, "REU_R64_SW": null, "REU_R64_NW": null, "BOM_LAT": null, "BOM_LON": null, "BOM_TYPE": null, "BOM_WIND": null, "BOM_PRES": null, "BOM_TNUM": -999.9, "BOM_CI": -999.9, "BOM_RMW": null, "BOM_R34_NE": null, "BOM_R34_SE": null, "BOM_R34_SW": null, "BOM_R34_NW": null, "BOM_R50_NE": null, "BOM_R50_SE": null, "BOM_R50_SW": null, "BOM_R50_NW": null, "BOM_R64_NE": null, "BOM_R64_SE": null, "BOM_R64_SW": null, "BOM_R64_NW": null, "BOM_ROCI": null, "BOM_POCI": null, "BOM_EYE": null, "BOM_POS_FL": null, "BOM_PRS_FL": null, "NAD_LAT": null, "NAD_LON": null, "NAD_CAT": null, "NAD_WIND": null, "NAD_PRES": null, "WEL_LAT": null, "WEL_LON": null, "WEL_WIND": null, "WEL_PRES": null, "DS8_LAT": null, "DS8_LON": null, "DS8_STAGE": null, "DS8_WIND": null, "DS8_PRES": null, "TD6_LAT": null, "TD6_LON": null, "TD6_STAGE": null, "TD6_WIND": null, "TD6_PRES": null, "TD5_LAT": null, "TD5_LON": null, "TD5_WIND": null, "TD5_PRES": null, "TD5_ROCI": null, "NEU_LAT": null, "NEU_LON": null, "NEU_CLASS": null, "NEU_WIND": null, "NEU_PRES": null, "MLC_LAT": null, "MLC_LON": null, "MLC_CLASS": null, "MLC_WIND": null, "MLC_PRES": null, "USA_GUST": null, "BOM_GUST": null, "BOM_GUSTP": null, "REU_GUST": null, "REU_GUSTP": null, "USA_SEAHGT": 12.0, "USA_SEA_NE": 150.0, "USA_SEA_SE": 120.0, "USA_SEA_SW": 120.0, "USA_SEA_NW": 150.0, "STORM_SPD": 9, "STORM_DR": 285, "year": 2019, "month": 8, "day": 31, "hour": 15, "min": 0 }, "geometry": { "type": "LineString", "coordinates": [ [ -73.5, 26.0 ], [ -74.0, 26.100000381469727 ] ] } },
{ "type": "Feature", "properties": { "SID": "2019236N10314", "SEASON": 2019, "NUMBER": 53, "BASIN": "NA", "SUBBASIN": "NA", "NAME": "DORIAN", "ISO_TIME": "2019-08-31 18:00:00", "NATURE": "TS", "LAT": 26.1, "LON": -74.0, "WMO_WIND": 130.0, "WMO_PRES": 942.0, "WMO_AGENCY": "hurdat_atl", "TRACK_TYPE": "main", "DIST2LAND": 412, "LANDFALL": 388, "IFLAG": "O______________", "USA_AGENCY": "hurdat_atl", "USA_ATCFID": "AL052019", "USA_LAT": 26.1, "USA_LON": -74.0, "USA_RECORD": null, "USA_STATUS": "HU", "USA_WIND": 130.0, "USA_PRES": 942.0, "USA_SSHS": 4, "USA_R34_NE": 100.0, "USA_R34_SE": 100.0, "USA_R34_SW": 60.0, "USA_R34_NW": 90.0, "USA_R50_NE": 50.0, "USA_R50_SE": 50.0, "USA_R50_SW": 40.0, "USA_R50_NW": 50.0, "USA_R64_NE": 25.0, "USA_R64_SE": 25.0, "USA_R64_SW": 20.0, "USA_R64_NW": 25.0, "USA_POCI": 1012.0, "USA_ROCI": 120.0, "USA_RMW": 10.0, "USA_EYE": null, "TOK_LAT": null, "TOK_LON": null, "TOK_GRADE": null, "TOK_WIND": null, "TOK_PRES": null, "TOK_R50_DR": null, "TOK_R50_L": null, "TOK_R50_S": null, "TOK_R30_DR": null, "TOK_R30_L": null, "TOK_R30_S": null, "TOK_LAND": null, "CMA_LAT": null, "CMA_LON": null, "CMA_CAT": null, "CMA_WIND": null, "CMA_PRES": null, "HKO_LAT": null, "HKO_LON": null, "HKO_CAT": null, "HKO_WIND": null, "HKO_PRES": null, "KMA_LAT": null, "KMA_LON": null, "KMA_CAT": null, "KMA_WIND": null, "KMA_PRES": null, "KMA_R50_DR": null, "KMA_R50_L": null, "KMA_R50_S": null, "KMA_R30_DR": null, "KMA_R30_L": null, "KMA_R30_S": null, "NEW_LAT": null, "NEW_LON": null, "NEW_GRADE": null, "NEW_WIND": null, "NEW_PRES": null, "NEW_CI": -999.9, "NEW_DP": null, "NEW_POCI": null, "REU_LAT": null, "REU_LON": null, "REU_TYPE": null, "REU_WIND": null, "REU_PRES": null, "REU_TNUM": -999.9, "REU_CI": -999.9, "REU_RMW": null, "REU_R34_NE": null, "REU_R34_SE": null, "REU_R34_SW": null, "REU_R34_NW": null, "REU_R50_NE": null, "REU_R50_SE": null, "REU_R50_SW": null, "REU_R50_NW": null, "REU_R64_NE": null, "REU_R64_SE": null, "REU_R64_SW": null, "REU_R64_NW": null, "BOM_LAT": null, "BOM_LON": null, "BOM_TYPE": null, "BOM_WIND": null, "BOM_PRES": null, "BOM_TNUM": -999.9, "BOM_CI": -999.9, "BOM_RMW": null, "BOM_R34_NE": null, "BOM_R34_SE": null, "BOM_R34_SW": null, "BOM_R34_NW": null, "BOM_R50_NE": null, "BOM_R50_SE": null, "BOM_R50_SW": null, "BOM_R50_NW": null, "BOM_R64_NE": null, "BOM_R64_SE": null, "BOM_R64_SW": null, "BOM_R64_NW": null, "BOM_ROCI": null, "BOM_POCI": null, "BOM_EYE": null, "BOM_POS_FL": null, "BOM_PRS_FL": null, "NAD_LAT": null, "NAD_LON": null, "NAD_CAT": null, "NAD_WIND": null, "NAD_PRES": null, "WEL_LAT": null, "WEL_LON": null, "WEL_WIND": null, "WEL_PRES": null, "DS8_LAT": null, "DS8_LON": null, "DS8_STAGE": null, "DS8_WIND": null, "DS8_PRES": null, "TD6_LAT": null, "TD6_LON": null, "TD6_STAGE": null, "TD6_WIND": null, "TD6_PRES": null, "TD5_LAT": null, "TD5_LON": null, "TD5_WIND": null, "TD5_PRES": null, "TD5_ROCI": null, "NEU_LAT": null, "NEU_LON": null, "NEU_CLASS": null, "NEU_WIND": null, "NEU_PRES": null, "MLC_LAT": null, "MLC_LON": null, "MLC_CLASS": null, "MLC_WIND": null, "MLC_PRES": null, "USA_GUST": 160.0, "BOM_GUST": null, "BOM_GUSTP": null, "REU_GUST": null, "REU_GUSTP": null, "USA_SEAHGT": 12.0, "USA_SEA_NE": 150.0, "USA_SEA_SE": 120.0, "USA_SEA_SW": 120.0, "USA_SEA_NW": 150.0, "STORM_SPD": 8, "STORM_DR": 285, "year": 2019, "month": 8, "day": 31, "hour": 18, "min": 0 }, "geometry": { "type": "LineString", "coordinates": [ [ -74.0, 26.100000381469727 ], [ -74.4000244140625, 26.200000762939453 ] ] } },
{ "type": "Feature", "properties": { "SID": "2019236N10314", "SEASON": 2019, "NUMBER": 53, "BASIN": "NA", "SUBBASIN": "NA", "NAME": "DORIAN", "ISO_TIME": "2019-08-31 21:00:00", "NATURE": "TS", "LAT": 26.2, "LON": -74.4, "WMO_WIND": 0.0, "WMO_PRES": null, "WMO_AGENCY": null, "TRACK_TYPE": "main", "DIST2LAND": 379, "LANDFALL": 356, "IFLAG": "P______________", "USA_AGENCY": null, "USA_ATCFID": "AL052019", "USA_LAT": 26.2, "USA_LON": -74.4, "USA_RECORD": null, "USA_STATUS": "HU", "USA_WIND": 133.0, "USA_PRES": 941.0, "USA_SSHS": 4, "USA_R34_NE": 105.0, "USA_R34_SE": 105.0, "USA_R34_SW": 60.0, "USA_R34_NW": 90.0, "USA_R50_NE": 50.0, "USA_R50_SE": 50.0, "USA_R50_SW": 40.0, "USA_R50_NW": 50.0, "USA_R64_NE": 28.0, "USA_R64_SE": 25.0, "USA_R64_SW": 20.0, "USA_R64_NW": 25.0, "USA_POCI": 1012.0, "USA_ROCI": 125.0, "USA_RMW": 10.0, "USA_EYE": null, "TOK_LAT": null, "TOK_LON": null, "TOK_GRADE": null, "TOK_WIND": null, "TOK_PRES": null, "TOK_R50_DR": null, "TOK_R50_L": null, "TOK_R50_S": null, "TOK_R30_DR": null, "TOK_R30_L": null, "TOK_R30_S": null, "TOK_LAND": null, "CMA_LAT": null, "CMA_LON": null, "CMA_CAT": null, "CMA_WIND": null, "CMA_PRES": null, "HKO_LAT": null, "HKO_LON": null, "HKO_CAT": null, "HKO_WIND": null, "HKO_PRES": null, "KMA_LAT": null, "KMA_LON": null, "KMA_CAT": null, "KMA_WIND": null, "KMA_PRES": null, "KMA_R50_DR": null, "KMA_R50_L": null, "KMA_R50_S": null, "KMA_R30_DR": null, "KMA_R30_L": null, "KMA_R30_S": null, "NEW_LAT": null, "NEW_LON": null, "NEW_GRADE": null, "NEW_WIND": null, "NEW_PRES": null, "NEW_CI": -999.9, "NEW_DP": null, "NEW_POCI": null, "REU_LAT": null, "REU_LON": null, "REU_TYPE": null, "REU_WIND": null, "REU_PRES": null, "REU_TNUM": -999.9, "REU_CI": -999.9, "REU_RMW": null, "REU_R34_NE": null, "REU_R34_SE": null, "REU_R34_SW": null, "REU_R34_NW": null, "REU_R50_NE": null, "REU_R50_SE": null, "REU_R50_SW": null, "REU_R50_NW": null, "REU_R64_NE": null, "REU_R64_SE": null, "REU_R64_SW": null, "REU_R64_NW": null, "BOM_LAT": null, "BOM_LON": null, "BOM_TYPE": null, "BOM_WIND": null, "BOM_PRES": null, "BOM_TNUM": -999.9, "BOM_CI": -999.9, "BOM_RMW": null, "BOM_R34_NE": null, "BOM_R34_SE": null, "BOM_R34_SW": null, "BOM_R34_NW": null, "BOM_R50_NE": null, "BOM_R50_SE": null, "BOM_R50_SW": null, "BOM_R50_NW": null, "BOM_R64_NE": null, "BOM_R64_SE": null, "BOM_R64_SW": null, "BOM_R64_NW": null, "BOM_ROCI": null, "BOM_POCI": null, "BOM_EYE": null, "BOM_POS_FL": null, "BOM_PRS_FL": null, "NAD_LAT": null, "NAD_LON": null, "NAD_CAT": null, "NAD_WIND": null, "NAD_PRES": null, "WEL_LAT": null, "WEL_LON": null, "WEL_WIND": null, "WEL_PRES": null, "DS8_LAT": null, "DS8_LON": null, "DS8_STAGE": null, "DS8_WIND": null, "DS8_PRES": null, "TD6_LAT": null, "TD6_LON": null, "TD6_STAGE": null, "TD6_WIND": null, "TD6_PRES": null, "TD5_LAT": null, "TD5_LON": null, "TD5_WIND": null, "TD5_PRES": null, "TD5_ROCI": null, "NEU_LAT": null, "NEU_LON": null, "NEU_CLASS": null, "NEU_WIND": null, "NEU_PRES": null, "MLC_LAT": null, "MLC_LON": null, "MLC_CLASS": null, "MLC_WIND": null, "MLC_PRES": null, "USA_GUST": null, "BOM_GUST": null, "BOM_GUSTP": null, "REU_GUST": null, "REU_GUSTP": null, "USA_SEAHGT": 12.0, "USA_SEA_NE": 135.0, "USA_SEA_SE": 105.0, "USA_SEA_SW": 120.0, "USA_SEA_NW": 150.0, "STORM_SPD": 7, "STORM_DR": 290, "year": 2019, "month": 8, "day": 31, "hour": 21, "min": 0 }, "geometry": { "type": "LineString", "coordinates": [ [ -74.4000244140625, 26.200000762939453 ], [ -74.699951171875, 26.299999237060547 ] ] } },
{ "type": "Feature", "properties": { "SID": "2019236N10314", "SEASON": 2019, "NUMBER": 53, "BASIN": "NA", "SUBBASIN": "NA", "NAME": "DORIAN", "ISO_TIME": "2019-09-01 00:00:00", "NATURE": "TS", "LAT": 26.3, "LON": -74.7, "WMO_WIND": 135.0, "WMO_PRES": 939.0, "WMO_AGENCY": "hurdat_atl", "TRACK_TYPE": "main", "DIST2LAND": 356, "LANDFALL": 319, "IFLAG": "O______________", "USA_AGENCY": "hurdat_atl", "USA_ATCFID": "AL052019", "USA_LAT": 26.3, "USA_LON": -74.7, "USA_RECORD": null, "USA_STATUS": "HU", "USA_WIND": 135.0, "USA_PRES": 939.0, "USA_SSHS": 4, "USA_R34_NE": 110.0, "USA_R34_SE": 110.0, "USA_R34_SW": 60.0, "USA_R34_NW": 90.0, "USA_R50_NE": 50.0, "USA_R50_SE": 50.0, "USA_R50_SW": 40.0, "USA_R50_NW": 50.0, "USA_R64_NE": 30.0, "USA_R64_SE": 25.0, "USA_R64_SW": 20.0, "USA_R64_NW": 25.0, "USA_POCI": 1012.0, "USA_ROCI": 130.0, "USA_RMW": 10.0, "USA_EYE": null, "TOK_LAT": null, "TOK_LON": null, "TOK_GRADE": null, "TOK_WIND": null, "TOK_PRES": null, "TOK_R50_DR": null, "TOK_R50_L": null, "TOK_R50_S": null, "TOK_R30_DR": null, "TOK_R30_L": null, "TOK_R30_S": null, "TOK_LAND": null, "CMA_LAT": null, "CMA_LON": null, "CMA_CAT": null, "CMA_WIND": null, "CMA_PRES": null, "HKO_LAT": null, "HKO_LON": null, "HKO_CAT": null, "HKO_WIND": null, "HKO_PRES": null, "KMA_LAT": null, "KMA_LON": null, "KMA_CAT": null, "KMA_WIND": null, "KMA_PRES": null, "KMA_R50_DR": null, "KMA_R50_L": null, "KMA_R50_S": null, "KMA_R30_DR": null, "KMA_R30_L": null, "KMA_R30_S": null, "NEW_LAT": null, "NEW_LON": null, "NEW_GRADE": null, "NEW_WIND": null, "NEW_PRES": null, "NEW_CI": -999.9, "NEW_DP": null, "NEW_POCI": null, "REU_LAT": null, "REU_LON": null, "REU_TYPE": null, "REU_WIND": null, "REU_PRES": null, "REU_TNUM": -999.9, "REU_CI": -999.9, "REU_RMW": null, "REU_R34_NE": null, "REU_R34_SE": null, "REU_R34_SW": null, "REU_R34_NW": null, "REU_R50_NE": null, "REU_R50_SE": null, "REU_R50_SW": null, "REU_R50_NW": null, "REU_R64_NE": null, "REU_R64_SE": null, "REU_R64_SW": null, "REU_R64_NW": null, "BOM_LAT": null, "BOM_LON": null, "BOM_TYPE": null, "BOM_WIND": null, "BOM_PRES": null, "BOM_TNUM": -999.9, "BOM_CI": -999.9, "BOM_RMW": null, "BOM_R34_NE": null, "BOM_R34_SE": null, "BOM_R34_SW": null, "BOM_R34_NW": null, "BOM_R50_NE": null, "BOM_R50_SE": null, "BOM_R50_SW": null, "BOM_R50_NW": null, "BOM_R64_NE": null, "BOM_R64_SE": null, "BOM_R64_SW": null, "BOM_R64_NW": null, "BOM_ROCI": null, "BOM_POCI": null, "BOM_EYE": null, "BOM_POS_FL": null, "BOM_PRS_FL": null, "NAD_LAT": null, "NAD_LON": null, "NAD_CAT": null, "NAD_WIND": null, "NAD_PRES": null, "WEL_LAT": null, "WEL_LON": null, "WEL_WIND": null, "WEL_PRES": null, "DS8_LAT": null, "DS8_LON": null, "DS8_STAGE": null, "DS8_WIND": null, "DS8_PRES": null, "TD6_LAT": null, "TD6_LON": null, "TD6_STAGE": null, "TD6_WIND": null, "TD6_PRES": null, "TD5_LAT": null, "TD5_LON": null, "TD5_WIND": null, "TD5_PRES": null, "TD5_ROCI": null, "NEU_LAT": null, "NEU_LON": null, "NEU_CLASS": null, "NEU_WIND": null, "NEU_PRES": null, "MLC_LAT": null, "MLC_LON": null, "MLC_CLASS": null, "MLC_WIND": null, "MLC_PRES": null, "USA_GUST": 160.0, "BOM_GUST": null, "BOM_GUSTP": null, "REU_GUST": null, "REU_GUSTP": null, "USA_SEAHGT": 12.0, "USA_SEA_NE": 120.0, "USA_SEA_SE": 90.0, "USA_SEA_SW": 120.0, "USA_SEA_NW": 150.0, "STORM_SPD": 7, "STORM_DR": 280, "year": 2019, "month": 9, "day": 1, "hour": 0, "min": 0 }, "geometry": { "type": "LineString", "coordinates": [ [ -74.699951171875, 26.299999237060547 ], [ -75.0999755859375, 26.399999618530273 ] ] } },
{ "type": "Feature", "properties": { "SID": "2019236N10314", "SEASON": 2019, "NUMBER": 53, "BASIN": "NA", "SUBBASIN": "NA", "NAME": "DORIAN", "ISO_TIME": "2019-09-01 03:00:00", "NATURE": "TS", "LAT": 26.4, "LON": -75.1, "WMO_WIND": 0.0, "WMO_PRES": null, "WMO_AGENCY": null, "TRACK_TYPE": "main", "DIST2LAND": 324, "LANDFALL": 280, "IFLAG": "P______________", "USA_AGENCY": null, "USA_ATCFID": "AL052019", "USA_LAT": 26.4, "USA_LON": -75.1, "USA_RECORD": null, "USA_STATUS": "HU", "USA_WIND": 140.0, "USA_PRES": 937.0, "USA_SSHS": 5, "USA_R34_NE": 110.0, "USA_R34_SE": 110.0, "USA_R34_SW": 65.0, "USA_R34_NW": 90.0, "USA_R50_NE": 50.0, "USA_R50_SE": 50.0, "USA_R50_SW": 40.0, "USA_R50_NW": 50.0, "USA_R64_NE": 30.0, "USA_R64_SE": 25.0, "USA_R64_SW": 20.0, "USA_R64_NW": 25.0, "USA_POCI": 1012.0, "USA_ROCI": 130.0, "USA_RMW": 10.0, "USA_EYE": null, "TOK_LAT": null, "TOK_LON": null, "TOK_GRADE": null, "TOK_WIND": null, "TOK_PRES": null, "TOK_R50_DR": null, "TOK_R50_L": null, "TOK_R50_S": null, "TOK_R30_DR": null, "TOK_R30_L": null, "TOK_R30_S": null, "TOK_LAND": null, "CMA_LAT": null, "CMA_LON": null, "CMA_CAT": null, "CMA_WIND": null, "CMA_PRES": null, "HKO_LAT": null, "HKO_LON": null, "HKO_CAT": null, "HKO_WIND": null, "HKO_PRES": null, "KMA_LAT": null, "KMA_LON": null, "KMA_CAT": null, "KMA_WIND": null, "KMA_PRES": null, "KMA_R50_DR": null, "KMA_R50_L": null, "KMA_R50_S": null, "KMA_R30_DR": null, "KMA_R30_L": null, "KMA_R30_S": null, "NEW_LAT": null, "NEW_LON": null, "NEW_GRADE": null, "NEW_WIND": null, "NEW_PRES": null, "NEW_CI": -999.9, "NEW_DP": null, "NEW_POCI": null, "REU_LAT": null, "REU_LON": null, "REU_TYPE": null, "REU_WIND": null, "REU_PRES": null, "REU_TNUM": -999.9, "REU_CI": -999.9, "REU_RMW": null, "REU_R34_NE": null, "REU_R34_SE": null, "REU_R34_SW": null, "REU_R34_NW": null, "REU_R50_NE": null, "REU_R50_SE": null, "REU_R50_SW": null, "REU_R50_NW": null, "REU_R64_NE": null, "REU_R64_SE": null, "REU_R64_SW": null, "REU_R64_NW": null, "BOM_LAT": null, "BOM_LON": null, "BOM_TYPE": null, "BOM_WIND": null, "BOM_PRES": null, "BOM_TNUM": -999.9, "BOM_CI": -999.9, "BOM_RMW": null, "BOM_R34_NE": null, "BOM_R34_SE": null, "BOM_R34_SW": null, "BOM_R34_NW": null, "BOM_R50_NE": null, "BOM_R50_SE": null, "BOM_R50_SW": null, "BOM_R50_NW": null, "BOM_R64_NE": null, "BOM_R64_SE": null, "BOM_R64_SW": null, "BOM_R64_NW": null, "BOM_ROCI": null, "BOM_POCI": null, "BOM_EYE": null, "BOM_POS_FL": null, "BOM_PRS_FL": null, "NAD_LAT": null, "NAD_LON": null, "NAD_CAT": null, "NAD_WIND": null, "NAD_PRES": null, "WEL_LAT": null, "WEL_LON": null, "WEL_WIND": null, "WEL_PRES": null, "DS8_LAT": null, "DS8_LON": null, "DS8_STAGE": null, "DS8_WIND": null, "DS8_PRES": null, "TD6_LAT": null, "TD6_LON": null, "TD6_STAGE": null, "TD6_WIND": null, "TD6_PRES": null, "TD5_LAT": null, "TD5_LON": null, "TD5_WIND": null, "TD5_PRES": null, "TD5_ROCI": null, "NEU_LAT": null, "NEU_LON": null, "NEU_CLASS": null, "NEU_WIND": null, "NEU_PRES": null, "MLC_LAT": null, "MLC_LON": null, "MLC_CLASS": null, "MLC_WIND": null, "MLC_PRES": null, "USA_GUST": null, "BOM_GUST": null, "BOM_GUSTP": null, "REU_GUST": null, "REU_GUSTP": null, "USA_SEAHGT": 12.0, "USA_SEA_NE": 120.0, "USA_SEA_SE": 90.0, "USA_SEA_SW": 120.0, "USA_SEA_NW": 150.0, "STORM_SPD": 8, "STORM_DR": 275, "year": 2019, "month": 9, "day": 1, "hour": 3, "min": 0 }, "geometry": { "type": "LineString", "coordinates": [ [ -75.0999755859375, 26.399999618530273 ], [ -75.5999755859375, 26.399999618530273 ] ] } },
{ "type": "Feature", "properties": { "SID": "2019236N10314", "SEASON": 2019, "NUMBER": 53, "BASIN": "NA", "SUBBASIN": "NA", "NAME": "DORIAN", "ISO_TIME": "2019-09-01 06:00:00", "NATURE": "TS", "LAT": 26.4, "LON": -75.6, "WMO_WIND": 145.0, "WMO_PRES": 934.0, "WMO_AGENCY": "hurdat_atl", "TRACK_TYPE": "main", "DIST2LAND": 280, "LANDFALL": 247, "IFLAG": "O______________", "USA_AGENCY": "hurdat_atl", "USA_ATCFID": "AL052019", "USA_LAT": 26.4, "USA_LON": -75.6, "USA_RECORD": null, "USA_STATUS": "HU", "USA_WIND": 145.0, "USA_PRES": 934.0, "USA_SSHS": 5, "USA_R34_NE": 110.0, "USA_R34_SE": 110.0, "USA_R34_SW": 70.0, "USA_R34_NW": 90.0, "USA_R50_NE": 50.0, "USA_R50_SE": 50.0, "USA_R50_SW": 40.0, "USA_R50_NW": 50.0, "USA_R64_NE": 30.0, "USA_R64_SE": 25.0, "USA_R64_SW": 20.0, "USA_R64_NW": 25.0, "USA_POCI": 1012.0, "USA_ROCI": 130.0, "USA_RMW": 10.0, "USA_EYE": null, "TOK_LAT": null, "TOK_LON": null, "TOK_GRADE": null, "TOK_WIND": null, "TOK_PRES": null, "TOK_R50_DR": null, "TOK_R50_L": null, "TOK_R50_S": null, "TOK_R30_DR": null, "TOK_R30_L": null, "TOK_R30_S": null, "TOK_LAND": null, "CMA_LAT": null, "CMA_LON": null, "CMA_CAT": null, "CMA_WIND": null, "CMA_PRES": null, "HKO_LAT": null, "HKO_LON": null, "HKO_CAT": null, "HKO_WIND": null, "HKO_PRES": null, "KMA_LAT": null, "KMA_LON": null, "KMA_CAT": null, "KMA_WIND": null, "KMA_PRES": null, "KMA_R50_DR": null, "KMA_R50_L": null, "KMA_R50_S": null, "KMA_R30_DR": null, "KMA_R30_L": null, "KMA_R30_S": null, "NEW_LAT": null, "NEW_LON": null, "NEW_GRADE": null, "NEW_WIND": null, "NEW_PRES": null, "NEW_CI": -999.9, "NEW_DP": null, "NEW_POCI": null, "REU_LAT": null, "REU_LON": null, "REU_TYPE": null, "REU_WIND": null, "REU_PRES": null, "REU_TNUM": -999.9, "REU_CI": -999.9, "REU_RMW": null, "REU_R34_NE": null, "REU_R34_SE": null, "REU_R34_SW": null, "REU_R34_NW": null, "REU_R50_NE": null, "REU_R50_SE": null, "REU_R50_SW": null, "REU_R50_NW": null, "REU_R64_NE": null, "REU_R64_SE": null, "REU_R64_SW": null, "REU_R64_NW": null, "BOM_LAT": null, "BOM_LON": null, "BOM_TYPE": null, "BOM_WIND": null, "BOM_PRES": null, "BOM_TNUM": -999.9, "BOM_CI": -999.9, "BOM_RMW": null, "BOM_R34_NE": null, "BOM_R34_SE": null, "BOM_R34_SW": null, "BOM_R34_NW": null, "BOM_R50_NE": null, "BOM_R50_SE": null, "BOM_R50_SW": null, "BOM_R50_NW": null, "BOM_R64_NE": null, "BOM_R64_SE": null, "BOM_R64_SW": null, "BOM_R64_NW": null, "BOM_ROCI": null, "BOM_POCI": null, "BOM_EYE": null, "BOM_POS_FL": null, "BOM_PRS_FL": null, "NAD_LAT": null, "NAD_LON": null, "NAD_CAT": null, "NAD_WIND": null, "NAD_PRES": null, "WEL_LAT": null, "WEL_LON": null, "WEL_WIND": null, "WEL_PRES": null, "DS8_LAT": null, "DS8_LON": null, "DS8_STAGE": null, "DS8_WIND": null, "DS8_PRES": null, "TD6_LAT": null, "TD6_LON": null, "TD6_STAGE": null, "TD6_WIND": null, "TD6_PRES": null, "TD5_LAT": null, "TD5_LON": null, "TD5_WIND": null, "TD5_PRES": null, "TD5_ROCI": null, "NEU_LAT": null, "NEU_LON": null, "NEU_CLASS": null, "NEU_WIND": null, "NEU_PRES": null, "MLC_LAT": null, "MLC_LON": null, "MLC_CLASS": null, "MLC_WIND": null, "MLC_PRES": null, "USA_GUST": 160.0, "BOM_GUST": null, "BOM_GUSTP": null, "REU_GUST": null, "REU_GUSTP": null, "USA_SEAHGT": 12.0, "USA_SEA_NE": 120.0, "USA_SEA_SE": 90.0, "USA_SEA_SW": 120.0, "USA_SEA_NW": 150.0, "STORM_SPD": 8, "STORM_DR": 275, "year": 2019, "month": 9, "day": 1, "hour": 6, "min": 0 }, "geometry": { "type": "LineString", "coordinates": [ [ -75.5999755859375, 26.399999618530273 ], [ -76.0999755859375, 26.5 ] ] } },
{ "type": "Feature", "properties": { "SID": "2019236N10314", "SEASON": 2019, "NUMBER": 53, "BASIN": "NA", "SUBBASIN": "NA", "NAME": "DORIAN", "ISO_TIME": "2019-09-01 09:00:00", "NATURE": "TS", "LAT": 26.5, "LON": -76.1, "WMO_WIND": 0.0, "WMO_PRES": null, "WMO_AGENCY": null, "TRACK_TYPE": "main", "DIST2LAND": 246, "LANDFALL": 216, "IFLAG": "P______________", "USA_AGENCY": null, "USA_ATCFID": "AL052019", "USA_LAT": 26.5, "USA_LON": -76.1, "USA_RECORD": null, "USA_STATUS": "HU", "USA_WIND": 150.0, "USA_PRES": 931.0, "USA_SSHS": 5, "USA_R34_NE": 110.0, "USA_R34_SE": 110.0, "USA_R34_SW": 70.0, "USA_R34_NW": 90.0, "USA_R50_NE": 55.0, "USA_R50_SE": 50.0, "USA_R50_SW": 45.0, "USA_R50_NW": 50.0, "USA_R64_NE": 33.0, "USA_R64_SE": 28.0, "USA_R64_SW": 23.0, "USA_R64_NW": 25.0, "USA_POCI": 1012.0, "USA_ROCI": 135.0, "USA_RMW": 8.0, "USA_EYE": null, "TOK_LAT": null, "TOK_LON": null, "TOK_GRADE": null, "TOK_WIND": null, "TOK_PRES": null, "TOK_R50_DR": null, "TOK_R50_L": null, "TOK_R50_S": null, "TOK_R30_DR": null, "TOK_R30_L": null, "TOK_R30_S": null, "TOK_LAND": null, "CMA_LAT": null, "CMA_LON": null, "CMA_CAT": null, "CMA_WIND": null, "CMA_PRES": null, "HKO_LAT": null, "HKO_LON": null, "HKO_CAT": null, "HKO_WIND": null, "HKO_PRES": null, "KMA_LAT": null, "KMA_LON": null, "KMA_CAT": null, "KMA_WIND": null, "KMA_PRES": null, "KMA_R50_DR": null, "KMA_R50_L": null, "KMA_R50_S": null, "KMA_R30_DR": null, "KMA_R30_L": null, "KMA_R30_S": null, "NEW_LAT": null, "NEW_LON": null, "NEW_GRADE": null, "NEW_WIND": null, "NEW_PRES": null, "NEW_CI": -999.9, "NEW_DP": null, "NEW_POCI": null, "REU_LAT": null, "REU_LON": null, "REU_TYPE": null, "REU_WIND": null, "REU_PRES": null, "REU_TNUM": -999.9, "REU_CI": -999.9, "REU_RMW": null, "REU_R34_NE": null, "REU_R34_SE": null, "REU_R34_SW": null, "REU_R34_NW": null, "REU_R50_NE": null, "REU_R50_SE": null, "REU_R50_SW": null, "REU_R50_NW": null, "REU_R64_NE": null, "REU_R64_SE": null, "REU_R64_SW": null, "REU_R64_NW": null, "BOM_LAT": null, "BOM_LON": null, "BOM_TYPE": null, "BOM_WIND": null, "BOM_PRES": null, "BOM_TNUM": -999.9, "BOM_CI": -999.9, "BOM_RMW": null, "BOM_R34_NE": null, "BOM_R34_SE": null, "BOM_R34_SW": null, "BOM_R34_NW": null, "BOM_R50_NE": null, "BOM_R50_SE": null, "BOM_R50_SW": null, "BOM_R50_NW": null, "BOM_R64_NE": null, "BOM_R64_SE": null, "BOM_R64_SW": null, "BOM_R64_NW": null, "BOM_ROCI": null, "BOM_POCI": null, "BOM_EYE": null, "BOM_POS_FL": null, "BOM_PRS_FL": null, "NAD_LAT": null, "NAD_LON": null, "NAD_CAT": null, "NAD_WIND": null, "NAD_PRES": null, "WEL_LAT": null, "WEL_LON": null, "WEL_WIND": null, "WEL_PRES": null, "DS8_LAT": null, "DS8_LON": null, "DS8_STAGE": null, "DS8_WIND": null, "DS8_PRES": null, "TD6_LAT": null, "TD6_LON": null, "TD6_STAGE": null, "TD6_WIND": null, "TD6_PRES": null, "TD5_LAT": null, "TD5_LON": null, "TD5_WIND": null, "TD5_PRES": null, "TD5_ROCI": null, "NEU_LAT": null, "NEU_LON": null, "NEU_CLASS": null, "NEU_WIND": null, "NEU_PRES": null, "MLC_LAT": null, "MLC_LON": null, "MLC_CLASS": null, "MLC_WIND": null, "MLC_PRES": null, "USA_GUST": null, "BOM_GUST": null, "BOM_GUSTP": null, "REU_GUST": null, "REU_GUSTP": null, "USA_SEAHGT": 12.0, "USA_SEA_NE": 135.0, "USA_SEA_SE": 105.0, "USA_SEA_SW": 120.0, "USA_SEA_NW": 165.0, "STORM_SPD": 8, "STORM_DR": 275, "year": 2019, "month": 9, "day": 1, "hour": 9, "min": 0 }, "geometry": { "type": "LineString", "coordinates": [ [ -76.0999755859375, 26.5 ], [ -76.5, 26.5 ] ] } },
{ "type": "Feature", "properties": { "SID": "2019236N10314", "SEASON": 2019, "NUMBER": 53, "BASIN": "NA", "SUBBASIN": "NA", "NAME": "DORIAN", "ISO_TIME": "2019-09-01 12:00:00", "NATURE": "TS", "LAT": 26.5, "LON": -76.5, "WMO_WIND": 155.0, "WMO_PRES": 927.0, "WMO_AGENCY": "hurdat_atl", "TRACK_TYPE": "main", "DIST2LAND": 216, "LANDFALL": 197, "IFLAG": "O______________", "USA_AGENCY": "hurdat_atl", "USA_ATCFID": "AL052019", "USA_LAT": 26.5, "USA_LON": -76.5, "USA_RECORD": null, "USA_STATUS": "HU", "USA_WIND": 155.0, "USA_PRES": 927.0, "USA_SSHS": 5, "USA_R34_NE": 110.0, "USA_R34_SE": 110.0, "USA_R34_SW": 70.0, "USA_R34_NW": 90.0, "USA_R50_NE": 60.0, "USA_R50_SE": 50.0, "USA_R50_SW": 50.0, "USA_R50_NW": 50.0, "USA_R64_NE": 35.0, "USA_R64_SE": 30.0, "USA_R64_SW": 25.0, "USA_R64_NW": 25.0, "USA_POCI": 1011.0, "USA_ROCI": 140.0, "USA_RMW": 5.0, "USA_EYE": null, "TOK_LAT": null, "TOK_LON": null, "TOK_GRADE": null, "TOK_WIND": null, "TOK_PRES": null, "TOK_R50_DR": null, "TOK_R50_L": null, "TOK_R50_S": null, "TOK_R30_DR": null, "TOK_R30_L": null, "TOK_R30_S": null, "TOK_LAND": null, "CMA_LAT": null, "CMA_LON": null, "CMA_CAT": null, "CMA_WIND": null, "CMA_PRES": null, "HKO_LAT": null, "HKO_LON": null, "HKO_CAT": null, "HKO_WIND": null, "HKO_PRES": null, "KMA_LAT": null, "KMA_LON": null, "KMA_CAT": null, "KMA_WIND": null, "KMA_PRES": null, "KMA_R50_DR": null, "KMA_R50_L": null, "KMA_R50_S": null, "KMA_R30_DR": null, "KMA_R30_L": null, "KMA_R30_S": null, "NEW_LAT": null, "NEW_LON": null, "NEW_GRADE": null, "NEW_WIND": null, "NEW_PRES": null, "NEW_CI": -999.9, "NEW_DP": null, "NEW_POCI": null, "REU_LAT": null, "REU_LON": null, "REU_TYPE": null, "REU_WIND": null, "REU_PRES": null, "REU_TNUM": -999.9, "REU_CI": -999.9, "REU_RMW": null, "REU_R34_NE": null, "REU_R34_SE": null, "REU_R34_SW": null, "REU_R34_NW": null, "REU_R50_NE": null, "REU_R50_SE": null, "REU_R50_SW": null, "REU_R50_NW": null, "REU_R64_NE": null, "REU_R64_SE": null, "REU_R64_SW": null, "REU_R64_NW": null, "BOM_LAT": null, "BOM_LON": null, "BOM_TYPE": null, "BOM_WIND": null, "BOM_PRES": null, "BOM_TNUM": -999.9, "BOM_CI": -999.9, "BOM_RMW": null, "BOM_R34_NE": null, "BOM_R34_SE": null, "BOM_R34_SW": null, "BOM_R34_NW": null, "BOM_R50_NE": null, "BOM_R50_SE": null, "BOM_R50_SW": null, "BOM_R50_NW": null, "BOM_R64_NE": null, "BOM_R64_SE": null, "BOM_R64_SW": null, "BOM_R64_NW": null, "BOM_ROCI": null, "BOM_POCI": null, "BOM_EYE": null, "BOM_POS_FL": null, "BOM_PRS_FL": null, "NAD_LAT": null, "NAD_LON": null, "NAD_CAT": null, "NAD_WIND": null, "NAD_PRES": null, "WEL_LAT": null, "WEL_LON": null, "WEL_WIND": null, "WEL_PRES": null, "DS8_LAT": null, "DS8_LON": null, "DS8_STAGE": null, "DS8_WIND": null, "DS8_PRES": null, "TD6_LAT": null, "TD6_LON": null, "TD6_STAGE": null, "TD6_WIND": null, "TD6_PRES": null, "TD5_LAT": null, "TD5_LON": null, "TD5_WIND": null, "TD5_PRES": null, "TD5_ROCI": null, "NEU_LAT": null, "NEU_LON": null, "NEU_CLASS": null, "NEU_WIND": null, "NEU_PRES": null, "MLC_LAT": null, "MLC_LON": null, "MLC_CLASS": null, "MLC_WIND": null, "MLC_PRES": null, "USA_GUST": 185.0, "BOM_GUST": null, "BOM_GUSTP": null, "REU_GUST": null, "REU_GUSTP": null, "USA_SEAHGT": 12.0, "USA_SEA_NE": 150.0, "USA_SEA_SE": 120.0, "USA_SEA_SW": 120.0, "USA_SEA_NW": 180.0, "STORM_SPD": 7, "STORM_DR": 275, "year": 2019, "month": 9, "day": 1, "hour": 12, "min": 0 }, "geometry": { "type": "LineString", "coordinates": [ [ -76.5, 26.5 ], [ -76.800048828125, 26.5 ] ] } },
{ "type": "Feature", "properties": { "SID": "2019236N10314", "SEASON": 2019, "NUMBER": 53, "BASIN": "NA", "SUBBASIN": "NA", "NAME": "DORIAN", "ISO_TIME": "2019-09-01 15:00:00", "NATURE": "TS", "LAT": 26.5, "LON": -76.8, "WMO_WIND": 0.0, "WMO_PRES": null, "WMO_AGENCY": null, "TRACK_TYPE": "main", "DIST2LAND": 197, "LANDFALL": 185, "IFLAG": "P______________", "USA_AGENCY": null, "USA_ATCFID": "AL052019", "USA_LAT": 26.5, "USA_LON": -76.8, "USA_RECORD": null, "USA_STATUS": "HU", "USA_WIND": 158.0, "USA_PRES": 916.0, "USA_SSHS": 5, "USA_R34_NE": 110.0, "USA_R34_SE": 110.0, "USA_R34_SW": 70.0, "USA_R34_NW": 90.0, "USA_R50_NE": 60.0, "USA_R50_SE": 50.0, "USA_R50_SW": 50.0, "USA_R50_NW": 50.0, "USA_R64_NE": 35.0, "USA_R64_SE": 30.0, "USA_R64_SW": 25.0, "USA_R64_NW": 25.0, "USA_POCI": 1011.0, "USA_ROCI": 140.0, "USA_RMW": 5.0, "USA_EYE": null, "TOK_LAT": null, "TOK_LON": null, "TOK_GRADE": null, "TOK_WIND": null, "TOK_PRES": null, "TOK_R50_DR": null, "TOK_R50_L": null, "TOK_R50_S": null, "TOK_R30_DR": null, "TOK_R30_L": null, "TOK_R30_S": null, "TOK_LAND": null, "CMA_LAT": null, "CMA_LON": null, "CMA_CAT": null, "CMA_WIND": null, "CMA_PRES": null, "HKO_LAT": null, "HKO_LON": null, "HKO_CAT": null, "HKO_WIND": null, "HKO_PRES": null, "KMA_LAT": null, "KMA_LON": null, "KMA_CAT": null, "KMA_WIND": null, "KMA_PRES": null, "KMA_R50_DR": null, "KMA_R50_L": null, "KMA_R50_S": null, "KMA_R30_DR": null, "KMA_R30_L": null, "KMA_R30_S": null, "NEW_LAT": null, "NEW_LON": null, "NEW_GRADE": null, "NEW_WIND": null, "NEW_PRES": null, "NEW_CI": -999.9, "NEW_DP": null, "NEW_POCI": null, "REU_LAT": null, "REU_LON": null, "REU_TYPE": null, "REU_WIND": null, "REU_PRES": null, "REU_TNUM": -999.9, "REU_CI": -999.9, "REU_RMW": null, "REU_R34_NE": null, "REU_R34_SE": null, "REU_R34_SW": null, "REU_R34_NW": null, "REU_R50_NE": null, "REU_R50_SE": null, "REU_R50_SW": null, "REU_R50_NW": null, "REU_R64_NE": null, "REU_R64_SE": null, "REU_R64_SW": null, "REU_R64_NW": null, "BOM_LAT": null, "BOM_LON": null, "BOM_TYPE": null, "BOM_WIND": null, "BOM_PRES": null, "BOM_TNUM": -999.9, "BOM_CI": -999.9, "BOM_RMW": null, "BOM_R34_NE": null, "BOM_R34_SE": null, "BOM_R34_SW": null, "BOM_R34_NW": null, "BOM_R50_NE": null, "BOM_R50_SE": null, "BOM_R50_SW": null, "BOM_R50_NW": null, "BOM_R64_NE": null, "BOM_R64_SE": null, "BOM_R64_SW": null, "BOM_R64_NW": null, "BOM_ROCI": null, "BOM_POCI": null, "BOM_EYE": null, "BOM_POS_FL": null, "BOM_PRS_FL": null, "NAD_LAT": null, "NAD_LON": null, "NAD_CAT": null, "NAD_WIND": null, "NAD_PRES": null, "WEL_LAT": null, "WEL_LON": null, "WEL_WIND": null, "WEL_PRES": null, "DS8_LAT": null, "DS8_LON": null, "DS8_STAGE": null, "DS8_WIND": null, "DS8_PRES": null, "TD6_LAT": null, "TD6_LON": null, "TD6_STAGE": null, "TD6_WIND": null, "TD6_PRES": null, "TD5_LAT": null, "TD5_LON": null, "TD5_WIND": null, "TD5_PRES": null, "TD5_ROCI": null, "NEU_LAT": null, "NEU_LON": null, "NEU_CLASS": null, "NEU_WIND": null, "NEU_PRES": null, "MLC_LAT": null, "MLC_LON": null, "MLC_CLASS": null, "MLC_WIND": null, "MLC_PRES": null, "USA_GUST": null, "BOM_GUST": null, "BOM_GUSTP": null, "REU_GUST": null, "REU_GUSTP": null, "USA_SEAHGT": 12.0, "USA_SEA_NE": 150.0, "USA_SEA_SE": 120.0, "USA_SEA_SW": 105.0, "USA_SEA_NW": 180.0, "STORM_SPD": 6, "STORM_DR": 270, "year": 2019, "month": 9, "day": 1, "hour": 15, "min": 0 }, "geometry": { "type": "LineString", "coordinates": [ [ -76.800048828125, 26.5 ], [ -77.0, 26.5 ] ] } },
{ "type": "Feature", "properties": { "SID": "2019236N10314", "SEASON": 2019, "NUMBER": 53, "BASIN": "NA", "SUBBASIN": "NA", "NAME": "DORIAN", "ISO_TIME": "2019-09-01 16:40:00", "NATURE": "TS", "LAT": 26.5, "LON": -77.0, "WMO_WIND": 160.0, "WMO_PRES": 910.0, "WMO_AGENCY": "hurdat_atl", "TRACK_TYPE": "main", "DIST2LAND": 185, "LANDFALL": 180, "IFLAG": "V______________", "USA_AGENCY": "hurdat_atl", "USA_ATCFID": "AL052019", "USA_LAT": 26.5, "USA_LON": -77.0, "USA_RECORD": "L", "USA_STATUS": "HU", "USA_WIND": 160.0, "USA_PRES": 910.0, "USA_SSHS": 5, "USA_R34_NE": 110.0, "USA_R34_SE": 110.0, "USA_R34_SW": 70.0, "USA_R34_NW": 90.0, "USA_R50_NE": 60.0, "USA_R50_SE": 50.0, "USA_R50_SW": 50.0, "USA_R50_NW": 50.0, "USA_R64_NE": 35.0, "USA_R64_SE": 30.0, "USA_R64_SW": 25.0, "USA_R64_NW": 25.0, "USA_POCI": 1011.0, "USA_ROCI": 140.0, "USA_RMW": 5.0, "USA_EYE": null, "TOK_LAT": null, "TOK_LON": null, "TOK_GRADE": null, "TOK_WIND": null, "TOK_PRES": null, "TOK_R50_DR": null, "TOK_R50_L": null, "TOK_R50_S": null, "TOK_R30_DR": null, "TOK_R30_L": null, "TOK_R30_S": null, "TOK_LAND": null, "CMA_LAT": null, "CMA_LON": null, "CMA_CAT": null, "CMA_WIND": null, "CMA_PRES": null, "HKO_LAT": null, "HKO_LON": null, "HKO_CAT": null, "HKO_WIND": null, "HKO_PRES": null, "KMA_LAT": null, "KMA_LON": null, "KMA_CAT": null, "KMA_WIND": null, "KMA_PRES": null, "KMA_R50_DR": null, "KMA_R50_L": null, "KMA_R50_S": null, "KMA_R30_DR": null, "KMA_R30_L": null, "KMA_R30_S": null, "NEW_LAT": null, "NEW_LON": null, "NEW_GRADE": null, "NEW_WIND": null, "NEW_PRES": null, "NEW_CI": -999.9, "NEW_DP": null, "NEW_POCI": null, "REU_LAT": null, "REU_LON": null, "REU_TYPE": null, "REU_WIND": null, "REU_PRES": null, "REU_TNUM": -999.9, "REU_CI": -999.9, "REU_RMW": null, "REU_R34_NE": null, "REU_R34_SE": null, "REU_R34_SW": null, "REU_R34_NW": null, "REU_R50_NE": null, "REU_R50_SE": null, "REU_R50_SW": null, "REU_R50_NW": null, "REU_R64_NE": null, "REU_R64_SE": null, "REU_R64_SW": null, "REU_R64_NW": null, "BOM_LAT": null, "BOM_LON": null, "BOM_TYPE": null, "BOM_WIND": null, "BOM_PRES": null, "BOM_TNUM": -999.9, "BOM_CI": -999.9, "BOM_RMW": null, "BOM_R34_NE": null, "BOM_R34_SE": null, "BOM_R34_SW": null, "BOM_R34_NW": null, "BOM_R50_NE": null, "BOM_R50_SE": null, "BOM_R50_SW": null, "BOM_R50_NW": null, "BOM_R64_NE": null, "BOM_R64_SE": null, "BOM_R64_SW": null, "BOM_R64_NW": null, "BOM_ROCI": null, "BOM_POCI": null, "BOM_EYE": null, "BOM_POS_FL": null, "BOM_PRS_FL": null, "NAD_LAT": null, "NAD_LON": null, "NAD_CAT": null, "NAD_WIND": null, "NAD_PRES": null, "WEL_LAT": null, "WEL_LON": null, "WEL_WIND": null, "WEL_PRES": null, "DS8_LAT": null, "DS8_LON": null, "DS8_STAGE": null, "DS8_WIND": null, "DS8_PRES": null, "TD6_LAT": null, "TD6_LON": null, "TD6_STAGE": null, "TD6_WIND": null, "TD6_PRES": null, "TD5_LAT": null, "TD5_LON": null, "TD5_WIND": null, "TD5_PRES": null, "TD5_ROCI": null, "NEU_LAT": null, "NEU_LON": null, "NEU_CLASS": null, "NEU_WIND": null, "NEU_PRES": null, "MLC_LAT": null, "MLC_LON": null, "MLC_CLASS": null, "MLC_WIND": null, "MLC_PRES": null, "USA_GUST": null, "BOM_GUST": null, "BOM_GUSTP": null, "REU_GUST": null, "REU_GUSTP": null, "USA_SEAHGT": 12.0, "USA_SEA_NE": 150.0, "USA_SEA_SE": 120.0, "USA_SEA_SW": 97.0, "USA_SEA_NW": 180.0, "STORM_SPD": 4, "STORM_DR": 270, "year": 2019, "month": 9, "day": 1, "hour": 16, "min": 40 }, "geometry": { "type": "LineString", "coordinates": [ [ -77.0, 26.5 ], [ -77.0999755859375, 26.5 ] ] } },
{ "type": "Feature", "properties": { "SID": "2019236N10314", "SEASON": 2019, "NUMBER": 53, "BASIN": "NA", "SUBBASIN": "NA", "NAME": "DORIAN", "ISO_TIME": "2019-09-01 18:00:00", "NATURE": "TS", "LAT": 26.5, "LON": -77.1, "WMO_WIND": 160.0, "WMO_PRES": 910.0, "WMO_AGENCY": "hurdat_atl", "TRACK_TYPE": "main", "DIST2LAND": 180, "LANDFALL": 167, "IFLAG": "O______________", "USA_AGENCY": "hurdat_atl", "USA_ATCFID": "AL052019", "USA_LAT": 26.5, "USA_LON": -77.1, "USA_RECORD": null, "USA_STATUS": "HU", "USA_WIND": 160.0, "USA_PRES": 910.0, "USA_SSHS": 5, "USA_R34_NE": 120.0, "USA_R34_SE": 120.0, "USA_R34_SW": 70.0, "USA_R34_NW": 90.0, "USA_R50_NE": 60.0, "USA_R50_SE": 50.0, "USA_R50_SW": 50.0, "USA_R50_NW": 50.0, "USA_R64_NE": 35.0, "USA_R64_SE": 30.0, "USA_R64_SW": 25.0, "USA_R64_NW": 25.0, "USA_POCI": 1011.0, "USA_ROCI": 150.0, "USA_RMW": 5.0, "USA_EYE": null, "TOK_LAT": null, "TOK_LON": null, "TOK_GRADE": null, "TOK_WIND": null, "TOK_PRES": null, "TOK_R50_DR": null, "TOK_R50_L": null, "TOK_R50_S": null, "TOK_R30_DR": null, "TOK_R30_L": null, "TOK_R30_S": null, "TOK_LAND": null, "CMA_LAT": null, "CMA_LON": null, "CMA_CAT": null, "CMA_WIND": null, "CMA_PRES": null, "HKO_LAT": null, "HKO_LON": null, "HKO_CAT": null, "HKO_WIND": null, "HKO_PRES": null, "KMA_LAT": null, "KMA_LON": null, "KMA_CAT": null, "KMA_WIND": null, "KMA_PRES": null, "KMA_R50_DR": null, "KMA_R50_L": null, "KMA_R50_S": null, "KMA_R30_DR": null, "KMA_R30_L": null, "KMA_R30_S": null, "NEW_LAT": null, "NEW_LON": null, "NEW_GRADE": null, "NEW_WIND": null, "NEW_PRES": null, "NEW_CI": -999.9, "NEW_DP": null, "NEW_POCI": null, "REU_LAT": null, "REU_LON": null, "REU_TYPE": null, "REU_WIND": null, "REU_PRES": null, "REU_TNUM": -999.9, "REU_CI": -999.9, "REU_RMW": null, "REU_R34_NE": null, "REU_R34_SE": null, "REU_R34_SW": null, "REU_R34_NW": null, "REU_R50_NE": null, "REU_R50_SE": null, "REU_R50_SW": null, "REU_R50_NW": null, "REU_R64_NE": null, "REU_R64_SE": null, "REU_R64_SW": null, "REU_R64_NW": null, "BOM_LAT": null, "BOM_LON": null, "BOM_TYPE": null, "BOM_WIND": null, "BOM_PRES": null, "BOM_TNUM": -999.9, "BOM_CI": -999.9, "BOM_RMW": null, "BOM_R34_NE": null, "BOM_R34_SE": null, "BOM_R34_SW": null, "BOM_R34_NW": null, "BOM_R50_NE": null, "BOM_R50_SE": null, "BOM_R50_SW": null, "BOM_R50_NW": null, "BOM_R64_NE": null, "BOM_R64_SE": null, "BOM_R64_SW": null, "BOM_R64_NW": null, "BOM_ROCI": null, "BOM_POCI": null, "BOM_EYE": null, "BOM_POS_FL": null, "BOM_PRS_FL": null, "NAD_LAT": null, "NAD_LON": null, "NAD_CAT": null, "NAD_WIND": null, "NAD_PRES": null, "WEL_LAT": null, "WEL_LON": null, "WEL_WIND": null, "WEL_PRES": null, "DS8_LAT": null, "DS8_LON": null, "DS8_STAGE": null, "DS8_WIND": null, "DS8_PRES": null, "TD6_LAT": null, "TD6_LON": null, "TD6_STAGE": null, "TD6_WIND": null, "TD6_PRES": null, "TD5_LAT": null, "TD5_LON": null, "TD5_WIND": null, "TD5_PRES": null, "TD5_ROCI": null, "NEU_LAT": null, "NEU_LON": null, "NEU_CLASS": null, "NEU_WIND": null, "NEU_PRES": null, "MLC_LAT": null, "MLC_LON": null, "MLC_CLASS": null, "MLC_WIND": null, "MLC_PRES": null, "USA_GUST": 195.0, "BOM_GUST": null, "BOM_GUSTP": null, "REU_GUST": null, "REU_GUSTP": null, "USA_SEAHGT": 12.0, "USA_SEA_NE": 150.0, "USA_SEA_SE": 120.0, "USA_SEA_SW": 90.0, "USA_SEA_NW": 180.0, "STORM_SPD": 5, "STORM_DR": 275, "year": 2019, "month": 9, "day": 1, "hour": 18, "min": 0 }, "geometry": { "type": "LineString", "coordinates": [ [ -77.0999755859375, 26.5 ], [ -77.4000244140625, 26.5 ] ] } },
{ "type": "Feature", "properties": { "SID": "2019236N10314", "SEASON": 2019, "NUMBER": 53, "BASIN": "NA", "SUBBASIN": "NA", "NAME": "DORIAN", "ISO_TIME": "2019-09-01 21:00:00", "NATURE": "TS", "LAT": 26.5, "LON": -77.4, "WMO_WIND": 0.0, "WMO_PRES": null, "WMO_AGENCY": null, "TRACK_TYPE": "main", "DIST2LAND": 167, "LANDFALL": 167, "IFLAG": "P______________", "USA_AGENCY": null, "USA_ATCFID": "AL052019", "USA_LAT": 26.5, "USA_LON": -77.4, "USA_RECORD": null, "USA_STATUS": "HU", "USA_WIND": 158.0, "USA_PRES": 912.0, "USA_SSHS": 5, "USA_R34_NE": 120.0, "USA_R34_SE": 120.0, "USA_R34_SW": 75.0, "USA_R34_NW": 95.0, "USA_R50_NE": 65.0, "USA_R50_SE": 55.0, "USA_R50_SW": 50.0, "USA_R50_NW": 50.0, "USA_R64_NE": 38.0, "USA_R64_SE": 30.0, "USA_R64_SW": 25.0, "USA_R64_NW": 25.0, "USA_POCI": 1011.0, "USA_ROCI": 150.0, "USA_RMW": 8.0, "USA_EYE": null, "TOK_LAT": null, "TOK_LON": null, "TOK_GRADE": null, "TOK_WIND": null, "TOK_PRES": null, "TOK_R50_DR": null, "TOK_R50_L": null, "TOK_R50_S": null, "TOK_R30_DR": null, "TOK_R30_L": null, "TOK_R30_S": null, "TOK_LAND": null, "CMA_LAT": null, "CMA_LON": null, "CMA_CAT": null, "CMA_WIND": null, "CMA_PRES": null, "HKO_LAT": null, "HKO_LON": null, "HKO_CAT": null, "HKO_WIND": null, "HKO_PRES": null, "KMA_LAT": null, "KMA_LON": null, "KMA_CAT": null, "KMA_WIND": null, "KMA_PRES": null, "KMA_R50_DR": null, "KMA_R50_L": null, "KMA_R50_S": null, "KMA_R30_DR": null, "KMA_R30_L": null, "KMA_R30_S": null, "NEW_LAT": null, "NEW_LON": null, "NEW_GRADE": null, "NEW_WIND": null, "NEW_PRES": null, "NEW_CI": -999.9, "NEW_DP": null, "NEW_POCI": null, "REU_LAT": null, "REU_LON": null, "REU_TYPE": null, "REU_WIND": null, "REU_PRES": null, "REU_TNUM": -999.9, "REU_CI": -999.9, "REU_RMW": null, "REU_R34_NE": null, "REU_R34_SE": null, "REU_R34_SW": null, "REU_R34_NW": null, "REU_R50_NE": null, "REU_R50_SE": null, "REU_R50_SW": null, "REU_R50_NW": null, "REU_R64_NE": null, "REU_R64_SE": null, "REU_R64_SW": null, "REU_R64_NW": null, "BOM_LAT": null, "BOM_LON": null, "BOM_TYPE": null, "BOM_WIND": null, "BOM_PRES": null, "BOM_TNUM": -999.9, "BOM_CI": -999.9, "BOM_RMW": null, "BOM_R34_NE": null, "BOM_R34_SE": null, "BOM_R34_SW": null, "BOM_R34_NW": null, "BOM_R50_NE": null, "BOM_R50_SE": null, "BOM_R50_SW": null, "BOM_R50_NW": null, "BOM_R64_NE": null, "BOM_R64_SE": null, "BOM_R64_SW": null, "BOM_R64_NW": null, "BOM_ROCI": null, "BOM_POCI": null, "BOM_EYE": null, "BOM_POS_FL": null, "BOM_PRS_FL": null, "NAD_LAT": null, "NAD_LON": null, "NAD_CAT": null, "NAD_WIND": null, "NAD_PRES": null, "WEL_LAT": null, "WEL_LON": null, "WEL_WIND": null, "WEL_PRES": null, "DS8_LAT": null, "DS8_LON": null, "DS8_STAGE": null, "DS8_WIND": null, "DS8_PRES": null, "TD6_LAT": null, "TD6_LON": null, "TD6_STAGE": null, "TD6_WIND": null, "TD6_PRES": null, "TD5_LAT": null, "TD5_LON": null, "TD5_WIND": null, "TD5_PRES": null, "TD5_ROCI": null, "NEU_LAT": null, "NEU_LON": null, "NEU_CLASS": null, "NEU_WIND": null, "NEU_PRES": null, "MLC_LAT": null, "MLC_LON": null, "MLC_CLASS": null, "MLC_WIND": null, "MLC_PRES": null, "USA_GUST": null, "BOM_GUST": null, "BOM_GUSTP": null, "REU_GUST": null, "REU_GUSTP": null, "USA_SEAHGT": 12.0, "USA_SEA_NE": 165.0, "USA_SEA_SE": 120.0, "USA_SEA_SW": 90.0, "USA_SEA_NW": 195.0, "STORM_SPD": 5, "STORM_DR": 280, "year": 2019, "month": 9, "day": 1, "hour": 21, "min": 0 }, "geometry": { "type": "LineString", "coordinates": [ [ -77.4000244140625, 26.5 ], [ -77.699951171875, 26.600000381469727 ] ] } },
{ "type": "Feature", "properties": { "SID": "2019236N10314", "SEASON": 2019, "NUMBER": 53, "BASIN": "NA", "SUBBASIN": "NA", "NAME": "DORIAN", "ISO_TIME": "2019-09-02 00:00:00", "NATURE": "TS", "LAT": 26.6, "LON": -77.7, "WMO_WIND": 155.0, "WMO_PRES": 914.0, "WMO_AGENCY": "hurdat_atl", "TRACK_TYPE": "main", "DIST2LAND": 170, "LANDFALL": 168, "IFLAG": "O______________", "USA_AGENCY": "hurdat_atl", "USA_ATCFID": "AL052019", "USA_LAT": 26.6, "USA_LON": -77.7, "USA_RECORD": null, "USA_STATUS": "HU", "USA_WIND": 155.0, "USA_PRES": 914.0, "USA_SSHS": 5, "USA_R34_NE": 120.0, "USA_R34_SE": 120.0, "USA_R34_SW": 80.0, "USA_R34_NW": 100.0, "USA_R50_NE": 70.0, "USA_R50_SE": 60.0, "USA_R50_SW": 50.0, "USA_R50_NW": 50.0, "USA_R64_NE": 40.0, "USA_R64_SE": 30.0, "USA_R64_SW": 25.0, "USA_R64_NW": 25.0, "USA_POCI": 1011.0, "USA_ROCI": 150.0, "USA_RMW": 10.0, "USA_EYE": null, "TOK_LAT": null, "TOK_LON": null, "TOK_GRADE": null, "TOK_WIND": null, "TOK_PRES": null, "TOK_R50_DR": null, "TOK_R50_L": null, "TOK_R50_S": null, "TOK_R30_DR": null, "TOK_R30_L": null, "TOK_R30_S": null, "TOK_LAND": null, "CMA_LAT": null, "CMA_LON": null, "CMA_CAT": null, "CMA_WIND": null, "CMA_PRES": null, "HKO_LAT": null, "HKO_LON": null, "HKO_CAT": null, "HKO_WIND": null, "HKO_PRES": null, "KMA_LAT": null, "KMA_LON": null, "KMA_CAT": null, "KMA_WIND": null, "KMA_PRES": null, "KMA_R50_DR": null, "KMA_R50_L": null, "KMA_R50_S": null, "KMA_R30_DR": null, "KMA_R30_L": null, "KMA_R30_S": null, "NEW_LAT": null, "NEW_LON": null, "NEW_GRADE": null, "NEW_WIND": null, "NEW_PRES": null, "NEW_CI": -999.9, "NEW_DP": null, "NEW_POCI": null, "REU_LAT": null, "REU_LON": null, "REU_TYPE": null, "REU_WIND": null, "REU_PRES": null, "REU_TNUM": -999.9, "REU_CI": -999.9, "REU_RMW": null, "REU_R34_NE": null, "REU_R34_SE": null, "REU_R34_SW": null, "REU_R34_NW": null, "REU_R50_NE": null, "REU_R50_SE": null, "REU_R50_SW": null, "REU_R50_NW": null, "REU_R64_NE": null, "REU_R64_SE": null, "REU_R64_SW": null, "REU_R64_NW": null, "BOM_LAT": null, "BOM_LON": null, "BOM_TYPE": null, "BOM_WIND": null, "BOM_PRES": null, "BOM_TNUM": -999.9, "BOM_CI": -999.9, "BOM_RMW": null, "BOM_R34_NE": null, "BOM_R34_SE": null, "BOM_R34_SW": null, "BOM_R34_NW": null, "BOM_R50_NE": null, "BOM_R50_SE": null, "BOM_R50_SW": null, "BOM_R50_NW": null, "BOM_R64_NE": null, "BOM_R64_SE": null, "BOM_R64_SW": null, "BOM_R64_NW": null, "BOM_ROCI": null, "BOM_POCI": null, "BOM_EYE": null, "BOM_POS_FL": null, "BOM_PRS_FL": null, "NAD_LAT": null, "NAD_LON": null, "NAD_CAT": null, "NAD_WIND": null, "NAD_PRES": null, "WEL_LAT": null, "WEL_LON": null, "WEL_WIND": null, "WEL_PRES": null, "DS8_LAT": null, "DS8_LON": null, "DS8_STAGE": null, "DS8_WIND": null, "DS8_PRES": null, "TD6_LAT": null, "TD6_LON": null, "TD6_STAGE": null, "TD6_WIND": null, "TD6_PRES": null, "TD5_LAT": null, "TD5_LON": null, "TD5_WIND": null, "TD5_PRES": null, "TD5_ROCI": null, "NEU_LAT": null, "NEU_LON": null, "NEU_CLASS": null, "NEU_WIND": null, "NEU_PRES": null, "MLC_LAT": null, "MLC_LON": null, "MLC_CLASS": null, "MLC_WIND": null, "MLC_PRES": null, "USA_GUST": 190.0, "BOM_GUST": null, "BOM_GUSTP": null, "REU_GUST": null, "REU_GUSTP": null, "USA_SEAHGT": 12.0, "USA_SEA_NE": 180.0, "USA_SEA_SE": 120.0, "USA_SEA_SW": 90.0, "USA_SEA_NW": 210.0, "STORM_SPD": 4, "STORM_DR": 280, "year": 2019, "month": 9, "day": 2, "hour": 0, "min": 0 }, "geometry": { "type": "LineString", "coordinates": [ [ -77.699951171875, 26.600000381469727 ], [ -77.800048828125, 26.600000381469727 ] ] } },
{ "type": "Feature", "properties": { "SID": "2019236N10314", "SEASON": 2019, "NUMBER": 53, "BASIN": "NA", "SUBBASIN": "NA", "NAME": "DORIAN", "ISO_TIME": "2019-09-02 02:15:00", "NATURE": "TS", "LAT": 26.6, "LON": -77.8, "WMO_WIND": 155.0, "WMO_PRES": 914.0, "WMO_AGENCY": "hurdat_atl", "TRACK_TYPE": "main", "DIST2LAND": 168, "LANDFALL": 168, "IFLAG": "V______________", "USA_AGENCY": "hurdat_atl", "USA_ATCFID": "AL052019", "USA_LAT": 26.6, "USA_LON": -77.8, "USA_RECORD": "L", "USA_STATUS": "HU", "USA_WIND": 155.0, "USA_PRES": 914.0, "USA_SSHS": 5, "USA_R34_NE": 120.0, "USA_R34_SE": 120.0, "USA_R34_SW": 80.0, "USA_R34_NW": 100.0, "USA_R50_NE": 70.0, "USA_R50_SE": 60.0, "USA_R50_SW": 50.0, "USA_R50_NW": 50.0, "USA_R64_NE": 40.0, "USA_R64_SE": 30.0, "USA_R64_SW": 25.0, "USA_R64_NW": 25.0, "USA_POCI": 1011.0, "USA_ROCI": 150.0, "USA_RMW": 10.0, "USA_EYE": null, "TOK_LAT": null, "TOK_LON": null, "TOK_GRADE": null, "TOK_WIND": null, "TOK_PRES": null, "TOK_R50_DR": null, "TOK_R50_L": null, "TOK_R50_S": null, "TOK_R30_DR": null, "TOK_R30_L": null, "TOK_R30_S": null, "TOK_LAND": null, "CMA_LAT": null, "CMA_LON": null, "CMA_CAT": null, "CMA_WIND": null, "CMA_PRES": null, "HKO_LAT": null, "HKO_LON": null, "HKO_CAT": null, "HKO_WIND": null, "HKO_PRES": null, "KMA_LAT": null, "KMA_LON": null, "KMA_CAT": null, "KMA_WIND": null, "KMA_PRES": null, "KMA_R50_DR": null, "KMA_R50_L": null, "KMA_R50_S": null, "KMA_R30_DR": null, "KMA_R30_L": null, "KMA_R30_S": null, "NEW_LAT": null, "NEW_LON": null, "NEW_GRADE": null, "NEW_WIND": null, "NEW_PRES": null, "NEW_CI": -999.9, "NEW_DP": null, "NEW_POCI": null, "REU_LAT": null, "REU_LON": null, "REU_TYPE": null, "REU_WIND": null, "REU_PRES": null, "REU_TNUM": -999.9, "REU_CI": -999.9, "REU_RMW": null, "REU_R34_NE": null, "REU_R34_SE": null, "REU_R34_SW": null, "REU_R34_NW": null, "REU_R50_NE": null, "REU_R50_SE": null, "REU_R50_SW": null, "REU_R50_NW": null, "REU_R64_NE": null, "REU_R64_SE": null, "REU_R64_SW": null, "REU_R64_NW": null, "BOM_LAT": null, "BOM_LON": null, "BOM_TYPE": null, "BOM_WIND": null, "BOM_PRES": null, "BOM_TNUM": -999.9, "BOM_CI": -999.9, "BOM_RMW": null, "BOM_R34_NE": null, "BOM_R34_SE": null, "BOM_R34_SW": null, "BOM_R34_NW": null, "BOM_R50_NE": null, "BOM_R50_SE": null, "BOM_R50_SW": null, "BOM_R50_NW": null, "BOM_R64_NE": null, "BOM_R64_SE": null, "BOM_R64_SW": null, "BOM_R64_NW": null, "BOM_ROCI": null, "BOM_POCI": null, "BOM_EYE": null, "BOM_POS_FL": null, "BOM_PRS_FL": null, "NAD_LAT": null, "NAD_LON": null, "NAD_CAT": null, "NAD_WIND": null, "NAD_PRES": null, "WEL_LAT": null, "WEL_LON": null, "WEL_WIND": null, "WEL_PRES": null, "DS8_LAT": null, "DS8_LON": null, "DS8_STAGE": null, "DS8_WIND": null, "DS8_PRES": null, "TD6_LAT": null, "TD6_LON": null, "TD6_STAGE": null, "TD6_WIND": null, "TD6_PRES": null, "TD5_LAT": null, "TD5_LON": null, "TD5_WIND": null, "TD5_PRES": null, "TD5_ROCI": null, "NEU_LAT": null, "NEU_LON": null, "NEU_CLASS": null, "NEU_WIND": null, "NEU_PRES": null, "MLC_LAT": null, "MLC_LON": null, "MLC_CLASS": null, "MLC_WIND": null, "MLC_PRES": null, "USA_GUST": null, "BOM_GUST": null, "BOM_GUSTP": null, "REU_GUST": null, "REU_GUSTP": null, "USA_SEAHGT": 12.0, "USA_SEA_NE": 169.0, "USA_SEA_SE": 120.0, "USA_SEA_SW": 79.0, "USA_SEA_NW": 199.0, "STORM_SPD": 2, "STORM_DR": 270, "year": 2019, "month": 9, "day": 2, "hour": 2, "min": 15 }, "geometry": { "type": "LineString", "coordinates": [ [ -77.800048828125, 26.600000381469727 ], [ -77.7900390625, 26.600000381469727 ] ] } },
{ "type": "Feature", "properties": { "SID": "2019236N10314", "SEASON": 2019, "NUMBER": 53, "BASIN": "NA", "SUBBASIN": "NA", "NAME": "DORIAN", "ISO_TIME": "2019-09-02 03:00:00", "NATURE": "TS", "LAT": 26.6, "LON": -77.79, "WMO_WIND": 0.0, "WMO_PRES": null, "WMO_AGENCY": null, "TRACK_TYPE": "main", "DIST2LAND": 168, "LANDFALL": 167, "IFLAG": "P______________", "USA_AGENCY": null, "USA_ATCFID": "AL052019", "USA_LAT": 26.6, "USA_LON": -77.8, "USA_RECORD": null, "USA_STATUS": "HU", "USA_WIND": 153.0, "USA_PRES": 914.0, "USA_SSHS": 5, "USA_R34_NE": 122.0, "USA_R34_SE": 120.0, "USA_R34_SW": 80.0, "USA_R34_NW": 100.0, "USA_R50_NE": 70.0, "USA_R50_SE": 60.0, "USA_R50_SW": 50.0, "USA_R50_NW": 50.0, "USA_R64_NE": 40.0, "USA_R64_SE": 30.0, "USA_R64_SW": 25.0, "USA_R64_NW": 25.0, "USA_POCI": 1011.0, "USA_ROCI": 152.0, "USA_RMW": 10.0, "USA_EYE": null, "TOK_LAT": null, "TOK_LON": null, "TOK_GRADE": null, "TOK_WIND": null, "TOK_PRES": null, "TOK_R50_DR": null, "TOK_R50_L": null, "TOK_R50_S": null, "TOK_R30_DR": null, "TOK_R30_L": null, "TOK_R30_S": null, "TOK_LAND": null, "CMA_LAT": null, "CMA_LON": null, "CMA_CAT": null, "CMA_WIND": null, "CMA_PRES": null, "HKO_LAT": null, "HKO_LON": null, "HKO_CAT": null, "HKO_WIND": null, "HKO_PRES": null, "KMA_LAT": null, "KMA_LON": null, "KMA_CAT": null, "KMA_WIND": null, "KMA_PRES": null, "KMA_R50_DR": null, "KMA_R50_L": null, "KMA_R50_S": null, "KMA_R30_DR": null, "KMA_R30_L": null, "KMA_R30_S": null, "NEW_LAT": null, "NEW_LON": null, "NEW_GRADE": null, "NEW_WIND": null, "NEW_PRES": null, "NEW_CI": -999.9, "NEW_DP": null, "NEW_POCI": null, "REU_LAT": null, "REU_LON": null, "REU_TYPE": null, "REU_WIND": null, "REU_PRES": null, "REU_TNUM": -999.9, "REU_CI": -999.9, "REU_RMW": null, "REU_R34_NE": null, "REU_R34_SE": null, "REU_R34_SW": null, "REU_R34_NW": null, "REU_R50_NE": null, "REU_R50_SE": null, "REU_R50_SW": null, "REU_R50_NW": null, "REU_R64_NE": null, "REU_R64_SE": null, "REU_R64_SW": null, "REU_R64_NW": null, "BOM_LAT": null, "BOM_LON": null, "BOM_TYPE": null, "BOM_WIND": null, "BOM_PRES": null, "BOM_TNUM": -999.9, "BOM_CI": -999.9, "BOM_RMW": null, "BOM_R34_NE": null, "BOM_R34_SE": null, "BOM_R34_SW": null, "BOM_R34_NW": null, "BOM_R50_NE": null, "BOM_R50_SE": null, "BOM_R50_SW": null, "BOM_R50_NW": null, "BOM_R64_NE": null, "BOM_R64_SE": null, "BOM_R64_SW": null, "BOM_R64_NW": null, "BOM_ROCI": null, "BOM_POCI": null, "BOM_EYE": null, "BOM_POS_FL": null, "BOM_PRS_FL": null, "NAD_LAT": null, "NAD_LON": null, "NAD_CAT": null, "NAD_WIND": null, "NAD_PRES": null, "WEL_LAT": null, "WEL_LON": null, "WEL_WIND": null, "WEL_PRES": null, "DS8_LAT": null, "DS8_LON": null, "DS8_STAGE": null, "DS8_WIND": null, "DS8_PRES": null, "TD6_LAT": null, "TD6_LON": null, "TD6_STAGE": null, "TD6_WIND": null, "TD6_PRES": null, "TD5_LAT": null, "TD5_LON": null, "TD5_WIND": null, "TD5_PRES": null, "TD5_ROCI": null, "NEU_LAT": null, "NEU_LON": null, "NEU_CLASS": null, "NEU_WIND": null, "NEU_PRES": null, "MLC_LAT": null, "MLC_LON": null, "MLC_CLASS": null, "MLC_WIND": null, "MLC_PRES": null, "USA_GUST": null, "BOM_GUST": null, "BOM_GUSTP": null, "REU_GUST": null, "REU_GUSTP": null, "USA_SEAHGT": 12.0, "USA_SEA_NE": 165.0, "USA_SEA_SE": 120.0, "USA_SEA_SW": 75.0, "USA_SEA_NW": 195.0, "STORM_SPD": 3, "STORM_DR": 270, "year": 2019, "month": 9, "day": 2, "hour": 3, "min": 0 }, "geometry": { "type": "LineString", "coordinates": [ [ -77.7900390625, 26.600000381469727 ], [ -78.0, 26.600000381469727 ] ] } },
{ "type": "Feature", "properties": { "SID": "2019236N10314", "SEASON": 2019, "NUMBER": 53, "BASIN": "NA", "SUBBASIN": "NA", "NAME": "DORIAN", "ISO_TIME": "2019-09-02 06:00:00", "NATURE": "TS", "LAT": 26.6, "LON": -78.0, "WMO_WIND": 145.0, "WMO_PRES": 916.0, "WMO_AGENCY": "hurdat_atl", "TRACK_TYPE": "main", "DIST2LAND": 167, "LANDFALL": 167, "IFLAG": "O______________", "USA_AGENCY": "hurdat_atl", "USA_ATCFID": "AL052019", "USA_LAT": 26.6, "USA_LON": -78.0, "USA_RECORD": null, "USA_STATUS": "HU", "USA_WIND": 145.0, "USA_PRES": 916.0, "USA_SSHS": 5, "USA_R34_NE": 130.0, "USA_R34_SE": 120.0, "USA_R34_SW": 80.0, "USA_R34_NW": 100.0, "USA_R50_NE": 70.0, "USA_R50_SE": 60.0, "USA_R50_SW": 50.0, "USA_R50_NW": 50.0, "USA_R64_NE": 40.0, "USA_R64_SE": 30.0, "USA_R64_SW": 25.0, "USA_R64_NW": 25.0, "USA_POCI": 1011.0, "USA_ROCI": 160.0, "USA_RMW": 10.0, "USA_EYE": null, "TOK_LAT": null, "TOK_LON": null, "TOK_GRADE": null, "TOK_WIND": null, "TOK_PRES": null, "TOK_R50_DR": null, "TOK_R50_L": null, "TOK_R50_S": null, "TOK_R30_DR": null, "TOK_R30_L": null, "TOK_R30_S": null, "TOK_LAND": null, "CMA_LAT": null, "CMA_LON": null, "CMA_CAT": null, "CMA_WIND": null, "CMA_PRES": null, "HKO_LAT": null, "HKO_LON": null, "HKO_CAT": null, "HKO_WIND": null, "HKO_PRES": null, "KMA_LAT": null, "KMA_LON": null, "KMA_CAT": null, "KMA_WIND": null, "KMA_PRES": null, "KMA_R50_DR": null, "KMA_R50_L": null, "KMA_R50_S": null, "KMA_R30_DR": null, "KMA_R30_L": null, "KMA_R30_S": null, "NEW_LAT": null, "NEW_LON": null, "NEW_GRADE": null, "NEW_WIND": null, "NEW_PRES": null, "NEW_CI": -999.9, "NEW_DP": null, "NEW_POCI": null, "REU_LAT": null, "REU_LON": null, "REU_TYPE": null, "REU_WIND": null, "REU_PRES": null, "REU_TNUM": -999.9, "REU_CI": -999.9, "REU_RMW": null, "REU_R34_NE": null, "REU_R34_SE": null, "REU_R34_SW": null, "REU_R34_NW": null, "REU_R50_NE": null, "REU_R50_SE": null, "REU_R50_SW": null, "REU_R50_NW": null, "REU_R64_NE": null, "REU_R64_SE": null, "REU_R64_SW": null, "REU_R64_NW": null, "BOM_LAT": null, "BOM_LON": null, "BOM_TYPE": null, "BOM_WIND": null, "BOM_PRES": null, "BOM_TNUM": -999.9, "BOM_CI": -999.9, "BOM_RMW": null, "BOM_R34_NE": null, "BOM_R34_SE": null, "BOM_R34_SW": null, "BOM_R34_NW": null, "BOM_R50_NE": null, "BOM_R50_SE": null, "BOM_R50_SW": null, "BOM_R50_NW": null, "BOM_R64_NE": null, "BOM_R64_SE": null, "BOM_R64_SW": null, "BOM_R64_NW": null, "BOM_ROCI": null, "BOM_POCI": null, "BOM_EYE": null, "BOM_POS_FL": null, "BOM_PRS_FL": null, "NAD_LAT": null, "NAD_LON": null, "NAD_CAT": null, "NAD_WIND": null, "NAD_PRES": null, "WEL_LAT": null, "WEL_LON": null, "WEL_WIND": null, "WEL_PRES": null, "DS8_LAT": null, "DS8_LON": null, "DS8_STAGE": null, "DS8_WIND": null, "DS8_PRES": null, "TD6_LAT": null, "TD6_LON": null, "TD6_STAGE": null, "TD6_WIND": null, "TD6_PRES": null, "TD5_LAT": null, "TD5_LON": null, "TD5_WIND": null, "TD5_PRES": null, "TD5_ROCI": null, "NEU_LAT": null, "NEU_LON": null, "NEU_CLASS": null, "NEU_WIND": null, "NEU_PRES": null, "MLC_LAT": null, "MLC_LON": null, "MLC_CLASS": null, "MLC_WIND": null, "MLC_PRES": null, "USA_GUST": 175.0, "BOM_GUST": null, "BOM_GUSTP": null, "REU_GUST": null, "REU_GUSTP": null, "USA_SEAHGT": 12.0, "USA_SEA_NE": 150.0, "USA_SEA_SE": 120.0, "USA_SEA_SW": 60.0, "USA_SEA_NW": 180.0, "STORM_SPD": 3, "STORM_DR": 280, "year": 2019, "month": 9, "day": 2, "hour": 6, "min": 0 }, "geometry": { "type": "LineString", "coordinates": [ [ -78.0, 26.600000381469727 ], [ -78.199951171875, 26.600000381469727 ] ] } },
{ "type": "Feature", "properties": { "SID": "2019236N10314", "SEASON": 2019, "NUMBER": 53, "BASIN": "NA", "SUBBASIN": "NA", "NAME": "DORIAN", "ISO_TIME": "2019-09-02 09:00:00", "NATURE": "TS", "LAT": 26.6, "LON": -78.2, "WMO_WIND": 0.0, "WMO_PRES": null, "WMO_AGENCY": null, "TRACK_TYPE": "main", "DIST2LAND": 167, "LANDFALL": 167, "IFLAG": "P______________", "USA_AGENCY": null, "USA_ATCFID": "AL052019", "USA_LAT": 26.6, "USA_LON": -78.2, "USA_RECORD": null, "USA_STATUS": "HU", "USA_WIND": 140.0, "USA_PRES": 922.0, "USA_SSHS": 5, "USA_R34_NE": 130.0, "USA_R34_SE": 120.0, "USA_R34_SW": 80.0, "USA_R34_NW": 100.0, "USA_R50_NE": 75.0, "USA_R50_SE": 65.0, "USA_R50_SW": 50.0, "USA_R50_NW": 50.0, "USA_R64_NE": 40.0, "USA_R64_SE": 30.0, "USA_R64_SW": 25.0, "USA_R64_NW": 25.0, "USA_POCI": 1011.0, "USA_ROCI": 165.0, "USA_RMW": 13.0, "USA_EYE": null, "TOK_LAT": null, "TOK_LON": null, "TOK_GRADE": null, "TOK_WIND": null, "TOK_PRES": null, "TOK_R50_DR": null, "TOK_R50_L": null, "TOK_R50_S": null, "TOK_R30_DR": null, "TOK_R30_L": null, "TOK_R30_S": null, "TOK_LAND": null, "CMA_LAT": null, "CMA_LON": null, "CMA_CAT": null, "CMA_WIND": null, "CMA_PRES": null, "HKO_LAT": null, "HKO_LON": null, "HKO_CAT": null, "HKO_WIND": null, "HKO_PRES": null, "KMA_LAT": null, "KMA_LON": null, "KMA_CAT": null, "KMA_WIND": null, "KMA_PRES": null, "KMA_R50_DR": null, "KMA_R50_L": null, "KMA_R50_S": null, "KMA_R30_DR": null, "KMA_R30_L": null, "KMA_R30_S": null, "NEW_LAT": null, "NEW_LON": null, "NEW_GRADE": null, "NEW_WIND": null, "NEW_PRES": null, "NEW_CI": -999.9, "NEW_DP": null, "NEW_POCI": null, "REU_LAT": null, "REU_LON": null, "REU_TYPE": null, "REU_WIND": null, "REU_PRES": null, "REU_TNUM": -999.9, "REU_CI": -999.9, "REU_RMW": null, "REU_R34_NE": null, "REU_R34_SE": null, "REU_R34_SW": null, "REU_R34_NW": null, "REU_R50_NE": null, "REU_R50_SE": null, "REU_R50_SW": null, "REU_R50_NW": null, "REU_R64_NE": null, "REU_R64_SE": null, "REU_R64_SW": null, "REU_R64_NW": null, "BOM_LAT": null, "BOM_LON": null, "BOM_TYPE": null, "BOM_WIND": null, "BOM_PRES": null, "BOM_TNUM": -999.9, "BOM_CI": -999.9, "BOM_RMW": null, "BOM_R34_NE": null, "BOM_R34_SE": null, "BOM_R34_SW": null, "BOM_R34_NW": null, "BOM_R50_NE": null, "BOM_R50_SE": null, "BOM_R50_SW": null, "BOM_R50_NW": null, "BOM_R64_NE": null, "BOM_R64_SE": null, "BOM_R64_SW": null, "BOM_R64_NW": null, "BOM_ROCI": null, "BOM_POCI": null, "BOM_EYE": null, "BOM_POS_FL": null, "BOM_PRS_FL": null, "NAD_LAT": null, "NAD_LON": null, "NAD_CAT": null, "NAD_WIND": null, "NAD_PRES": null, "WEL_LAT": null, "WEL_LON": null, "WEL_WIND": null, "WEL_PRES": null, "DS8_LAT": null, "DS8_LON": null, "DS8_STAGE": null, "DS8_WIND": null, "DS8_PRES": null, "TD6_LAT": null, "TD6_LON": null, "TD6_STAGE": null, "TD6_WIND": null, "TD6_PRES": null, "TD5_LAT": null, "TD5_LON": null, "TD5_WIND": null, "TD5_PRES": null, "TD5_ROCI": null, "NEU_LAT": null, "NEU_LON": null, "NEU_CLASS": null, "NEU_WIND": null, "NEU_PRES": null, "MLC_LAT": null, "MLC_LON": null, "MLC_CLASS": null, "MLC_WIND": null, "MLC_PRES": null, "USA_GUST": null, "BOM_GUST": null, "BOM_GUSTP": null, "REU_GUST": null, "REU_GUSTP": null, "USA_SEAHGT": 12.0, "USA_SEA_NE": 165.0, "USA_SEA_SE": 120.0, "USA_SEA_SW": 75.0, "USA_SEA_NW": 195.0, "STORM_SPD": 3, "STORM_DR": 290, "year": 2019, "month": 9, "day": 2, "hour": 9, "min": 0 }, "geometry": { "type": "LineString", "coordinates": [ [ -78.199951171875, 26.600000381469727 ], [ -78.300048828125, 26.700000762939453 ] ] } },
{ "type": "Feature", "properties": { "SID": "2019236N10314", "SEASON": 2019, "NUMBER": 53, "BASIN": "NA", "SUBBASIN": "NA", "NAME": "DORIAN", "ISO_TIME": "2019-09-02 12:00:00", "NATURE": "TS", "LAT": 26.7, "LON": -78.3, "WMO_WIND": 135.0, "WMO_PRES": 927.0, "WMO_AGENCY": "hurdat_atl", "TRACK_TYPE": "main", "DIST2LAND": 169, "LANDFALL": 159, "IFLAG": "O______________", "USA_AGENCY": "hurdat_atl", "USA_ATCFID": "AL052019", "USA_LAT": 26.7, "USA_LON": -78.3, "USA_RECORD": null, "USA_STATUS": "HU", "USA_WIND": 135.0, "USA_PRES": 927.0, "USA_SSHS": 4, "USA_R34_NE": 130.0, "USA_R34_SE": 120.0, "USA_R34_SW": 80.0, "USA_R34_NW": 100.0, "USA_R50_NE": 80.0, "USA_R50_SE": 70.0, "USA_R50_SW": 50.0, "USA_R50_NW": 50.0, "USA_R64_NE": 40.0, "USA_R64_SE": 30.0, "USA_R64_SW": 25.0, "USA_R64_NW": 25.0, "USA_POCI": 1011.0, "USA_ROCI": 170.0, "USA_RMW": 15.0, "USA_EYE": null, "TOK_LAT": null, "TOK_LON": null, "TOK_GRADE": null, "TOK_WIND": null, "TOK_PRES": null, "TOK_R50_DR": null, "TOK_R50_L": null, "TOK_R50_S": null, "TOK_R30_DR": null, "TOK_R30_L": null, "TOK_R30_S": null, "TOK_LAND": null, "CMA_LAT": null, "CMA_LON": null, "CMA_CAT": null, "CMA_WIND": null, "CMA_PRES": null, "HKO_LAT": null, "HKO_LON": null, "HKO_CAT": null, "HKO_WIND": null, "HKO_PRES": null, "KMA_LAT": null, "KMA_LON": null, "KMA_CAT": null, "KMA_WIND": null, "KMA_PRES": null, "KMA_R50_DR": null, "KMA_R50_L": null, "KMA_R50_S": null, "KMA_R30_DR": null, "KMA_R30_L": null, "KMA_R30_S": null, "NEW_LAT": null, "NEW_LON": null, "NEW_GRADE": null, "NEW_WIND": null, "NEW_PRES": null, "NEW_CI": -999.9, "NEW_DP": null, "NEW_POCI": null, "REU_LAT": null, "REU_LON": null, "REU_TYPE": null, "REU_WIND": null, "REU_PRES": null, "REU_TNUM": -999.9, "REU_CI": -999.9, "REU_RMW": null, "REU_R34_NE": null, "REU_R34_SE": null, "REU_R34_SW": null, "REU_R34_NW": null, "REU_R50_NE": null, "REU_R50_SE": null, "REU_R50_SW": null, "REU_R50_NW": null, "REU_R64_NE": null, "REU_R64_SE": null, "REU_R64_SW": null, "REU_R64_NW": null, "BOM_LAT": null, "BOM_LON": null, "BOM_TYPE": null, "BOM_WIND": null, "BOM_PRES": null, "BOM_TNUM": -999.9, "BOM_CI": -999.9, "BOM_RMW": null, "BOM_R34_NE": null, "BOM_R34_SE": null, "BOM_R34_SW": null, "BOM_R34_NW": null, "BOM_R50_NE": null, "BOM_R50_SE": null, "BOM_R50_SW": null, "BOM_R50_NW": null, "BOM_R64_NE": null, "BOM_R64_SE": null, "BOM_R64_SW": null, "BOM_R64_NW": null, "BOM_ROCI": null, "BOM_POCI": null, "BOM_EYE": null, "BOM_POS_FL": null, "BOM_PRS_FL": null, "NAD_LAT": null, "NAD_LON": null, "NAD_CAT": null, "NAD_WIND": null, "NAD_PRES": null, "WEL_LAT": null, "WEL_LON": null, "WEL_WIND": null, "WEL_PRES": null, "DS8_LAT": null, "DS8_LON": null, "DS8_STAGE": null, "DS8_WIND": null, "DS8_PRES": null, "TD6_LAT": null, "TD6_LON": null, "TD6_STAGE": null, "TD6_WIND": null, "TD6_PRES": null, "TD5_LAT": null, "TD5_LON": null, "TD5_WIND": null, "TD5_PRES": null, "TD5_ROCI": null, "NEU_LAT": null, "NEU_LON": null, "NEU_CLASS": null, "NEU_WIND": null, "NEU_PRES": null, "MLC_LAT": null, "MLC_LON": null, "MLC_CLASS": null, "MLC_WIND": null, "MLC_PRES": null, "USA_GUST": 170.0, "BOM_GUST": null, "BOM_GUSTP": null, "REU_GUST": null, "REU_GUSTP": null, "USA_SEAHGT": 12.0, "USA_SEA_NE": 180.0, "USA_SEA_SE": 120.0, "USA_SEA_SW": 90.0, "USA_SEA_NW": 210.0, "STORM_SPD": 2, "STORM_DR": 300, "year": 2019, "month": 9, "day": 2, "hour": 12, "min": 0 }, "geometry": { "type": "LineString", "coordinates": [ [ -78.300048828125, 26.700000762939453 ], [ -78.4000244140625, 26.700000762939453 ] ] } },
{ "type": "Feature", "properties": { "SID": "2019236N10314", "SEASON": 2019, "NUMBER": 53, "BASIN": "NA", "SUBBASIN": "NA", "NAME": "DORIAN", "ISO_TIME": "2019-09-02 15:00:00", "NATURE": "TS", "LAT": 26.7, "LON": -78.4, "WMO_WIND": 0.0, "WMO_PRES": null, "WMO_AGENCY": null, "TRACK_TYPE": "main", "DIST2LAND": 159, "LANDFALL": 158, "IFLAG": "P______________", "USA_AGENCY": null, "USA_ATCFID": "AL052019", "USA_LAT": 26.7, "USA_LON": -78.4, "USA_RECORD": null, "USA_STATUS": "HU", "USA_WIND": 130.0, "USA_PRES": 933.0, "USA_SSHS": 4, "USA_R34_NE": 135.0, "USA_R34_SE": 125.0, "USA_R34_SW": 85.0, "USA_R34_NW": 100.0, "USA_R50_NE": 80.0, "USA_R50_SE": 70.0, "USA_R50_SW": 50.0, "USA_R50_NW": 50.0, "USA_R64_NE": 40.0, "USA_R64_SE": 30.0, "USA_R64_SW": 25.0, "USA_R64_NW": 28.0, "USA_POCI": 1011.0, "USA_ROCI": 175.0, "USA_RMW": 15.0, "USA_EYE": null, "TOK_LAT": null, "TOK_LON": null, "TOK_GRADE": null, "TOK_WIND": null, "TOK_PRES": null, "TOK_R50_DR": null, "TOK_R50_L": null, "TOK_R50_S": null, "TOK_R30_DR": null, "TOK_R30_L": null, "TOK_R30_S": null, "TOK_LAND": null, "CMA_LAT": null, "CMA_LON": null, "CMA_CAT": null, "CMA_WIND": null, "CMA_PRES": null, "HKO_LAT": null, "HKO_LON": null, "HKO_CAT": null, "HKO_WIND": null, "HKO_PRES": null, "KMA_LAT": null, "KMA_LON": null, "KMA_CAT": null, "KMA_WIND": null, "KMA_PRES": null, "KMA_R50_DR": null, "KMA_R50_L": null, "KMA_R50_S": null, "KMA_R30_DR": null, "KMA_R30_L": null, "KMA_R30_S": null, "NEW_LAT": null, "NEW_LON": null, "NEW_GRADE": null, "NEW_WIND": null, "NEW_PRES": null, "NEW_CI": -999.9, "NEW_DP": null, "NEW_POCI": null, "REU_LAT": null, "REU_LON": null, "REU_TYPE": null, "REU_WIND": null, "REU_PRES": null, "REU_TNUM": -999.9, "REU_CI": -999.9, "REU_RMW": null, "REU_R34_NE": null, "REU_R34_SE": null, "REU_R34_SW": null, "REU_R34_NW": null, "REU_R50_NE": null, "REU_R50_SE": null, "REU_R50_SW": null, "REU_R50_NW": null, "REU_R64_NE": null, "REU_R64_SE": null, "REU_R64_SW": null, "REU_R64_NW": null, "BOM_LAT": null, "BOM_LON": null, "BOM_TYPE": null, "BOM_WIND": null, "BOM_PRES": null, "BOM_TNUM": -999.9, "BOM_CI": -999.9, "BOM_RMW": null, "BOM_R34_NE": null, "BOM_R34_SE": null, "BOM_R34_SW": null, "BOM_R34_NW": null, "BOM_R50_NE": null, "BOM_R50_SE": null, "BOM_R50_SW": null, "BOM_R50_NW": null, "BOM_R64_NE": null, "BOM_R64_SE": null, "BOM_R64_SW": null, "BOM_R64_NW": null, "BOM_ROCI": null, "BOM_POCI": null, "BOM_EYE": null, "BOM_POS_FL": null, "BOM_PRS_FL": null, "NAD_LAT": null, "NAD_LON": null, "NAD_CAT": null, "NAD_WIND": null, "NAD_PRES": null, "WEL_LAT": null, "WEL_LON": null, "WEL_WIND": null, "WEL_PRES": null, "DS8_LAT": null, "DS8_LON": null, "DS8_STAGE": null, "DS8_WIND": null, "DS8_PRES": null, "TD6_LAT": null, "TD6_LON": null, "TD6_STAGE": null, "TD6_WIND": null, "TD6_PRES": null, "TD5_LAT": null, "TD5_LON": null, "TD5_WIND": null, "TD5_PRES": null, "TD5_ROCI": null, "NEU_LAT": null, "NEU_LON": null, "NEU_CLASS": null, "NEU_WIND": null, "NEU_PRES": null, "MLC_LAT": null, "MLC_LON": null, "MLC_CLASS": null, "MLC_WIND": null, "MLC_PRES": null, "USA_GUST": null, "BOM_GUST": null, "BOM_GUSTP": null, "REU_GUST": null, "REU_GUSTP": null, "USA_SEAHGT": 12.0, "USA_SEA_NE": 180.0, "USA_SEA_SE": 120.0, "USA_SEA_SW": 90.0, "USA_SEA_NW": 210.0, "STORM_SPD": 1, "STORM_DR": 320, "year": 2019, "month": 9, "day": 2, "hour": 15, "min": 0 }, "geometry": { "type": "LineString", "coordinates": [ [ -78.4000244140625, 26.700000762939453 ], [ -78.4000244140625, 26.799999237060547 ] ] } },
{ "type": "Feature", "properties": { "SID": "2019236N10314", "SEASON": 2019, "NUMBER": 53, "BASIN": "NA", "SUBBASIN": "NA", "NAME": "DORIAN", "ISO_TIME": "2019-09-02 18:00:00", "NATURE": "TS", "LAT": 26.8, "LON": -78.4, "WMO_WIND": 125.0, "WMO_PRES": 938.0, "WMO_AGENCY": "hurdat_atl", "TRACK_TYPE": "main", "DIST2LAND": 158, "LANDFALL": 148, "IFLAG": "O______________", "USA_AGENCY": "hurdat_atl", "USA_ATCFID": "AL052019", "USA_LAT": 26.8, "USA_LON": -78.4, "USA_RECORD": null, "USA_STATUS": "HU", "USA_WIND": 125.0, "USA_PRES": 938.0, "USA_SSHS": 4, "USA_R34_NE": 140.0, "USA_R34_SE": 130.0, "USA_R34_SW": 90.0, "USA_R34_NW": 100.0, "USA_R50_NE": 80.0, "USA_R50_SE": 70.0, "USA_R50_SW": 50.0, "USA_R50_NW": 50.0, "USA_R64_NE": 40.0, "USA_R64_SE": 30.0, "USA_R64_SW": 25.0, "USA_R64_NW": 30.0, "USA_POCI": 1011.0, "USA_ROCI": 180.0, "USA_RMW": 15.0, "USA_EYE": null, "TOK_LAT": null, "TOK_LON": null, "TOK_GRADE": null, "TOK_WIND": null, "TOK_PRES": null, "TOK_R50_DR": null, "TOK_R50_L": null, "TOK_R50_S": null, "TOK_R30_DR": null, "TOK_R30_L": null, "TOK_R30_S": null, "TOK_LAND": null, "CMA_LAT": null, "CMA_LON": null, "CMA_CAT": null, "CMA_WIND": null, "CMA_PRES": null, "HKO_LAT": null, "HKO_LON": null, "HKO_CAT": null, "HKO_WIND": null, "HKO_PRES": null, "KMA_LAT": null, "KMA_LON": null, "KMA_CAT": null, "KMA_WIND": null, "KMA_PRES": null, "KMA_R50_DR": null, "KMA_R50_L": null, "KMA_R50_S": null, "KMA_R30_DR": null, "KMA_R30_L": null, "KMA_R30_S": null, "NEW_LAT": null, "NEW_LON": null, "NEW_GRADE": null, "NEW_WIND": null, "NEW_PRES": null, "NEW_CI": -999.9, "NEW_DP": null, "NEW_POCI": null, "REU_LAT": null, "REU_LON": null, "REU_TYPE": null, "REU_WIND": null, "REU_PRES": null, "REU_TNUM": -999.9, "REU_CI": -999.9, "REU_RMW": null, "REU_R34_NE": null, "REU_R34_SE": null, "REU_R34_SW": null, "REU_R34_NW": null, "REU_R50_NE": null, "REU_R50_SE": null, "REU_R50_SW": null, "REU_R50_NW": null, "REU_R64_NE": null, "REU_R64_SE": null, "REU_R64_SW": null, "REU_R64_NW": null, "BOM_LAT": null, "BOM_LON": null, "BOM_TYPE": null, "BOM_WIND": null, "BOM_PRES": null, "BOM_TNUM": -999.9, "BOM_CI": -999.9, "BOM_RMW": null, "BOM_R34_NE": null, "BOM_R34_SE": null, "BOM_R34_SW": null, "BOM_R34_NW": null, "BOM_R50_NE": null, "BOM_R50_SE": null, "BOM_R50_SW": null, "BOM_R50_NW": null, "BOM_R64_NE": null, "BOM_R64_SE": null, "BOM_R64_SW": null, "BOM_R64_NW": null, "BOM_ROCI": null, "BOM_POCI": null, "BOM_EYE": null, "BOM_POS_FL": null, "BOM_PRS_FL": null, "NAD_LAT": null, "NAD_LON": null, "NAD_CAT": null, "NAD_WIND": null, "NAD_PRES": null, "WEL_LAT": null, "WEL_LON": null, "WEL_WIND": null, "WEL_PRES": null, "DS8_LAT": null, "DS8_LON": null, "DS8_STAGE": null, "DS8_WIND": null, "DS8_PRES": null, "TD6_LAT": null, "TD6_LON": null, "TD6_STAGE": null, "TD6_WIND": null, "TD6_PRES": null, "TD5_LAT": null, "TD5_LON": null, "TD5_WIND": null, "TD5_PRES": null, "TD5_ROCI": null, "NEU_LAT": null, "NEU_LON": null, "NEU_CLASS": null, "NEU_WIND": null, "NEU_PRES": null, "MLC_LAT": null, "MLC_LON": null, "MLC_CLASS": null, "MLC_WIND": null, "MLC_PRES": null, "USA_GUST": 150.0, "BOM_GUST": null, "BOM_GUSTP": null, "REU_GUST": null, "REU_GUSTP": null, "USA_SEAHGT": 12.0, "USA_SEA_NE": 180.0, "USA_SEA_SE": 120.0, "USA_SEA_SW": 90.0, "USA_SEA_NW": 210.0, "STORM_SPD": 1, "STORM_DR": 325, "year": 2019, "month": 9, "day": 2, "hour": 18, "min": 0 }, "geometry": { "type": "LineString", "coordinates": [ [ -78.4000244140625, 26.799999237060547 ], [ -78.5, 26.899999618530273 ] ] } },
{ "type": "Feature", "properties": { "SID": "2019236N10314", "SEASON": 2019, "NUMBER": 53, "BASIN": "NA", "SUBBASIN": "NA", "NAME": "DORIAN", "ISO_TIME": "2019-09-02 21:00:00", "NATURE": "TS", "LAT": 26.9, "LON": -78.5, "WMO_WIND": 0.0, "WMO_PRES": null, "WMO_AGENCY": null, "TRACK_TYPE": "main", "DIST2LAND": 149, "LANDFALL": 149, "IFLAG": "P______________", "USA_AGENCY": null, "USA_ATCFID": "AL052019", "USA_LAT": 26.9, "USA_LON": -78.5, "USA_RECORD": null, "USA_STATUS": "HU", "USA_WIND": 120.0, "USA_PRES": 941.0, "USA_SSHS": 4, "USA_R34_NE": 140.0, "USA_R34_SE": 130.0, "USA_R34_SW": 90.0, "USA_R34_NW": 105.0, "USA_R50_NE": 80.0, "USA_R50_SE": 70.0, "USA_R50_SW": 50.0, "USA_R50_NW": 55.0, "USA_R64_NE": 40.0, "USA_R64_SE": 30.0, "USA_R64_SW": 25.0, "USA_R64_NW": 35.0, "USA_POCI": 1011.0, "USA_ROCI": 185.0, "USA_RMW": 18.0, "USA_EYE": null, "TOK_LAT": null, "TOK_LON": null, "TOK_GRADE": null, "TOK_WIND": null, "TOK_PRES": null, "TOK_R50_DR": null, "TOK_R50_L": null, "TOK_R50_S": null, "TOK_R30_DR": null, "TOK_R30_L": null, "TOK_R30_S": null, "TOK_LAND": null, "CMA_LAT": null, "CMA_LON": null, "CMA_CAT": null, "CMA_WIND": null, "CMA_PRES": null, "HKO_LAT": null, "HKO_LON": null, "HKO_CAT": null, "HKO_WIND": null, "HKO_PRES": null, "KMA_LAT": null, "KMA_LON": null, "KMA_CAT": null, "KMA_WIND": null, "KMA_PRES": null, "KMA_R50_DR": null, "KMA_R50_L": null, "KMA_R50_S": null, "KMA_R30_DR": null, "KMA_R30_L": null, "KMA_R30_S": null, "NEW_LAT": null, "NEW_LON": null, "NEW_GRADE": null, "NEW_WIND": null, "NEW_PRES": null, "NEW_CI": -999.9, "NEW_DP": null, "NEW_POCI": null, "REU_LAT": null, "REU_LON": null, "REU_TYPE": null, "REU_WIND": null, "REU_PRES": null, "REU_TNUM": -999.9, "REU_CI": -999.9, "REU_RMW": null, "REU_R34_NE": null, "REU_R34_SE": null, "REU_R34_SW": null, "REU_R34_NW": null, "REU_R50_NE": null, "REU_R50_SE": null, "REU_R50_SW": null, "REU_R50_NW": null, "REU_R64_NE": null, "REU_R64_SE": null, "REU_R64_SW": null, "REU_R64_NW": null, "BOM_LAT": null, "BOM_LON": null, "BOM_TYPE": null, "BOM_WIND": null, "BOM_PRES": null, "BOM_TNUM": -999.9, "BOM_CI": -999.9, "BOM_RMW": null, "BOM_R34_NE": null, "BOM_R34_SE": null, "BOM_R34_SW": null, "BOM_R34_NW": null, "BOM_R50_NE": null, "BOM_R50_SE": null, "BOM_R50_SW": null, "BOM_R50_NW": null, "BOM_R64_NE": null, "BOM_R64_SE": null, "BOM_R64_SW": null, "BOM_R64_NW": null, "BOM_ROCI": null, "BOM_POCI": null, "BOM_EYE": null, "BOM_POS_FL": null, "BOM_PRS_FL": null, "NAD_LAT": null, "NAD_LON": null, "NAD_CAT": null, "NAD_WIND": null, "NAD_PRES": null, "WEL_LAT": null, "WEL_LON": null, "WEL_WIND": null, "WEL_PRES": null, "DS8_LAT": null, "DS8_LON": null, "DS8_STAGE": null, "DS8_WIND": null, "DS8_PRES": null, "TD6_LAT": null, "TD6_LON": null, "TD6_STAGE": null, "TD6_WIND": null, "TD6_PRES": null, "TD5_LAT": null, "TD5_LON": null, "TD5_WIND": null, "TD5_PRES": null, "TD5_ROCI": null, "NEU_LAT": null, "NEU_LON": null, "NEU_CLASS": null, "NEU_WIND": null, "NEU_PRES": null, "MLC_LAT": null, "MLC_LON": null, "MLC_CLASS": null, "MLC_WIND": null, "MLC_PRES": null, "USA_GUST": null, "BOM_GUST": null, "BOM_GUSTP": null, "REU_GUST": null, "REU_GUSTP": null, "USA_SEAHGT": 12.0, "USA_SEA_NE": 180.0, "USA_SEA_SE": 105.0, "USA_SEA_SW": 90.0, "USA_SEA_NW": 210.0, "STORM_SPD": 1, "STORM_DR": 320, "year": 2019, "month": 9, "day": 2, "hour": 21, "min": 0 }, "geometry": { "type": "LineString", "coordinates": [ [ -78.5, 26.899999618530273 ], [ -78.489990234375, 26.899999618530273 ] ] } },
{ "type": "Feature", "properties": { "SID": "2019236N10314", "SEASON": 2019, "NUMBER": 53, "BASIN": "NA", "SUBBASIN": "NA", "NAME": "DORIAN", "ISO_TIME": "2019-09-03 00:00:00", "NATURE": "TS", "LAT": 26.9, "LON": -78.49, "WMO_WIND": 115.0, "WMO_PRES": 944.0, "WMO_AGENCY": "hurdat_atl", "TRACK_TYPE": "main", "DIST2LAND": 149, "LANDFALL": 149, "IFLAG": "O______________", "USA_AGENCY": "hurdat_atl", "USA_ATCFID": "AL052019", "USA_LAT": 26.9, "USA_LON": -78.5, "USA_RECORD": null, "USA_STATUS": "HU", "USA_WIND": 115.0, "USA_PRES": 944.0, "USA_SSHS": 4, "USA_R34_NE": 140.0, "USA_R34_SE": 130.0, "USA_R34_SW": 90.0, "USA_R34_NW": 110.0, "USA_R50_NE": 80.0, "USA_R50_SE": 70.0, "USA_R50_SW": 50.0, "USA_R50_NW": 60.0, "USA_R64_NE": 40.0, "USA_R64_SE": 30.0, "USA_R64_SW": 25.0, "USA_R64_NW": 40.0, "USA_POCI": 1011.0, "USA_ROCI": 190.0, "USA_RMW": 20.0, "USA_EYE": null, "TOK_LAT": null, "TOK_LON": null, "TOK_GRADE": null, "TOK_WIND": null, "TOK_PRES": null, "TOK_R50_DR": null, "TOK_R50_L": null, "TOK_R50_S": null, "TOK_R30_DR": null, "TOK_R30_L": null, "TOK_R30_S": null, "TOK_LAND": null, "CMA_LAT": null, "CMA_LON": null, "CMA_CAT": null, "CMA_WIND": null, "CMA_PRES": null, "HKO_LAT": null, "HKO_LON": null, "HKO_CAT": null, "HKO_WIND": null, "HKO_PRES": null, "KMA_LAT": null, "KMA_LON": null, "KMA_CAT": null, "KMA_WIND": null, "KMA_PRES": null, "KMA_R50_DR": null, "KMA_R50_L": null, "KMA_R50_S": null, "KMA_R30_DR": null, "KMA_R30_L": null, "KMA_R30_S": null, "NEW_LAT": null, "NEW_LON": null, "NEW_GRADE": null, "NEW_WIND": null, "NEW_PRES": null, "NEW_CI": -999.9, "NEW_DP": null, "NEW_POCI": null, "REU_LAT": null, "REU_LON": null, "REU_TYPE": null, "REU_WIND": null, "REU_PRES": null, "REU_TNUM": -999.9, "REU_CI": -999.9, "REU_RMW": null, "REU_R34_NE": null, "REU_R34_SE": null, "REU_R34_SW": null, "REU_R34_NW": null, "REU_R50_NE": null, "REU_R50_SE": null, "REU_R50_SW": null, "REU_R50_NW": null, "REU_R64_NE": null, "REU_R64_SE": null, "REU_R64_SW": null, "REU_R64_NW": null, "BOM_LAT": null, "BOM_LON": null, "BOM_TYPE": null, "BOM_WIND": null, "BOM_PRES": null, "BOM_TNUM": -999.9, "BOM_CI": -999.9, "BOM_RMW": null, "BOM_R34_NE": null, "BOM_R34_SE": null, "BOM_R34_SW": null, "BOM_R34_NW": null, "BOM_R50_NE": null, "BOM_R50_SE": null, "BOM_R50_SW": null, "BOM_R50_NW": null, "BOM_R64_NE": null, "BOM_R64_SE": null, "BOM_R64_SW": null, "BOM_R64_NW": null, "BOM_ROCI": null, "BOM_POCI": null, "BOM_EYE": null, "BOM_POS_FL": null, "BOM_PRS_FL": null, "NAD_LAT": null, "NAD_LON": null, "NAD_CAT": null, "NAD_WIND": null, "NAD_PRES": null, "WEL_LAT": null, "WEL_LON": null, "WEL_WIND": null, "WEL_PRES": null, "DS8_LAT": null, "DS8_LON": null, "DS8_STAGE": null, "DS8_WIND": null, "DS8_PRES": null, "TD6_LAT": null, "TD6_LON": null, "TD6_STAGE": null, "TD6_WIND": null, "TD6_PRES": null, "TD5_LAT": null, "TD5_LON": null, "TD5_WIND": null, "TD5_PRES": null, "TD5_ROCI": null, "NEU_LAT": null, "NEU_LON": null, "NEU_CLASS": null, "NEU_WIND": null, "NEU_PRES": null, "MLC_LAT": null, "MLC_LON": null, "MLC_CLASS": null, "MLC_WIND": null, "MLC_PRES": null, "USA_GUST": 145.0, "BOM_GUST": null, "BOM_GUSTP": null, "REU_GUST": null, "REU_GUSTP": null, "USA_SEAHGT": 12.0, "USA_SEA_NE": 180.0, "USA_SEA_SE": 90.0, "USA_SEA_SW": 90.0, "USA_SEA_NW": 210.0, "STORM_SPD": 1, "STORM_DR": 345, "year": 2019, "month": 9, "day": 3, "hour": 0, "min": 0 }, "geometry": { "type": "LineString", "coordinates": [ [ -78.489990234375, 26.899999618530273 ], [ -78.5, 26.899999618530273 ] ] } },
{ "type": "Feature", "properties": { "SID": "2019236N10314", "SEASON": 2019, "NUMBER": 53, "BASIN": "NA", "SUBBASIN": "NA", "NAME": "DORIAN", "ISO_TIME": "2019-09-03 03:00:00", "NATURE": "TS", "LAT": 26.9, "LON": -78.5, "WMO_WIND": 0.0, "WMO_PRES": null, "WMO_AGENCY": null, "TRACK_TYPE": "main", "DIST2LAND": 150, "LANDFALL": 150, "IFLAG": "P______________", "USA_AGENCY": null, "USA_ATCFID": "AL052019", "USA_LAT": 26.9, "USA_LON": -78.5, "USA_RECORD": null, "USA_STATUS": "HU", "USA_WIND": 110.0, "USA_PRES": 947.0, "USA_SSHS": 3, "USA_R34_NE": 140.0, "USA_R34_SE": 130.0, "USA_R34_SW": 90.0, "USA_R34_NW": 115.0, "USA_R50_NE": 85.0, "USA_R50_SE": 75.0, "USA_R50_SW": 55.0, "USA_R50_NW": 60.0, "USA_R64_NE": 43.0, "USA_R64_SE": 33.0, "USA_R64_SW": 25.0, "USA_R64_NW": 40.0, "USA_POCI": 1011.0, "USA_ROCI": 195.0, "USA_RMW": 20.0, "USA_EYE": null, "TOK_LAT": null, "TOK_LON": null, "TOK_GRADE": null, "TOK_WIND": null, "TOK_PRES": null, "TOK_R50_DR": null, "TOK_R50_L": null, "TOK_R50_S": null, "TOK_R30_DR": null, "TOK_R30_L": null, "TOK_R30_S": null, "TOK_LAND": null, "CMA_LAT": null, "CMA_LON": null, "CMA_CAT": null, "CMA_WIND": null, "CMA_PRES": null, "HKO_LAT": null, "HKO_LON": null, "HKO_CAT": null, "HKO_WIND": null, "HKO_PRES": null, "KMA_LAT": null, "KMA_LON": null, "KMA_CAT": null, "KMA_WIND": null, "KMA_PRES": null, "KMA_R50_DR": null, "KMA_R50_L": null, "KMA_R50_S": null, "KMA_R30_DR": null, "KMA_R30_L": null, "KMA_R30_S": null, "NEW_LAT": null, "NEW_LON": null, "NEW_GRADE": null, "NEW_WIND": null, "NEW_PRES": null, "NEW_CI": -999.9, "NEW_DP": null, "NEW_POCI": null, "REU_LAT": null, "REU_LON": null, "REU_TYPE": null, "REU_WIND": null, "REU_PRES": null, "REU_TNUM": -999.9, "REU_CI": -999.9, "REU_RMW": null, "REU_R34_NE": null, "REU_R34_SE": null, "REU_R34_SW": null, "REU_R34_NW": null, "REU_R50_NE": null, "REU_R50_SE": null, "REU_R50_SW": null, "REU_R50_NW": null, "REU_R64_NE": null, "REU_R64_SE": null, "REU_R64_SW": null, "REU_R64_NW": null, "BOM_LAT": null, "BOM_LON": null, "BOM_TYPE": null, "BOM_WIND": null, "BOM_PRES": null, "BOM_TNUM": -999.9, "BOM_CI": -999.9, "BOM_RMW": null, "BOM_R34_NE": null, "BOM_R34_SE": null, "BOM_R34_SW": null, "BOM_R34_NW": null, "BOM_R50_NE": null, "BOM_R50_SE": null, "BOM_R50_SW": null, "BOM_R50_NW": null, "BOM_R64_NE": null, "BOM_R64_SE": null, "BOM_R64_SW": null, "BOM_R64_NW": null, "BOM_ROCI": null, "BOM_POCI": null, "BOM_EYE": null, "BOM_POS_FL": null, "BOM_PRS_FL": null, "NAD_LAT": null, "NAD_LON": null, "NAD_CAT": null, "NAD_WIND": null, "NAD_PRES": null, "WEL_LAT": null, "WEL_LON": null, "WEL_WIND": null, "WEL_PRES": null, "DS8_LAT": null, "DS8_LON": null, "DS8_STAGE": null, "DS8_WIND": null, "DS8_PRES": null, "TD6_LAT": null, "TD6_LON": null, "TD6_STAGE": null, "TD6_WIND": null, "TD6_PRES": null, "TD5_LAT": null, "TD5_LON": null, "TD5_WIND": null, "TD5_PRES": null, "TD5_ROCI": null, "NEU_LAT": null, "NEU_LON": null, "NEU_CLASS": null, "NEU_WIND": null, "NEU_PRES": null, "MLC_LAT": null, "MLC_LON": null, "MLC_CLASS": null, "MLC_WIND": null, "MLC_PRES": null, "USA_GUST": null, "BOM_GUST": null, "BOM_GUSTP": null, "REU_GUST": null, "REU_GUSTP": null, "USA_SEAHGT": null, "USA_SEA_NE": null, "USA_SEA_SE": null, "USA_SEA_SW": null, "USA_SEA_NW": null, "STORM_SPD": 1, "STORM_DR": 0, "year": 2019, "month": 9, "day": 3, "hour": 3, "min": 0 }, "geometry": { "type": "LineString", "coordinates": [ [ -78.5, 26.899999618530273 ], [ -78.5, 27.0 ] ] } },
{ "type": "Feature", "properties": { "SID": "2019236N10314", "SEASON": 2019, "NUMBER": 53, "BASIN": "NA", "SUBBASIN": "NA", "NAME": "DORIAN", "ISO_TIME": "2019-09-03 06:00:00", "NATURE": "TS", "LAT": 27.0, "LON": -78.5, "WMO_WIND": 105.0, "WMO_PRES": 950.0, "WMO_AGENCY": "hurdat_atl", "TRACK_TYPE": "main", "DIST2LAND": 150, "LANDFALL": 150, "IFLAG": "O______________", "USA_AGENCY": "hurdat_atl", "USA_ATCFID": "AL052019", "USA_LAT": 27.0, "USA_LON": -78.5, "USA_RECORD": null, "USA_STATUS": "HU", "USA_WIND": 105.0, "USA_PRES": 950.0, "USA_SSHS": 3, "USA_R34_NE": 140.0, "USA_R34_SE": 130.0, "USA_R34_SW": 90.0, "USA_R34_NW": 120.0, "USA_R50_NE": 90.0, "USA_R50_SE": 80.0, "USA_R50_SW": 60.0, "USA_R50_NW": 60.0, "USA_R64_NE": 45.0, "USA_R64_SE": 35.0, "USA_R64_SW": 25.0, "USA_R64_NW": 40.0, "USA_POCI": 1011.0, "USA_ROCI": 200.0, "USA_RMW": 20.0, "USA_EYE": null, "TOK_LAT": null, "TOK_LON": null, "TOK_GRADE": null, "TOK_WIND": null, "TOK_PRES": null, "TOK_R50_DR": null, "TOK_R50_L": null, "TOK_R50_S": null, "TOK_R30_DR": null, "TOK_R30_L": null, "TOK_R30_S": null, "TOK_LAND": null, "CMA_LAT": null, "CMA_LON": null, "CMA_CAT": null, "CMA_WIND": null, "CMA_PRES": null, "HKO_LAT": null, "HKO_LON": null, "HKO_CAT": null, "HKO_WIND": null, "HKO_PRES": null, "KMA_LAT": null, "KMA_LON": null, "KMA_CAT": null, "KMA_WIND": null, "KMA_PRES": null, "KMA_R50_DR": null, "KMA_R50_L": null, "KMA_R50_S": null, "KMA_R30_DR": null, "KMA_R30_L": null, "KMA_R30_S": null, "NEW_LAT": null, "NEW_LON": null, "NEW_GRADE": null, "NEW_WIND": null, "NEW_PRES": null, "NEW_CI": -999.9, "NEW_DP": null, "NEW_POCI": null, "REU_LAT": null, "REU_LON": null, "REU_TYPE": null, "REU_WIND": null, "REU_PRES": null, "REU_TNUM": -999.9, "REU_CI": -999.9, "REU_RMW": null, "REU_R34_NE": null, "REU_R34_SE": null, "REU_R34_SW": null, "REU_R34_NW": null, "REU_R50_NE": null, "REU_R50_SE": null, "REU_R50_SW": null, "REU_R50_NW": null, "REU_R64_NE": null, "REU_R64_SE": null, "REU_R64_SW": null, "REU_R64_NW": null, "BOM_LAT": null, "BOM_LON": null, "BOM_TYPE": null, "BOM_WIND": null, "BOM_PRES": null, "BOM_TNUM": -999.9, "BOM_CI": -999.9, "BOM_RMW": null, "BOM_R34_NE": null, "BOM_R34_SE": null, "BOM_R34_SW": null, "BOM_R34_NW": null, "BOM_R50_NE": null, "BOM_R50_SE": null, "BOM_R50_SW": null, "BOM_R50_NW": null, "BOM_R64_NE": null, "BOM_R64_SE": null, "BOM_R64_SW": null, "BOM_R64_NW": null, "BOM_ROCI": null, "BOM_POCI": null, "BOM_EYE": null, "BOM_POS_FL": null, "BOM_PRS_FL": null, "NAD_LAT": null, "NAD_LON": null, "NAD_CAT": null, "NAD_WIND": null, "NAD_PRES": null, "WEL_LAT": null, "WEL_LON": null, "WEL_WIND": null, "WEL_PRES": null, "DS8_LAT": null, "DS8_LON": null, "DS8_STAGE": null, "DS8_WIND": null, "DS8_PRES": null, "TD6_LAT": null, "TD6_LON": null, "TD6_STAGE": null, "TD6_WIND": null, "TD6_PRES": null, "TD5_LAT": null, "TD5_LON": null, "TD5_WIND": null, "TD5_PRES": null, "TD5_ROCI": null, "NEU_LAT": null, "NEU_LON": null, "NEU_CLASS": null, "NEU_WIND": null, "NEU_PRES": null, "MLC_LAT": null, "MLC_LON": null, "MLC_CLASS": null, "MLC_WIND": null, "MLC_PRES": null, "USA_GUST": null, "BOM_GUST": null, "BOM_GUSTP": null, "REU_GUST": null, "REU_GUSTP": null, "USA_SEAHGT": null, "USA_SEA_NE": null, "USA_SEA_SE": null, "USA_SEA_SW": null, "USA_SEA_NW": null, "STORM_SPD": 1, "STORM_DR": 0, "year": 2019, "month": 9, "day": 3, "hour": 6, "min": 0 }, "geometry": { "type": "LineString", "coordinates": [ [ -78.5, 27.0 ], [ -78.489990234375, 27.0 ] ] } },
{ "type": "Feature", "properties": { "SID": "2019236N10314", "SEASON": 2019, "NUMBER": 53, "BASIN": "NA", "SUBBASIN": "NA", "NAME": "DORIAN", "ISO_TIME": "2019-09-03 09:00:00", "NATURE": "TS", "LAT": 27.0, "LON": -78.49, "WMO_WIND": 0.0, "WMO_PRES": null, "WMO_AGENCY": null, "TRACK_TYPE": "main", "DIST2LAND": 150, "LANDFALL": 150, "IFLAG": "P______________", "USA_AGENCY": null, "USA_ATCFID": "AL052019", "USA_LAT": 27.0, "USA_LON": -78.5, "USA_RECORD": null, "USA_STATUS": "HU", "USA_WIND": 103.0, "USA_PRES": 952.0, "USA_SSHS": 3, "USA_R34_NE": 145.0, "USA_R34_SE": 130.0, "USA_R34_SW": 90.0, "USA_R34_NW": 125.0, "USA_R50_NE": 90.0, "USA_R50_SE": 80.0, "USA_R50_SW": 60.0, "USA_R50_NW": 65.0, "USA_R64_NE": 45.0, "USA_R64_SE": 35.0, "USA_R64_SW": 25.0, "USA_R64_NW": 40.0, "USA_POCI": 1012.0, "USA_ROCI": 200.0, "USA_RMW": 23.0, "USA_EYE": null, "TOK_LAT": null, "TOK_LON": null, "TOK_GRADE": null, "TOK_WIND": null, "TOK_PRES": null, "TOK_R50_DR": null, "TOK_R50_L": null, "TOK_R50_S": null, "TOK_R30_DR": null, "TOK_R30_L": null, "TOK_R30_S": null, "TOK_LAND": null, "CMA_LAT": null, "CMA_LON": null, "CMA_CAT": null, "CMA_WIND": null, "CMA_PRES": null, "HKO_LAT": null, "HKO_LON": null, "HKO_CAT": null, "HKO_WIND": null, "HKO_PRES": null, "KMA_LAT": null, "KMA_LON": null, "KMA_CAT": null, "KMA_WIND": null, "KMA_PRES": null, "KMA_R50_DR": null, "KMA_R50_L": null, "KMA_R50_S": null, "KMA_R30_DR": null, "KMA_R30_L": null, "KMA_R30_S": null, "NEW_LAT": null, "NEW_LON": null, "NEW_GRADE": null, "NEW_WIND": null, "NEW_PRES": null, "NEW_CI": -999.9, "NEW_DP": null, "NEW_POCI": null, "REU_LAT": null, "REU_LON": null, "REU_TYPE": null, "REU_WIND": null, "REU_PRES": null, "REU_TNUM": -999.9, "REU_CI": -999.9, "REU_RMW": null, "REU_R34_NE": null, "REU_R34_SE": null, "REU_R34_SW": null, "REU_R34_NW": null, "REU_R50_NE": null, "REU_R50_SE": null, "REU_R50_SW": null, "REU_R50_NW": null, "REU_R64_NE": null, "REU_R64_SE": null, "REU_R64_SW": null, "REU_R64_NW": null, "BOM_LAT": null, "BOM_LON": null, "BOM_TYPE": null, "BOM_WIND": null, "BOM_PRES": null, "BOM_TNUM": -999.9, "BOM_CI": -999.9, "BOM_RMW": null, "BOM_R34_NE": null, "BOM_R34_SE": null, "BOM_R34_SW": null, "BOM_R34_NW": null, "BOM_R50_NE": null, "BOM_R50_SE": null, "BOM_R50_SW": null, "BOM_R50_NW": null, "BOM_R64_NE": null, "BOM_R64_SE": null, "BOM_R64_SW": null, "BOM_R64_NW": null, "BOM_ROCI": null, "BOM_POCI": null, "BOM_EYE": null, "BOM_POS_FL": null, "BOM_PRS_FL": null, "NAD_LAT": null, "NAD_LON": null, "NAD_CAT": null, "NAD_WIND": null, "NAD_PRES": null, "WEL_LAT": null, "WEL_LON": null, "WEL_WIND": null, "WEL_PRES": null, "DS8_LAT": null, "DS8_LON": null, "DS8_STAGE": null, "DS8_WIND": null, "DS8_PRES": null, "TD6_LAT": null, "TD6_LON": null, "TD6_STAGE": null, "TD6_WIND": null, "TD6_PRES": null, "TD5_LAT": null, "TD5_LON": null, "TD5_WIND": null, "TD5_PRES": null, "TD5_ROCI": null, "NEU_LAT": null, "NEU_LON": null, "NEU_CLASS": null, "NEU_WIND": null, "NEU_PRES": null, "MLC_LAT": null, "MLC_LON": null, "MLC_CLASS": null, "MLC_WIND": null, "MLC_PRES": null, "USA_GUST": null, "BOM_GUST": null, "BOM_GUSTP": null, "REU_GUST": null, "REU_GUSTP": null, "USA_SEAHGT": null, "USA_SEA_NE": null, "USA_SEA_SE": null, "USA_SEA_SW": null, "USA_SEA_NW": null, "STORM_SPD": 1, "STORM_DR": 0, "year": 2019, "month": 9, "day": 3, "hour": 9, "min": 0 }, "geometry": { "type": "LineString", "coordinates": [ [ -78.489990234375, 27.0 ], [ -78.5, 27.100000381469727 ] ] } },
{ "type": "Feature", "properties": { "SID": "2019236N10314", "SEASON": 2019, "NUMBER": 53, "BASIN": "NA", "SUBBASIN": "NA", "NAME": "DORIAN", "ISO_TIME": "2019-09-03 12:00:00", "NATURE": "TS", "LAT": 27.1, "LON": -78.5, "WMO_WIND": 100.0, "WMO_PRES": 954.0, "WMO_AGENCY": "hurdat_atl", "TRACK_TYPE": "main", "DIST2LAND": 152, "LANDFALL": 152, "IFLAG": "O______________", "USA_AGENCY": "hurdat_atl", "USA_ATCFID": "AL052019", "USA_LAT": 27.1, "USA_LON": -78.5, "USA_RECORD": null, "USA_STATUS": "HU", "USA_WIND": 100.0, "USA_PRES": 954.0, "USA_SSHS": 3, "USA_R34_NE": 150.0, "USA_R34_SE": 130.0, "USA_R34_SW": 90.0, "USA_R34_NW": 130.0, "USA_R50_NE": 90.0, "USA_R50_SE": 80.0, "USA_R50_SW": 60.0, "USA_R50_NW": 70.0, "USA_R64_NE": 45.0, "USA_R64_SE": 35.0, "USA_R64_SW": 25.0, "USA_R64_NW": 40.0, "USA_POCI": 1012.0, "USA_ROCI": 200.0, "USA_RMW": 25.0, "USA_EYE": 25.0, "TOK_LAT": null, "TOK_LON": null, "TOK_GRADE": null, "TOK_WIND": null, "TOK_PRES": null, "TOK_R50_DR": null, "TOK_R50_L": null, "TOK_R50_S": null, "TOK_R30_DR": null, "TOK_R30_L": null, "TOK_R30_S": null, "TOK_LAND": null, "CMA_LAT": null, "CMA_LON": null, "CMA_CAT": null, "CMA_WIND": null, "CMA_PRES": null, "HKO_LAT": null, "HKO_LON": null, "HKO_CAT": null, "HKO_WIND": null, "HKO_PRES": null, "KMA_LAT": null, "KMA_LON": null, "KMA_CAT": null, "KMA_WIND": null, "KMA_PRES": null, "KMA_R50_DR": null, "KMA_R50_L": null, "KMA_R50_S": null, "KMA_R30_DR": null, "KMA_R30_L": null, "KMA_R30_S": null, "NEW_LAT": null, "NEW_LON": null, "NEW_GRADE": null, "NEW_WIND": null, "NEW_PRES": null, "NEW_CI": -999.9, "NEW_DP": null, "NEW_POCI": null, "REU_LAT": null, "REU_LON": null, "REU_TYPE": null, "REU_WIND": null, "REU_PRES": null, "REU_TNUM": -999.9, "REU_CI": -999.9, "REU_RMW": null, "REU_R34_NE": null, "REU_R34_SE": null, "REU_R34_SW": null, "REU_R34_NW": null, "REU_R50_NE": null, "REU_R50_SE": null, "REU_R50_SW": null, "REU_R50_NW": null, "REU_R64_NE": null, "REU_R64_SE": null, "REU_R64_SW": null, "REU_R64_NW": null, "BOM_LAT": null, "BOM_LON": null, "BOM_TYPE": null, "BOM_WIND": null, "BOM_PRES": null, "BOM_TNUM": -999.9, "BOM_CI": -999.9, "BOM_RMW": null, "BOM_R34_NE": null, "BOM_R34_SE": null, "BOM_R34_SW": null, "BOM_R34_NW": null, "BOM_R50_NE": null, "BOM_R50_SE": null, "BOM_R50_SW": null, "BOM_R50_NW": null, "BOM_R64_NE": null, "BOM_R64_SE": null, "BOM_R64_SW": null, "BOM_R64_NW": null, "BOM_ROCI": null, "BOM_POCI": null, "BOM_EYE": null, "BOM_POS_FL": null, "BOM_PRS_FL": null, "NAD_LAT": null, "NAD_LON": null, "NAD_CAT": null, "NAD_WIND": null, "NAD_PRES": null, "WEL_LAT": null, "WEL_LON": null, "WEL_WIND": null, "WEL_PRES": null, "DS8_LAT": null, "DS8_LON": null, "DS8_STAGE": null, "DS8_WIND": null, "DS8_PRES": null, "TD6_LAT": null, "TD6_LON": null, "TD6_STAGE": null, "TD6_WIND": null, "TD6_PRES": null, "TD5_LAT": null, "TD5_LON": null, "TD5_WIND": null, "TD5_PRES": null, "TD5_ROCI": null, "NEU_LAT": null, "NEU_LON": null, "NEU_CLASS": null, "NEU_WIND": null, "NEU_PRES": null, "MLC_LAT": null, "MLC_LON": null, "MLC_CLASS": null, "MLC_WIND": null, "MLC_PRES": null, "USA_GUST": 120.0, "BOM_GUST": null, "BOM_GUSTP": null, "REU_GUST": null, "REU_GUSTP": null, "USA_SEAHGT": 12.0, "USA_SEA_NE": 180.0, "USA_SEA_SE": 120.0, "USA_SEA_SW": 100.0, "USA_SEA_NW": 270.0, "STORM_SPD": 3, "STORM_DR": 355, "year": 2019, "month": 9, "day": 3, "hour": 12, "min": 0 }, "geometry": { "type": "LineString", "coordinates": [ [ -78.5, 27.100000381469727 ], [ -78.5, 27.299999237060547 ] ] } },
{ "type": "Feature", "properties": { "SID": "2019236N10314", "SEASON": 2019, "NUMBER": 53, "BASIN": "NA", "SUBBASIN": "NA", "NAME": "DORIAN", "ISO_TIME": "2019-09-03 15:00:00", "NATURE": "TS", "LAT": 27.3, "LON": -78.5, "WMO_WIND": 0.0, "WMO_PRES": null, "WMO_AGENCY": null, "TRACK_TYPE": "main", "DIST2LAND": 158, "LANDFALL": 153, "IFLAG": "P______________", "USA_AGENCY": null, "USA_ATCFID": "AL052019", "USA_LAT": 27.3, "USA_LON": -78.5, "USA_RECORD": null, "USA_STATUS": "HU", "USA_WIND": 98.0, "USA_PRES": 957.0, "USA_SSHS": 3, "USA_R34_NE": 150.0, "USA_R34_SE": 130.0, "USA_R34_SW": 95.0, "USA_R34_NW": 130.0, "USA_R50_NE": 90.0, "USA_R50_SE": 80.0, "USA_R50_SW": 60.0, "USA_R50_NW": 75.0, "USA_R64_NE": 48.0, "USA_R64_SE": 38.0, "USA_R64_SW": 28.0, "USA_R64_NW": 43.0, "USA_POCI": 1012.0, "USA_ROCI": 205.0, "USA_RMW": 25.0, "USA_EYE": null, "TOK_LAT": null, "TOK_LON": null, "TOK_GRADE": null, "TOK_WIND": null, "TOK_PRES": null, "TOK_R50_DR": null, "TOK_R50_L": null, "TOK_R50_S": null, "TOK_R30_DR": null, "TOK_R30_L": null, "TOK_R30_S": null, "TOK_LAND": null, "CMA_LAT": null, "CMA_LON": null, "CMA_CAT": null, "CMA_WIND": null, "CMA_PRES": null, "HKO_LAT": null, "HKO_LON": null, "HKO_CAT": null, "HKO_WIND": null, "HKO_PRES": null, "KMA_LAT": null, "KMA_LON": null, "KMA_CAT": null, "KMA_WIND": null, "KMA_PRES": null, "KMA_R50_DR": null, "KMA_R50_L": null, "KMA_R50_S": null, "KMA_R30_DR": null, "KMA_R30_L": null, "KMA_R30_S": null, "NEW_LAT": null, "NEW_LON": null, "NEW_GRADE": null, "NEW_WIND": null, "NEW_PRES": null, "NEW_CI": -999.9, "NEW_DP": null, "NEW_POCI": null, "REU_LAT": null, "REU_LON": null, "REU_TYPE": null, "REU_WIND": null, "REU_PRES": null, "REU_TNUM": -999.9, "REU_CI": -999.9, "REU_RMW": null, "REU_R34_NE": null, "REU_R34_SE": null, "REU_R34_SW": null, "REU_R34_NW": null, "REU_R50_NE": null, "REU_R50_SE": null, "REU_R50_SW": null, "REU_R50_NW": null, "REU_R64_NE": null, "REU_R64_SE": null, "REU_R64_SW": null, "REU_R64_NW": null, "BOM_LAT": null, "BOM_LON": null, "BOM_TYPE": null, "BOM_WIND": null, "BOM_PRES": null, "BOM_TNUM": -999.9, "BOM_CI": -999.9, "BOM_RMW": null, "BOM_R34_NE": null, "BOM_R34_SE": null, "BOM_R34_SW": null, "BOM_R34_NW": null, "BOM_R50_NE": null, "BOM_R50_SE": null, "BOM_R50_SW": null, "BOM_R50_NW": null, "BOM_R64_NE": null, "BOM_R64_SE": null, "BOM_R64_SW": null, "BOM_R64_NW": null, "BOM_ROCI": null, "BOM_POCI": null, "BOM_EYE": null, "BOM_POS_FL": null, "BOM_PRS_FL": null, "NAD_LAT": null, "NAD_LON": null, "NAD_CAT": null, "NAD_WIND": null, "NAD_PRES": null, "WEL_LAT": null, "WEL_LON": null, "WEL_WIND": null, "WEL_PRES": null, "DS8_LAT": null, "DS8_LON": null, "DS8_STAGE": null, "DS8_WIND": null, "DS8_PRES": null, "TD6_LAT": null, "TD6_LON": null, "TD6_STAGE": null, "TD6_WIND": null, "TD6_PRES": null, "TD5_LAT": null, "TD5_LON": null, "TD5_WIND": null, "TD5_PRES": null, "TD5_ROCI": null, "NEU_LAT": null, "NEU_LON": null, "NEU_CLASS": null, "NEU_WIND": null, "NEU_PRES": null, "MLC_LAT": null, "MLC_LON": null, "MLC_CLASS": null, "MLC_WIND": null, "MLC_PRES": null, "USA_GUST": null, "BOM_GUST": null, "BOM_GUSTP": null, "REU_GUST": null, "REU_GUSTP": null, "USA_SEAHGT": 12.0, "USA_SEA_NE": 195.0, "USA_SEA_SE": 120.0, "USA_SEA_SW": 100.0, "USA_SEA_NW": 255.0, "STORM_SPD": 5, "STORM_DR": 350, "year": 2019, "month": 9, "day": 3, "hour": 15, "min": 0 }, "geometry": { "type": "LineString", "coordinates": [ [ -78.5, 27.299999237060547 ], [ -78.5999755859375, 27.600000381469727 ] ] } },
{ "type": "Feature", "properties": { "SID": "2022257N16312", "SEASON": 2022, "NUMBER": 74, "BASIN": "NA", "SUBBASIN": "NA", "NAME": "FIONA", "ISO_TIME": "2022-09-20 03:00:00", "NATURE": "TS", "LAT": 20.5, "LON": -70.4, "WMO_WIND": 0.0, "WMO_PRES": null, "WMO_AGENCY": null, "TRACK_TYPE": "main", "DIST2LAND": 81, "LANDFALL": 78, "IFLAG": "P______________", "USA_AGENCY": null, "USA_ATCFID": "AL072022", "USA_LAT": 20.5, "USA_LON": -70.4, "USA_RECORD": null, "USA_STATUS": "HU", "USA_WIND": 98.0, "USA_PRES": 971.0, "USA_SSHS": 3, "USA_R34_NE": 130.0, "USA_R34_SE": 130.0, "USA_R34_SW": 60.0, "USA_R34_NW": 100.0, "USA_R50_NE": 60.0, "USA_R50_SE": 50.0, "USA_R50_SW": 35.0, "USA_R50_NW": 45.0, "USA_R64_NE": 25.0, "USA_R64_SE": 25.0, "USA_R64_SW": 18.0, "USA_R64_NW": 23.0, "USA_POCI": 1008.0, "USA_ROCI": 180.0, "USA_RMW": 10.0, "USA_EYE": null, "TOK_LAT": null, "TOK_LON": null, "TOK_GRADE": null, "TOK_WIND": null, "TOK_PRES": null, "TOK_R50_DR": null, "TOK_R50_L": null, "TOK_R50_S": null, "TOK_R30_DR": null, "TOK_R30_L": null, "TOK_R30_S": null, "TOK_LAND": null, "CMA_LAT": null, "CMA_LON": null, "CMA_CAT": null, "CMA_WIND": null, "CMA_PRES": null, "HKO_LAT": null, "HKO_LON": null, "HKO_CAT": null, "HKO_WIND": null, "HKO_PRES": null, "KMA_LAT": null, "KMA_LON": null, "KMA_CAT": null, "KMA_WIND": null, "KMA_PRES": null, "KMA_R50_DR": null, "KMA_R50_L": null, "KMA_R50_S": null, "KMA_R30_DR": null, "KMA_R30_L": null, "KMA_R30_S": null, "NEW_LAT": null, "NEW_LON": null, "NEW_GRADE": null, "NEW_WIND": null, "NEW_PRES": null, "NEW_CI": -999.9, "NEW_DP": null, "NEW_POCI": null, "REU_LAT": null, "REU_LON": null, "REU_TYPE": null, "REU_WIND": null, "REU_PRES": null, "REU_TNUM": -999.9, "REU_CI": -999.9, "REU_RMW": null, "REU_R34_NE": null, "REU_R34_SE": null, "REU_R34_SW": null, "REU_R34_NW": null, "REU_R50_NE": null, "REU_R50_SE": null, "REU_R50_SW": null, "REU_R50_NW": null, "REU_R64_NE": null, "REU_R64_SE": null, "REU_R64_SW": null, "REU_R64_NW": null, "BOM_LAT": null, "BOM_LON": null, "BOM_TYPE": null, "BOM_WIND": null, "BOM_PRES": null, "BOM_TNUM": -999.9, "BOM_CI": -999.9, "BOM_RMW": null, "BOM_R34_NE": null, "BOM_R34_SE": null, "BOM_R34_SW": null, "BOM_R34_NW": null, "BOM_R50_NE": null, "BOM_R50_SE": null, "BOM_R50_SW": null, "BOM_R50_NW": null, "BOM_R64_NE": null, "BOM_R64_SE": null, "BOM_R64_SW": null, "BOM_R64_NW": null, "BOM_ROCI": null, "BOM_POCI": null, "BOM_EYE": null, "BOM_POS_FL": null, "BOM_PRS_FL": null, "NAD_LAT": null, "NAD_LON": null, "NAD_CAT": null, "NAD_WIND": null, "NAD_PRES": null, "WEL_LAT": null, "WEL_LON": null, "WEL_WIND": null, "WEL_PRES": null, "DS8_LAT": null, "DS8_LON": null, "DS8_STAGE": null, "DS8_WIND": null, "DS8_PRES": null, "TD6_LAT": null, "TD6_LON": null, "TD6_STAGE": null, "TD6_WIND": null, "TD6_PRES": null, "TD5_LAT": null, "TD5_LON": null, "TD5_WIND": null, "TD5_PRES": null, "TD5_ROCI": null, "NEU_LAT": null, "NEU_LON": null, "NEU_CLASS": null, "NEU_WIND": null, "NEU_PRES": null, "MLC_LAT": null, "MLC_LON": null, "MLC_CLASS": null, "MLC_WIND": null, "MLC_PRES": null, "USA_GUST": null, "BOM_GUST": null, "BOM_GUSTP": null, "REU_GUST": null, "REU_GUSTP": null, "USA_SEAHGT": 12.0, "USA_SEA_NE": 150.0, "USA_SEA_SE": 135.0, "USA_SEA_SW": 45.0, "USA_SEA_NW": 120.0, "STORM_SPD": 8, "STORM_DR": 315, "year": 2022, "month": 9, "day": 20, "hour": 3, "min": 0 }, "geometry": { "type": "LineString", "coordinates": [ [ -70.4000244140625, 20.5 ], [ -70.699951171875, 20.799999237060547 ] ] } },
{ "type": "Feature", "properties": { "SID": "2022257N16312", "SEASON": 2022, "NUMBER": 74, "BASIN": "NA", "SUBBASIN": "NA", "NAME": "FIONA", "ISO_TIME": "2022-09-20 06:00:00", "NATURE": "TS", "LAT": 20.8, "LON": -70.7, "WMO_WIND": 100.0, "WMO_PRES": 967.0, "WMO_AGENCY": "hurdat_atl", "TRACK_TYPE": "main", "DIST2LAND": 111, "LANDFALL": 111, "IFLAG": "O______________", "USA_AGENCY": "hurdat_atl", "USA_ATCFID": "AL072022", "USA_LAT": 20.8, "USA_LON": -70.7, "USA_RECORD": null, "USA_STATUS": "HU", "USA_WIND": 100.0, "USA_PRES": 967.0, "USA_SSHS": 3, "USA_R34_NE": 130.0, "USA_R34_SE": 130.0, "USA_R34_SW": 60.0, "USA_R34_NW": 100.0, "USA_R50_NE": 60.0, "USA_R50_SE": 50.0, "USA_R50_SW": 40.0, "USA_R50_NW": 50.0, "USA_R64_NE": 25.0, "USA_R64_SE": 25.0, "USA_R64_SW": 20.0, "USA_R64_NW": 25.0, "USA_POCI": 1008.0, "USA_ROCI": 180.0, "USA_RMW": 10.0, "USA_EYE": null, "TOK_LAT": null, "TOK_LON": null, "TOK_GRADE": null, "TOK_WIND": null, "TOK_PRES": null, "TOK_R50_DR": null, "TOK_R50_L": null, "TOK_R50_S": null, "TOK_R30_DR": null, "TOK_R30_L": null, "TOK_R30_S": null, "TOK_LAND": null, "CMA_LAT": null, "CMA_LON": null, "CMA_CAT": null, "CMA_WIND": null, "CMA_PRES": null, "HKO_LAT": null, "HKO_LON": null, "HKO_CAT": null, "HKO_WIND": null, "HKO_PRES": null, "KMA_LAT": null, "KMA_LON": null, "KMA_CAT": null, "KMA_WIND": null, "KMA_PRES": null, "KMA_R50_DR": null, "KMA_R50_L": null, "KMA_R50_S": null, "KMA_R30_DR": null, "KMA_R30_L": null, "KMA_R30_S": null, "NEW_LAT": null, "NEW_LON": null, "NEW_GRADE": null, "NEW_WIND": null, "NEW_PRES": null, "NEW_CI": -999.9, "NEW_DP": null, "NEW_POCI": null, "REU_LAT": null, "REU_LON": null, "REU_TYPE": null, "REU_WIND": null, "REU_PRES": null, "REU_TNUM": -999.9, "REU_CI": -999.9, "REU_RMW": null, "REU_R34_NE": null, "REU_R34_SE": null, "REU_R34_SW": null, "REU_R34_NW": null, "REU_R50_NE": null, "REU_R50_SE": null, "REU_R50_SW": null, "REU_R50_NW": null, "REU_R64_NE": null, "REU_R64_SE": null, "REU_R64_SW": null, "REU_R64_NW": null, "BOM_LAT": null, "BOM_LON": null, "BOM_TYPE": null, "BOM_WIND": null, "BOM_PRES": null, "BOM_TNUM": -999.9, "BOM_CI": -999.9, "BOM_RMW": null, "BOM_R34_NE": null, "BOM_R34_SE": null, "BOM_R34_SW": null, "BOM_R34_NW": null, "BOM_R50_NE": null, "BOM_R50_SE": null, "BOM_R50_SW": null, "BOM_R50_NW": null, "BOM_R64_NE": null, "BOM_R64_SE": null, "BOM_R64_SW": null, "BOM_R64_NW": null, "BOM_ROCI": null, "BOM_POCI": null, "BOM_EYE": null, "BOM_POS_FL": null, "BOM_PRS_FL": null, "NAD_LAT": null, "NAD_LON": null, "NAD_CAT": null, "NAD_WIND": null, "NAD_PRES": null, "WEL_LAT": null, "WEL_LON": null, "WEL_WIND": null, "WEL_PRES": null, "DS8_LAT": null, "DS8_LON": null, "DS8_STAGE": null, "DS8_WIND": null, "DS8_PRES": null, "TD6_LAT": null, "TD6_LON": null, "TD6_STAGE": null, "TD6_WIND": null, "TD6_PRES": null, "TD5_LAT": null, "TD5_LON": null, "TD5_WIND": null, "TD5_PRES": null, "TD5_ROCI": null, "NEU_LAT": null, "NEU_LON": null, "NEU_CLASS": null, "NEU_WIND": null, "NEU_PRES": null, "MLC_LAT": null, "MLC_LON": null, "MLC_CLASS": null, "MLC_WIND": null, "MLC_PRES": null, "USA_GUST": 120.0, "BOM_GUST": null, "BOM_GUSTP": null, "REU_GUST": null, "REU_GUSTP": null, "USA_SEAHGT": 12.0, "USA_SEA_NE": 150.0, "USA_SEA_SE": 120.0, "USA_SEA_SW": 60.0, "USA_SEA_NW": 120.0, "STORM_SPD": 8, "STORM_DR": 325, "year": 2022, "month": 9, "day": 20, "hour": 6, "min": 0 }, "geometry": { "type": "LineString", "coordinates": [ [ -70.699951171875, 20.799999237060547 ], [ -70.9000244140625, 21.200000762939453 ] ] } },
{ "type": "Feature", "properties": { "SID": "2022257N16312", "SEASON": 2022, "NUMBER": 74, "BASIN": "NA", "SUBBASIN": "NA", "NAME": "FIONA", "ISO_TIME": "2022-09-20 09:00:00", "NATURE": "TS", "LAT": 21.2, "LON": -70.9, "WMO_WIND": 0.0, "WMO_PRES": null, "WMO_AGENCY": null, "TRACK_TYPE": "main", "DIST2LAND": 156, "LANDFALL": 156, "IFLAG": "P______________", "USA_AGENCY": null, "USA_ATCFID": "AL072022", "USA_LAT": 21.2, "USA_LON": -70.9, "USA_RECORD": null, "USA_STATUS": "HU", "USA_WIND": 100.0, "USA_PRES": 964.0, "USA_SSHS": 3, "USA_R34_NE": 130.0, "USA_R34_SE": 130.0, "USA_R34_SW": 60.0, "USA_R34_NW": 100.0, "USA_R50_NE": 60.0, "USA_R50_SE": 50.0, "USA_R50_SW": 40.0, "USA_R50_NW": 50.0, "USA_R64_NE": 25.0, "USA_R64_SE": 25.0, "USA_R64_SW": 20.0, "USA_R64_NW": 25.0, "USA_POCI": 1008.0, "USA_ROCI": 180.0, "USA_RMW": 10.0, "USA_EYE": null, "TOK_LAT": null, "TOK_LON": null, "TOK_GRADE": null, "TOK_WIND": null, "TOK_PRES": null, "TOK_R50_DR": null, "TOK_R50_L": null, "TOK_R50_S": null, "TOK_R30_DR": null, "TOK_R30_L": null, "TOK_R30_S": null, "TOK_LAND": null, "CMA_LAT": null, "CMA_LON": null, "CMA_CAT": null, "CMA_WIND": null, "CMA_PRES": null, "HKO_LAT": null, "HKO_LON": null, "HKO_CAT": null, "HKO_WIND": null, "HKO_PRES": null, "KMA_LAT": null, "KMA_LON": null, "KMA_CAT": null, "KMA_WIND": null, "KMA_PRES": null, "KMA_R50_DR": null, "KMA_R50_L": null, "KMA_R50_S": null, "KMA_R30_DR": null, "KMA_R30_L": null, "KMA_R30_S": null, "NEW_LAT": null, "NEW_LON": null, "NEW_GRADE": null, "NEW_WIND": null, "NEW_PRES": null, "NEW_CI": -999.9, "NEW_DP": null, "NEW_POCI": null, "REU_LAT": null, "REU_LON": null, "REU_TYPE": null, "REU_WIND": null, "REU_PRES": null, "REU_TNUM": -999.9, "REU_CI": -999.9, "REU_RMW": null, "REU_R34_NE": null, "REU_R34_SE": null, "REU_R34_SW": null, "REU_R34_NW": null, "REU_R50_NE": null, "REU_R50_SE": null, "REU_R50_SW": null, "REU_R50_NW": null, "REU_R64_NE": null, "REU_R64_SE": null, "REU_R64_SW": null, "REU_R64_NW": null, "BOM_LAT": null, "BOM_LON": null, "BOM_TYPE": null, "BOM_WIND": null, "BOM_PRES": null, "BOM_TNUM": -999.9, "BOM_CI": -999.9, "BOM_RMW": null, "BOM_R34_NE": null, "BOM_R34_SE": null, "BOM_R34_SW": null, "BOM_R34_NW": null, "BOM_R50_NE": null, "BOM_R50_SE": null, "BOM_R50_SW": null, "BOM_R50_NW": null, "BOM_R64_NE": null, "BOM_R64_SE": null, "BOM_R64_SW": null, "BOM_R64_NW": null, "BOM_ROCI": null, "BOM_POCI": null, "BOM_EYE": null, "BOM_POS_FL": null, "BOM_PRS_FL": null, "NAD_LAT": null, "NAD_LON": null, "NAD_CAT": null, "NAD_WIND": null, "NAD_PRES": null, "WEL_LAT": null, "WEL_LON": null, "WEL_WIND": null, "WEL_PRES": null, "DS8_LAT": null, "DS8_LON": null, "DS8_STAGE": null, "DS8_WIND": null, "DS8_PRES": null, "TD6_LAT": null, "TD6_LON": null, "TD6_STAGE": null, "TD6_WIND": null, "TD6_PRES": null, "TD5_LAT": null, "TD5_LON": null, "TD5_WIND": null, "TD5_PRES": null, "TD5_ROCI": null, "NEU_LAT": null, "NEU_LON": null, "NEU_CLASS": null, "NEU_WIND": null, "NEU_PRES": null, "MLC_LAT": null, "MLC_LON": null, "MLC_CLASS": null, "MLC_WIND": null, "MLC_PRES": null, "USA_GUST": null, "BOM_GUST": null, "BOM_GUSTP": null, "REU_GUST": null, "REU_GUSTP": null, "USA_SEAHGT": 12.0, "USA_SEA_NE": 165.0, "USA_SEA_SE": 120.0, "USA_SEA_SW": 75.0, "USA_SEA_NW": 135.0, "STORM_SPD": 9, "STORM_DR": 330, "year": 2022, "month": 9, "day": 20, "hour": 9, "min": 0 }, "geometry": { "type": "LineString", "coordinates": [ [ -70.9000244140625, 21.200000762939453 ], [ -71.0999755859375, 21.399999618530273 ] ] } },
{ "type": "Feature", "properties": { "SID": "2022257N16312", "SEASON": 2022, "NUMBER": 74, "BASIN": "NA", "SUBBASIN": "NA", "NAME": "FIONA", "ISO_TIME": "2022-09-20 11:00:00", "NATURE": "TS", "LAT": 21.4, "LON": -71.1, "WMO_WIND": 100.0, "WMO_PRES": 962.0, "WMO_AGENCY": "hurdat_atl", "TRACK_TYPE": "main", "DIST2LAND": 178, "LANDFALL": 178, "IFLAG": "V______________", "USA_AGENCY": "hurdat_atl", "USA_ATCFID": "AL072022", "USA_LAT": 21.4, "USA_LON": -71.1, "USA_RECORD": "L", "USA_STATUS": "HU", "USA_WIND": 100.0, "USA_PRES": 962.0, "USA_SSHS": 3, "USA_R34_NE": 130.0, "USA_R34_SE": 130.0, "USA_R34_SW": 60.0, "USA_R34_NW": 100.0, "USA_R50_NE": 60.0, "USA_R50_SE": 50.0, "USA_R50_SW": 40.0, "USA_R50_NW": 50.0, "USA_R64_NE": 25.0, "USA_R64_SE": 25.0, "USA_R64_SW": 20.0, "USA_R64_NW": 25.0, "USA_POCI": 1008.0, "USA_ROCI": 180.0, "USA_RMW": 10.0, "USA_EYE": null, "TOK_LAT": null, "TOK_LON": null, "TOK_GRADE": null, "TOK_WIND": null, "TOK_PRES": null, "TOK_R50_DR": null, "TOK_R50_L": null, "TOK_R50_S": null, "TOK_R30_DR": null, "TOK_R30_L": null, "TOK_R30_S": null, "TOK_LAND": null, "CMA_LAT": null, "CMA_LON": null, "CMA_CAT": null, "CMA_WIND": null, "CMA_PRES": null, "HKO_LAT": null, "HKO_LON": null, "HKO_CAT": null, "HKO_WIND": null, "HKO_PRES": null, "KMA_LAT": null, "KMA_LON": null, "KMA_CAT": null, "KMA_WIND": null, "KMA_PRES": null, "KMA_R50_DR": null, "KMA_R50_L": null, "KMA_R50_S": null, "KMA_R30_DR": null, "KMA_R30_L": null, "KMA_R30_S": null, "NEW_LAT": null, "NEW_LON": null, "NEW_GRADE": null, "NEW_WIND": null, "NEW_PRES": null, "NEW_CI": -999.9, "NEW_DP": null, "NEW_POCI": null, "REU_LAT": null, "REU_LON": null, "REU_TYPE": null, "REU_WIND": null, "REU_PRES": null, "REU_TNUM": -999.9, "REU_CI": -999.9, "REU_RMW": null, "REU_R34_NE": null, "REU_R34_SE": null, "REU_R34_SW": null, "REU_R34_NW": null, "REU_R50_NE": null, "REU_R50_SE": null, "REU_R50_SW": null, "REU_R50_NW": null, "REU_R64_NE": null, "REU_R64_SE": null, "REU_R64_SW": null, "REU_R64_NW": null, "BOM_LAT": null, "BOM_LON": null, "BOM_TYPE": null, "BOM_WIND": null, "BOM_PRES": null, "BOM_TNUM": -999.9, "BOM_CI": -999.9, "BOM_RMW": null, "BOM_R34_NE": null, "BOM_R34_SE": null, "BOM_R34_SW": null, "BOM_R34_NW": null, "BOM_R50_NE": null, "BOM_R50_SE": null, "BOM_R50_SW": null, "BOM_R50_NW": null, "BOM_R64_NE": null, "BOM_R64_SE": null, "BOM_R64_SW": null, "BOM_R64_NW": null, "BOM_ROCI": null, "BOM_POCI": null, "BOM_EYE": null, "BOM_POS_FL": null, "BOM_PRS_FL": null, "NAD_LAT": null, "NAD_LON": null, "NAD_CAT": null, "NAD_WIND": null, "NAD_PRES": null, "WEL_LAT": null, "WEL_LON": null, "WEL_WIND": null, "WEL_PRES": null, "DS8_LAT": null, "DS8_LON": null, "DS8_STAGE": null, "DS8_WIND": null, "DS8_PRES": null, "TD6_LAT": null, "TD6_LON": null, "TD6_STAGE": null, "TD6_WIND": null, "TD6_PRES": null, "TD5_LAT": null, "TD5_LON": null, "TD5_WIND": null, "TD5_PRES": null, "TD5_ROCI": null, "NEU_LAT": null, "NEU_LON": null, "NEU_CLASS": null, "NEU_WIND": null, "NEU_PRES": null, "MLC_LAT": null, "MLC_LON": null, "MLC_CLASS": null, "MLC_WIND": null, "MLC_PRES": null, "USA_GUST": null, "BOM_GUST": null, "BOM_GUSTP": null, "REU_GUST": null, "REU_GUSTP": null, "USA_SEAHGT": 12.0, "USA_SEA_NE": 175.0, "USA_SEA_SE": 120.0, "USA_SEA_SW": 85.0, "USA_SEA_NW": 145.0, "STORM_SPD": 8, "STORM_DR": 325, "year": 2022, "month": 9, "day": 20, "hour": 11, "min": 0 }, "geometry": { "type": "LineString", "coordinates": [ [ -71.0999755859375, 21.399999618530273 ], [ -71.199951171875, 21.5 ] ] } },
{ "type": "Feature", "properties": { "SID": "2022257N16312", "SEASON": 2022, "NUMBER": 74, "BASIN": "NA", "SUBBASIN": "NA", "NAME": "FIONA", "ISO_TIME": "2022-09-20 12:00:00", "NATURE": "TS", "LAT": 21.5, "LON": -71.2, "WMO_WIND": 100.0, "WMO_PRES": 961.0, "WMO_AGENCY": "hurdat_atl", "TRACK_TYPE": "main", "DIST2LAND": 189, "LANDFALL": 169, "IFLAG": "O______________", "USA_AGENCY": "hurdat_atl", "USA_ATCFID": "AL072022", "USA_LAT": 21.5, "USA_LON": -71.2, "USA_RECORD": null, "USA_STATUS": "HU", "USA_WIND": 100.0, "USA_PRES": 961.0, "USA_SSHS": 3, "USA_R34_NE": 130.0, "USA_R34_SE": 130.0, "USA_R34_SW": 80.0, "USA_R34_NW": 120.0, "USA_R50_NE": 70.0, "USA_R50_SE": 60.0, "USA_R50_SW": 40.0, "USA_R50_NW": 60.0, "USA_R64_NE": 30.0, "USA_R64_SE": 25.0, "USA_R64_SW": 20.0, "USA_R64_NW": 25.0, "USA_POCI": 1008.0, "USA_ROCI": 150.0, "USA_RMW": 10.0, "USA_EYE": null, "TOK_LAT": null, "TOK_LON": null, "TOK_GRADE": null, "TOK_WIND": null, "TOK_PRES": null, "TOK_R50_DR": null, "TOK_R50_L": null, "TOK_R50_S": null, "TOK_R30_DR": null, "TOK_R30_L": null, "TOK_R30_S": null, "TOK_LAND": null, "CMA_LAT": null, "CMA_LON": null, "CMA_CAT": null, "CMA_WIND": null, "CMA_PRES": null, "HKO_LAT": null, "HKO_LON": null, "HKO_CAT": null, "HKO_WIND": null, "HKO_PRES": null, "KMA_LAT": null, "KMA_LON": null, "KMA_CAT": null, "KMA_WIND": null, "KMA_PRES": null, "KMA_R50_DR": null, "KMA_R50_L": null, "KMA_R50_S": null, "KMA_R30_DR": null, "KMA_R30_L": null, "KMA_R30_S": null, "NEW_LAT": null, "NEW_LON": null, "NEW_GRADE": null, "NEW_WIND": null, "NEW_PRES": null, "NEW_CI": -999.9, "NEW_DP": null, "NEW_POCI": null, "REU_LAT": null, "REU_LON": null, "REU_TYPE": null, "REU_WIND": null, "REU_PRES": null, "REU_TNUM": -999.9, "REU_CI": -999.9, "REU_RMW": null, "REU_R34_NE": null, "REU_R34_SE": null, "REU_R34_SW": null, "REU_R34_NW": null, "REU_R50_NE": null, "REU_R50_SE": null, "REU_R50_SW": null, "REU_R50_NW": null, "REU_R64_NE": null, "REU_R64_SE": null, "REU_R64_SW": null, "REU_R64_NW": null, "BOM_LAT": null, "BOM_LON": null, "BOM_TYPE": null, "BOM_WIND": null, "BOM_PRES": null, "BOM_TNUM": -999.9, "BOM_CI": -999.9, "BOM_RMW": null, "BOM_R34_NE": null, "BOM_R34_SE": null, "BOM_R34_SW": null, "BOM_R34_NW": null, "BOM_R50_NE": null, "BOM_R50_SE": null, "BOM_R50_SW": null, "BOM_R50_NW": null, "BOM_R64_NE": null, "BOM_R64_SE": null, "BOM_R64_SW": null, "BOM_R64_NW": null, "BOM_ROCI": null, "BOM_POCI": null, "BOM_EYE": null, "BOM_POS_FL": null, "BOM_PRS_FL": null, "NAD_LAT": null, "NAD_LON": null, "NAD_CAT": null, "NAD_WIND": null, "NAD_PRES": null, "WEL_LAT": null, "WEL_LON": null, "WEL_WIND": null, "WEL_PRES": null, "DS8_LAT": null, "DS8_LON": null, "DS8_STAGE": null, "DS8_WIND": null, "DS8_PRES": null, "TD6_LAT": null, "TD6_LON": null, "TD6_STAGE": null, "TD6_WIND": null, "TD6_PRES": null, "TD5_LAT": null, "TD5_LON": null, "TD5_WIND": null, "TD5_PRES": null, "TD5_ROCI": null, "NEU_LAT": null, "NEU_LON": null, "NEU_CLASS": null, "NEU_WIND": null, "NEU_PRES": null, "MLC_LAT": null, "MLC_LON": null, "MLC_CLASS": null, "MLC_WIND": null, "MLC_PRES": null, "USA_GUST": 120.0, "BOM_GUST": null, "BOM_GUSTP": null, "REU_GUST": null, "REU_GUSTP": null, "USA_SEAHGT": 12.0, "USA_SEA_NE": 180.0, "USA_SEA_SE": 120.0, "USA_SEA_SW": 90.0, "USA_SEA_NW": 150.0, "STORM_SPD": 9, "STORM_DR": 325, "year": 2022, "month": 9, "day": 20, "hour": 12, "min": 0 }, "geometry": { "type": "LineString", "coordinates": [ [ -71.199951171875, 21.5 ], [ -71.5, 21.899999618530273 ] ] } },
{ "type": "Feature", "properties": { "SID": "2022257N16312", "SEASON": 2022, "NUMBER": 74, "BASIN": "NA", "SUBBASIN": "NA", "NAME": "FIONA", "ISO_TIME": "2022-09-20 15:00:00", "NATURE": "TS", "LAT": 21.9, "LON": -71.5, "WMO_WIND": 0.0, "WMO_PRES": null, "WMO_AGENCY": null, "TRACK_TYPE": "main", "DIST2LAND": 173, "LANDFALL": 170, "IFLAG": "P______________", "USA_AGENCY": null, "USA_ATCFID": "AL072022", "USA_LAT": 21.9, "USA_LON": -71.5, "USA_RECORD": null, "USA_STATUS": "HU", "USA_WIND": 100.0, "USA_PRES": 960.0, "USA_SSHS": 3, "USA_R34_NE": 130.0, "USA_R34_SE": 130.0, "USA_R34_SW": 80.0, "USA_R34_NW": 120.0, "USA_R50_NE": 70.0, "USA_R50_SE": 60.0, "USA_R50_SW": 40.0, "USA_R50_NW": 60.0, "USA_R64_NE": 30.0, "USA_R64_SE": 25.0, "USA_R64_SW": 20.0, "USA_R64_NW": 25.0, "USA_POCI": 1008.0, "USA_ROCI": 155.0, "USA_RMW": 10.0, "USA_EYE": null, "TOK_LAT": null, "TOK_LON": null, "TOK_GRADE": null, "TOK_WIND": null, "TOK_PRES": null, "TOK_R50_DR": null, "TOK_R50_L": null, "TOK_R50_S": null, "TOK_R30_DR": null, "TOK_R30_L": null, "TOK_R30_S": null, "TOK_LAND": null, "CMA_LAT": null, "CMA_LON": null, "CMA_CAT": null, "CMA_WIND": null, "CMA_PRES": null, "HKO_LAT": null, "HKO_LON": null, "HKO_CAT": null, "HKO_WIND": null, "HKO_PRES": null, "KMA_LAT": null, "KMA_LON": null, "KMA_CAT": null, "KMA_WIND": null, "KMA_PRES": null, "KMA_R50_DR": null, "KMA_R50_L": null, "KMA_R50_S": null, "KMA_R30_DR": null, "KMA_R30_L": null, "KMA_R30_S": null, "NEW_LAT": null, "NEW_LON": null, "NEW_GRADE": null, "NEW_WIND": null, "NEW_PRES": null, "NEW_CI": -999.9, "NEW_DP": null, "NEW_POCI": null, "REU_LAT": null, "REU_LON": null, "REU_TYPE": null, "REU_WIND": null, "REU_PRES": null, "REU_TNUM": -999.9, "REU_CI": -999.9, "REU_RMW": null, "REU_R34_NE": null, "REU_R34_SE": null, "REU_R34_SW": null, "REU_R34_NW": null, "REU_R50_NE": null, "REU_R50_SE": null, "REU_R50_SW": null, "REU_R50_NW": null, "REU_R64_NE": null, "REU_R64_SE": null, "REU_R64_SW": null, "REU_R64_NW": null, "BOM_LAT": null, "BOM_LON": null, "BOM_TYPE": null, "BOM_WIND": null, "BOM_PRES": null, "BOM_TNUM": -999.9, "BOM_CI": -999.9, "BOM_RMW": null, "BOM_R34_NE": null, "BOM_R34_SE": null, "BOM_R34_SW": null, "BOM_R34_NW": null, "BOM_R50_NE": null, "BOM_R50_SE": null, "BOM_R50_SW": null, "BOM_R50_NW": null, "BOM_R64_NE": null, "BOM_R64_SE": null, "BOM_R64_SW": null, "BOM_R64_NW": null, "BOM_ROCI": null, "BOM_POCI": null, "BOM_EYE": null, "BOM_POS_FL": null, "BOM_PRS_FL": null, "NAD_LAT": null, "NAD_LON": null, "NAD_CAT": null, "NAD_WIND": null, "NAD_PRES": null, "WEL_LAT": null, "WEL_LON": null, "WEL_WIND": null, "WEL_PRES": null, "DS8_LAT": null, "DS8_LON": null, "DS8_STAGE": null, "DS8_WIND": null, "DS8_PRES": null, "TD6_LAT": null, "TD6_LON": null, "TD6_STAGE": null, "TD6_WIND": null, "TD6_PRES": null, "TD5_LAT": null, "TD5_LON": null, "TD5_WIND": null, "TD5_PRES": null, "TD5_ROCI": null, "NEU_LAT": null, "NEU_LON": null, "NEU_CLASS": null, "NEU_WIND": null, "NEU_PRES": null, "MLC_LAT": null, "MLC_LON": null, "MLC_CLASS": null, "MLC_WIND": null, "MLC_PRES": null, "USA_GUST": null, "BOM_GUST": null, "BOM_GUSTP": null, "REU_GUST": null, "REU_GUSTP": null, "USA_SEAHGT": 12.0, "USA_SEA_NE": 180.0, "USA_SEA_SE": 120.0, "USA_SEA_SW": 90.0, "USA_SEA_NW": 150.0, "STORM_SPD": 9, "STORM_DR": 330, "year": 2022, "month": 9, "day": 20, "hour": 15, "min": 0 }, "geometry": { "type": "LineString", "coordinates": [ [ -71.5, 21.899999618530273 ], [ -71.699951171875, 22.299999237060547 ] ] } },
{ "type": "Feature", "properties": { "SID": "2022257N16312", "SEASON": 2022, "NUMBER": 74, "BASIN": "NA", "SUBBASIN": "NA", "NAME": "FIONA", "ISO_TIME": "2022-09-20 18:00:00", "NATURE": "TS", "LAT": 22.3, "LON": -71.7, "WMO_WIND": 100.0, "WMO_PRES": 959.0, "WMO_AGENCY": "hurdat_atl", "TRACK_TYPE": "main", "DIST2LAND": 182, "LANDFALL": 182, "IFLAG": "O______________", "USA_AGENCY": "hurdat_atl", "USA_ATCFID": "AL072022", "USA_LAT": 22.3, "USA_LON": -71.7, "USA_RECORD": null, "USA_STATUS": "HU", "USA_WIND": 100.0, "USA_PRES": 959.0, "USA_SSHS": 3, "USA_R34_NE": 130.0, "USA_R34_SE": 130.0, "USA_R34_SW": 80.0, "USA_R34_NW": 120.0, "USA_R50_NE": 70.0, "USA_R50_SE": 60.0, "USA_R50_SW": 40.0, "USA_R50_NW": 60.0, "USA_R64_NE": 30.0, "USA_R64_SE": 25.0, "USA_R64_SW": 20.0, "USA_R64_NW": 25.0, "USA_POCI": 1008.0, "USA_ROCI": 160.0, "USA_RMW": 10.0, "USA_EYE": null, "TOK_LAT": null, "TOK_LON": null, "TOK_GRADE": null, "TOK_WIND": null, "TOK_PRES": null, "TOK_R50_DR": null, "TOK_R50_L": null, "TOK_R50_S": null, "TOK_R30_DR": null, "TOK_R30_L": null, "TOK_R30_S": null, "TOK_LAND": null, "CMA_LAT": null, "CMA_LON": null, "CMA_CAT": null, "CMA_WIND": null, "CMA_PRES": null, "HKO_LAT": null, "HKO_LON": null, "HKO_CAT": null, "HKO_WIND": null, "HKO_PRES": null, "KMA_LAT": null, "KMA_LON": null, "KMA_CAT": null, "KMA_WIND": null, "KMA_PRES": null, "KMA_R50_DR": null, "KMA_R50_L": null, "KMA_R50_S": null, "KMA_R30_DR": null, "KMA_R30_L": null, "KMA_R30_S": null, "NEW_LAT": null, "NEW_LON": null, "NEW_GRADE": null, "NEW_WIND": null, "NEW_PRES": null, "NEW_CI": -999.9, "NEW_DP": null, "NEW_POCI": null, "REU_LAT": null, "REU_LON": null, "REU_TYPE": null, "REU_WIND": null, "REU_PRES": null, "REU_TNUM": -999.9, "REU_CI": -999.9, "REU_RMW": null, "REU_R34_NE": null, "REU_R34_SE": null, "REU_R34_SW": null, "REU_R34_NW": null, "REU_R50_NE": null, "REU_R50_SE": null, "REU_R50_SW": null, "REU_R50_NW": null, "REU_R64_NE": null, "REU_R64_SE": null, "REU_R64_SW": null, "REU_R64_NW": null, "BOM_LAT": null, "BOM_LON": null, "BOM_TYPE": null, "BOM_WIND": null, "BOM_PRES": null, "BOM_TNUM": -999.9, "BOM_CI": -999.9, "BOM_RMW": null, "BOM_R34_NE": null, "BOM_R34_SE": null, "BOM_R34_SW": null, "BOM_R34_NW": null, "BOM_R50_NE": null, "BOM_R50_SE": null, "BOM_R50_SW": null, "BOM_R50_NW": null, "BOM_R64_NE": null, "BOM_R64_SE": null, "BOM_R64_SW": null, "BOM_R64_NW": null, "BOM_ROCI": null, "BOM_POCI": null, "BOM_EYE": null, "BOM_POS_FL": null, "BOM_PRS_FL": null, "NAD_LAT": null, "NAD_LON": null, "NAD_CAT": null, "NAD_WIND": null, "NAD_PRES": null, "WEL_LAT": null, "WEL_LON": null, "WEL_WIND": null, "WEL_PRES": null, "DS8_LAT": null, "DS8_LON": null, "DS8_STAGE": null, "DS8_WIND": null, "DS8_PRES": null, "TD6_LAT": null, "TD6_LON": null, "TD6_STAGE": null, "TD6_WIND": null, "TD6_PRES": null, "TD5_LAT": null, "TD5_LON": null, "TD5_WIND": null, "TD5_PRES": null, "TD5_ROCI": null, "NEU_LAT": null, "NEU_LON": null, "NEU_CLASS": null, "NEU_WIND": null, "NEU_PRES": null, "MLC_LAT": null, "MLC_LON": null, "MLC_CLASS": null, "MLC_WIND": null, "MLC_PRES": null, "USA_GUST": 120.0, "BOM_GUST": null, "BOM_GUSTP": null, "REU_GUST": null, "REU_GUSTP": null, "USA_SEAHGT": 12.0, "USA_SEA_NE": 180.0, "USA_SEA_SE": 120.0, "USA_SEA_SW": 90.0, "USA_SEA_NW": 150.0, "STORM_SPD": 8, "STORM_DR": 340, "year": 2022, "month": 9, "day": 20, "hour": 18, "min": 0 }, "geometry": { "type": "LineString", "coordinates": [ [ -71.699951171875, 22.299999237060547 ], [ -71.800048828125, 22.600000381469727 ] ] } },
{ "type": "Feature", "properties": { "SID": "2022257N16312", "SEASON": 2022, "NUMBER": 74, "BASIN": "NA", "SUBBASIN": "NA", "NAME": "FIONA", "ISO_TIME": "2022-09-20 21:00:00", "NATURE": "TS", "LAT": 22.6, "LON": -71.8, "WMO_WIND": 0.0, "WMO_PRES": null, "WMO_AGENCY": null, "TRACK_TYPE": "main", "DIST2LAND": 199, "LANDFALL": 199, "IFLAG": "P______________", "USA_AGENCY": null, "USA_ATCFID": "AL072022", "USA_LAT": 22.6, "USA_LON": -71.8, "USA_RECORD": null, "USA_STATUS": "HU", "USA_WIND": 105.0, "USA_PRES": 955.0, "USA_SSHS": 3, "USA_R34_NE": 135.0, "USA_R34_SE": 130.0, "USA_R34_SW": 80.0, "USA_R34_NW": 120.0, "USA_R50_NE": 70.0, "USA_R50_SE": 60.0, "USA_R50_SW": 40.0, "USA_R50_NW": 60.0, "USA_R64_NE": 35.0, "USA_R64_SE": 28.0, "USA_R64_SW": 20.0, "USA_R64_NW": 28.0, "USA_POCI": 1008.0, "USA_ROCI": 160.0, "USA_RMW": 13.0, "USA_EYE": null, "TOK_LAT": null, "TOK_LON": null, "TOK_GRADE": null, "TOK_WIND": null, "TOK_PRES": null, "TOK_R50_DR": null, "TOK_R50_L": null, "TOK_R50_S": null, "TOK_R30_DR": null, "TOK_R30_L": null, "TOK_R30_S": null, "TOK_LAND": null, "CMA_LAT": null, "CMA_LON": null, "CMA_CAT": null, "CMA_WIND": null, "CMA_PRES": null, "HKO_LAT": null, "HKO_LON": null, "HKO_CAT": null, "HKO_WIND": null, "HKO_PRES": null, "KMA_LAT": null, "KMA_LON": null, "KMA_CAT": null, "KMA_WIND": null, "KMA_PRES": null, "KMA_R50_DR": null, "KMA_R50_L": null, "KMA_R50_S": null, "KMA_R30_DR": null, "KMA_R30_L": null, "KMA_R30_S": null, "NEW_LAT": null, "NEW_LON": null, "NEW_GRADE": null, "NEW_WIND": null, "NEW_PRES": null, "NEW_CI": -999.9, "NEW_DP": null, "NEW_POCI": null, "REU_LAT": null, "REU_LON": null, "REU_TYPE": null, "REU_WIND": null, "REU_PRES": null, "REU_TNUM": -999.9, "REU_CI": -999.9, "REU_RMW": null, "REU_R34_NE": null, "REU_R34_SE": null, "REU_R34_SW": null, "REU_R34_NW": null, "REU_R50_NE": null, "REU_R50_SE": null, "REU_R50_SW": null, "REU_R50_NW": null, "REU_R64_NE": null, "REU_R64_SE": null, "REU_R64_SW": null, "REU_R64_NW": null, "BOM_LAT": null, "BOM_LON": null, "BOM_TYPE": null, "BOM_WIND": null, "BOM_PRES": null, "BOM_TNUM": -999.9, "BOM_CI": -999.9, "BOM_RMW": null, "BOM_R34_NE": null, "BOM_R34_SE": null, "BOM_R34_SW": null, "BOM_R34_NW": null, "BOM_R50_NE": null, "BOM_R50_SE": null, "BOM_R50_SW": null, "BOM_R50_NW": null, "BOM_R64_NE": null, "BOM_R64_SE": null, "BOM_R64_SW": null, "BOM_R64_NW": null, "BOM_ROCI": null, "BOM_POCI": null, "BOM_EYE": null, "BOM_POS_FL": null, "BOM_PRS_FL": null, "NAD_LAT": null, "NAD_LON": null, "NAD_CAT": null, "NAD_WIND": null, "NAD_PRES": null, "WEL_LAT": null, "WEL_LON": null, "WEL_WIND": null, "WEL_PRES": null, "DS8_LAT": null, "DS8_LON": null, "DS8_STAGE": null, "DS8_WIND": null, "DS8_PRES": null, "TD6_LAT": null, "TD6_LON": null, "TD6_STAGE": null, "TD6_WIND": null, "TD6_PRES": null, "TD5_LAT": null, "TD5_LON": null, "TD5_WIND": null, "TD5_PRES": null, "TD5_ROCI": null, "NEU_LAT": null, "NEU_LON": null, "NEU_CLASS": null, "NEU_WIND": null, "NEU_PRES": null, "MLC_LAT": null, "MLC_LON": null, "MLC_CLASS": null, "MLC_WIND": null, "MLC_PRES": null, "USA_GUST": null, "BOM_GUST": null, "BOM_GUSTP": null, "REU_GUST": null, "REU_GUSTP": null, "USA_SEAHGT": 12.0, "USA_SEA_NE": 180.0, "USA_SEA_SE": 120.0, "USA_SEA_SW": 90.0, "USA_SEA_NW": 150.0, "STORM_SPD": 6, "STORM_DR": 350, "year": 2022, "month": 9, "day": 20, "hour": 21, "min": 0 }, "geometry": { "type": "LineString", "coordinates": [ [ -71.800048828125, 22.600000381469727 ], [ -71.800048828125, 22.899999618530273 ] ] } },
{ "type": "Feature", "properties": { "SID": "2022257N16312", "SEASON": 2022, "NUMBER": 74, "BASIN": "NA", "SUBBASIN": "NA", "NAME": "FIONA", "ISO_TIME": "2022-09-21 00:00:00", "NATURE": "TS", "LAT": 22.9, "LON": -71.8, "WMO_WIND": 110.0, "WMO_PRES": 951.0, "WMO_AGENCY": "hurdat_atl", "TRACK_TYPE": "main", "DIST2LAND": 226, "LANDFALL": 226, "IFLAG": "O______________", "USA_AGENCY": "hurdat_atl", "USA_ATCFID": "AL072022", "USA_LAT": 22.9, "USA_LON": -71.8, "USA_RECORD": null, "USA_STATUS": "HU", "USA_WIND": 110.0, "USA_PRES": 951.0, "USA_SSHS": 3, "USA_R34_NE": 140.0, "USA_R34_SE": 130.0, "USA_R34_SW": 80.0, "USA_R34_NW": 120.0, "USA_R50_NE": 70.0, "USA_R50_SE": 60.0, "USA_R50_SW": 40.0, "USA_R50_NW": 60.0, "USA_R64_NE": 40.0, "USA_R64_SE": 30.0, "USA_R64_SW": 20.0, "USA_R64_NW": 30.0, "USA_POCI": 1008.0, "USA_ROCI": 160.0, "USA_RMW": 15.0, "USA_EYE": 20.0, "TOK_LAT": null, "TOK_LON": null, "TOK_GRADE": null, "TOK_WIND": null, "TOK_PRES": null, "TOK_R50_DR": null, "TOK_R50_L": null, "TOK_R50_S": null, "TOK_R30_DR": null, "TOK_R30_L": null, "TOK_R30_S": null, "TOK_LAND": null, "CMA_LAT": null, "CMA_LON": null, "CMA_CAT": null, "CMA_WIND": null, "CMA_PRES": null, "HKO_LAT": null, "HKO_LON": null, "HKO_CAT": null, "HKO_WIND": null, "HKO_PRES": null, "KMA_LAT": null, "KMA_LON": null, "KMA_CAT": null, "KMA_WIND": null, "KMA_PRES": null, "KMA_R50_DR": null, "KMA_R50_L": null, "KMA_R50_S": null, "KMA_R30_DR": null, "KMA_R30_L": null, "KMA_R30_S": null, "NEW_LAT": null, "NEW_LON": null, "NEW_GRADE": null, "NEW_WIND": null, "NEW_PRES": null, "NEW_CI": -999.9, "NEW_DP": null, "NEW_POCI": null, "REU_LAT": null, "REU_LON": null, "REU_TYPE": null, "REU_WIND": null, "REU_PRES": null, "REU_TNUM": -999.9, "REU_CI": -999.9, "REU_RMW": null, "REU_R34_NE": null, "REU_R34_SE": null, "REU_R34_SW": null, "REU_R34_NW": null, "REU_R50_NE": null, "REU_R50_SE": null, "REU_R50_SW": null, "REU_R50_NW": null, "REU_R64_NE": null, "REU_R64_SE": null, "REU_R64_SW": null, "REU_R64_NW": null, "BOM_LAT": null, "BOM_LON": null, "BOM_TYPE": null, "BOM_WIND": null, "BOM_PRES": null, "BOM_TNUM": -999.9, "BOM_CI": -999.9, "BOM_RMW": null, "BOM_R34_NE": null, "BOM_R34_SE": null, "BOM_R34_SW": null, "BOM_R34_NW": null, "BOM_R50_NE": null, "BOM_R50_SE": null, "BOM_R50_SW": null, "BOM_R50_NW": null, "BOM_R64_NE": null, "BOM_R64_SE": null, "BOM_R64_SW": null, "BOM_R64_NW": null, "BOM_ROCI": null, "BOM_POCI": null, "BOM_EYE": null, "BOM_POS_FL": null, "BOM_PRS_FL": null, "NAD_LAT": null, "NAD_LON": null, "NAD_CAT": null, "NAD_WIND": null, "NAD_PRES": null, "WEL_LAT": null, "WEL_LON": null, "WEL_WIND": null, "WEL_PRES": null, "DS8_LAT": null, "DS8_LON": null, "DS8_STAGE": null, "DS8_WIND": null, "DS8_PRES": null, "TD6_LAT": null, "TD6_LON": null, "TD6_STAGE": null, "TD6_WIND": null, "TD6_PRES": null, "TD5_LAT": null, "TD5_LON": null, "TD5_WIND": null, "TD5_PRES": null, "TD5_ROCI": null, "NEU_LAT": null, "NEU_LON": null, "NEU_CLASS": null, "NEU_WIND": null, "NEU_PRES": null, "MLC_LAT": null, "MLC_LON": null, "MLC_CLASS": null, "MLC_WIND": null, "MLC_PRES": null, "USA_GUST": 135.0, "BOM_GUST": null, "BOM_GUSTP": null, "REU_GUST": null, "REU_GUSTP": null, "USA_SEAHGT": 12.0, "USA_SEA_NE": 180.0, "USA_SEA_SE": 120.0, "USA_SEA_SW": 90.0, "USA_SEA_NW": 150.0, "STORM_SPD": 6, "STORM_DR": 0, "year": 2022, "month": 9, "day": 21, "hour": 0, "min": 0 }, "geometry": { "type": "LineString", "coordinates": [ [ -71.800048828125, 22.899999618530273 ], [ -71.800048828125, 23.200000762939453 ] ] } },
{ "type": "Feature", "properties": { "SID": "2022257N16312", "SEASON": 2022, "NUMBER": 74, "BASIN": "NA", "SUBBASIN": "NA", "NAME": "FIONA", "ISO_TIME": "2022-09-21 03:00:00", "NATURE": "TS", "LAT": 23.2, "LON": -71.8, "WMO_WIND": 0.0, "WMO_PRES": null, "WMO_AGENCY": null, "TRACK_TYPE": "main", "DIST2LAND": 255, "LANDFALL": 255, "IFLAG": "P______________", "USA_AGENCY": null, "USA_ATCFID": "AL072022", "USA_LAT": 23.2, "USA_LON": -71.8, "USA_RECORD": null, "USA_STATUS": "HU", "USA_WIND": 115.0, "USA_PRES": 945.0, "USA_SSHS": 4, "USA_R34_NE": 140.0, "USA_R34_SE": 130.0, "USA_R34_SW": 80.0, "USA_R34_NW": 120.0, "USA_R50_NE": 70.0, "USA_R50_SE": 60.0, "USA_R50_SW": 40.0, "USA_R50_NW": 60.0, "USA_R64_NE": 40.0, "USA_R64_SE": 30.0, "USA_R64_SW": 20.0, "USA_R64_NW": 30.0, "USA_POCI": 1008.0, "USA_ROCI": 160.0, "USA_RMW": 15.0, "USA_EYE": null, "TOK_LAT": null, "TOK_LON": null, "TOK_GRADE": null, "TOK_WIND": null, "TOK_PRES": null, "TOK_R50_DR": null, "TOK_R50_L": null, "TOK_R50_S": null, "TOK_R30_DR": null, "TOK_R30_L": null, "TOK_R30_S": null, "TOK_LAND": null, "CMA_LAT": null, "CMA_LON": null, "CMA_CAT": null, "CMA_WIND": null, "CMA_PRES": null, "HKO_LAT": null, "HKO_LON": null, "HKO_CAT": null, "HKO_WIND": null, "HKO_PRES": null, "KMA_LAT": null, "KMA_LON": null, "KMA_CAT": null, "KMA_WIND": null, "KMA_PRES": null, "KMA_R50_DR": null, "KMA_R50_L": null, "KMA_R50_S": null, "KMA_R30_DR": null, "KMA_R30_L": null, "KMA_R30_S": null, "NEW_LAT": null, "NEW_LON": null, "NEW_GRADE": null, "NEW_WIND": null, "NEW_PRES": null, "NEW_CI": -999.9, "NEW_DP": null, "NEW_POCI": null, "REU_LAT": null, "REU_LON": null, "REU_TYPE": null, "REU_WIND": null, "REU_PRES": null, "REU_TNUM": -999.9, "REU_CI": -999.9, "REU_RMW": null, "REU_R34_NE": null, "REU_R34_SE": null, "REU_R34_SW": null, "REU_R34_NW": null, "REU_R50_NE": null, "REU_R50_SE": null, "REU_R50_SW": null, "REU_R50_NW": null, "REU_R64_NE": null, "REU_R64_SE": null, "REU_R64_SW": null, "REU_R64_NW": null, "BOM_LAT": null, "BOM_LON": null, "BOM_TYPE": null, "BOM_WIND": null, "BOM_PRES": null, "BOM_TNUM": -999.9, "BOM_CI": -999.9, "BOM_RMW": null, "BOM_R34_NE": null, "BOM_R34_SE": null, "BOM_R34_SW": null, "BOM_R34_NW": null, "BOM_R50_NE": null, "BOM_R50_SE": null, "BOM_R50_SW": null, "BOM_R50_NW": null, "BOM_R64_NE": null, "BOM_R64_SE": null, "BOM_R64_SW": null, "BOM_R64_NW": null, "BOM_ROCI": null, "BOM_POCI": null, "BOM_EYE": null, "BOM_POS_FL": null, "BOM_PRS_FL": null, "NAD_LAT": null, "NAD_LON": null, "NAD_CAT": null, "NAD_WIND": null, "NAD_PRES": null, "WEL_LAT": null, "WEL_LON": null, "WEL_WIND": null, "WEL_PRES": null, "DS8_LAT": null, "DS8_LON": null, "DS8_STAGE": null, "DS8_WIND": null, "DS8_PRES": null, "TD6_LAT": null, "TD6_LON": null, "TD6_STAGE": null, "TD6_WIND": null, "TD6_PRES": null, "TD5_LAT": null, "TD5_LON": null, "TD5_WIND": null, "TD5_PRES": null, "TD5_ROCI": null, "NEU_LAT": null, "NEU_LON": null, "NEU_CLASS": null, "NEU_WIND": null, "NEU_PRES": null, "MLC_LAT": null, "MLC_LON": null, "MLC_CLASS": null, "MLC_WIND": null, "MLC_PRES": null, "USA_GUST": null, "BOM_GUST": null, "BOM_GUSTP": null, "REU_GUST": null, "REU_GUSTP": null, "USA_SEAHGT": null, "USA_SEA_NE": null, "USA_SEA_SE": null, "USA_SEA_SW": null, "USA_SEA_NW": null, "STORM_SPD": 6, "STORM_DR": 0, "year": 2022, "month": 9, "day": 21, "hour": 3, "min": 0 }, "geometry": { "type": "LineString", "coordinates": [ [ -71.800048828125, 23.200000762939453 ], [ -71.800048828125, 23.5 ] ] } },
{ "type": "Feature", "properties": { "SID": "2022257N16312", "SEASON": 2022, "NUMBER": 74, "BASIN": "NA", "SUBBASIN": "NA", "NAME": "FIONA", "ISO_TIME": "2022-09-21 06:00:00", "NATURE": "TS", "LAT": 23.5, "LON": -71.8, "WMO_WIND": 120.0, "WMO_PRES": 939.0, "WMO_AGENCY": "hurdat_atl", "TRACK_TYPE": "main", "DIST2LAND": 285, "LANDFALL": 285, "IFLAG": "O______________", "USA_AGENCY": "hurdat_atl", "USA_ATCFID": "AL072022", "USA_LAT": 23.5, "USA_LON": -71.8, "USA_RECORD": null, "USA_STATUS": "HU", "USA_WIND": 120.0, "USA_PRES": 939.0, "USA_SSHS": 4, "USA_R34_NE": 140.0, "USA_R34_SE": 130.0, "USA_R34_SW": 80.0, "USA_R34_NW": 120.0, "USA_R50_NE": 70.0, "USA_R50_SE": 60.0, "USA_R50_SW": 40.0, "USA_R50_NW": 60.0, "USA_R64_NE": 40.0, "USA_R64_SE": 30.0, "USA_R64_SW": 20.0, "USA_R64_NW": 30.0, "USA_POCI": 1008.0, "USA_ROCI": 160.0, "USA_RMW": 15.0, "USA_EYE": null, "TOK_LAT": null, "TOK_LON": null, "TOK_GRADE": null, "TOK_WIND": null, "TOK_PRES": null, "TOK_R50_DR": null, "TOK_R50_L": null, "TOK_R50_S": null, "TOK_R30_DR": null, "TOK_R30_L": null, "TOK_R30_S": null, "TOK_LAND": null, "CMA_LAT": null, "CMA_LON": null, "CMA_CAT": null, "CMA_WIND": null, "CMA_PRES": null, "HKO_LAT": null, "HKO_LON": null, "HKO_CAT": null, "HKO_WIND": null, "HKO_PRES": null, "KMA_LAT": null, "KMA_LON": null, "KMA_CAT": null, "KMA_WIND": null, "KMA_PRES": null, "KMA_R50_DR": null, "KMA_R50_L": null, "KMA_R50_S": null, "KMA_R30_DR": null, "KMA_R30_L": null, "KMA_R30_S": null, "NEW_LAT": null, "NEW_LON": null, "NEW_GRADE": null, "NEW_WIND": null, "NEW_PRES": null, "NEW_CI": -999.9, "NEW_DP": null, "NEW_POCI": null, "REU_LAT": null, "REU_LON": null, "REU_TYPE": null, "REU_WIND": null, "REU_PRES": null, "REU_TNUM": -999.9, "REU_CI": -999.9, "REU_RMW": null, "REU_R34_NE": null, "REU_R34_SE": null, "REU_R34_SW": null, "REU_R34_NW": null, "REU_R50_NE": null, "REU_R50_SE": null, "REU_R50_SW": null, "REU_R50_NW": null, "REU_R64_NE": null, "REU_R64_SE": null, "REU_R64_SW": null, "REU_R64_NW": null, "BOM_LAT": null, "BOM_LON": null, "BOM_TYPE": null, "BOM_WIND": null, "BOM_PRES": null, "BOM_TNUM": -999.9, "BOM_CI": -999.9, "BOM_RMW": null, "BOM_R34_NE": null, "BOM_R34_SE": null, "BOM_R34_SW": null, "BOM_R34_NW": null, "BOM_R50_NE": null, "BOM_R50_SE": null, "BOM_R50_SW": null, "BOM_R50_NW": null, "BOM_R64_NE": null, "BOM_R64_SE": null, "BOM_R64_SW": null, "BOM_R64_NW": null, "BOM_ROCI": null, "BOM_POCI": null, "BOM_EYE": null, "BOM_POS_FL": null, "BOM_PRS_FL": null, "NAD_LAT": null, "NAD_LON": null, "NAD_CAT": null, "NAD_WIND": null, "NAD_PRES": null, "WEL_LAT": null, "WEL_LON": null, "WEL_WIND": null, "WEL_PRES": null, "DS8_LAT": null, "DS8_LON": null, "DS8_STAGE": null, "DS8_WIND": null, "DS8_PRES": null, "TD6_LAT": null, "TD6_LON": null, "TD6_STAGE": null, "TD6_WIND": null, "TD6_PRES": null, "TD5_LAT": null, "TD5_LON": null, "TD5_WIND": null, "TD5_PRES": null, "TD5_ROCI": null, "NEU_LAT": null, "NEU_LON": null, "NEU_CLASS": null, "NEU_WIND": null, "NEU_PRES": null, "MLC_LAT": null, "MLC_LON": null, "MLC_CLASS": null, "MLC_WIND": null, "MLC_PRES": null, "USA_GUST": null, "BOM_GUST": null, "BOM_GUSTP": null, "REU_GUST": null, "REU_GUSTP": null, "USA_SEAHGT": null, "USA_SEA_NE": null, "USA_SEA_SE": null, "USA_SEA_SW": null, "USA_SEA_NW": null, "STORM_SPD": 6, "STORM_DR": 5, "year": 2022, "month": 9, "day": 21, "hour": 6, "min": 0 }, "geometry": { "type": "LineString", "coordinates": [ [ -71.800048828125, 23.5 ], [ -71.800048828125, 23.799999237060547 ] ] } },
{ "type": "Feature", "properties": { "SID": "2022257N16312", "SEASON": 2022, "NUMBER": 74, "BASIN": "NA", "SUBBASIN": "NA", "NAME": "FIONA", "ISO_TIME": "2022-09-21 09:00:00", "NATURE": "TS", "LAT": 23.8, "LON": -71.8, "WMO_WIND": 0.0, "WMO_PRES": null, "WMO_AGENCY": null, "TRACK_TYPE": "main", "DIST2LAND": 315, "LANDFALL": 315, "IFLAG": "P______________", "USA_AGENCY": null, "USA_ATCFID": "AL072022", "USA_LAT": 23.8, "USA_LON": -71.8, "USA_RECORD": null, "USA_STATUS": "HU", "USA_WIND": 118.0, "USA_PRES": 938.0, "USA_SSHS": 4, "USA_R34_NE": 140.0, "USA_R34_SE": 150.0, "USA_R34_SW": 80.0, "USA_R34_NW": 120.0, "USA_R50_NE": 70.0, "USA_R50_SE": 75.0, "USA_R50_SW": 40.0, "USA_R50_NW": 60.0, "USA_R64_NE": 40.0, "USA_R64_SE": 35.0, "USA_R64_SW": 20.0, "USA_R64_NW": 30.0, "USA_POCI": 1008.0, "USA_ROCI": 180.0, "USA_RMW": 15.0, "USA_EYE": null, "TOK_LAT": null, "TOK_LON": null, "TOK_GRADE": null, "TOK_WIND": null, "TOK_PRES": null, "TOK_R50_DR": null, "TOK_R50_L": null, "TOK_R50_S": null, "TOK_R30_DR": null, "TOK_R30_L": null, "TOK_R30_S": null, "TOK_LAND": null, "CMA_LAT": null, "CMA_LON": null, "CMA_CAT": null, "CMA_WIND": null, "CMA_PRES": null, "HKO_LAT": null, "HKO_LON": null, "HKO_CAT": null, "HKO_WIND": null, "HKO_PRES": null, "KMA_LAT": null, "KMA_LON": null, "KMA_CAT": null, "KMA_WIND": null, "KMA_PRES": null, "KMA_R50_DR": null, "KMA_R50_L": null, "KMA_R50_S": null, "KMA_R30_DR": null, "KMA_R30_L": null, "KMA_R30_S": null, "NEW_LAT": null, "NEW_LON": null, "NEW_GRADE": null, "NEW_WIND": null, "NEW_PRES": null, "NEW_CI": -999.9, "NEW_DP": null, "NEW_POCI": null, "REU_LAT": null, "REU_LON": null, "REU_TYPE": null, "REU_WIND": null, "REU_PRES": null, "REU_TNUM": -999.9, "REU_CI": -999.9, "REU_RMW": null, "REU_R34_NE": null, "REU_R34_SE": null, "REU_R34_SW": null, "REU_R34_NW": null, "REU_R50_NE": null, "REU_R50_SE": null, "REU_R50_SW": null, "REU_R50_NW": null, "REU_R64_NE": null, "REU_R64_SE": null, "REU_R64_SW": null, "REU_R64_NW": null, "BOM_LAT": null, "BOM_LON": null, "BOM_TYPE": null, "BOM_WIND": null, "BOM_PRES": null, "BOM_TNUM": -999.9, "BOM_CI": -999.9, "BOM_RMW": null, "BOM_R34_NE": null, "BOM_R34_SE": null, "BOM_R34_SW": null, "BOM_R34_NW": null, "BOM_R50_NE": null, "BOM_R50_SE": null, "BOM_R50_SW": null, "BOM_R50_NW": null, "BOM_R64_NE": null, "BOM_R64_SE": null, "BOM_R64_SW": null, "BOM_R64_NW": null, "BOM_ROCI": null, "BOM_POCI": null, "BOM_EYE": null, "BOM_POS_FL": null, "BOM_PRS_FL": null, "NAD_LAT": null, "NAD_LON": null, "NAD_CAT": null, "NAD_WIND": null, "NAD_PRES": null, "WEL_LAT": null, "WEL_LON": null, "WEL_WIND": null, "WEL_PRES": null, "DS8_LAT": null, "DS8_LON": null, "DS8_STAGE": null, "DS8_WIND": null, "DS8_PRES": null, "TD6_LAT": null, "TD6_LON": null, "TD6_STAGE": null, "TD6_WIND": null, "TD6_PRES": null, "TD5_LAT": null, "TD5_LON": null, "TD5_WIND": null, "TD5_PRES": null, "TD5_ROCI": null, "NEU_LAT": null, "NEU_LON": null, "NEU_CLASS": null, "NEU_WIND": null, "NEU_PRES": null, "MLC_LAT": null, "MLC_LON": null, "MLC_CLASS": null, "MLC_WIND": null, "MLC_PRES": null, "USA_GUST": null, "BOM_GUST": null, "BOM_GUSTP": null, "REU_GUST": null, "REU_GUSTP": null, "USA_SEAHGT": null, "USA_SEA_NE": null, "USA_SEA_SE": null, "USA_SEA_SW": null, "USA_SEA_NW": null, "STORM_SPD": 7, "STORM_DR": 5, "year": 2022, "month": 9, "day": 21, "hour": 9, "min": 0 }, "geometry": { "type": "LineString", "coordinates": [ [ -71.800048828125, 23.799999237060547 ], [ -71.699951171875, 24.200000762939453 ] ] } },
{ "type": "Feature", "properties": { "SID": "2022257N16312", "SEASON": 2022, "NUMBER": 74, "BASIN": "NA", "SUBBASIN": "NA", "NAME": "FIONA", "ISO_TIME": "2022-09-21 12:00:00", "NATURE": "TS", "LAT": 24.2, "LON": -71.7, "WMO_WIND": 115.0, "WMO_PRES": 937.0, "WMO_AGENCY": "hurdat_atl", "TRACK_TYPE": "main", "DIST2LAND": 360, "LANDFALL": 360, "IFLAG": "O______________", "USA_AGENCY": "hurdat_atl", "USA_ATCFID": "AL072022", "USA_LAT": 24.2, "USA_LON": -71.7, "USA_RECORD": null, "USA_STATUS": "HU", "USA_WIND": 115.0, "USA_PRES": 937.0, "USA_SSHS": 4, "USA_R34_NE": 140.0, "USA_R34_SE": 170.0, "USA_R34_SW": 80.0, "USA_R34_NW": 120.0, "USA_R50_NE": 70.0, "USA_R50_SE": 90.0, "USA_R50_SW": 40.0, "USA_R50_NW": 60.0, "USA_R64_NE": 40.0, "USA_R64_SE": 40.0, "USA_R64_SW": 20.0, "USA_R64_NW": 30.0, "USA_POCI": 1008.0, "USA_ROCI": 200.0, "USA_RMW": 15.0, "USA_EYE": null, "TOK_LAT": null, "TOK_LON": null, "TOK_GRADE": null, "TOK_WIND": null, "TOK_PRES": null, "TOK_R50_DR": null, "TOK_R50_L": null, "TOK_R50_S": null, "TOK_R30_DR": null, "TOK_R30_L": null, "TOK_R30_S": null, "TOK_LAND": null, "CMA_LAT": null, "CMA_LON": null, "CMA_CAT": null, "CMA_WIND": null, "CMA_PRES": null, "HKO_LAT": null, "HKO_LON": null, "HKO_CAT": null, "HKO_WIND": null, "HKO_PRES": null, "KMA_LAT": null, "KMA_LON": null, "KMA_CAT": null, "KMA_WIND": null, "KMA_PRES": null, "KMA_R50_DR": null, "KMA_R50_L": null, "KMA_R50_S": null, "KMA_R30_DR": null, "KMA_R30_L": null, "KMA_R30_S": null, "NEW_LAT": null, "NEW_LON": null, "NEW_GRADE": null, "NEW_WIND": null, "NEW_PRES": null, "NEW_CI": -999.9, "NEW_DP": null, "NEW_POCI": null, "REU_LAT": null, "REU_LON": null, "REU_TYPE": null, "REU_WIND": null, "REU_PRES": null, "REU_TNUM": -999.9, "REU_CI": -999.9, "REU_RMW": null, "REU_R34_NE": null, "REU_R34_SE": null, "REU_R34_SW": null, "REU_R34_NW": null, "REU_R50_NE": null, "REU_R50_SE": null, "REU_R50_SW": null, "REU_R50_NW": null, "REU_R64_NE": null, "REU_R64_SE": null, "REU_R64_SW": null, "REU_R64_NW": null, "BOM_LAT": null, "BOM_LON": null, "BOM_TYPE": null, "BOM_WIND": null, "BOM_PRES": null, "BOM_TNUM": -999.9, "BOM_CI": -999.9, "BOM_RMW": null, "BOM_R34_NE": null, "BOM_R34_SE": null, "BOM_R34_SW": null, "BOM_R34_NW": null, "BOM_R50_NE": null, "BOM_R50_SE": null, "BOM_R50_SW": null, "BOM_R50_NW": null, "BOM_R64_NE": null, "BOM_R64_SE": null, "BOM_R64_SW": null, "BOM_R64_NW": null, "BOM_ROCI": null, "BOM_POCI": null, "BOM_EYE": null, "BOM_POS_FL": null, "BOM_PRS_FL": null, "NAD_LAT": null, "NAD_LON": null, "NAD_CAT": null, "NAD_WIND": null, "NAD_PRES": null, "WEL_LAT": null, "WEL_LON": null, "WEL_WIND": null, "WEL_PRES": null, "DS8_LAT": null, "DS8_LON": null, "DS8_STAGE": null, "DS8_WIND": null, "DS8_PRES": null, "TD6_LAT": null, "TD6_LON": null, "TD6_STAGE": null, "TD6_WIND": null, "TD6_PRES": null, "TD5_LAT": null, "TD5_LON": null, "TD5_WIND": null, "TD5_PRES": null, "TD5_ROCI": null, "NEU_LAT": null, "NEU_LON": null, "NEU_CLASS": null, "NEU_WIND": null, "NEU_PRES": null, "MLC_LAT": null, "MLC_LON": null, "MLC_CLASS": null, "MLC_WIND": null, "MLC_PRES": null, "USA_GUST": 140.0, "BOM_GUST": null, "BOM_GUSTP": null, "REU_GUST": null, "REU_GUSTP": null, "USA_SEAHGT": 12.0, "USA_SEA_NE": 240.0, "USA_SEA_SE": 180.0, "USA_SEA_SW": 150.0, "USA_SEA_NW": 210.0, "STORM_SPD": 8, "STORM_DR": 5, "year": 2022, "month": 9, "day": 21, "hour": 12, "min": 0 }, "geometry": { "type": "LineString", "coordinates": [ [ -71.699951171875, 24.200000762939453 ], [ -71.699951171875, 24.600000381469727 ] ] } },
{ "type": "Feature", "properties": { "SID": "2022257N16312", "SEASON": 2022, "NUMBER": 74, "BASIN": "NA", "SUBBASIN": "NA", "NAME": "FIONA", "ISO_TIME": "2022-09-21 15:00:00", "NATURE": "TS", "LAT": 24.6, "LON": -71.7, "WMO_WIND": 0.0, "WMO_PRES": null, "WMO_AGENCY": null, "TRACK_TYPE": "main", "DIST2LAND": 402, "LANDFALL": 402, "IFLAG": "P______________", "USA_AGENCY": null, "USA_ATCFID": "AL072022", "USA_LAT": 24.6, "USA_LON": -71.7, "USA_RECORD": null, "USA_STATUS": "HU", "USA_WIND": 115.0, "USA_PRES": 937.0, "USA_SSHS": 4, "USA_R34_NE": 140.0, "USA_R34_SE": 170.0, "USA_R34_SW": 80.0, "USA_R34_NW": 120.0, "USA_R50_NE": 70.0, "USA_R50_SE": 90.0, "USA_R50_SW": 40.0, "USA_R50_NW": 60.0, "USA_R64_NE": 40.0, "USA_R64_SE": 40.0, "USA_R64_SW": 20.0, "USA_R64_NW": 30.0, "USA_POCI": 1008.0, "USA_ROCI": 205.0, "USA_RMW": 15.0, "USA_EYE": null, "TOK_LAT": null, "TOK_LON": null, "TOK_GRADE": null, "TOK_WIND": null, "TOK_PRES": null, "TOK_R50_DR": null, "TOK_R50_L": null, "TOK_R50_S": null, "TOK_R30_DR": null, "TOK_R30_L": null, "TOK_R30_S": null, "TOK_LAND": null, "CMA_LAT": null, "CMA_LON": null, "CMA_CAT": null, "CMA_WIND": null, "CMA_PRES": null, "HKO_LAT": null, "HKO_LON": null, "HKO_CAT": null, "HKO_WIND": null, "HKO_PRES": null, "KMA_LAT": null, "KMA_LON": null, "KMA_CAT": null, "KMA_WIND": null, "KMA_PRES": null, "KMA_R50_DR": null, "KMA_R50_L": null, "KMA_R50_S": null, "KMA_R30_DR": null, "KMA_R30_L": null, "KMA_R30_S": null, "NEW_LAT": null, "NEW_LON": null, "NEW_GRADE": null, "NEW_WIND": null, "NEW_PRES": null, "NEW_CI": -999.9, "NEW_DP": null, "NEW_POCI": null, "REU_LAT": null, "REU_LON": null, "REU_TYPE": null, "REU_WIND": null, "REU_PRES": null, "REU_TNUM": -999.9, "REU_CI": -999.9, "REU_RMW": null, "REU_R34_NE": null, "REU_R34_SE": null, "REU_R34_SW": null, "REU_R34_NW": null, "REU_R50_NE": null, "REU_R50_SE": null, "REU_R50_SW": null, "REU_R50_NW": null, "REU_R64_NE": null, "REU_R64_SE": null, "REU_R64_SW": null, "REU_R64_NW": null, "BOM_LAT": null, "BOM_LON": null, "BOM_TYPE": null, "BOM_WIND": null, "BOM_PRES": null, "BOM_TNUM": -999.9, "BOM_CI": -999.9, "BOM_RMW": null, "BOM_R34_NE": null, "BOM_R34_SE": null, "BOM_R34_SW": null, "BOM_R34_NW": null, "BOM_R50_NE": null, "BOM_R50_SE": null, "BOM_R50_SW": null, "BOM_R50_NW": null, "BOM_R64_NE": null, "BOM_R64_SE": null, "BOM_R64_SW": null, "BOM_R64_NW": null, "BOM_ROCI": null, "BOM_POCI": null, "BOM_EYE": null, "BOM_POS_FL": null, "BOM_PRS_FL": null, "NAD_LAT": null, "NAD_LON": null, "NAD_CAT": null, "NAD_WIND": null, "NAD_PRES": null, "WEL_LAT": null, "WEL_LON": null, "WEL_WIND": null, "WEL_PRES": null, "DS8_LAT": null, "DS8_LON": null, "DS8_STAGE": null, "DS8_WIND": null, "DS8_PRES": null, "TD6_LAT": null, "TD6_LON": null, "TD6_STAGE": null, "TD6_WIND": null, "TD6_PRES": null, "TD5_LAT": null, "TD5_LON": null, "TD5_WIND": null, "TD5_PRES": null, "TD5_ROCI": null, "NEU_LAT": null, "NEU_LON": null, "NEU_CLASS": null, "NEU_WIND": null, "NEU_PRES": null, "MLC_LAT": null, "MLC_LON": null, "MLC_CLASS": null, "MLC_WIND": null, "MLC_PRES": null, "USA_GUST": null, "BOM_GUST": null, "BOM_GUSTP": null, "REU_GUST": null, "REU_GUSTP": null, "USA_SEAHGT": 12.0, "USA_SEA_NE": 240.0, "USA_SEA_SE": 180.0, "USA_SEA_SW": 150.0, "USA_SEA_NW": 210.0, "STORM_SPD": 9, "STORM_DR": 5, "year": 2022, "month": 9, "day": 21, "hour": 15, "min": 0 }, "geometry": { "type": "LineString", "coordinates": [ [ -71.699951171875, 24.600000381469727 ], [ -71.5999755859375, 25.100000381469727 ] ] } },
{ "type": "Feature", "properties": { "SID": "2022257N16312", "SEASON": 2022, "NUMBER": 74, "BASIN": "NA", "SUBBASIN": "NA", "NAME": "FIONA", "ISO_TIME": "2022-09-21 18:00:00", "NATURE": "TS", "LAT": 25.1, "LON": -71.6, "WMO_WIND": 115.0, "WMO_PRES": 937.0, "WMO_AGENCY": "hurdat_atl", "TRACK_TYPE": "main", "DIST2LAND": 458, "LANDFALL": 458, "IFLAG": "O______________", "USA_AGENCY": "hurdat_atl", "USA_ATCFID": "AL072022", "USA_LAT": 25.1, "USA_LON": -71.6, "USA_RECORD": null, "USA_STATUS": "HU", "USA_WIND": 115.0, "USA_PRES": 937.0, "USA_SSHS": 4, "USA_R34_NE": 140.0, "USA_R34_SE": 170.0, "USA_R34_SW": 80.0, "USA_R34_NW": 120.0, "USA_R50_NE": 70.0, "USA_R50_SE": 90.0, "USA_R50_SW": 40.0, "USA_R50_NW": 60.0, "USA_R64_NE": 40.0, "USA_R64_SE": 40.0, "USA_R64_SW": 20.0, "USA_R64_NW": 30.0, "USA_POCI": 1008.0, "USA_ROCI": 210.0, "USA_RMW": 15.0, "USA_EYE": null, "TOK_LAT": null, "TOK_LON": null, "TOK_GRADE": null, "TOK_WIND": null, "TOK_PRES": null, "TOK_R50_DR": null, "TOK_R50_L": null, "TOK_R50_S": null, "TOK_R30_DR": null, "TOK_R30_L": null, "TOK_R30_S": null, "TOK_LAND": null, "CMA_LAT": null, "CMA_LON": null, "CMA_CAT": null, "CMA_WIND": null, "CMA_PRES": null, "HKO_LAT": null, "HKO_LON": null, "HKO_CAT": null, "HKO_WIND": null, "HKO_PRES": null, "KMA_LAT": null, "KMA_LON": null, "KMA_CAT": null, "KMA_WIND": null, "KMA_PRES": null, "KMA_R50_DR": null, "KMA_R50_L": null, "KMA_R50_S": null, "KMA_R30_DR": null, "KMA_R30_L": null, "KMA_R30_S": null, "NEW_LAT": null, "NEW_LON": null, "NEW_GRADE": null, "NEW_WIND": null, "NEW_PRES": null, "NEW_CI": -999.9, "NEW_DP": null, "NEW_POCI": null, "REU_LAT": null, "REU_LON": null, "REU_TYPE": null, "REU_WIND": null, "REU_PRES": null, "REU_TNUM": -999.9, "REU_CI": -999.9, "REU_RMW": null, "REU_R34_NE": null, "REU_R34_SE": null, "REU_R34_SW": null, "REU_R34_NW": null, "REU_R50_NE": null, "REU_R50_SE": null, "REU_R50_SW": null, "REU_R50_NW": null, "REU_R64_NE": null, "REU_R64_SE": null, "REU_R64_SW": null, "REU_R64_NW": null, "BOM_LAT": null, "BOM_LON": null, "BOM_TYPE": null, "BOM_WIND": null, "BOM_PRES": null, "BOM_TNUM": -999.9, "BOM_CI": -999.9, "BOM_RMW": null, "BOM_R34_NE": null, "BOM_R34_SE": null, "BOM_R34_SW": null, "BOM_R34_NW": null, "BOM_R50_NE": null, "BOM_R50_SE": null, "BOM_R50_SW": null, "BOM_R50_NW": null, "BOM_R64_NE": null, "BOM_R64_SE": null, "BOM_R64_SW": null, "BOM_R64_NW": null, "BOM_ROCI": null, "BOM_POCI": null, "BOM_EYE": null, "BOM_POS_FL": null, "BOM_PRS_FL": null, "NAD_LAT": null, "NAD_LON": null, "NAD_CAT": null, "NAD_WIND": null, "NAD_PRES": null, "WEL_LAT": null, "WEL_LON": null, "WEL_WIND": null, "WEL_PRES": null, "DS8_LAT": null, "DS8_LON": null, "DS8_STAGE": null, "DS8_WIND": null, "DS8_PRES": null, "TD6_LAT": null, "TD6_LON": null, "TD6_STAGE": null, "TD6_WIND": null, "TD6_PRES": null, "TD5_LAT": null, "TD5_LON": null, "TD5_WIND": null, "TD5_PRES": null, "TD5_ROCI": null, "NEU_LAT": null, "NEU_LON": null, "NEU_CLASS": null, "NEU_WIND": null, "NEU_PRES": null, "MLC_LAT": null, "MLC_LON": null, "MLC_CLASS": null, "MLC_WIND": null, "MLC_PRES": null, "USA_GUST": 140.0, "BOM_GUST": null, "BOM_GUSTP": null, "REU_GUST": null, "REU_GUSTP": null, "USA_SEAHGT": 12.0, "USA_SEA_NE": 240.0, "USA_SEA_SE": 180.0, "USA_SEA_SW": 150.0, "USA_SEA_NW": 210.0, "STORM_SPD": 9, "STORM_DR": 10, "year": 2022, "month": 9, "day": 21, "hour": 18, "min": 0 }, "geometry": { "type": "LineString", "coordinates": [ [ -71.5999755859375, 25.100000381469727 ], [ -71.5, 25.5 ] ] } },
{ "type": "Feature", "properties": { "SID": "2022257N16312", "SEASON": 2022, "NUMBER": 74, "BASIN": "NA", "SUBBASIN": "NA", "NAME": "FIONA", "ISO_TIME": "2022-09-21 21:00:00", "NATURE": "TS", "LAT": 25.5, "LON": -71.5, "WMO_WIND": 0.0, "WMO_PRES": null, "WMO_AGENCY": null, "TRACK_TYPE": "main", "DIST2LAND": 504, "LANDFALL": 504, "IFLAG": "P______________", "USA_AGENCY": null, "USA_ATCFID": "AL072022", "USA_LAT": 25.5, "USA_LON": -71.5, "USA_RECORD": null, "USA_STATUS": "HU", "USA_WIND": 115.0, "USA_PRES": 936.0, "USA_SSHS": 4, "USA_R34_NE": 145.0, "USA_R34_SE": 175.0, "USA_R34_SW": 95.0, "USA_R34_NW": 125.0, "USA_R50_NE": 85.0, "USA_R50_SE": 95.0, "USA_R50_SW": 60.0, "USA_R50_NW": 75.0, "USA_R64_NE": 48.0, "USA_R64_SE": 50.0, "USA_R64_SW": 33.0, "USA_R64_NW": 38.0, "USA_POCI": 1008.0, "USA_ROCI": 225.0, "USA_RMW": 15.0, "USA_EYE": null, "TOK_LAT": null, "TOK_LON": null, "TOK_GRADE": null, "TOK_WIND": null, "TOK_PRES": null, "TOK_R50_DR": null, "TOK_R50_L": null, "TOK_R50_S": null, "TOK_R30_DR": null, "TOK_R30_L": null, "TOK_R30_S": null, "TOK_LAND": null, "CMA_LAT": null, "CMA_LON": null, "CMA_CAT": null, "CMA_WIND": null, "CMA_PRES": null, "HKO_LAT": null, "HKO_LON": null, "HKO_CAT": null, "HKO_WIND": null, "HKO_PRES": null, "KMA_LAT": null, "KMA_LON": null, "KMA_CAT": null, "KMA_WIND": null, "KMA_PRES": null, "KMA_R50_DR": null, "KMA_R50_L": null, "KMA_R50_S": null, "KMA_R30_DR": null, "KMA_R30_L": null, "KMA_R30_S": null, "NEW_LAT": null, "NEW_LON": null, "NEW_GRADE": null, "NEW_WIND": null, "NEW_PRES": null, "NEW_CI": -999.9, "NEW_DP": null, "NEW_POCI": null, "REU_LAT": null, "REU_LON": null, "REU_TYPE": null, "REU_WIND": null, "REU_PRES": null, "REU_TNUM": -999.9, "REU_CI": -999.9, "REU_RMW": null, "REU_R34_NE": null, "REU_R34_SE": null, "REU_R34_SW": null, "REU_R34_NW": null, "REU_R50_NE": null, "REU_R50_SE": null, "REU_R50_SW": null, "REU_R50_NW": null, "REU_R64_NE": null, "REU_R64_SE": null, "REU_R64_SW": null, "REU_R64_NW": null, "BOM_LAT": null, "BOM_LON": null, "BOM_TYPE": null, "BOM_WIND": null, "BOM_PRES": null, "BOM_TNUM": -999.9, "BOM_CI": -999.9, "BOM_RMW": null, "BOM_R34_NE": null, "BOM_R34_SE": null, "BOM_R34_SW": null, "BOM_R34_NW": null, "BOM_R50_NE": null, "BOM_R50_SE": null, "BOM_R50_SW": null, "BOM_R50_NW": null, "BOM_R64_NE": null, "BOM_R64_SE": null, "BOM_R64_SW": null, "BOM_R64_NW": null, "BOM_ROCI": null, "BOM_POCI": null, "BOM_EYE": null, "BOM_POS_FL": null, "BOM_PRS_FL": null, "NAD_LAT": null, "NAD_LON": null, "NAD_CAT": null, "NAD_WIND": null, "NAD_PRES": null, "WEL_LAT": null, "WEL_LON": null, "WEL_WIND": null, "WEL_PRES": null, "DS8_LAT": null, "DS8_LON": null, "DS8_STAGE": null, "DS8_WIND": null, "DS8_PRES": null, "TD6_LAT": null, "TD6_LON": null, "TD6_STAGE": null, "TD6_WIND": null, "TD6_PRES": null, "TD5_LAT": null, "TD5_LON": null, "TD5_WIND": null, "TD5_PRES": null, "TD5_ROCI": null, "NEU_LAT": null, "NEU_LON": null, "NEU_CLASS": null, "NEU_WIND": null, "NEU_PRES": null, "MLC_LAT": null, "MLC_LON": null, "MLC_CLASS": null, "MLC_WIND": null, "MLC_PRES": null, "USA_GUST": null, "BOM_GUST": null, "BOM_GUSTP": null, "REU_GUST": null, "REU_GUSTP": null, "USA_SEAHGT": 12.0, "USA_SEA_NE": 240.0, "USA_SEA_SE": 180.0, "USA_SEA_SW": 165.0, "USA_SEA_NW": 225.0, "STORM_SPD": 9, "STORM_DR": 10, "year": 2022, "month": 9, "day": 21, "hour": 21, "min": 0 }, "geometry": { "type": "LineString", "coordinates": [ [ -71.5, 25.5 ], [ -71.4000244140625, 26.0 ] ] } },
{ "type": "Feature", "properties": { "SID": "2022257N16312", "SEASON": 2022, "NUMBER": 74, "BASIN": "NA", "SUBBASIN": "NA", "NAME": "FIONA", "ISO_TIME": "2022-09-22 00:00:00", "NATURE": "TS", "LAT": 26.0, "LON": -71.4, "WMO_WIND": 115.0, "WMO_PRES": 934.0, "WMO_AGENCY": "hurdat_atl", "TRACK_TYPE": "main", "DIST2LAND": 560, "LANDFALL": 560, "IFLAG": "O______________", "USA_AGENCY": "hurdat_atl", "USA_ATCFID": "AL072022", "USA_LAT": 26.0, "USA_LON": -71.4, "USA_RECORD": null, "USA_STATUS": "HU", "USA_WIND": 115.0, "USA_PRES": 934.0, "USA_SSHS": 4, "USA_R34_NE": 150.0, "USA_R34_SE": 180.0, "USA_R34_SW": 110.0, "USA_R34_NW": 130.0, "USA_R50_NE": 100.0, "USA_R50_SE": 100.0, "USA_R50_SW": 80.0, "USA_R50_NW": 90.0, "USA_R64_NE": 55.0, "USA_R64_SE": 60.0, "USA_R64_SW": 45.0, "USA_R64_NW": 45.0, "USA_POCI": 1008.0, "USA_ROCI": 240.0, "USA_RMW": 15.0, "USA_EYE": null, "TOK_LAT": null, "TOK_LON": null, "TOK_GRADE": null, "TOK_WIND": null, "TOK_PRES": null, "TOK_R50_DR": null, "TOK_R50_L": null, "TOK_R50_S": null, "TOK_R30_DR": null, "TOK_R30_L": null, "TOK_R30_S": null, "TOK_LAND": null, "CMA_LAT": null, "CMA_LON": null, "CMA_CAT": null, "CMA_WIND": null, "CMA_PRES": null, "HKO_LAT": null, "HKO_LON": null, "HKO_CAT": null, "HKO_WIND": null, "HKO_PRES": null, "KMA_LAT": null, "KMA_LON": null, "KMA_CAT": null, "KMA_WIND": null, "KMA_PRES": null, "KMA_R50_DR": null, "KMA_R50_L": null, "KMA_R50_S": null, "KMA_R30_DR": null, "KMA_R30_L": null, "KMA_R30_S": null, "NEW_LAT": null, "NEW_LON": null, "NEW_GRADE": null, "NEW_WIND": null, "NEW_PRES": null, "NEW_CI": -999.9, "NEW_DP": null, "NEW_POCI": null, "REU_LAT": null, "REU_LON": null, "REU_TYPE": null, "REU_WIND": null, "REU_PRES": null, "REU_TNUM": -999.9, "REU_CI": -999.9, "REU_RMW": null, "REU_R34_NE": null, "REU_R34_SE": null, "REU_R34_SW": null, "REU_R34_NW": null, "REU_R50_NE": null, "REU_R50_SE": null, "REU_R50_SW": null, "REU_R50_NW": null, "REU_R64_NE": null, "REU_R64_SE": null, "REU_R64_SW": null, "REU_R64_NW": null, "BOM_LAT": null, "BOM_LON": null, "BOM_TYPE": null, "BOM_WIND": null, "BOM_PRES": null, "BOM_TNUM": -999.9, "BOM_CI": -999.9, "BOM_RMW": null, "BOM_R34_NE": null, "BOM_R34_SE": null, "BOM_R34_SW": null, "BOM_R34_NW": null, "BOM_R50_NE": null, "BOM_R50_SE": null, "BOM_R50_SW": null, "BOM_R50_NW": null, "BOM_R64_NE": null, "BOM_R64_SE": null, "BOM_R64_SW": null, "BOM_R64_NW": null, "BOM_ROCI": null, "BOM_POCI": null, "BOM_EYE": null, "BOM_POS_FL": null, "BOM_PRS_FL": null, "NAD_LAT": null, "NAD_LON": null, "NAD_CAT": null, "NAD_WIND": null, "NAD_PRES": null, "WEL_LAT": null, "WEL_LON": null, "WEL_WIND": null, "WEL_PRES": null, "DS8_LAT": null, "DS8_LON": null, "DS8_STAGE": null, "DS8_WIND": null, "DS8_PRES": null, "TD6_LAT": null, "TD6_LON": null, "TD6_STAGE": null, "TD6_WIND": null, "TD6_PRES": null, "TD5_LAT": null, "TD5_LON": null, "TD5_WIND": null, "TD5_PRES": null, "TD5_ROCI": null, "NEU_LAT": null, "NEU_LON": null, "NEU_CLASS": null, "NEU_WIND": null, "NEU_PRES": null, "MLC_LAT": null, "MLC_LON": null, "MLC_CLASS": null, "MLC_WIND": null, "MLC_PRES": null, "USA_GUST": 140.0, "BOM_GUST": null, "BOM_GUSTP": null, "REU_GUST": null, "REU_GUSTP": null, "USA_SEAHGT": 12.0, "USA_SEA_NE": 240.0, "USA_SEA_SE": 180.0, "USA_SEA_SW": 180.0, "USA_SEA_NW": 240.0, "STORM_SPD": 9, "STORM_DR": 15, "year": 2022, "month": 9, "day": 22, "hour": 0, "min": 0 }, "geometry": { "type": "LineString", "coordinates": [ [ -71.4000244140625, 26.0 ], [ -71.300048828125, 26.399999618530273 ] ] } },
{ "type": "Feature", "properties": { "SID": "2022257N16312", "SEASON": 2022, "NUMBER": 74, "BASIN": "NA", "SUBBASIN": "NA", "NAME": "FIONA", "ISO_TIME": "2022-09-22 03:00:00", "NATURE": "TS", "LAT": 26.4, "LON": -71.3, "WMO_WIND": 0.0, "WMO_PRES": null, "WMO_AGENCY": null, "TRACK_TYPE": "main", "DIST2LAND": 606, "LANDFALL": 606, "IFLAG": "P______________", "USA_AGENCY": null, "USA_ATCFID": "AL072022", "USA_LAT": 26.4, "USA_LON": -71.3, "USA_RECORD": null, "USA_STATUS": "HU", "USA_WIND": 115.0, "USA_PRES": 934.0, "USA_SSHS": 4, "USA_R34_NE": 150.0, "USA_R34_SE": 180.0, "USA_R34_SW": 120.0, "USA_R34_NW": 140.0, "USA_R50_NE": 100.0, "USA_R50_SE": 100.0, "USA_R50_SW": 80.0, "USA_R50_NW": 95.0, "USA_R64_NE": 55.0, "USA_R64_SE": 60.0, "USA_R64_SW": 45.0, "USA_R64_NW": 45.0, "USA_POCI": 1008.0, "USA_ROCI": 240.0, "USA_RMW": 15.0, "USA_EYE": null, "TOK_LAT": null, "TOK_LON": null, "TOK_GRADE": null, "TOK_WIND": null, "TOK_PRES": null, "TOK_R50_DR": null, "TOK_R50_L": null, "TOK_R50_S": null, "TOK_R30_DR": null, "TOK_R30_L": null, "TOK_R30_S": null, "TOK_LAND": null, "CMA_LAT": null, "CMA_LON": null, "CMA_CAT": null, "CMA_WIND": null, "CMA_PRES": null, "HKO_LAT": null, "HKO_LON": null, "HKO_CAT": null, "HKO_WIND": null, "HKO_PRES": null, "KMA_LAT": null, "KMA_LON": null, "KMA_CAT": null, "KMA_WIND": null, "KMA_PRES": null, "KMA_R50_DR": null, "KMA_R50_L": null, "KMA_R50_S": null, "KMA_R30_DR": null, "KMA_R30_L": null, "KMA_R30_S": null, "NEW_LAT": null, "NEW_LON": null, "NEW_GRADE": null, "NEW_WIND": null, "NEW_PRES": null, "NEW_CI": -999.9, "NEW_DP": null, "NEW_POCI": null, "REU_LAT": null, "REU_LON": null, "REU_TYPE": null, "REU_WIND": null, "REU_PRES": null, "REU_TNUM": -999.9, "REU_CI": -999.9, "REU_RMW": null, "REU_R34_NE": null, "REU_R34_SE": null, "REU_R34_SW": null, "REU_R34_NW": null, "REU_R50_NE": null, "REU_R50_SE": null, "REU_R50_SW": null, "REU_R50_NW": null, "REU_R64_NE": null, "REU_R64_SE": null, "REU_R64_SW": null, "REU_R64_NW": null, "BOM_LAT": null, "BOM_LON": null, "BOM_TYPE": null, "BOM_WIND": null, "BOM_PRES": null, "BOM_TNUM": -999.9, "BOM_CI": -999.9, "BOM_RMW": null, "BOM_R34_NE": null, "BOM_R34_SE": null, "BOM_R34_SW": null, "BOM_R34_NW": null, "BOM_R50_NE": null, "BOM_R50_SE": null, "BOM_R50_SW": null, "BOM_R50_NW": null, "BOM_R64_NE": null, "BOM_R64_SE": null, "BOM_R64_SW": null, "BOM_R64_NW": null, "BOM_ROCI": null, "BOM_POCI": null, "BOM_EYE": null, "BOM_POS_FL": null, "BOM_PRS_FL": null, "NAD_LAT": null, "NAD_LON": null, "NAD_CAT": null, "NAD_WIND": null, "NAD_PRES": null, "WEL_LAT": null, "WEL_LON": null, "WEL_WIND": null, "WEL_PRES": null, "DS8_LAT": null, "DS8_LON": null, "DS8_STAGE": null, "DS8_WIND": null, "DS8_PRES": null, "TD6_LAT": null, "TD6_LON": null, "TD6_STAGE": null, "TD6_WIND": null, "TD6_PRES": null, "TD5_LAT": null, "TD5_LON": null, "TD5_WIND": null, "TD5_PRES": null, "TD5_ROCI": null, "NEU_LAT": null, "NEU_LON": null, "NEU_CLASS": null, "NEU_WIND": null, "NEU_PRES": null, "MLC_LAT": null, "MLC_LON": null, "MLC_CLASS": null, "MLC_WIND": null, "MLC_PRES": null, "USA_GUST": null, "BOM_GUST": null, "BOM_GUSTP": null, "REU_GUST": null, "REU_GUSTP": null, "USA_SEAHGT": 12.0, "USA_SEA_NE": 240.0, "USA_SEA_SE": 195.0, "USA_SEA_SW": 195.0, "USA_SEA_NW": 255.0, "STORM_SPD": 9, "STORM_DR": 15, "year": 2022, "month": 9, "day": 22, "hour": 3, "min": 0 }, "geometry": { "type": "LineString", "coordinates": [ [ -71.300048828125, 26.399999618530273 ], [ -71.0999755859375, 26.899999618530273 ] ] } },
{ "type": "Feature", "properties": { "SID": "2022257N16312", "SEASON": 2022, "NUMBER": 74, "BASIN": "NA", "SUBBASIN": "NA", "NAME": "FIONA", "ISO_TIME": "2022-09-22 06:00:00", "NATURE": "TS", "LAT": 26.9, "LON": -71.1, "WMO_WIND": 115.0, "WMO_PRES": 934.0, "WMO_AGENCY": "hurdat_atl", "TRACK_TYPE": "main", "DIST2LAND": 665, "LANDFALL": 665, "IFLAG": "O______________", "USA_AGENCY": "hurdat_atl", "USA_ATCFID": "AL072022", "USA_LAT": 26.9, "USA_LON": -71.1, "USA_RECORD": null, "USA_STATUS": "HU", "USA_WIND": 115.0, "USA_PRES": 934.0, "USA_SSHS": 4, "USA_R34_NE": 150.0, "USA_R34_SE": 180.0, "USA_R34_SW": 130.0, "USA_R34_NW": 150.0, "USA_R50_NE": 100.0, "USA_R50_SE": 100.0, "USA_R50_SW": 80.0, "USA_R50_NW": 100.0, "USA_R64_NE": 55.0, "USA_R64_SE": 60.0, "USA_R64_SW": 45.0, "USA_R64_NW": 45.0, "USA_POCI": 1008.0, "USA_ROCI": 240.0, "USA_RMW": 15.0, "USA_EYE": null, "TOK_LAT": null, "TOK_LON": null, "TOK_GRADE": null, "TOK_WIND": null, "TOK_PRES": null, "TOK_R50_DR": null, "TOK_R50_L": null, "TOK_R50_S": null, "TOK_R30_DR": null, "TOK_R30_L": null, "TOK_R30_S": null, "TOK_LAND": null, "CMA_LAT": null, "CMA_LON": null, "CMA_CAT": null, "CMA_WIND": null, "CMA_PRES": null, "HKO_LAT": null, "HKO_LON": null, "HKO_CAT": null, "HKO_WIND": null, "HKO_PRES": null, "KMA_LAT": null, "KMA_LON": null, "KMA_CAT": null, "KMA_WIND": null, "KMA_PRES": null, "KMA_R50_DR": null, "KMA_R50_L": null, "KMA_R50_S": null, "KMA_R30_DR": null, "KMA_R30_L": null, "KMA_R30_S": null, "NEW_LAT": null, "NEW_LON": null, "NEW_GRADE": null, "NEW_WIND": null, "NEW_PRES": null, "NEW_CI": -999.9, "NEW_DP": null, "NEW_POCI": null, "REU_LAT": null, "REU_LON": null, "REU_TYPE": null, "REU_WIND": null, "REU_PRES": null, "REU_TNUM": -999.9, "REU_CI": -999.9, "REU_RMW": null, "REU_R34_NE": null, "REU_R34_SE": null, "REU_R34_SW": null, "REU_R34_NW": null, "REU_R50_NE": null, "REU_R50_SE": null, "REU_R50_SW": null, "REU_R50_NW": null, "REU_R64_NE": null, "REU_R64_SE": null, "REU_R64_SW": null, "REU_R64_NW": null, "BOM_LAT": null, "BOM_LON": null, "BOM_TYPE": null, "BOM_WIND": null, "BOM_PRES": null, "BOM_TNUM": -999.9, "BOM_CI": -999.9, "BOM_RMW": null, "BOM_R34_NE": null, "BOM_R34_SE": null, "BOM_R34_SW": null, "BOM_R34_NW": null, "BOM_R50_NE": null, "BOM_R50_SE": null, "BOM_R50_SW": null, "BOM_R50_NW": null, "BOM_R64_NE": null, "BOM_R64_SE": null, "BOM_R64_SW": null, "BOM_R64_NW": null, "BOM_ROCI": null, "BOM_POCI": null, "BOM_EYE": null, "BOM_POS_FL": null, "BOM_PRS_FL": null, "NAD_LAT": null, "NAD_LON": null, "NAD_CAT": null, "NAD_WIND": null, "NAD_PRES": null, "WEL_LAT": null, "WEL_LON": null, "WEL_WIND": null, "WEL_PRES": null, "DS8_LAT": null, "DS8_LON": null, "DS8_STAGE": null, "DS8_WIND": null, "DS8_PRES": null, "TD6_LAT": null, "TD6_LON": null, "TD6_STAGE": null, "TD6_WIND": null, "TD6_PRES": null, "TD5_LAT": null, "TD5_LON": null, "TD5_WIND": null, "TD5_PRES": null, "TD5_ROCI": null, "NEU_LAT": null, "NEU_LON": null, "NEU_CLASS": null, "NEU_WIND": null, "NEU_PRES": null, "MLC_LAT": null, "MLC_LON": null, "MLC_CLASS": null, "MLC_WIND": null, "MLC_PRES": null, "USA_GUST": 140.0, "BOM_GUST": null, "BOM_GUSTP": null, "REU_GUST": null, "REU_GUSTP": null, "USA_SEAHGT": 12.0, "USA_SEA_NE": 240.0, "USA_SEA_SE": 210.0, "USA_SEA_SW": 210.0, "USA_SEA_NW": 270.0, "STORM_SPD": 10, "STORM_DR": 20, "year": 2022, "month": 9, "day": 22, "hour": 6, "min": 0 }, "geometry": { "type": "LineString", "coordinates": [ [ -71.0999755859375, 26.899999618530273 ], [ -70.9000244140625, 27.399999618530273 ] ] } },
{ "type": "Feature", "properties": { "SID": "2022257N16312", "SEASON": 2022, "NUMBER": 74, "BASIN": "NA", "SUBBASIN": "NA", "NAME": "FIONA", "ISO_TIME": "2022-09-22 09:00:00", "NATURE": "TS", "LAT": 27.4, "LON": -70.9, "WMO_WIND": 0.0, "WMO_PRES": null, "WMO_AGENCY": null, "TRACK_TYPE": "main", "DIST2LAND": 724, "LANDFALL": 724, "IFLAG": "P______________", "USA_AGENCY": null, "USA_ATCFID": "AL072022", "USA_LAT": 27.4, "USA_LON": -70.9, "USA_RECORD": null, "USA_STATUS": "HU", "USA_WIND": 115.0, "USA_PRES": 935.0, "USA_SSHS": 4, "USA_R34_NE": 150.0, "USA_R34_SE": 180.0, "USA_R34_SW": 130.0, "USA_R34_NW": 150.0, "USA_R50_NE": 100.0, "USA_R50_SE": 100.0, "USA_R50_SW": 80.0, "USA_R50_NW": 100.0, "USA_R64_NE": 55.0, "USA_R64_SE": 60.0, "USA_R64_SW": 45.0, "USA_R64_NW": 45.0, "USA_POCI": 1008.0, "USA_ROCI": 240.0, "USA_RMW": 18.0, "USA_EYE": null, "TOK_LAT": null, "TOK_LON": null, "TOK_GRADE": null, "TOK_WIND": null, "TOK_PRES": null, "TOK_R50_DR": null, "TOK_R50_L": null, "TOK_R50_S": null, "TOK_R30_DR": null, "TOK_R30_L": null, "TOK_R30_S": null, "TOK_LAND": null, "CMA_LAT": null, "CMA_LON": null, "CMA_CAT": null, "CMA_WIND": null, "CMA_PRES": null, "HKO_LAT": null, "HKO_LON": null, "HKO_CAT": null, "HKO_WIND": null, "HKO_PRES": null, "KMA_LAT": null, "KMA_LON": null, "KMA_CAT": null, "KMA_WIND": null, "KMA_PRES": null, "KMA_R50_DR": null, "KMA_R50_L": null, "KMA_R50_S": null, "KMA_R30_DR": null, "KMA_R30_L": null, "KMA_R30_S": null, "NEW_LAT": null, "NEW_LON": null, "NEW_GRADE": null, "NEW_WIND": null, "NEW_PRES": null, "NEW_CI": -999.9, "NEW_DP": null, "NEW_POCI": null, "REU_LAT": null, "REU_LON": null, "REU_TYPE": null, "REU_WIND": null, "REU_PRES": null, "REU_TNUM": -999.9, "REU_CI": -999.9, "REU_RMW": null, "REU_R34_NE": null, "REU_R34_SE": null, "REU_R34_SW": null, "REU_R34_NW": null, "REU_R50_NE": null, "REU_R50_SE": null, "REU_R50_SW": null, "REU_R50_NW": null, "REU_R64_NE": null, "REU_R64_SE": null, "REU_R64_SW": null, "REU_R64_NW": null, "BOM_LAT": null, "BOM_LON": null, "BOM_TYPE": null, "BOM_WIND": null, "BOM_PRES": null, "BOM_TNUM": -999.9, "BOM_CI": -999.9, "BOM_RMW": null, "BOM_R34_NE": null, "BOM_R34_SE": null, "BOM_R34_SW": null, "BOM_R34_NW": null, "BOM_R50_NE": null, "BOM_R50_SE": null, "BOM_R50_SW": null, "BOM_R50_NW": null, "BOM_R64_NE": null, "BOM_R64_SE": null, "BOM_R64_SW": null, "BOM_R64_NW": null, "BOM_ROCI": null, "BOM_POCI": null, "BOM_EYE": null, "BOM_POS_FL": null, "BOM_PRS_FL": null, "NAD_LAT": null, "NAD_LON": null, "NAD_CAT": null, "NAD_WIND": null, "NAD_PRES": null, "WEL_LAT": null, "WEL_LON": null, "WEL_WIND": null, "WEL_PRES": null, "DS8_LAT": null, "DS8_LON": null, "DS8_STAGE": null, "DS8_WIND": null, "DS8_PRES": null, "TD6_LAT": null, "TD6_LON": null, "TD6_STAGE": null, "TD6_WIND": null, "TD6_PRES": null, "TD5_LAT": null, "TD5_LON": null, "TD5_WIND": null, "TD5_PRES": null, "TD5_ROCI": null, "NEU_LAT": null, "NEU_LON": null, "NEU_CLASS": null, "NEU_WIND": null, "NEU_PRES": null, "MLC_LAT": null, "MLC_LON": null, "MLC_CLASS": null, "MLC_WIND": null, "MLC_PRES": null, "USA_GUST": null, "BOM_GUST": null, "BOM_GUSTP": null, "REU_GUST": null, "REU_GUSTP": null, "USA_SEAHGT": 12.0, "USA_SEA_NE": 240.0, "USA_SEA_SE": 225.0, "USA_SEA_SW": 225.0, "USA_SEA_NW": 270.0, "STORM_SPD": 12, "STORM_DR": 20, "year": 2022, "month": 9, "day": 22, "hour": 9, "min": 0 }, "geometry": { "type": "LineString", "coordinates": [ [ -70.9000244140625, 27.399999618530273 ], [ -70.5999755859375, 28.0 ] ] } },
{ "type": "Feature", "properties": { "SID": "2022257N16312", "SEASON": 2022, "NUMBER": 74, "BASIN": "NA", "SUBBASIN": "NA", "NAME": "FIONA", "ISO_TIME": "2022-09-22 12:00:00", "NATURE": "TS", "LAT": 28.0, "LON": -70.6, "WMO_WIND": 115.0, "WMO_PRES": 936.0, "WMO_AGENCY": "hurdat_atl", "TRACK_TYPE": "main", "DIST2LAND": 797, "LANDFALL": 797, "IFLAG": "O______________", "USA_AGENCY": "hurdat_atl", "USA_ATCFID": "AL072022", "USA_LAT": 28.0, "USA_LON": -70.6, "USA_RECORD": null, "USA_STATUS": "HU", "USA_WIND": 115.0, "USA_PRES": 936.0, "USA_SSHS": 4, "USA_R34_NE": 150.0, "USA_R34_SE": 180.0, "USA_R34_SW": 130.0, "USA_R34_NW": 150.0, "USA_R50_NE": 100.0, "USA_R50_SE": 100.0, "USA_R50_SW": 80.0, "USA_R50_NW": 100.0, "USA_R64_NE": 55.0, "USA_R64_SE": 60.0, "USA_R64_SW": 45.0, "USA_R64_NW": 45.0, "USA_POCI": 1008.0, "USA_ROCI": 240.0, "USA_RMW": 20.0, "USA_EYE": null, "TOK_LAT": null, "TOK_LON": null, "TOK_GRADE": null, "TOK_WIND": null, "TOK_PRES": null, "TOK_R50_DR": null, "TOK_R50_L": null, "TOK_R50_S": null, "TOK_R30_DR": null, "TOK_R30_L": null, "TOK_R30_S": null, "TOK_LAND": null, "CMA_LAT": null, "CMA_LON": null, "CMA_CAT": null, "CMA_WIND": null, "CMA_PRES": null, "HKO_LAT": null, "HKO_LON": null, "HKO_CAT": null, "HKO_WIND": null, "HKO_PRES": null, "KMA_LAT": null, "KMA_LON": null, "KMA_CAT": null, "KMA_WIND": null, "KMA_PRES": null, "KMA_R50_DR": null, "KMA_R50_L": null, "KMA_R50_S": null, "KMA_R30_DR": null, "KMA_R30_L": null, "KMA_R30_S": null, "NEW_LAT": null, "NEW_LON": null, "NEW_GRADE": null, "NEW_WIND": null, "NEW_PRES": null, "NEW_CI": -999.9, "NEW_DP": null, "NEW_POCI": null, "REU_LAT": null, "REU_LON": null, "REU_TYPE": null, "REU_WIND": null, "REU_PRES": null, "REU_TNUM": -999.9, "REU_CI": -999.9, "REU_RMW": null, "REU_R34_NE": null, "REU_R34_SE": null, "REU_R34_SW": null, "REU_R34_NW": null, "REU_R50_NE": null, "REU_R50_SE": null, "REU_R50_SW": null, "REU_R50_NW": null, "REU_R64_NE": null, "REU_R64_SE": null, "REU_R64_SW": null, "REU_R64_NW": null, "BOM_LAT": null, "BOM_LON": null, "BOM_TYPE": null, "BOM_WIND": null, "BOM_PRES": null, "BOM_TNUM": -999.9, "BOM_CI": -999.9, "BOM_RMW": null, "BOM_R34_NE": null, "BOM_R34_SE": null, "BOM_R34_SW": null, "BOM_R34_NW": null, "BOM_R50_NE": null, "BOM_R50_SE": null, "BOM_R50_SW": null, "BOM_R50_NW": null, "BOM_R64_NE": null, "BOM_R64_SE": null, "BOM_R64_SW": null, "BOM_R64_NW": null, "BOM_ROCI": null, "BOM_POCI": null, "BOM_EYE": null, "BOM_POS_FL": null, "BOM_PRS_FL": null, "NAD_LAT": null, "NAD_LON": null, "NAD_CAT": null, "NAD_WIND": null, "NAD_PRES": null, "WEL_LAT": null, "WEL_LON": null, "WEL_WIND": null, "WEL_PRES": null, "DS8_LAT": null, "DS8_LON": null, "DS8_STAGE": null, "DS8_WIND": null, "DS8_PRES": null, "TD6_LAT": null, "TD6_LON": null, "TD6_STAGE": null, "TD6_WIND": null, "TD6_PRES": null, "TD5_LAT": null, "TD5_LON": null, "TD5_WIND": null, "TD5_PRES": null, "TD5_ROCI": null, "NEU_LAT": null, "NEU_LON": null, "NEU_CLASS": null, "NEU_WIND": null, "NEU_PRES": null, "MLC_LAT": null, "MLC_LON": null, "MLC_CLASS": null, "MLC_WIND": null, "MLC_PRES": null, "USA_GUST": 135.0, "BOM_GUST": null, "BOM_GUSTP": null, "REU_GUST": null, "REU_GUSTP": null, "USA_SEAHGT": 12.0, "USA_SEA_NE": 240.0, "USA_SEA_SE": 240.0, "USA_SEA_SW": 240.0, "USA_SEA_NW": 270.0, "STORM_SPD": 14, "STORM_DR": 20, "year": 2022, "month": 9, "day": 22, "hour": 12, "min": 0 }, "geometry": { "type": "LineString", "coordinates": [ [ -70.5999755859375, 28.0 ], [ -70.300048828125, 28.700000762939453 ] ] } },
{ "type": "Feature", "properties": { "SID": "2023232N13300", "SEASON": 2023, "NUMBER": 45, "BASIN": "NA", "SUBBASIN": "NA", "NAME": "FRANKLIN", "ISO_TIME": "2023-08-28 06:00:00", "NATURE": "TS", "LAT": 26.7, "LON": -70.6, "WMO_WIND": 100.0, "WMO_PRES": 951.0, "WMO_AGENCY": "hurdat_atl", "TRACK_TYPE": "main", "DIST2LAND": 661, "LANDFALL": 661, "IFLAG": "O______________", "USA_AGENCY": "hurdat_atl", "USA_ATCFID": "AL082023", "USA_LAT": 26.7, "USA_LON": -70.6, "USA_RECORD": null, "USA_STATUS": "HU", "USA_WIND": 100.0, "USA_PRES": 951.0, "USA_SSHS": 3, "USA_R34_NE": 130.0, "USA_R34_SE": 110.0, "USA_R34_SW": 100.0, "USA_R34_NW": 80.0, "USA_R50_NE": 50.0, "USA_R50_SE": 40.0, "USA_R50_SW": 30.0, "USA_R50_NW": 40.0, "USA_R64_NE": 25.0, "USA_R64_SE": 20.0, "USA_R64_SW": 10.0, "USA_R64_NW": 20.0, "USA_POCI": 1008.0, "USA_ROCI": 200.0, "USA_RMW": 10.0, "USA_EYE": null, "TOK_LAT": null, "TOK_LON": null, "TOK_GRADE": null, "TOK_WIND": null, "TOK_PRES": null, "TOK_R50_DR": null, "TOK_R50_L": null, "TOK_R50_S": null, "TOK_R30_DR": null, "TOK_R30_L": null, "TOK_R30_S": null, "TOK_LAND": null, "CMA_LAT": null, "CMA_LON": null, "CMA_CAT": null, "CMA_WIND": null, "CMA_PRES": null, "HKO_LAT": null, "HKO_LON": null, "HKO_CAT": null, "HKO_WIND": null, "HKO_PRES": null, "KMA_LAT": null, "KMA_LON": null, "KMA_CAT": null, "KMA_WIND": null, "KMA_PRES": null, "KMA_R50_DR": null, "KMA_R50_L": null, "KMA_R50_S": null, "KMA_R30_DR": null, "KMA_R30_L": null, "KMA_R30_S": null, "NEW_LAT": null, "NEW_LON": null, "NEW_GRADE": null, "NEW_WIND": null, "NEW_PRES": null, "NEW_CI": -999.9, "NEW_DP": null, "NEW_POCI": null, "REU_LAT": null, "REU_LON": null, "REU_TYPE": null, "REU_WIND": null, "REU_PRES": null, "REU_TNUM": -999.9, "REU_CI": -999.9, "REU_RMW": null, "REU_R34_NE": null, "REU_R34_SE": null, "REU_R34_SW": null, "REU_R34_NW": null, "REU_R50_NE": null, "REU_R50_SE": null, "REU_R50_SW": null, "REU_R50_NW": null, "REU_R64_NE": null, "REU_R64_SE": null, "REU_R64_SW": null, "REU_R64_NW": null, "BOM_LAT": null, "BOM_LON": null, "BOM_TYPE": null, "BOM_WIND": null, "BOM_PRES": null, "BOM_TNUM": -999.9, "BOM_CI": -999.9, "BOM_RMW": null, "BOM_R34_NE": null, "BOM_R34_SE": null, "BOM_R34_SW": null, "BOM_R34_NW": null, "BOM_R50_NE": null, "BOM_R50_SE": null, "BOM_R50_SW": null, "BOM_R50_NW": null, "BOM_R64_NE": null, "BOM_R64_SE": null, "BOM_R64_SW": null, "BOM_R64_NW": null, "BOM_ROCI": null, "BOM_POCI": null, "BOM_EYE": null, "BOM_POS_FL": null, "BOM_PRS_FL": null, "NAD_LAT": null, "NAD_LON": null, "NAD_CAT": null, "NAD_WIND": null, "NAD_PRES": null, "WEL_LAT": null, "WEL_LON": null, "WEL_WIND": null, "WEL_PRES": null, "DS8_LAT": null, "DS8_LON": null, "DS8_STAGE": null, "DS8_WIND": null, "DS8_PRES": null, "TD6_LAT": null, "TD6_LON": null, "TD6_STAGE": null, "TD6_WIND": null, "TD6_PRES": null, "TD5_LAT": null, "TD5_LON": null, "TD5_WIND": null, "TD5_PRES": null, "TD5_ROCI": null, "NEU_LAT": null, "NEU_LON": null, "NEU_CLASS": null, "NEU_WIND": null, "NEU_PRES": null, "MLC_LAT": null, "MLC_LON": null, "MLC_CLASS": null, "MLC_WIND": null, "MLC_PRES": null, "USA_GUST": 120.0, "BOM_GUST": null, "BOM_GUSTP": null, "REU_GUST": null, "REU_GUSTP": null, "USA_SEAHGT": 12.0, "USA_SEA_NE": 240.0, "USA_SEA_SE": 180.0, "USA_SEA_SW": 120.0, "USA_SEA_NW": 180.0, "STORM_SPD": 8, "STORM_DR": 340, "year": 2023, "month": 8, "day": 28, "hour": 6, "min": 0 }, "geometry": { "type": "LineString", "coordinates": [ [ -70.5999755859375, 26.700000762939453 ], [ -70.800048828125, 27.100000381469727 ] ] } },
{ "type": "Feature", "properties": { "SID": "2023232N13300", "SEASON": 2023, "NUMBER": 45, "BASIN": "NA", "SUBBASIN": "NA", "NAME": "FRANKLIN", "ISO_TIME": "2023-08-28 09:00:00", "NATURE": "TS", "LAT": 27.1, "LON": -70.8, "WMO_WIND": 0.0, "WMO_PRES": null, "WMO_AGENCY": null, "TRACK_TYPE": "main", "DIST2LAND": 696, "LANDFALL": 696, "IFLAG": "P______________", "USA_AGENCY": null, "USA_ATCFID": "AL082023", "USA_LAT": 27.1, "USA_LON": -70.8, "USA_RECORD": null, "USA_STATUS": "HU", "USA_WIND": 113.0, "USA_PRES": 944.0, "USA_SSHS": 4, "USA_R34_NE": 130.0, "USA_R34_SE": 110.0, "USA_R34_SW": 105.0, "USA_R34_NW": 80.0, "USA_R50_NE": 55.0, "USA_R50_SE": 40.0, "USA_R50_SW": 35.0, "USA_R50_NW": 40.0, "USA_R64_NE": 28.0, "USA_R64_SE": 20.0, "USA_R64_SW": 15.0, "USA_R64_NW": 20.0, "USA_POCI": 1009.0, "USA_ROCI": 200.0, "USA_RMW": 10.0, "USA_EYE": null, "TOK_LAT": null, "TOK_LON": null, "TOK_GRADE": null, "TOK_WIND": null, "TOK_PRES": null, "TOK_R50_DR": null, "TOK_R50_L": null, "TOK_R50_S": null, "TOK_R30_DR": null, "TOK_R30_L": null, "TOK_R30_S": null, "TOK_LAND": null, "CMA_LAT": null, "CMA_LON": null, "CMA_CAT": null, "CMA_WIND": null, "CMA_PRES": null, "HKO_LAT": null, "HKO_LON": null, "HKO_CAT": null, "HKO_WIND": null, "HKO_PRES": null, "KMA_LAT": null, "KMA_LON": null, "KMA_CAT": null, "KMA_WIND": null, "KMA_PRES": null, "KMA_R50_DR": null, "KMA_R50_L": null, "KMA_R50_S": null, "KMA_R30_DR": null, "KMA_R30_L": null, "KMA_R30_S": null, "NEW_LAT": null, "NEW_LON": null, "NEW_GRADE": null, "NEW_WIND": null, "NEW_PRES": null, "NEW_CI": -999.9, "NEW_DP": null, "NEW_POCI": null, "REU_LAT": null, "REU_LON": null, "REU_TYPE": null, "REU_WIND": null, "REU_PRES": null, "REU_TNUM": -999.9, "REU_CI": -999.9, "REU_RMW": null, "REU_R34_NE": null, "REU_R34_SE": null, "REU_R34_SW": null, "REU_R34_NW": null, "REU_R50_NE": null, "REU_R50_SE": null, "REU_R50_SW": null, "REU_R50_NW": null, "REU_R64_NE": null, "REU_R64_SE": null, "REU_R64_SW": null, "REU_R64_NW": null, "BOM_LAT": null, "BOM_LON": null, "BOM_TYPE": null, "BOM_WIND": null, "BOM_PRES": null, "BOM_TNUM": -999.9, "BOM_CI": -999.9, "BOM_RMW": null, "BOM_R34_NE": null, "BOM_R34_SE": null, "BOM_R34_SW": null, "BOM_R34_NW": null, "BOM_R50_NE": null, "BOM_R50_SE": null, "BOM_R50_SW": null, "BOM_R50_NW": null, "BOM_R64_NE": null, "BOM_R64_SE": null, "BOM_R64_SW": null, "BOM_R64_NW": null, "BOM_ROCI": null, "BOM_POCI": null, "BOM_EYE": null, "BOM_POS_FL": null, "BOM_PRS_FL": null, "NAD_LAT": null, "NAD_LON": null, "NAD_CAT": null, "NAD_WIND": null, "NAD_PRES": null, "WEL_LAT": null, "WEL_LON": null, "WEL_WIND": null, "WEL_PRES": null, "DS8_LAT": null, "DS8_LON": null, "DS8_STAGE": null, "DS8_WIND": null, "DS8_PRES": null, "TD6_LAT": null, "TD6_LON": null, "TD6_STAGE": null, "TD6_WIND": null, "TD6_PRES": null, "TD5_LAT": null, "TD5_LON": null, "TD5_WIND": null, "TD5_PRES": null, "TD5_ROCI": null, "NEU_LAT": null, "NEU_LON": null, "NEU_CLASS": null, "NEU_WIND": null, "NEU_PRES": null, "MLC_LAT": null, "MLC_LON": null, "MLC_CLASS": null, "MLC_WIND": null, "MLC_PRES": null, "USA_GUST": null, "BOM_GUST": null, "BOM_GUSTP": null, "REU_GUST": null, "REU_GUSTP": null, "USA_SEAHGT": 12.0, "USA_SEA_NE": 240.0, "USA_SEA_SE": 180.0, "USA_SEA_SW": 128.0, "USA_SEA_NW": 195.0, "STORM_SPD": 8, "STORM_DR": 340, "year": 2023, "month": 8, "day": 28, "hour": 9, "min": 0 }, "geometry": { "type": "LineString", "coordinates": [ [ -70.800048828125, 27.100000381469727 ], [ -70.9000244140625, 27.5 ] ] } },
{ "type": "Feature", "properties": { "SID": "2023232N13300", "SEASON": 2023, "NUMBER": 45, "BASIN": "NA", "SUBBASIN": "NA", "NAME": "FRANKLIN", "ISO_TIME": "2023-08-28 12:00:00", "NATURE": "TS", "LAT": 27.5, "LON": -70.9, "WMO_WIND": 125.0, "WMO_PRES": 937.0, "WMO_AGENCY": "hurdat_atl", "TRACK_TYPE": "main", "DIST2LAND": 735, "LANDFALL": 735, "IFLAG": "O______________", "USA_AGENCY": "hurdat_atl", "USA_ATCFID": "AL082023", "USA_LAT": 27.5, "USA_LON": -70.9, "USA_RECORD": null, "USA_STATUS": "HU", "USA_WIND": 125.0, "USA_PRES": 937.0, "USA_SSHS": 4, "USA_R34_NE": 130.0, "USA_R34_SE": 110.0, "USA_R34_SW": 110.0, "USA_R34_NW": 80.0, "USA_R50_NE": 60.0, "USA_R50_SE": 40.0, "USA_R50_SW": 40.0, "USA_R50_NW": 40.0, "USA_R64_NE": 30.0, "USA_R64_SE": 20.0, "USA_R64_SW": 20.0, "USA_R64_NW": 20.0, "USA_POCI": 1009.0, "USA_ROCI": 200.0, "USA_RMW": 10.0, "USA_EYE": null, "TOK_LAT": null, "TOK_LON": null, "TOK_GRADE": null, "TOK_WIND": null, "TOK_PRES": null, "TOK_R50_DR": null, "TOK_R50_L": null, "TOK_R50_S": null, "TOK_R30_DR": null, "TOK_R30_L": null, "TOK_R30_S": null, "TOK_LAND": null, "CMA_LAT": null, "CMA_LON": null, "CMA_CAT": null, "CMA_WIND": null, "CMA_PRES": null, "HKO_LAT": null, "HKO_LON": null, "HKO_CAT": null, "HKO_WIND": null, "HKO_PRES": null, "KMA_LAT": null, "KMA_LON": null, "KMA_CAT": null, "KMA_WIND": null, "KMA_PRES": null, "KMA_R50_DR": null, "KMA_R50_L": null, "KMA_R50_S": null, "KMA_R30_DR": null, "KMA_R30_L": null, "KMA_R30_S": null, "NEW_LAT": null, "NEW_LON": null, "NEW_GRADE": null, "NEW_WIND": null, "NEW_PRES": null, "NEW_CI": -999.9, "NEW_DP": null, "NEW_POCI": null, "REU_LAT": null, "REU_LON": null, "REU_TYPE": null, "REU_WIND": null, "REU_PRES": null, "REU_TNUM": -999.9, "REU_CI": -999.9, "REU_RMW": null, "REU_R34_NE": null, "REU_R34_SE": null, "REU_R34_SW": null, "REU_R34_NW": null, "REU_R50_NE": null, "REU_R50_SE": null, "REU_R50_SW": null, "REU_R50_NW": null, "REU_R64_NE": null, "REU_R64_SE": null, "REU_R64_SW": null, "REU_R64_NW": null, "BOM_LAT": null, "BOM_LON": null, "BOM_TYPE": null, "BOM_WIND": null, "BOM_PRES": null, "BOM_TNUM": -999.9, "BOM_CI": -999.9, "BOM_RMW": null, "BOM_R34_NE": null, "BOM_R34_SE": null, "BOM_R34_SW": null, "BOM_R34_NW": null, "BOM_R50_NE": null, "BOM_R50_SE": null, "BOM_R50_SW": null, "BOM_R50_NW": null, "BOM_R64_NE": null, "BOM_R64_SE": null, "BOM_R64_SW": null, "BOM_R64_NW": null, "BOM_ROCI": null, "BOM_POCI": null, "BOM_EYE": null, "BOM_POS_FL": null, "BOM_PRS_FL": null, "NAD_LAT": null, "NAD_LON": null, "NAD_CAT": null, "NAD_WIND": null, "NAD_PRES": null, "WEL_LAT": null, "WEL_LON": null, "WEL_WIND": null, "WEL_PRES": null, "DS8_LAT": null, "DS8_LON": null, "DS8_STAGE": null, "DS8_WIND": null, "DS8_PRES": null, "TD6_LAT": null, "TD6_LON": null, "TD6_STAGE": null, "TD6_WIND": null, "TD6_PRES": null, "TD5_LAT": null, "TD5_LON": null, "TD5_WIND": null, "TD5_PRES": null, "TD5_ROCI": null, "NEU_LAT": null, "NEU_LON": null, "NEU_CLASS": null, "NEU_WIND": null, "NEU_PRES": null, "MLC_LAT": null, "MLC_LON": null, "MLC_CLASS": null, "MLC_WIND": null, "MLC_PRES": null, "USA_GUST": 150.0, "BOM_GUST": null, "BOM_GUSTP": null, "REU_GUST": null, "REU_GUSTP": null, "USA_SEAHGT": 12.0, "USA_SEA_NE": 240.0, "USA_SEA_SE": 180.0, "USA_SEA_SW": 135.0, "USA_SEA_NW": 210.0, "STORM_SPD": 8, "STORM_DR": 345, "year": 2023, "month": 8, "day": 28, "hour": 12, "min": 0 }, "geometry": { "type": "LineString", "coordinates": [ [ -70.9000244140625, 27.5 ], [ -71.0, 27.899999618530273 ] ] } },
{ "type": "Feature", "properties": { "SID": "2023232N13300", "SEASON": 2023, "NUMBER": 45, "BASIN": "NA", "SUBBASIN": "NA", "NAME": "FRANKLIN", "ISO_TIME": "2023-08-28 15:00:00", "NATURE": "TS", "LAT": 27.9, "LON": -71.0, "WMO_WIND": 0.0, "WMO_PRES": null, "WMO_AGENCY": null, "TRACK_TYPE": "main", "DIST2LAND": 762, "LANDFALL": 758, "IFLAG": "P______________", "USA_AGENCY": null, "USA_ATCFID": "AL082023", "USA_LAT": 27.9, "USA_LON": -71.0, "USA_RECORD": null, "USA_STATUS": "HU", "USA_WIND": 125.0, "USA_PRES": 934.0, "USA_SSHS": 4, "USA_R34_NE": 130.0, "USA_R34_SE": 115.0, "USA_R34_SW": 110.0, "USA_R34_NW": 80.0, "USA_R50_NE": 60.0, "USA_R50_SE": 40.0, "USA_R50_SW": 40.0, "USA_R50_NW": 40.0, "USA_R64_NE": 30.0, "USA_R64_SE": 23.0, "USA_R64_SW": 20.0, "USA_R64_NW": 20.0, "USA_POCI": 1010.0, "USA_ROCI": 200.0, "USA_RMW": 10.0, "USA_EYE": null, "TOK_LAT": null, "TOK_LON": null, "TOK_GRADE": null, "TOK_WIND": null, "TOK_PRES": null, "TOK_R50_DR": null, "TOK_R50_L": null, "TOK_R50_S": null, "TOK_R30_DR": null, "TOK_R30_L": null, "TOK_R30_S": null, "TOK_LAND": null, "CMA_LAT": null, "CMA_LON": null, "CMA_CAT": null, "CMA_WIND": null, "CMA_PRES": null, "HKO_LAT": null, "HKO_LON": null, "HKO_CAT": null, "HKO_WIND": null, "HKO_PRES": null, "KMA_LAT": null, "KMA_LON": null, "KMA_CAT": null, "KMA_WIND": null, "KMA_PRES": null, "KMA_R50_DR": null, "KMA_R50_L": null, "KMA_R50_S": null, "KMA_R30_DR": null, "KMA_R30_L": null, "KMA_R30_S": null, "NEW_LAT": null, "NEW_LON": null, "NEW_GRADE": null, "NEW_WIND": null, "NEW_PRES": null, "NEW_CI": -999.9, "NEW_DP": null, "NEW_POCI": null, "REU_LAT": null, "REU_LON": null, "REU_TYPE": null, "REU_WIND": null, "REU_PRES": null, "REU_TNUM": -999.9, "REU_CI": -999.9, "REU_RMW": null, "REU_R34_NE": null, "REU_R34_SE": null, "REU_R34_SW": null, "REU_R34_NW": null, "REU_R50_NE": null, "REU_R50_SE": null, "REU_R50_SW": null, "REU_R50_NW": null, "REU_R64_NE": null, "REU_R64_SE": null, "REU_R64_SW": null, "REU_R64_NW": null, "BOM_LAT": null, "BOM_LON": null, "BOM_TYPE": null, "BOM_WIND": null, "BOM_PRES": null, "BOM_TNUM": -999.9, "BOM_CI": -999.9, "BOM_RMW": null, "BOM_R34_NE": null, "BOM_R34_SE": null, "BOM_R34_SW": null, "BOM_R34_NW": null, "BOM_R50_NE": null, "BOM_R50_SE": null, "BOM_R50_SW": null, "BOM_R50_NW": null, "BOM_R64_NE": null, "BOM_R64_SE": null, "BOM_R64_SW": null, "BOM_R64_NW": null, "BOM_ROCI": null, "BOM_POCI": null, "BOM_EYE": null, "BOM_POS_FL": null, "BOM_PRS_FL": null, "NAD_LAT": null, "NAD_LON": null, "NAD_CAT": null, "NAD_WIND": null, "NAD_PRES": null, "WEL_LAT": null, "WEL_LON": null, "WEL_WIND": null, "WEL_PRES": null, "DS8_LAT": null, "DS8_LON": null, "DS8_STAGE": null, "DS8_WIND": null, "DS8_PRES": null, "TD6_LAT": null, "TD6_LON": null, "TD6_STAGE": null, "TD6_WIND": null, "TD6_PRES": null, "TD5_LAT": null, "TD5_LON": null, "TD5_WIND": null, "TD5_PRES": null, "TD5_ROCI": null, "NEU_LAT": null, "NEU_LON": null, "NEU_CLASS": null, "NEU_WIND": null, "NEU_PRES": null, "MLC_LAT": null, "MLC_LON": null, "MLC_CLASS": null, "MLC_WIND": null, "MLC_PRES": null, "USA_GUST": null, "BOM_GUST": null, "BOM_GUSTP": null, "REU_GUST": null, "REU_GUSTP": null, "USA_SEAHGT": 12.0, "USA_SEA_NE": 225.0, "USA_SEA_SE": 180.0, "USA_SEA_SW": 135.0, "USA_SEA_NW": 195.0, "STORM_SPD": 7, "STORM_DR": 345, "year": 2023, "month": 8, "day": 28, "hour": 15, "min": 0 }, "geometry": { "type": "LineString", "coordinates": [ [ -71.0, 27.899999618530273 ], [ -71.0999755859375, 28.200000762939453 ] ] } },
{ "type": "Feature", "properties": { "SID": "2025223N17337", "SEASON": 2025, "NUMBER": 61, "BASIN": "NA", "SUBBASIN": "NA", "NAME": "ERIN", "ISO_TIME": "2025-08-18 06:00:00", "NATURE": "TS", "LAT": 22.5, "LON": -69.7, "WMO_WIND": 115.0, "WMO_PRES": 945.0, "WMO_AGENCY": "hurdat_atl", "TRACK_TYPE": "main", "DIST2LAND": 316, "LANDFALL": 313, "IFLAG": "O______________", "USA_AGENCY": "hurdat_atl", "USA_ATCFID": "AL052025", "USA_LAT": 22.5, "USA_LON": -69.7, "USA_RECORD": null, "USA_STATUS": "HU", "USA_WIND": 115.0, "USA_PRES": 945.0, "USA_SSHS": 4, "USA_R34_NE": 200.0, "USA_R34_SE": 200.0, "USA_R34_SW": 120.0, "USA_R34_NW": 170.0, "USA_R50_NE": 110.0, "USA_R50_SE": 110.0, "USA_R50_SW": 60.0, "USA_R50_NW": 70.0, "USA_R64_NE": 70.0, "USA_R64_SE": 60.0, "USA_R64_SW": 40.0, "USA_R64_NW": 40.0, "USA_POCI": 1009.0, "USA_ROCI": 250.0, "USA_RMW": 20.0, "USA_EYE": null, "TOK_LAT": null, "TOK_LON": null, "TOK_GRADE": null, "TOK_WIND": null, "TOK_PRES": null, "TOK_R50_DR": null, "TOK_R50_L": null, "TOK_R50_S": null, "TOK_R30_DR": null, "TOK_R30_L": null, "TOK_R30_S": null, "TOK_LAND": null, "CMA_LAT": null, "CMA_LON": null, "CMA_CAT": null, "CMA_WIND": null, "CMA_PRES": null, "HKO_LAT": null, "HKO_LON": null, "HKO_CAT": null, "HKO_WIND": null, "HKO_PRES": null, "KMA_LAT": null, "KMA_LON": null, "KMA_CAT": null, "KMA_WIND": null, "KMA_PRES": null, "KMA_R50_DR": null, "KMA_R50_L": null, "KMA_R50_S": null, "KMA_R30_DR": null, "KMA_R30_L": null, "KMA_R30_S": null, "NEW_LAT": null, "NEW_LON": null, "NEW_GRADE": null, "NEW_WIND": null, "NEW_PRES": null, "NEW_CI": -999.9, "NEW_DP": null, "NEW_POCI": null, "REU_LAT": null, "REU_LON": null, "REU_TYPE": null, "REU_WIND": null, "REU_PRES": null, "REU_TNUM": -999.9, "REU_CI": -999.9, "REU_RMW": null, "REU_R34_NE": null, "REU_R34_SE": null, "REU_R34_SW": null, "REU_R34_NW": null, "REU_R50_NE": null, "REU_R50_SE": null, "REU_R50_SW": null, "REU_R50_NW": null, "REU_R64_NE": null, "REU_R64_SE": null, "REU_R64_SW": null, "REU_R64_NW": null, "BOM_LAT": null, "BOM_LON": null, "BOM_TYPE": null, "BOM_WIND": null, "BOM_PRES": null, "BOM_TNUM": -999.9, "BOM_CI": -999.9, "BOM_RMW": null, "BOM_R34_NE": null, "BOM_R34_SE": null, "BOM_R34_SW": null, "BOM_R34_NW": null, "BOM_R50_NE": null, "BOM_R50_SE": null, "BOM_R50_SW": null, "BOM_R50_NW": null, "BOM_R64_NE": null, "BOM_R64_SE": null, "BOM_R64_SW": null, "BOM_R64_NW": null, "BOM_ROCI": null, "BOM_POCI": null, "BOM_EYE": null, "BOM_POS_FL": null, "BOM_PRS_FL": null, "NAD_LAT": null, "NAD_LON": null, "NAD_CAT": null, "NAD_WIND": null, "NAD_PRES": null, "WEL_LAT": null, "WEL_LON": null, "WEL_WIND": null, "WEL_PRES": null, "DS8_LAT": null, "DS8_LON": null, "DS8_STAGE": null, "DS8_WIND": null, "DS8_PRES": null, "TD6_LAT": null, "TD6_LON": null, "TD6_STAGE": null, "TD6_WIND": null, "TD6_PRES": null, "TD5_LAT": null, "TD5_LON": null, "TD5_WIND": null, "TD5_PRES": null, "TD5_ROCI": null, "NEU_LAT": null, "NEU_LON": null, "NEU_CLASS": null, "NEU_WIND": null, "NEU_PRES": null, "MLC_LAT": null, "MLC_LON": null, "MLC_CLASS": null, "MLC_WIND": null, "MLC_PRES": null, "USA_GUST": 140.0, "BOM_GUST": null, "BOM_GUSTP": null, "REU_GUST": null, "REU_GUSTP": null, "USA_SEAHGT": 12.0, "USA_SEA_NE": 300.0, "USA_SEA_SE": 240.0, "USA_SEA_SW": 150.0, "USA_SEA_NW": 240.0, "STORM_SPD": 9, "STORM_DR": 300, "year": 2025, "month": 8, "day": 18, "hour": 6, "min": 0 }, "geometry": { "type": "LineString", "coordinates": [ [ -69.699951171875, 22.5 ], [ -70.0999755859375, 22.700000762939453 ] ] } },
{ "type": "Feature", "properties": { "SID": "2025223N17337", "SEASON": 2025, "NUMBER": 61, "BASIN": "NA", "SUBBASIN": "NA", "NAME": "ERIN", "ISO_TIME": "2025-08-18 09:00:00", "NATURE": "TS", "LAT": 22.7, "LON": -70.1, "WMO_WIND": 0.0, "WMO_PRES": null, "WMO_AGENCY": null, "TRACK_TYPE": "main", "DIST2LAND": 328, "LANDFALL": 320, "IFLAG": "P______________", "USA_AGENCY": null, "USA_ATCFID": "AL052025", "USA_LAT": 22.7, "USA_LON": -70.1, "USA_RECORD": null, "USA_STATUS": "HU", "USA_WIND": 118.0, "USA_PRES": 940.0, "USA_SSHS": 4, "USA_R34_NE": 200.0, "USA_R34_SE": 200.0, "USA_R34_SW": 130.0, "USA_R34_NW": 170.0, "USA_R50_NE": 110.0, "USA_R50_SE": 110.0, "USA_R50_SW": 65.0, "USA_R50_NW": 70.0, "USA_R64_NE": 70.0, "USA_R64_SE": 60.0, "USA_R64_SW": 40.0, "USA_R64_NW": 40.0, "USA_POCI": 1010.0, "USA_ROCI": 245.0, "USA_RMW": 20.0, "USA_EYE": null, "TOK_LAT": null, "TOK_LON": null, "TOK_GRADE": null, "TOK_WIND": null, "TOK_PRES": null, "TOK_R50_DR": null, "TOK_R50_L": null, "TOK_R50_S": null, "TOK_R30_DR": null, "TOK_R30_L": null, "TOK_R30_S": null, "TOK_LAND": null, "CMA_LAT": null, "CMA_LON": null, "CMA_CAT": null, "CMA_WIND": null, "CMA_PRES": null, "HKO_LAT": null, "HKO_LON": null, "HKO_CAT": null, "HKO_WIND": null, "HKO_PRES": null, "KMA_LAT": null, "KMA_LON": null, "KMA_CAT": null, "KMA_WIND": null, "KMA_PRES": null, "KMA_R50_DR": null, "KMA_R50_L": null, "KMA_R50_S": null, "KMA_R30_DR": null, "KMA_R30_L": null, "KMA_R30_S": null, "NEW_LAT": null, "NEW_LON": null, "NEW_GRADE": null, "NEW_WIND": null, "NEW_PRES": null, "NEW_CI": -999.9, "NEW_DP": null, "NEW_POCI": null, "REU_LAT": null, "REU_LON": null, "REU_TYPE": null, "REU_WIND": null, "REU_PRES": null, "REU_TNUM": -999.9, "REU_CI": -999.9, "REU_RMW": null, "REU_R34_NE": null, "REU_R34_SE": null, "REU_R34_SW": null, "REU_R34_NW": null, "REU_R50_NE": null, "REU_R50_SE": null, "REU_R50_SW": null, "REU_R50_NW": null, "REU_R64_NE": null, "REU_R64_SE": null, "REU_R64_SW": null, "REU_R64_NW": null, "BOM_LAT": null, "BOM_LON": null, "BOM_TYPE": null, "BOM_WIND": null, "BOM_PRES": null, "BOM_TNUM": -999.9, "BOM_CI": -999.9, "BOM_RMW": null, "BOM_R34_NE": null, "BOM_R34_SE": null, "BOM_R34_SW": null, "BOM_R34_NW": null, "BOM_R50_NE": null, "BOM_R50_SE": null, "BOM_R50_SW": null, "BOM_R50_NW": null, "BOM_R64_NE": null, "BOM_R64_SE": null, "BOM_R64_SW": null, "BOM_R64_NW": null, "BOM_ROCI": null, "BOM_POCI": null, "BOM_EYE": null, "BOM_POS_FL": null, "BOM_PRS_FL": null, "NAD_LAT": null, "NAD_LON": null, "NAD_CAT": null, "NAD_WIND": null, "NAD_PRES": null, "WEL_LAT": null, "WEL_LON": null, "WEL_WIND": null, "WEL_PRES": null, "DS8_LAT": null, "DS8_LON": null, "DS8_STAGE": null, "DS8_WIND": null, "DS8_PRES": null, "TD6_LAT": null, "TD6_LON": null, "TD6_STAGE": null, "TD6_WIND": null, "TD6_PRES": null, "TD5_LAT": null, "TD5_LON": null, "TD5_WIND": null, "TD5_PRES": null, "TD5_ROCI": null, "NEU_LAT": null, "NEU_LON": null, "NEU_CLASS": null, "NEU_WIND": null, "NEU_PRES": null, "MLC_LAT": null, "MLC_LON": null, "MLC_CLASS": null, "MLC_WIND": null, "MLC_PRES": null, "USA_GUST": null, "BOM_GUST": null, "BOM_GUSTP": null, "REU_GUST": null, "REU_GUSTP": null, "USA_SEAHGT": 12.0, "USA_SEA_NE": 300.0, "USA_SEA_SE": 240.0, "USA_SEA_SW": 150.0, "USA_SEA_NW": 240.0, "STORM_SPD": 8, "STORM_DR": 300, "year": 2025, "month": 8, "day": 18, "hour": 9, "min": 0 }, "geometry": { "type": "LineString", "coordinates": [ [ -70.0999755859375, 22.700000762939453 ], [ -70.5, 22.899999618530273 ] ] } },
{ "type": "Feature", "properties": { "SID": "2025223N17337", "SEASON": 2025, "NUMBER": 61, "BASIN": "NA", "SUBBASIN": "NA", "NAME": "ERIN", "ISO_TIME": "2025-08-18 12:00:00", "NATURE": "TS", "LAT": 22.9, "LON": -70.5, "WMO_WIND": 120.0, "WMO_PRES": 935.0, "WMO_AGENCY": "hurdat_atl", "TRACK_TYPE": "main", "DIST2LAND": 320, "LANDFALL": 310, "IFLAG": "O______________", "USA_AGENCY": "hurdat_atl", "USA_ATCFID": "AL052025", "USA_LAT": 22.9, "USA_LON": -70.5, "USA_RECORD": null, "USA_STATUS": "HU", "USA_WIND": 120.0, "USA_PRES": 935.0, "USA_SSHS": 4, "USA_R34_NE": 200.0, "USA_R34_SE": 200.0, "USA_R34_SW": 140.0, "USA_R34_NW": 170.0, "USA_R50_NE": 110.0, "USA_R50_SE": 110.0, "USA_R50_SW": 70.0, "USA_R50_NW": 70.0, "USA_R64_NE": 70.0, "USA_R64_SE": 60.0, "USA_R64_SW": 40.0, "USA_R64_NW": 40.0, "USA_POCI": 1010.0, "USA_ROCI": 240.0, "USA_RMW": 20.0, "USA_EYE": null, "TOK_LAT": null, "TOK_LON": null, "TOK_GRADE": null, "TOK_WIND": null, "TOK_PRES": null, "TOK_R50_DR": null, "TOK_R50_L": null, "TOK_R50_S": null, "TOK_R30_DR": null, "TOK_R30_L": null, "TOK_R30_S": null, "TOK_LAND": null, "CMA_LAT": null, "CMA_LON": null, "CMA_CAT": null, "CMA_WIND": null, "CMA_PRES": null, "HKO_LAT": null, "HKO_LON": null, "HKO_CAT": null, "HKO_WIND": null, "HKO_PRES": null, "KMA_LAT": null, "KMA_LON": null, "KMA_CAT": null, "KMA_WIND": null, "KMA_PRES": null, "KMA_R50_DR": null, "KMA_R50_L": null, "KMA_R50_S": null, "KMA_R30_DR": null, "KMA_R30_L": null, "KMA_R30_S": null, "NEW_LAT": null, "NEW_LON": null, "NEW_GRADE": null, "NEW_WIND": null, "NEW_PRES": null, "NEW_CI": -999.9, "NEW_DP": null, "NEW_POCI": null, "REU_LAT": null, "REU_LON": null, "REU_TYPE": null, "REU_WIND": null, "REU_PRES": null, "REU_TNUM": -999.9, "REU_CI": -999.9, "REU_RMW": null, "REU_R34_NE": null, "REU_R34_SE": null, "REU_R34_SW": null, "REU_R34_NW": null, "REU_R50_NE": null, "REU_R50_SE": null, "REU_R50_SW": null, "REU_R50_NW": null, "REU_R64_NE": null, "REU_R64_SE": null, "REU_R64_SW": null, "REU_R64_NW": null, "BOM_LAT": null, "BOM_LON": null, "BOM_TYPE": null, "BOM_WIND": null, "BOM_PRES": null, "BOM_TNUM": -999.9, "BOM_CI": -999.9, "BOM_RMW": null, "BOM_R34_NE": null, "BOM_R34_SE": null, "BOM_R34_SW": null, "BOM_R34_NW": null, "BOM_R50_NE": null, "BOM_R50_SE": null, "BOM_R50_SW": null, "BOM_R50_NW": null, "BOM_R64_NE": null, "BOM_R64_SE": null, "BOM_R64_SW": null, "BOM_R64_NW": null, "BOM_ROCI": null, "BOM_POCI": null, "BOM_EYE": null, "BOM_POS_FL": null, "BOM_PRS_FL": null, "NAD_LAT": null, "NAD_LON": null, "NAD_CAT": null, "NAD_WIND": null, "NAD_PRES": null, "WEL_LAT": null, "WEL_LON": null, "WEL_WIND": null, "WEL_PRES": null, "DS8_LAT": null, "DS8_LON": null, "DS8_STAGE": null, "DS8_WIND": null, "DS8_PRES": null, "TD6_LAT": null, "TD6_LON": null, "TD6_STAGE": null, "TD6_WIND": null, "TD6_PRES": null, "TD5_LAT": null, "TD5_LON": null, "TD5_WIND": null, "TD5_PRES": null, "TD5_ROCI": null, "NEU_LAT": null, "NEU_LON": null, "NEU_CLASS": null, "NEU_WIND": null, "NEU_PRES": null, "MLC_LAT": null, "MLC_LON": null, "MLC_CLASS": null, "MLC_WIND": null, "MLC_PRES": null, "USA_GUST": 145.0, "BOM_GUST": null, "BOM_GUSTP": null, "REU_GUST": null, "REU_GUSTP": null, "USA_SEAHGT": 12.0, "USA_SEA_NE": 300.0, "USA_SEA_SE": 240.0, "USA_SEA_SW": 150.0, "USA_SEA_NW": 240.0, "STORM_SPD": 8, "STORM_DR": 310, "year": 2025, "month": 8, "day": 18, "hour": 12, "min": 0 }, "geometry": { "type": "LineString", "coordinates": [ [ -70.5, 22.899999618530273 ], [ -70.800048828125, 23.200000762939453 ] ] } },
{ "type": "Feature", "properties": { "SID": "2025223N17337", "SEASON": 2025, "NUMBER": 61, "BASIN": "NA", "SUBBASIN": "NA", "NAME": "ERIN", "ISO_TIME": "2025-08-18 15:00:00", "NATURE": "TS", "LAT": 23.2, "LON": -70.8, "WMO_WIND": 0.0, "WMO_PRES": null, "WMO_AGENCY": null, "TRACK_TYPE": "main", "DIST2LAND": 318, "LANDFALL": 318, "IFLAG": "P______________", "USA_AGENCY": null, "USA_ATCFID": "AL052025", "USA_LAT": 23.2, "USA_LON": -70.8, "USA_RECORD": null, "USA_STATUS": "HU", "USA_WIND": 118.0, "USA_PRES": 936.0, "USA_SSHS": 4, "USA_R34_NE": 200.0, "USA_R34_SE": 200.0, "USA_R34_SW": 140.0, "USA_R34_NW": 170.0, "USA_R50_NE": 110.0, "USA_R50_SE": 110.0, "USA_R50_SW": 70.0, "USA_R50_NW": 70.0, "USA_R64_NE": 70.0, "USA_R64_SE": 60.0, "USA_R64_SW": 40.0, "USA_R64_NW": 40.0, "USA_POCI": 1010.0, "USA_ROCI": 245.0, "USA_RMW": 20.0, "USA_EYE": null, "TOK_LAT": null, "TOK_LON": null, "TOK_GRADE": null, "TOK_WIND": null, "TOK_PRES": null, "TOK_R50_DR": null, "TOK_R50_L": null, "TOK_R50_S": null, "TOK_R30_DR": null, "TOK_R30_L": null, "TOK_R30_S": null, "TOK_LAND": null, "CMA_LAT": null, "CMA_LON": null, "CMA_CAT": null, "CMA_WIND": null, "CMA_PRES": null, "HKO_LAT": null, "HKO_LON": null, "HKO_CAT": null, "HKO_WIND": null, "HKO_PRES": null, "KMA_LAT": null, "KMA_LON": null, "KMA_CAT": null, "KMA_WIND": null, "KMA_PRES": null, "KMA_R50_DR": null, "KMA_R50_L": null, "KMA_R50_S": null, "KMA_R30_DR": null, "KMA_R30_L": null, "KMA_R30_S": null, "NEW_LAT": null, "NEW_LON": null, "NEW_GRADE": null, "NEW_WIND": null, "NEW_PRES": null, "NEW_CI": -999.9, "NEW_DP": null, "NEW_POCI": null, "REU_LAT": null, "REU_LON": null, "REU_TYPE": null, "REU_WIND": null, "REU_PRES": null, "REU_TNUM": -999.9, "REU_CI": -999.9, "REU_RMW": null, "REU_R34_NE": null, "REU_R34_SE": null, "REU_R34_SW": null, "REU_R34_NW": null, "REU_R50_NE": null, "REU_R50_SE": null, "REU_R50_SW": null, "REU_R50_NW": null, "REU_R64_NE": null, "REU_R64_SE": null, "REU_R64_SW": null, "REU_R64_NW": null, "BOM_LAT": null, "BOM_LON": null, "BOM_TYPE": null, "BOM_WIND": null, "BOM_PRES": null, "BOM_TNUM": -999.9, "BOM_CI": -999.9, "BOM_RMW": null, "BOM_R34_NE": null, "BOM_R34_SE": null, "BOM_R34_SW": null, "BOM_R34_NW": null, "BOM_R50_NE": null, "BOM_R50_SE": null, "BOM_R50_SW": null, "BOM_R50_NW": null, "BOM_R64_NE": null, "BOM_R64_SE": null, "BOM_R64_SW": null, "BOM_R64_NW": null, "BOM_ROCI": null, "BOM_POCI": null, "BOM_EYE": null, "BOM_POS_FL": null, "BOM_PRS_FL": null, "NAD_LAT": null, "NAD_LON": null, "NAD_CAT": null, "NAD_WIND": null, "NAD_PRES": null, "WEL_LAT": null, "WEL_LON": null, "WEL_WIND": null, "WEL_PRES": null, "DS8_LAT": null, "DS8_LON": null, "DS8_STAGE": null, "DS8_WIND": null, "DS8_PRES": null, "TD6_LAT": null, "TD6_LON": null, "TD6_STAGE": null, "TD6_WIND": null, "TD6_PRES": null, "TD5_LAT": null, "TD5_LON": null, "TD5_WIND": null, "TD5_PRES": null, "TD5_ROCI": null, "NEU_LAT": null, "NEU_LON": null, "NEU_CLASS": null, "NEU_WIND": null, "NEU_PRES": null, "MLC_LAT": null, "MLC_LON": null, "MLC_CLASS": null, "MLC_WIND": null, "MLC_PRES": null, "USA_GUST": null, "BOM_GUST": null, "BOM_GUSTP": null, "REU_GUST": null, "REU_GUSTP": null, "USA_SEAHGT": null, "USA_SEA_NE": null, "USA_SEA_SE": null, "USA_SEA_SW": null, "USA_SEA_NW": null, "STORM_SPD": 8, "STORM_DR": 325, "year": 2025, "month": 8, "day": 18, "hour": 15, "min": 0 }, "geometry": { "type": "LineString", "coordinates": [ [ -70.800048828125, 23.200000762939453 ], [ -71.0, 23.5 ] ] } },
{ "type": "Feature", "properties": { "SID": "2025223N17337", "SEASON": 2025, "NUMBER": 61, "BASIN": "NA", "SUBBASIN": "NA", "NAME": "ERIN", "ISO_TIME": "2025-08-18 18:00:00", "NATURE": "TS", "LAT": 23.5, "LON": -71.0, "WMO_WIND": 115.0, "WMO_PRES": 937.0, "WMO_AGENCY": "hurdat_atl", "TRACK_TYPE": "main", "DIST2LAND": 329, "LANDFALL": 329, "IFLAG": "O______________", "USA_AGENCY": "hurdat_atl", "USA_ATCFID": "AL052025", "USA_LAT": 23.5, "USA_LON": -71.0, "USA_RECORD": null, "USA_STATUS": "HU", "USA_WIND": 115.0, "USA_PRES": 937.0, "USA_SSHS": 4, "USA_R34_NE": 200.0, "USA_R34_SE": 200.0, "USA_R34_SW": 140.0, "USA_R34_NW": 170.0, "USA_R50_NE": 110.0, "USA_R50_SE": 110.0, "USA_R50_SW": 70.0, "USA_R50_NW": 70.0, "USA_R64_NE": 70.0, "USA_R64_SE": 60.0, "USA_R64_SW": 40.0, "USA_R64_NW": 40.0, "USA_POCI": 1010.0, "USA_ROCI": 250.0, "USA_RMW": 20.0, "USA_EYE": null, "TOK_LAT": null, "TOK_LON": null, "TOK_GRADE": null, "TOK_WIND": null, "TOK_PRES": null, "TOK_R50_DR": null, "TOK_R50_L": null, "TOK_R50_S": null, "TOK_R30_DR": null, "TOK_R30_L": null, "TOK_R30_S": null, "TOK_LAND": null, "CMA_LAT": null, "CMA_LON": null, "CMA_CAT": null, "CMA_WIND": null, "CMA_PRES": null, "HKO_LAT": null, "HKO_LON": null, "HKO_CAT": null, "HKO_WIND": null, "HKO_PRES": null, "KMA_LAT": null, "KMA_LON": null, "KMA_CAT": null, "KMA_WIND": null, "KMA_PRES": null, "KMA_R50_DR": null, "KMA_R50_L": null, "KMA_R50_S": null, "KMA_R30_DR": null, "KMA_R30_L": null, "KMA_R30_S": null, "NEW_LAT": null, "NEW_LON": null, "NEW_GRADE": null, "NEW_WIND": null, "NEW_PRES": null, "NEW_CI": -999.9, "NEW_DP": null, "NEW_POCI": null, "REU_LAT": null, "REU_LON": null, "REU_TYPE": null, "REU_WIND": null, "REU_PRES": null, "REU_TNUM": -999.9, "REU_CI": -999.9, "REU_RMW": null, "REU_R34_NE": null, "REU_R34_SE": null, "REU_R34_SW": null, "REU_R34_NW": null, "REU_R50_NE": null, "REU_R50_SE": null, "REU_R50_SW": null, "REU_R50_NW": null, "REU_R64_NE": null, "REU_R64_SE": null, "REU_R64_SW": null, "REU_R64_NW": null, "BOM_LAT": null, "BOM_LON": null, "BOM_TYPE": null, "BOM_WIND": null, "BOM_PRES": null, "BOM_TNUM": -999.9, "BOM_CI": -999.9, "BOM_RMW": null, "BOM_R34_NE": null, "BOM_R34_SE": null, "BOM_R34_SW": null, "BOM_R34_NW": null, "BOM_R50_NE": null, "BOM_R50_SE": null, "BOM_R50_SW": null, "BOM_R50_NW": null, "BOM_R64_NE": null, "BOM_R64_SE": null, "BOM_R64_SW": null, "BOM_R64_NW": null, "BOM_ROCI": null, "BOM_POCI": null, "BOM_EYE": null, "BOM_POS_FL": null, "BOM_PRS_FL": null, "NAD_LAT": null, "NAD_LON": null, "NAD_CAT": null, "NAD_WIND": null, "NAD_PRES": null, "WEL_LAT": null, "WEL_LON": null, "WEL_WIND": null, "WEL_PRES": null, "DS8_LAT": null, "DS8_LON": null, "DS8_STAGE": null, "DS8_WIND": null, "DS8_PRES": null, "TD6_LAT": null, "TD6_LON": null, "TD6_STAGE": null, "TD6_WIND": null, "TD6_PRES": null, "TD5_LAT": null, "TD5_LON": null, "TD5_WIND": null, "TD5_PRES": null, "TD5_ROCI": null, "NEU_LAT": null, "NEU_LON": null, "NEU_CLASS": null, "NEU_WIND": null, "NEU_PRES": null, "MLC_LAT": null, "MLC_LON": null, "MLC_CLASS": null, "MLC_WIND": null, "MLC_PRES": null, "USA_GUST": 145.0, "BOM_GUST": null, "BOM_GUSTP": null, "REU_GUST": null, "REU_GUSTP": null, "USA_SEAHGT": null, "USA_SEA_NE": null, "USA_SEA_SE": null, "USA_SEA_SW": null, "USA_SEA_NW": null, "STORM_SPD": 7, "STORM_DR": 325, "year": 2025, "month": 8, "day": 18, "hour": 18, "min": 0 }, "geometry": { "type": "LineString", "coordinates": [ [ -71.0, 23.5 ], [ -71.199951171875, 23.799999237060547 ] ] } },
{ "type": "Feature", "properties": { "SID": "2025223N17337", "SEASON": 2025, "NUMBER": 61, "BASIN": "NA", "SUBBASIN": "NA", "NAME": "ERIN", "ISO_TIME": "2025-08-18 21:00:00", "NATURE": "TS", "LAT": 23.8, "LON": -71.2, "WMO_WIND": 0.0, "WMO_PRES": null, "WMO_AGENCY": null, "TRACK_TYPE": "main", "DIST2LAND": 344, "LANDFALL": 339, "IFLAG": "P______________", "USA_AGENCY": null, "USA_ATCFID": "AL052025", "USA_LAT": 23.8, "USA_LON": -71.2, "USA_RECORD": null, "USA_STATUS": "HU", "USA_WIND": 108.0, "USA_PRES": 942.0, "USA_SSHS": 3, "USA_R34_NE": 200.0, "USA_R34_SE": 200.0, "USA_R34_SW": 140.0, "USA_R34_NW": 170.0, "USA_R50_NE": 110.0, "USA_R50_SE": 110.0, "USA_R50_SW": 70.0, "USA_R50_NW": 75.0, "USA_R64_NE": 70.0, "USA_R64_SE": 60.0, "USA_R64_SW": 40.0, "USA_R64_NW": 40.0, "USA_POCI": 1010.0, "USA_ROCI": 250.0, "USA_RMW": 20.0, "USA_EYE": null, "TOK_LAT": null, "TOK_LON": null, "TOK_GRADE": null, "TOK_WIND": null, "TOK_PRES": null, "TOK_R50_DR": null, "TOK_R50_L": null, "TOK_R50_S": null, "TOK_R30_DR": null, "TOK_R30_L": null, "TOK_R30_S": null, "TOK_LAND": null, "CMA_LAT": null, "CMA_LON": null, "CMA_CAT": null, "CMA_WIND": null, "CMA_PRES": null, "HKO_LAT": null, "HKO_LON": null, "HKO_CAT": null, "HKO_WIND": null, "HKO_PRES": null, "KMA_LAT": null, "KMA_LON": null, "KMA_CAT": null, "KMA_WIND": null, "KMA_PRES": null, "KMA_R50_DR": null, "KMA_R50_L": null, "KMA_R50_S": null, "KMA_R30_DR": null, "KMA_R30_L": null, "KMA_R30_S": null, "NEW_LAT": null, "NEW_LON": null, "NEW_GRADE": null, "NEW_WIND": null, "NEW_PRES": null, "NEW_CI": -999.9, "NEW_DP": null, "NEW_POCI": null, "REU_LAT": null, "REU_LON": null, "REU_TYPE": null, "REU_WIND": null, "REU_PRES": null, "REU_TNUM": -999.9, "REU_CI": -999.9, "REU_RMW": null, "REU_R34_NE": null, "REU_R34_SE": null, "REU_R34_SW": null, "REU_R34_NW": null, "REU_R50_NE": null, "REU_R50_SE": null, "REU_R50_SW": null, "REU_R50_NW": null, "REU_R64_NE": null, "REU_R64_SE": null, "REU_R64_SW": null, "REU_R64_NW": null, "BOM_LAT": null, "BOM_LON": null, "BOM_TYPE": null, "BOM_WIND": null, "BOM_PRES": null, "BOM_TNUM": -999.9, "BOM_CI": -999.9, "BOM_RMW": null, "BOM_R34_NE": null, "BOM_R34_SE": null, "BOM_R34_SW": null, "BOM_R34_NW": null, "BOM_R50_NE": null, "BOM_R50_SE": null, "BOM_R50_SW": null, "BOM_R50_NW": null, "BOM_R64_NE": null, "BOM_R64_SE": null, "BOM_R64_SW": null, "BOM_R64_NW": null, "BOM_ROCI": null, "BOM_POCI": null, "BOM_EYE": null, "BOM_POS_FL": null, "BOM_PRS_FL": null, "NAD_LAT": null, "NAD_LON": null, "NAD_CAT": null, "NAD_WIND": null, "NAD_PRES": null, "WEL_LAT": null, "WEL_LON": null, "WEL_WIND": null, "WEL_PRES": null, "DS8_LAT": null, "DS8_LON": null, "DS8_STAGE": null, "DS8_WIND": null, "DS8_PRES": null, "TD6_LAT": null, "TD6_LON": null, "TD6_STAGE": null, "TD6_WIND": null, "TD6_PRES": null, "TD5_LAT": null, "TD5_LON": null, "TD5_WIND": null, "TD5_PRES": null, "TD5_ROCI": null, "NEU_LAT": null, "NEU_LON": null, "NEU_CLASS": null, "NEU_WIND": null, "NEU_PRES": null, "MLC_LAT": null, "MLC_LON": null, "MLC_CLASS": null, "MLC_WIND": null, "MLC_PRES": null, "USA_GUST": null, "BOM_GUST": null, "BOM_GUSTP": null, "REU_GUST": null, "REU_GUSTP": null, "USA_SEAHGT": null, "USA_SEA_NE": null, "USA_SEA_SE": null, "USA_SEA_SW": null, "USA_SEA_NW": null, "STORM_SPD": 6, "STORM_DR": 325, "year": 2025, "month": 8, "day": 18, "hour": 21, "min": 0 }, "geometry": { "type": "LineString", "coordinates": [ [ -71.199951171875, 23.799999237060547 ], [ -71.4000244140625, 24.0 ] ] } },
{ "type": "Feature", "properties": { "SID": "2025223N17337", "SEASON": 2025, "NUMBER": 61, "BASIN": "NA", "SUBBASIN": "NA", "NAME": "ERIN", "ISO_TIME": "2025-08-19 00:00:00", "NATURE": "TS", "LAT": 24.0, "LON": -71.4, "WMO_WIND": 100.0, "WMO_PRES": 947.0, "WMO_AGENCY": "hurdat_atl", "TRACK_TYPE": "main", "DIST2LAND": 353, "LANDFALL": 353, "IFLAG": "O______________", "USA_AGENCY": "hurdat_atl", "USA_ATCFID": "AL052025", "USA_LAT": 24.0, "USA_LON": -71.4, "USA_RECORD": null, "USA_STATUS": "HU", "USA_WIND": 100.0, "USA_PRES": 947.0, "USA_SSHS": 3, "USA_R34_NE": 200.0, "USA_R34_SE": 200.0, "USA_R34_SW": 140.0, "USA_R34_NW": 170.0, "USA_R50_NE": 110.0, "USA_R50_SE": 110.0, "USA_R50_SW": 70.0, "USA_R50_NW": 80.0, "USA_R64_NE": 70.0, "USA_R64_SE": 60.0, "USA_R64_SW": 40.0, "USA_R64_NW": 40.0, "USA_POCI": 1010.0, "USA_ROCI": 250.0, "USA_RMW": 20.0, "USA_EYE": null, "TOK_LAT": null, "TOK_LON": null, "TOK_GRADE": null, "TOK_WIND": null, "TOK_PRES": null, "TOK_R50_DR": null, "TOK_R50_L": null, "TOK_R50_S": null, "TOK_R30_DR": null, "TOK_R30_L": null, "TOK_R30_S": null, "TOK_LAND": null, "CMA_LAT": null, "CMA_LON": null, "CMA_CAT": null, "CMA_WIND": null, "CMA_PRES": null, "HKO_LAT": null, "HKO_LON": null, "HKO_CAT": null, "HKO_WIND": null, "HKO_PRES": null, "KMA_LAT": null, "KMA_LON": null, "KMA_CAT": null, "KMA_WIND": null, "KMA_PRES": null, "KMA_R50_DR": null, "KMA_R50_L": null, "KMA_R50_S": null, "KMA_R30_DR": null, "KMA_R30_L": null, "KMA_R30_S": null, "NEW_LAT": null, "NEW_LON": null, "NEW_GRADE": null, "NEW_WIND": null, "NEW_PRES": null, "NEW_CI": -999.9, "NEW_DP": null, "NEW_POCI": null, "REU_LAT": null, "REU_LON": null, "REU_TYPE": null, "REU_WIND": null, "REU_PRES": null, "REU_TNUM": -999.9, "REU_CI": -999.9, "REU_RMW": null, "REU_R34_NE": null, "REU_R34_SE": null, "REU_R34_SW": null, "REU_R34_NW": null, "REU_R50_NE": null, "REU_R50_SE": null, "REU_R50_SW": null, "REU_R50_NW": null, "REU_R64_NE": null, "REU_R64_SE": null, "REU_R64_SW": null, "REU_R64_NW": null, "BOM_LAT": null, "BOM_LON": null, "BOM_TYPE": null, "BOM_WIND": null, "BOM_PRES": null, "BOM_TNUM": -999.9, "BOM_CI": -999.9, "BOM_RMW": null, "BOM_R34_NE": null, "BOM_R34_SE": null, "BOM_R34_SW": null, "BOM_R34_NW": null, "BOM_R50_NE": null, "BOM_R50_SE": null, "BOM_R50_SW": null, "BOM_R50_NW": null, "BOM_R64_NE": null, "BOM_R64_SE": null, "BOM_R64_SW": null, "BOM_R64_NW": null, "BOM_ROCI": null, "BOM_POCI": null, "BOM_EYE": null, "BOM_POS_FL": null, "BOM_PRS_FL": null, "NAD_LAT": null, "NAD_LON": null, "NAD_CAT": null, "NAD_WIND": null, "NAD_PRES": null, "WEL_LAT": null, "WEL_LON": null, "WEL_WIND": null, "WEL_PRES": null, "DS8_LAT": null, "DS8_LON": null, "DS8_STAGE": null, "DS8_WIND": null, "DS8_PRES": null, "TD6_LAT": null, "TD6_LON": null, "TD6_STAGE": null, "TD6_WIND": null, "TD6_PRES": null, "TD5_LAT": null, "TD5_LON": null, "TD5_WIND": null, "TD5_PRES": null, "TD5_ROCI": null, "NEU_LAT": null, "NEU_LON": null, "NEU_CLASS": null, "NEU_WIND": null, "NEU_PRES": null, "MLC_LAT": null, "MLC_LON": null, "MLC_CLASS": null, "MLC_WIND": null, "MLC_PRES": null, "USA_GUST": 140.0, "BOM_GUST": null, "BOM_GUSTP": null, "REU_GUST": null, "REU_GUSTP": null, "USA_SEAHGT": 12.0, "USA_SEA_NE": 420.0, "USA_SEA_SE": 360.0, "USA_SEA_SW": 180.0, "USA_SEA_NW": 300.0, "STORM_SPD": 6, "STORM_DR": 325, "year": 2025, "month": 8, "day": 19, "hour": 0, "min": 0 }, "geometry": { "type": "LineString", "coordinates": [ [ -71.4000244140625, 24.0 ], [ -71.5999755859375, 24.200000762939453 ] ] } },
{ "type": "Feature", "properties": { "SID": "2025294N14290", "SEASON": 2025, "NUMBER": 95, "BASIN": "NA", "SUBBASIN": "CS", "NAME": "MELISSA", "ISO_TIME": "2025-10-29 06:00:00", "NATURE": "TS", "LAT": 19.7, "LON": -76.4, "WMO_WIND": 105.0, "WMO_PRES": 952.0, "WMO_AGENCY": "hurdat_atl", "TRACK_TYPE": "main", "DIST2LAND": 33, "LANDFALL": 0, "IFLAG": "O______________", "USA_AGENCY": "hurdat_atl", "USA_ATCFID": "AL132025", "USA_LAT": 19.7, "USA_LON": -76.4, "USA_RECORD": null, "USA_STATUS": "HU", "USA_WIND": 105.0, "USA_PRES": 952.0, "USA_SSHS": 3, "USA_R34_NE": 160.0, "USA_R34_SE": 140.0, "USA_R34_SW": 80.0, "USA_R34_NW": 100.0, "USA_R50_NE": 60.0, "USA_R50_SE": 70.0, "USA_R50_SW": 35.0, "USA_R50_NW": 45.0, "USA_R64_NE": 25.0, "USA_R64_SE": 25.0, "USA_R64_SW": 20.0, "USA_R64_NW": 25.0, "USA_POCI": 1007.0, "USA_ROCI": 270.0, "USA_RMW": 20.0, "USA_EYE": null, "TOK_LAT": null, "TOK_LON": null, "TOK_GRADE": null, "TOK_WIND": null, "TOK_PRES": null, "TOK_R50_DR": null, "TOK_R50_L": null, "TOK_R50_S": null, "TOK_R30_DR": null, "TOK_R30_L": null, "TOK_R30_S": null, "TOK_LAND": null, "CMA_LAT": null, "CMA_LON": null, "CMA_CAT": null, "CMA_WIND": null, "CMA_PRES": null, "HKO_LAT": null, "HKO_LON": null, "HKO_CAT": null, "HKO_WIND": null, "HKO_PRES": null, "KMA_LAT": null, "KMA_LON": null, "KMA_CAT": null, "KMA_WIND": null, "KMA_PRES": null, "KMA_R50_DR": null, "KMA_R50_L": null, "KMA_R50_S": null, "KMA_R30_DR": null, "KMA_R30_L": null, "KMA_R30_S": null, "NEW_LAT": null, "NEW_LON": null, "NEW_GRADE": null, "NEW_WIND": null, "NEW_PRES": null, "NEW_CI": -999.9, "NEW_DP": null, "NEW_POCI": null, "REU_LAT": null, "REU_LON": null, "REU_TYPE": null, "REU_WIND": null, "REU_PRES": null, "REU_TNUM": -999.9, "REU_CI": -999.9, "REU_RMW": null, "REU_R34_NE": null, "REU_R34_SE": null, "REU_R34_SW": null, "REU_R34_NW": null, "REU_R50_NE": null, "REU_R50_SE": null, "REU_R50_SW": null, "REU_R50_NW": null, "REU_R64_NE": null, "REU_R64_SE": null, "REU_R64_SW": null, "REU_R64_NW": null, "BOM_LAT": null, "BOM_LON": null, "BOM_TYPE": null, "BOM_WIND": null, "BOM_PRES": null, "BOM_TNUM": -999.9, "BOM_CI": -999.9, "BOM_RMW": null, "BOM_R34_NE": null, "BOM_R34_SE": null, "BOM_R34_SW": null, "BOM_R34_NW": null, "BOM_R50_NE": null, "BOM_R50_SE": null, "BOM_R50_SW": null, "BOM_R50_NW": null, "BOM_R64_NE": null, "BOM_R64_SE": null, "BOM_R64_SW": null, "BOM_R64_NW": null, "BOM_ROCI": null, "BOM_POCI": null, "BOM_EYE": null, "BOM_POS_FL": null, "BOM_PRS_FL": null, "NAD_LAT": null, "NAD_LON": null, "NAD_CAT": null, "NAD_WIND": null, "NAD_PRES": null, "WEL_LAT": null, "WEL_LON": null, "WEL_WIND": null, "WEL_PRES": null, "DS8_LAT": null, "DS8_LON": null, "DS8_STAGE": null, "DS8_WIND": null, "DS8_PRES": null, "TD6_LAT": null, "TD6_LON": null, "TD6_STAGE": null, "TD6_WIND": null, "TD6_PRES": null, "TD5_LAT": null, "TD5_LON": null, "TD5_WIND": null, "TD5_PRES": null, "TD5_ROCI": null, "NEU_LAT": null, "NEU_LON": null, "NEU_CLASS": null, "NEU_WIND": null, "NEU_PRES": null, "MLC_LAT": null, "MLC_LON": null, "MLC_CLASS": null, "MLC_WIND": null, "MLC_PRES": null, "USA_GUST": 135.0, "BOM_GUST": null, "BOM_GUSTP": null, "REU_GUST": null, "REU_GUSTP": null, "USA_SEAHGT": 12.0, "USA_SEA_NE": 150.0, "USA_SEA_SE": 165.0, "USA_SEA_SW": 150.0, "USA_SEA_NW": 135.0, "STORM_SPD": 14, "STORM_DR": 35, "year": 2025, "month": 10, "day": 29, "hour": 6, "min": 0 }, "geometry": { "type": "LineString", "coordinates": [ [ -76.4000244140625, 19.700000762939453 ], [ -76.199951171875, 20.0 ] ] } },
{ "type": "Feature", "properties": { "SID": "2025294N14290", "SEASON": 2025, "NUMBER": 95, "BASIN": "NA", "SUBBASIN": "CS", "NAME": "MELISSA", "ISO_TIME": "2025-10-29 07:20:00", "NATURE": "TS", "LAT": 20.0, "LON": -76.2, "WMO_WIND": 100.0, "WMO_PRES": 954.0, "WMO_AGENCY": "hurdat_atl", "TRACK_TYPE": "main", "DIST2LAND": 0, "LANDFALL": 0, "IFLAG": "O______________", "USA_AGENCY": "hurdat_atl", "USA_ATCFID": "AL132025", "USA_LAT": 20.0, "USA_LON": -76.2, "USA_RECORD": "L", "USA_STATUS": "HU", "USA_WIND": 100.0, "USA_PRES": 954.0, "USA_SSHS": 3, "USA_R34_NE": 160.0, "USA_R34_SE": 140.0, "USA_R34_SW": 80.0, "USA_R34_NW": 100.0, "USA_R50_NE": 60.0, "USA_R50_SE": 70.0, "USA_R50_SW": 35.0, "USA_R50_NW": 45.0, "USA_R64_NE": 25.0, "USA_R64_SE": 25.0, "USA_R64_SW": 20.0, "USA_R64_NW": 25.0, "USA_POCI": 1007.0, "USA_ROCI": 270.0, "USA_RMW": 20.0, "USA_EYE": null, "TOK_LAT": null, "TOK_LON": null, "TOK_GRADE": null, "TOK_WIND": null, "TOK_PRES": null, "TOK_R50_DR": null, "TOK_R50_L": null, "TOK_R50_S": null, "TOK_R30_DR": null, "TOK_R30_L": null, "TOK_R30_S": null, "TOK_LAND": null, "CMA_LAT": null, "CMA_LON": null, "CMA_CAT": null, "CMA_WIND": null, "CMA_PRES": null, "HKO_LAT": null, "HKO_LON": null, "HKO_CAT": null, "HKO_WIND": null, "HKO_PRES": null, "KMA_LAT": null, "KMA_LON": null, "KMA_CAT": null, "KMA_WIND": null, "KMA_PRES": null, "KMA_R50_DR": null, "KMA_R50_L": null, "KMA_R50_S": null, "KMA_R30_DR": null, "KMA_R30_L": null, "KMA_R30_S": null, "NEW_LAT": null, "NEW_LON": null, "NEW_GRADE": null, "NEW_WIND": null, "NEW_PRES": null, "NEW_CI": -999.9, "NEW_DP": null, "NEW_POCI": null, "REU_LAT": null, "REU_LON": null, "REU_TYPE": null, "REU_WIND": null, "REU_PRES": null, "REU_TNUM": -999.9, "REU_CI": -999.9, "REU_RMW": null, "REU_R34_NE": null, "REU_R34_SE": null, "REU_R34_SW": null, "REU_R34_NW": null, "REU_R50_NE": null, "REU_R50_SE": null, "REU_R50_SW": null, "REU_R50_NW": null, "REU_R64_NE": null, "REU_R64_SE": null, "REU_R64_SW": null, "REU_R64_NW": null, "BOM_LAT": null, "BOM_LON": null, "BOM_TYPE": null, "BOM_WIND": null, "BOM_PRES": null, "BOM_TNUM": -999.9, "BOM_CI": -999.9, "BOM_RMW": null, "BOM_R34_NE": null, "BOM_R34_SE": null, "BOM_R34_SW": null, "BOM_R34_NW": null, "BOM_R50_NE": null, "BOM_R50_SE": null, "BOM_R50_SW": null, "BOM_R50_NW": null, "BOM_R64_NE": null, "BOM_R64_SE": null, "BOM_R64_SW": null, "BOM_R64_NW": null, "BOM_ROCI": null, "BOM_POCI": null, "BOM_EYE": null, "BOM_POS_FL": null, "BOM_PRS_FL": null, "NAD_LAT": null, "NAD_LON": null, "NAD_CAT": null, "NAD_WIND": null, "NAD_PRES": null, "WEL_LAT": null, "WEL_LON": null, "WEL_WIND": null, "WEL_PRES": null, "DS8_LAT": null, "DS8_LON": null, "DS8_STAGE": null, "DS8_WIND": null, "DS8_PRES": null, "TD6_LAT": null, "TD6_LON": null, "TD6_STAGE": null, "TD6_WIND": null, "TD6_PRES": null, "TD5_LAT": null, "TD5_LON": null, "TD5_WIND": null, "TD5_PRES": null, "TD5_ROCI": null, "NEU_LAT": null, "NEU_LON": null, "NEU_CLASS": null, "NEU_WIND": null, "NEU_PRES": null, "MLC_LAT": null, "MLC_LON": null, "MLC_CLASS": null, "MLC_WIND": null, "MLC_PRES": null, "USA_GUST": null, "BOM_GUST": null, "BOM_GUSTP": null, "REU_GUST": null, "REU_GUSTP": null, "USA_SEAHGT": null, "USA_SEA_NE": null, "USA_SEA_SE": null, "USA_SEA_SW": null, "USA_SEA_NW": null, "STORM_SPD": 15, "STORM_DR": 30, "year": 2025, "month": 10, "day": 29, "hour": 7, "min": 20 }, "geometry": { "type": "LineString", "coordinates": [ [ -76.199951171875, 20.0 ], [ -76.0, 20.299999237060547 ] ] } }
]
}
