{
  "width": 289,
  "height": 174,
  "precision": "float16",
  "uMin": -1.0650627628548244,
  "uMax": 2.6114927893052666,
  "vMin": -7.003570517957251,
  "vMax": 0.0,
  "bounds": [
    [
      -77.37741042377777,
      25.078623595530527
    ],
    [
      -77.297132646,
      25.126975636997894
    ]
  ]
}